Gene	Whole_Body	Muscle	Gut	Fat_Body
dmel-FBgn0000008	0.06815578465063	0.0441008018327606	0.00515463917525773	0.0922107674684995
dmel-FBgn0000014	0.0400935226879113	0.133183235192241	0.00225147211638379	0.0181849670938691
dmel-FBgn0000015	0.0300196850393701	0.0880905511811025	0.00147637795275591	0.00688976377952757
dmel-FBgn0000017	0.0599201065246339	0.0463382157123835	0.02237017310253	0.0125166444740347
dmel-FBgn0000018	0.100087796312555	0.0939420544337138	0.0368744512730465	0.0311676909569799
dmel-FBgn0000022	0.148351648351649	0.101648351648351	0	0
dmel-FBgn0000024	0.0429660429660429	0.0221760221760221	0.0360360360360361	0.0429660429660429
dmel-FBgn0000028	0.220588235294118	0	0	0
dmel-FBgn0000032	0.0516607677647699	0.0505717397222979	0.0677239313912334	0.0313095562210726
dmel-FBgn0000036	0.197080291970803	0	0	0
dmel-FBgn0000037	0.218045112781955	0	0	0
dmel-FBgn0000038	0.194202898550724	0	0	0
dmel-FBgn0000039	0.224899598393574	0	0	0
dmel-FBgn0000042	0.13526877554221	0.17662063303167	0.113063773651048	0.0555125047279034
dmel-FBgn0000043	0.207112090553942	0.100150255434238	0.143163377742162	0.0122207753180406
dmel-FBgn0000044	0.122712512203397	0.308311465307734	0.00376660873659358	0.000401586960886815
dmel-FBgn0000045	0.538461538461539	0	0	0
dmel-FBgn0000046	0.0791978694230564	0.298939985233625	0.00337517139542242	0.000830608585592236
dmel-FBgn0000047	0.505882352941176	0	0	0
dmel-FBgn0000052	0.0398729094654516	0.00583080199713697	0.00338675325582207	0.196676093711812
dmel-FBgn0000053	0.0423821884984025	0.00272896698615549	0.00274560702875399	0.283196884984025
dmel-FBgn0000054	0.0633857925397791	0.0554734370924268	0.0333014520476481	0.0153030171289453
dmel-FBgn0000055	0	0	0	4.59970208083445e-05
dmel-FBgn0000056	0	0	0	0
dmel-FBgn0000057	0.0912162162162162	0.0566646191646191	0.0188882063882064	0.0773955773955774
dmel-FBgn0000061	0.0620903759917213	0.0717488789237668	0.0551914453259745	0
dmel-FBgn0000063	0.169082125603865	0.0398550724637681	0.0169082125603865	0
dmel-FBgn0000064	0.0143619391823004	0.0101556156555821	0.00176433599306476	0.0171213850953291
dmel-FBgn0000071	0.0295552463496002	0.0116008113862299	0.00997468609076124	0.105664615848854
dmel-FBgn0000075	0.367647058823529	0.161764705882353	0	0
dmel-FBgn0000077	0.024805907971975	0.0331376633213406	0.0335163794735845	0.024805907971975
dmel-FBgn0000078	0.0263496630574696	0	0.35988490951768	0
dmel-FBgn0000079	0.046326854907713	0	0.367283950617284	0
dmel-FBgn0000083	0.0338408108872106	0.0552941889108752	0.0131849937406615	0.0177280620280257
dmel-FBgn0000084	0.10451180824815	0.284455410645047	0.038068382093761	0.0708494888967219
dmel-FBgn0000097	0.0673449612403101	0.0584625322997418	0.0293927648578811	0.0284237726098191
dmel-FBgn0000100	0.0501160135746292	0.0659438276845634	0.0228904151736039	0.0377142434133669
dmel-FBgn0000108	0.193325661680092	0.0172612197928654	0.00421940928270043	0
dmel-FBgn0000109	0.0160638058863177	0.0143787912828578	0.0226915299932599	0.027858908110537
dmel-FBgn0000114	0.160869565217391	0.00297482837528604	0	0.0254004576659039
dmel-FBgn0000115	0.0552555886360196	0.0837160014129283	0.0397638391280214	0.0328505828329212
dmel-FBgn0000116	0.0213367496614622	0.0425357890278279	0.00475517822007357	5.42495101895186e-05
dmel-FBgn0000117	0.0617789033919952	0.0587051107214755	0.0353486157109769	0.0206073987488365
dmel-FBgn0000119	0.0852759513847381	0.0462243474795776	0.0272962741581988	0.0390516039051603
dmel-FBgn0000120	0.123778501628664	0	0	0
dmel-FBgn0000137	0.128888888888889	0	0	0
dmel-FBgn0000139	0.0725115359261701	0.0533948582729071	0.0446055811909471	0.0228521204130961
dmel-FBgn0000140	0.216836734693878	0.0391156462585033	0.0153061224489796	0
dmel-FBgn0000146	0.180257510729614	0	0	0
dmel-FBgn0000147	0.317112299465241	0.0171122994652407	0	0
dmel-FBgn0000150	0.0494863471897433	0.0513827324235338	0.0280618477540051	0.0218840529126383
dmel-FBgn0000152	0.0203756201275691	0.0526222537207654	0.00425230333097094	0.00815024805102762
dmel-FBgn0000153	0.0578109775901266	0.217649515148704	0	0
dmel-FBgn0000157	0.130511463844797	0.03233392122281	0	0
dmel-FBgn0000158	0.490196078431372	0	0	0
dmel-FBgn0000163	0.122161046111494	0.0769098417068134	0.079490708878183	0.0139366827253957
dmel-FBgn0000173	0.0215403721388348	0.0349121041474852	0.0335952722523178	0.0137678521722373
dmel-FBgn0000179	0.132897603485839	0.0468409586056644	0	0.00871459694989108
dmel-FBgn0000180	0.0990948070509766	0.0400190566936637	0.07336827060505	0
dmel-FBgn0000181	0.0468059694216437	0.0641974857254286	0.0161788632748944	0.0186468254693698
dmel-FBgn0000182	0	0	0	0
dmel-FBgn0000183	0.040570290386833	0.0653108292273824	0.0313450047174756	0.00628996750183457
dmel-FBgn0000210	0.129784824462061	0.192374480936202	0.0591166477916195	0.0412986032465081
dmel-FBgn0000212	0.0683650435343437	0.0740621304955392	0.0226808556379662	0.0150489089541008
dmel-FBgn0000216	0.0973053892215568	0.0568862275449101	0	0
dmel-FBgn0000221	0.0905096660808435	0.0790861159929701	0.0474516695957821	0.0289982425307557
dmel-FBgn0000228	0.0547724526782119	0.0879983890455096	0.0545710833668949	0.026983487716472
dmel-FBgn0000229	0.0418359347159861	0.0490342812344095	0.0310740503171548	0.0240895160715559
dmel-FBgn0000233	0.122112211221122	0.0429042904290429	0	0
dmel-FBgn0000239	0.0486977399655514	0.0478626233101937	0.0210345007568244	0.0339266141239105
dmel-FBgn0000241	0.0286732544953831	0	0.0236513850639883	0.0473027701279766
dmel-FBgn0000244	0.0312253813650361	0.0860846522953521	0.0181193153333811	0.0070901668695839
dmel-FBgn0000246	0.0681551116333724	0.0505287896592243	0.0152761457109283	0.0188014101057579
dmel-FBgn0000247	0.0718922817985093	0.0704496273142583	0.0360663621062756	0.0168309689829286
dmel-FBgn0000250	0.0309723116548616	0.075788795878944	0.0142305215711526	0.0146490663232454
dmel-FBgn0000251	0.0896744186046513	0.0150697674418605	0.121116279069767	0
dmel-FBgn0000253	0.0173585917536831	0.0216726079687056	0.00895927316319127	0.0146928925202688
dmel-FBgn0000256	0.126860841423948	0.0286407766990291	0.0880258899676374	0.0142394822006472
dmel-FBgn0000257	0.0423983943803311	0.0388861013547416	0.0388861013547416	0.0178123432012042
dmel-FBgn0000259	0.0286396181384248	0.0278613676455328	0.0116218740271869	0.0112586904638373
dmel-FBgn0000261	0.0351280241288584	0.0623029369612184	0.0226528909709299	0.0875997347536845
dmel-FBgn0000273	0.0583784943928744	0.115093630949187	0.0194773836990932	0.00960455008853357
dmel-FBgn0000274	0.358139534883721	0	0	0
dmel-FBgn0000278	0	0	0	0
dmel-FBgn0000279	0.946996466431095	0	0	0
dmel-FBgn0000283	0.103761755485894	0.100156739811912	0.0587774294670846	0.038871473354232
dmel-FBgn0000286	0.0459377372817007	0.0600797266514806	0.0271450265755505	0.0417615793470009
dmel-FBgn0000287	0.16015625	0.046875	0	0
dmel-FBgn0000289	0.0769324111151558	0.0547263681592039	0.0343404926586579	0.0206285644946002
dmel-FBgn0000299	0.0401961829619362	0.0228880122258948	0	0.0743860397341579
dmel-FBgn0000303	0.0984251968503937	0.0354330708661418	0	0
dmel-FBgn0000307	0.0609665427509291	0.0778810408921934	0.0381040892193308	0.0234200743494424
dmel-FBgn0000308	0.02179117684007	0.0465572707957448	0.0147526030524762	0.00864801487094429
dmel-FBgn0000316	0.0535470244750902	0.0633619083115915	0.0419927941359176	0.041495837992297
dmel-FBgn0000317	0.0526315789473684	0.0369704749679076	0.0326059050064185	0.0143774069319641
dmel-FBgn0000318	0.0376418234309777	0.0505691326014601	0.030047259153013	0.0194921020209264
dmel-FBgn0000319	0.0423815309842041	0.0510166059133254	0.0481652490886999	0.0390279465370595
dmel-FBgn0000320	0.15347721822542	0.0679456434852117	0	0.00719424460431655
dmel-FBgn0000326	0.0384011592802802	0.0565149136577708	0.0394879845429296	0.0486656200941914
dmel-FBgn0000330	0.0411704661449473	0.0294317795168425	0.0221163661109221	0.0321537938074175
dmel-FBgn0000337	0	0	0	0
dmel-FBgn0000339	0.0279363172123761	0.0372150462267615	0.0179900537365242	0.0172223891058376
dmel-FBgn0000346	0.448648648648649	0.045045045045045	0	0
dmel-FBgn0000351	0.524590163934427	0	0	0
dmel-FBgn0000352	0.0916	0.0792	0.0224000000000001	0.0276
dmel-FBgn0000370	0.131318466353678	0.211678403755868	0.0583920187793427	0.0942292644757435
dmel-FBgn0000376	0.0735802469135803	0.0962962962962963	0.0459259259259259	0.0128395061728395
dmel-FBgn0000377	0.0634417129262492	0.0642347343378272	0.0454004758128469	0.021411578112609
dmel-FBgn0000382	0.0611124968820155	0.0563731603891245	0.0289348964829135	0.0119730606136194
dmel-FBgn0000384	0.148514851485149	0.15983026874116	0.0834512022630835	0.0839226779820839
dmel-FBgn0000392	0	0	0	0
dmel-FBgn0000394	0.0214549111632585	0.0293328863560174	0.00351994636272209	0.00921890714046261
dmel-FBgn0000395	0.0603732162458836	0.0889132821075741	0.0441822173435785	0.0181119648737651
dmel-FBgn0000404	0.125499904780042	0.0285659874309655	0.0184726718720244	0.00304703865930299
dmel-FBgn0000405	0.157110292828336	0.0277047168157111	0.0091180080659302	0.00175346308960196
dmel-FBgn0000406	0.025293542074364	0.000880626223091976	0.01103228962818	0.144398238747554
dmel-FBgn0000409	0.0191414991400196	0.0175325035601339	0.0168112296794955	0.00869227497179636
dmel-FBgn0000411	0.0898876404494381	0.0418794688457611	0	0
dmel-FBgn0000412	0.0793421663143785	0.0526885600866113	0.0179409186987679	0.0120894983760375
dmel-FBgn0000414	0.0533362598770851	0.0801141352063215	0.00548726953467954	0.00329236172080772
dmel-FBgn0000416	0.032863826307383	0.0441609747891882	0.119656838497244	0.0102545397615324
dmel-FBgn0000422	0.0125243749702744	0.0790462450655547	0	0
dmel-FBgn0000426	0.0672753897837884	0.0492721164613663	0.0130932896890344	0
dmel-FBgn0000439	0.184782608695652	0	0	0
dmel-FBgn0000442	0	0	0	0
dmel-FBgn0000447	0.102089457376658	0.0456820529117344	0.0252641614364026	0.0204973385238738
dmel-FBgn0000448	0.0200892857142857	0.0167410714285714	0.00781249999999999	0.0167410714285714
dmel-FBgn0000449	0.118942731277533	0	0	0
dmel-FBgn0000451	0.0816532258064516	0.0836693548387098	0.034274193548387	0
dmel-FBgn0000454	0.029957264957265	0.0327635327635328	0.042806267806268	0.0345014245014245
dmel-FBgn0000455	0.0368802160039273	0.0230424644084437	0.167863279332352	0.0137457044673539
dmel-FBgn0000459	0.128022759601707	0.0384068278805121	0.0341394025604552	0
dmel-FBgn0000463	0.144692359702502	0.0351588911426639	0.00743745774171738	0
dmel-FBgn0000464	0.00974251913709118	0.00417536534446764	0.00208768267223382	0.00208768267223382
dmel-FBgn0000473	0	0	0	0
dmel-FBgn0000477	0.0379482902418682	0.00257158743397275	0.0944537114261884	0.209271615234919
dmel-FBgn0000479	0.0342426001160766	0.0795124782356355	0.00657767459856837	0.004062681369704
dmel-FBgn0000482	0.0577768473937618	0.0590328658153653	0.0418672807201173	0.0435419719489219
dmel-FBgn0000489	0.126742160278746	0.319686411149826	0.0104529616724739	0
dmel-FBgn0000490	0.0638697557921102	0.0651221039448967	0.0050093926111459	0
dmel-FBgn0000492	0.11913357400722	0.0902527075812275	0	0.0563176895306859
dmel-FBgn0000497	0.311172668513388	0.152354570637119	0	0
dmel-FBgn0000499	0.0912489379779099	0.0569243840271879	0.0295666949872557	0.0124044180118946
dmel-FBgn0000504	0.0522749273959342	0.031945788964182	0.0145208131655373	0.0425943852855761
dmel-FBgn0000520	0.0679845708775314	0.104146576663452	0.0515911282545806	0.0149469623915139
dmel-FBgn0000524	0.0816791409046535	0.0728929384965832	0.0305890009762447	0.0201757240481614
dmel-FBgn0000527	0.0817099370061538	0.312711648399665	0	0
dmel-FBgn0000533	0.0635213494992093	0.148128624143384	0	0
dmel-FBgn0000535	0.18	0	0	0
dmel-FBgn0000536	0.0158327356981299	0.0100954377448006	0.0118607601919788	0.0235008550780604
dmel-FBgn0000541	0.223613595706619	0.13345259391771	0.0644007155635063	0.0579606440071556
dmel-FBgn0000542	0.0964220739842329	0.0664038811400849	0.00181928441479685	0
dmel-FBgn0000543	0.0603722752877785	0.0818025961302965	0.047391623806025	0.0242468772961058
dmel-FBgn0000546	0.0354909163109301	0.0541546709024124	0.0294351235977366	0.0165293358483074
dmel-FBgn0000547	0.0965949397020571	0.057696855048475	0.0109955072121069	0.00106408134310712
dmel-FBgn0000551	0	0.147305389221557	0	0
dmel-FBgn0000556	0.127914556371097	0.161094646255082	0.0546154612826396	0.168459725765635
dmel-FBgn0000557	0.190818238600874	0.0103060587133042	0	0
dmel-FBgn0000559	0.0539210595806421	0.0687902586940978	0.0289832927346687	0.0506143205979131
dmel-FBgn0000560	0.51063829787234	0	0	0
dmel-FBgn0000562	0.0508777910346003	0.0705641724901994	0.0653656042270326	0.0129538094426453
dmel-FBgn0000565	0.0204928487610755	0.047448172650125	0.00290811380758831	0.0826771653543307
dmel-FBgn0000566	0.0275214984507189	0.0180343278905407	0.00793788949622254	0.132437419489608
dmel-FBgn0000567	0.0352070111816259	0.0675430643699003	0.0133474362848796	0.0249823713105671
dmel-FBgn0000568	0.0364523536165327	0.0324339839265213	0.0242537313432837	0.019589552238806
dmel-FBgn0000575	0.0593271555197421	0.0452256244963739	0.0369661563255439	0.015075208165458
dmel-FBgn0000576	0.0989282769991756	0.0766694146743611	0	0
dmel-FBgn0000577	0.100833333333333	0.0875	0	0
dmel-FBgn0000578	0.0913586060748762	0.0885330821756532	0.0178949846950789	0.00353190487402873
dmel-FBgn0000579	0.0270010591617492	0.0215842033590558	0.00719473445301861	0.0190649114843395
dmel-FBgn0000581	0.0794605809128633	0.0483402489626556	0.0323651452282158	0.0182572614107884
dmel-FBgn0000588	0.0943613348676638	0.052934407364787	0.0368239355581129	0
dmel-FBgn0000591	0.167820069204152	0.0432525951557095	0	0
dmel-FBgn0000592	0	0.180952380952381	0	0.304761904761905
dmel-FBgn0000611	0.0431586727989487	0.0498111038107753	0.0265275952693824	0.0152759526938239
dmel-FBgn0000615	0.505729367838289	0.00102999871250161	0.00592249259688424	0.0171237285953392
dmel-FBgn0000617	0.05044776119403	0.0619402985074626	0.0282089552238806	0.0259701492537314
dmel-FBgn0000618	0.0366499073829055	0.0566287377613126	0.0244773749669225	0.019978830378407
dmel-FBgn0000625	0.105970149253731	0.0671641791044776	0	0
dmel-FBgn0000629	0.0640726933830383	0.0671015843429637	0.0344827586206897	0.0237651444547996
dmel-FBgn0000633	0.189102564102564	0.0352564102564103	0	0
dmel-FBgn0000635	0.0653864465957783	0.04285034121568	0.0239644500872877	0.00841136327567054
dmel-FBgn0000636	0.0534861509073544	0.0391595033428845	0.0102196752626552	0.000668576886341928
dmel-FBgn0000639	0.0172396965434433	0.000792349264985066	9.76004802895829e-06	0.199522281356475
dmel-FBgn0000640	0.0166820568590807	0.00034605635486117	0	0.185929182123751
dmel-FBgn0000644	0.153005464480874	0	0	0.26775956284153
dmel-FBgn0000658	0.0977189524077727	0.126443255421008	0	0
dmel-FBgn0000659	0.0808184143222504	0.00179028132992327	0.0631713554987212	0
dmel-FBgn0000662	0.0508100853225962	0.0551241491707411	0.0329786214169304	0.0220496596682964
dmel-FBgn0000667	0.137096774193548	0.292641129032258	0.0190524193548387	0.0130040322580645
dmel-FBgn0000709	0.0502864417568426	0.0601527689369828	0.0531508593252703	0.01479949077021
dmel-FBgn0000711	0.140359897172236	0.135218508997429	0.183033419023137	0.0416452442159383
dmel-FBgn0000715	0.151851851851852	0	0	0
dmel-FBgn0000719	0.0221278102318995	0.030801911842804	0.00318640467339352	0.0348734289254736
dmel-FBgn0000721	0.0227852586817859	0.0379163713678243	0.0120481927710843	0.05024805102764
dmel-FBgn0000723	0.0536382536382536	0.0995148995148994	0.0676368676368678	0.00194040194040194
dmel-FBgn0000808	0.0558375634517767	0	0	0
dmel-FBgn0000810	0.0555555555555555	0.0647763946519133	0.0202858460119871	0.0147533425541724
dmel-FBgn0000928	0.461538461538462	0	0	0
dmel-FBgn0000964	0.5	0	0	0
dmel-FBgn0000996	0.0985221674876847	0.0497536945812808	0.0305418719211823	0.0137931034482759
dmel-FBgn0001075	0.169675090252708	0.0433212996389892	0.00216606498194946	0
dmel-FBgn0001077	0.585365853658536	0	0	0
dmel-FBgn0001078	0.034001743679163	0.018308631211857	0.02615518744551	0.00435919790758501
dmel-FBgn0001079	0.0717981888745149	0.0705045278137127	0.0523932729624838	0.0245795601552394
dmel-FBgn0001083	0.026991585619058	0.0828324773248826	0	0
dmel-FBgn0001084	0.0856230031948882	0.0587859424920128	0.0345047923322684	0
dmel-FBgn0001085	0.110100526567736	0.0315940641455242	0.0162757300143609	0.00335088559119195
dmel-FBgn0001086	0.167794316644114	0.0311231393775372	0.0129905277401894	0
dmel-FBgn0001087	0.0483870967741936	0.0424621461487821	0.0278143515470704	0.0492100065832785
dmel-FBgn0001089	0.0414557394992475	0.0730606102065946	0.00150499384320701	0.00164181146531673
dmel-FBgn0001090	0.115726094499439	0.0731707317073171	0	0.00255128074293295
dmel-FBgn0001091	0.150871872630781	0.146340603346439	0.0392474919336354	0.159458363453638
dmel-FBgn0001092	0.149153541373326	0.176790333671698	0.0670781623497824	0.0881168342119912
dmel-FBgn0001098	0.0296307824920984	0.0491930849535486	0.0138995306962935	0.0130016281965329
dmel-FBgn0001099	0.0198991031390135	0	0	0
dmel-FBgn0001104	0.0544299565362754	0.0571046472751589	0.0469408224674022	0.0137746573052491
dmel-FBgn0001105	0.0343474568826681	0.0268513367104917	0.0183889197973705	0.0226933325524875
dmel-FBgn0001108	0.0564663023679416	0.0784200939507239	0.0433323746524783	0.0185984085897805
dmel-FBgn0001112	0.0206505761297359	0.0816539428137892	0	0
dmel-FBgn0001114	0.0387496004018814	0.0233022788509841	0.00013700506918756	0.154142119925104
dmel-FBgn0001122	0.0448396412828697	0.030703754369965	0.0320717434260526	0.00531995744034049
dmel-FBgn0001123	0.0318252962659313	0.0691659834538272	0.0184840128195572	0.0158381158232094
dmel-FBgn0001124	0.183429963868583	0.096966641458701	0.150491555331485	0.1058734560121
dmel-FBgn0001125	0.113667402038029	0.123647441958189	0.0329866582624225	0.240098749868684
dmel-FBgn0001128	0.17574306802314	0.0799920207460604	0.190504687811689	0.213245561539996
dmel-FBgn0001133	0.049721189591078	0.074117100371747	0.0427509293680297	0.0225371747211896
dmel-FBgn0001134	0.0915492957746479	0.0563380281690142	0.112676056338028	0.211267605633803
dmel-FBgn0001137	0.0260570304818093	0.129670599803343	0.00282694198623402	0.00319567354965585
dmel-FBgn0001138	0.0545586808923375	0.0143064985451019	0.124878758486906	0
dmel-FBgn0001139	0.0660588182712075	0.0578349870385269	0.0244927147582015	0.0163582729954411
dmel-FBgn0001142	0.0351960828354522	0.0248326669960919	0.00422712366919725	0.169435335339832
dmel-FBgn0001145	0.0397731879944861	0.0865372363223556	0.0577050053864955	0.00364891632976937
dmel-FBgn0001147	0.120689655172414	0.0603448275862069	0	0
dmel-FBgn0001148	0.107692307692308	0.082051282051282	0	0
dmel-FBgn0001149	0.0392503012748684	0.110499164887207	0.0243768367195924	0.0204866910505507
dmel-FBgn0001150	0	0	0	0
dmel-FBgn0001168	0.0523586224030309	0.0677308158131735	0.0399055929940064	0.0223906089872985
dmel-FBgn0001169	0.0746384297520661	0.0472623966942149	0.0253099173553719	0.0253099173553719
dmel-FBgn0001170	0.0315638450502152	0.0215208034433285	0.0889526542324248	0
dmel-FBgn0001179	0.0457856399583767	0.040582726326743	0.0253902185223725	0.0181061394380853
dmel-FBgn0001185	0.0587078651685394	0.0601123595505618	0.0306179775280899	0.0207865168539326
dmel-FBgn0001186	0.108483666504144	0.350804485616772	0.083861530960507	0.0582642613359336
dmel-FBgn0001187	0.100478468899522	0.0502392344497608	0	0.18421052631579
dmel-FBgn0001189	0.0356201375940334	0.0356844338712788	0.0431428020317624	0.0271973252748666
dmel-FBgn0001197	0.0591444080184877	0.0362229268554845	0.0138120062342129	0.00343956575482346
dmel-FBgn0001202	0.0447179487179486	0.0687179487179486	0.0605128205128206	0.0297435897435898
dmel-FBgn0001206	0.251231527093596	0.150246305418719	0.0566502463054188	0.0418719211822661
dmel-FBgn0001208	0.0207199907396689	0.000631386208420587	0	0.145587136558314
dmel-FBgn0001215	0.0845981290568922	0.059540855288278	0.015225276823215	0.0161559755631921
dmel-FBgn0001216	0.639285714285714	0	0	0
dmel-FBgn0001217	0.277884002549394	0.0250159337157425	0	0.00127469725940089
dmel-FBgn0001218	0.0431337939381714	0.0452317313026376	0.0143779313127238	0.0676988249533512
dmel-FBgn0001220	0.0953892483620233	0.0476132340373581	0.0269808326211696	0.0232368860131038
dmel-FBgn0001222	0.0593071051086317	0.0634174985320024	0.0304169113329419	0.0285378743394011
dmel-FBgn0001223	0	0	0	0
dmel-FBgn0001224	0.0392189439880559	0.0156060990556	0.00297009760355228	0.180954049972746
dmel-FBgn0001225	0.0447610023850753	0.0738719900676316	0.0108689733285414	0.0224240642118905
dmel-FBgn0001226	0.0380354631820832	0.047501457625956	0.00519029163951482	0.0237392964525385
dmel-FBgn0001227	0.0325105358217941	0.00602046959662854	0	0
dmel-FBgn0001228	0	0	0	0
dmel-FBgn0001229	0.0928597854236034	0.0422986804784806	0.0812677272166729	0
dmel-FBgn0001230	0.0383509659613616	0.062988730450782	0.00675597976080957	0.0253277368905244
dmel-FBgn0001233	0.062353255765418	0.0284259887300428	0.0337316080559324	0.0270563758739435
dmel-FBgn0001234	0.139408099688474	0.117601246105919	0.114485981308411	0.0506230529595016
dmel-FBgn0001235	0.0511400651465798	0.0792616720955482	0.0107491856677524	0.00401737242128121
dmel-FBgn0001247	0.0739767179872324	0.0623357116034548	0.0384278382776316	0.0176492677431468
dmel-FBgn0001248	0.0393675204418694	0.0701575783830616	0.0205122651215682	0.0181079763903179
dmel-FBgn0001250	0.0469142967692011	0.0931514799767847	0.00193461017604953	0.00638421358096344
dmel-FBgn0001253	0.118853908737177	0.0279448178280863	0	0
dmel-FBgn0001254	0.13544043494183	0.0604524071100594	0	0
dmel-FBgn0001255	0.116050220563285	0.0926365795724465	0	0
dmel-FBgn0001256	0	0	0	0
dmel-FBgn0001257	0.0276226713445669	0.125512674803577	0.00906754953797497	0.0407669120917132
dmel-FBgn0001258	0.193930575763874	0.260652670962378	0.00956142174184159	0
dmel-FBgn0001259	0.112860892388452	0.0931758530183728	0	0
dmel-FBgn0001269	0.0500329163923633	0.0506912442396314	0	0
dmel-FBgn0001276	0.0387734915924827	0.0862512363996042	0.0555885262116717	0.0205736894164194
dmel-FBgn0001280	0.0708923712114104	0.0527822088767946	0.017969409777611	0.0149197710425073
dmel-FBgn0001281	0.606701940035273	0	0	0
dmel-FBgn0001285	0.0633254423124844	0	0.439477946673312	0
dmel-FBgn0001291	0.0352662891548993	0.0625044799655938	0.0424342341050821	0.0151960432943875
dmel-FBgn0001296	0.0642559833506763	0.0476066597294485	0.00806451612903223	0.0473465140478668
dmel-FBgn0001297	0.0186022139254601	0.0348136503569791	0.0165061898211829	0.0027182812602345
dmel-FBgn0001301	0.0490065422825297	0.115035134480252	0.0114489944269445	0.0235643324448753
dmel-FBgn0001308	0.048755279949672	0.0558551271681495	0.045564842275546	0.024175429136335
dmel-FBgn0001311	0.0681475656903217	0.208308760893782	0.000720791560186095	0
dmel-FBgn0001313	0.631578947368421	0	0	0
dmel-FBgn0001316	0.0702530090886761	0.0395480225988699	0.0530582166543846	0.0112994350282486
dmel-FBgn0001319	0.15625	0.0781250000000001	0	0
dmel-FBgn0001320	0.102955195424214	0.0791229742612012	0.0162059103908484	0
dmel-FBgn0001321	0.0190073917634636	0.0263991552270327	0	0
dmel-FBgn0001323	0.0930656934306569	0.0912408759124089	0.0127737226277372	0
dmel-FBgn0001324	0.0795802361171839	0.0618714473108876	0.0360734586794928	0.0155225185832969
dmel-FBgn0001325	0.024653312788906	0	0	0.182434514637905
dmel-FBgn0001330	0.0758341759352881	0.0566228513650153	0.0353892821031346	0.00910010111223458
dmel-FBgn0001341	0.0608625554212011	0.0322450624748086	0.0245868601370415	0.00483675937122129
dmel-FBgn0001404	0.0283959044368601	0.0368145620022754	0.0349032992036405	0.0230261660978385
dmel-FBgn0001491	0.0505063453403409	0.0505063453403409	0.0315344186642738	0.0344827586206897
dmel-FBgn0001565	0.0654741815727303	0.131758353020587	0.0471819102261222	0.0308471144110698
dmel-FBgn0001612	0.0473869482805307	0.0287029515299215	0.0181424316274032	0.0349309504467912
dmel-FBgn0001624	0.0372655478775914	0.0450394866732479	0.0106120434353406	0.0118460019743337
dmel-FBgn0001941	0.0307155456706803	0.0243116803435846	0.0369660250019173	0.00674898381777744
dmel-FBgn0001942	0.0422445542627744	0.0632755385676155	0.0247283437799555	0.0199642996999349
dmel-FBgn0001961	0.0474397312363865	0.0577767932956767	0.0491379628604127	0.0214494037730276
dmel-FBgn0001965	0.0758182246291497	0.0713444784553802	0.0466211443371792	0.0183659053449494
dmel-FBgn0001967	0	0	0	0
dmel-FBgn0001970	0	0	0	0
dmel-FBgn0001974	0.0591352859135286	0.0697350069735007	0.0331938633193864	0.0326359832635983
dmel-FBgn0001977	0.0202485043718361	0.0530208401814476	0.0153178620734994	0.00949970416146209
dmel-FBgn0001978	0.0964420695946828	0.0620357096311744	0.0264564055780008	0.0164212172553108
dmel-FBgn0001981	0.0461010299166258	0.0331044629720451	0.125796959293771	0
dmel-FBgn0001983	0.138790035587189	0	0	0
dmel-FBgn0001986	0.0896460469732054	0.0473040026463778	0.0251405888190539	0.0172014555077737
dmel-FBgn0001987	0.048305807552144	0.0643560517949911	0.0487710320229511	0.00348918353105373
dmel-FBgn0001989	0.0424637160880045	0.038360941586748	0.0333350428227089	0.0115390532847838
dmel-FBgn0001990	0.0654873917952578	0.0421528039141889	0.0338727888596161	0.0387655250282273
dmel-FBgn0001991	0.0759368836291915	0.137080867850099	0.0138067061143984	0
dmel-FBgn0001992	0.0347003154574133	0	0	0
dmel-FBgn0001994	0.0780726616851327	0.0552692604998712	0.0269260499871167	0.0233187322854934
dmel-FBgn0001995	0.0756871854432828	0.0557491289198606	0.0358110723964383	0.0158730158730159
dmel-FBgn0002021	0.0554716981132075	0.0783018867924526	0.0366037735849057	0.0235849056603774
dmel-FBgn0002022	0.0609896432681243	0.0556468847608088	0.0338237711655433	0.049523261548578
dmel-FBgn0002023	0.119617224880383	0	0.0966507177033493	0
dmel-FBgn0002031	0.0543886694286539	0.0448501782445322	0.0211966470758262	0.0159456595047692
dmel-FBgn0002036	0.185147849462366	0.0315860215053763	0.0272177419354838	0.0231854838709677
dmel-FBgn0002044	0.0620202911336567	0.0683722981914423	0.039082487869431	0.0227613586237318
dmel-FBgn0002069	0.00913480002194545	0.00877818620727494	0.0115213693970483	0.0101497778021616
dmel-FBgn0002121	0.0666781529979324	0.0822995635194119	0.0567424764530208	0.0187801516195727
dmel-FBgn0002174	0.116172168825742	0.041370664437944	0.022705112132609	0.00696475832288621
dmel-FBgn0002183	0.0868498527968597	0.0622178606476937	0.0258096172718351	0.0111874386653582
dmel-FBgn0002283	0.063995387719804	0.0536177572787547	0.0275295474200058	0.0123955030268089
dmel-FBgn0002284	0.0416839089606876	0.111419703963075	0.0368295400286488	0.0109979309247175
dmel-FBgn0002306	0.0813975097565509	0.110016725515703	0.000929195316855605	0
dmel-FBgn0002354	0.042518205308903	0.0596664317594551	0.0399342259807376	0.0227859995301856
dmel-FBgn0002413	0.0442222767419038	0.042811579980373	0.0220191364082434	0.0106108930323847
dmel-FBgn0002431	0.20650406504065	0.118002322880372	0.083623693379791	0.0831591173054586
dmel-FBgn0002440	0.0112497862882544	0.0479056248931441	0	0
dmel-FBgn0002441	0.0554047942107644	0.0621890547263682	0.020805065581185	0.0133423790140208
dmel-FBgn0002466	0.138659793814433	0.0304123711340207	0.0139175257731959	0
dmel-FBgn0002521	0.0532052747922861	0.0637243692354601	0.02149554081866	0.0234773991920117
dmel-FBgn0002522	0.0329308452250274	0	0.0867178924259054	0
dmel-FBgn0002524	0.0433426366770645	0.0421934000985059	0.0605811853554425	0.0239697914956493
dmel-FBgn0002525	0.0982156955629244	0.0314227064582347	0.024159166271909	0.00221064266540344
dmel-FBgn0002526	0.0644702682655459	0.0298553591296823	0.0181728272963283	0.0726913091853134
dmel-FBgn0002531	0.036270703961952	0.337032927990863	0	6.66973270937184e-05
dmel-FBgn0002533	0.0466483687774589	0.283476941767075	0	6.74922142909943e-05
dmel-FBgn0002534	0.314911154651713	0.0685571438223286	0	0
dmel-FBgn0002535	0.0750562610026559	0.324463403125208	0	0.000158045020901265
dmel-FBgn0002542	0.110781990521327	0.0684241706161137	0.0189573459715639	0.00355450236966824
dmel-FBgn0002543	0.0540313549832027	0.0193169092945129	0.00587905935050392	0.0193169092945129
dmel-FBgn0002552	0.0756088695019993	0.0636132315521628	0.034532897128317	0.0185387131952017
dmel-FBgn0002562	0.079174150790373	0.00106975286221085	0	0.450995367721327
dmel-FBgn0002563	0.041308311593593	0.000778773598137394	8.76602429240651e-06	0.184704690173638
dmel-FBgn0002564	2.0631492077928e-05	0	0	2.31577972303274e-05
dmel-FBgn0002565	0.115534265324079	0.00402776419982403	0	0.313090233649428
dmel-FBgn0002566	0.0292011531665583	0.0338510183204686	0.0167395145540779	0.0201804147679717
dmel-FBgn0002567	0.0409294125055098	0.0178830048485612	0.0466595302562811	0.113972671746112
dmel-FBgn0002569	0.0375563345017527	0	0.245368052078117	0
dmel-FBgn0002570	0.056952380952381	0	0.297142857142857	0
dmel-FBgn0002571	0.0131735105625445	0	0.0829575124614289	0
dmel-FBgn0002573	0.145631067961165	0	0	0
dmel-FBgn0002576	0.089820359281437	0.0239520958083832	0	0
dmel-FBgn0002577	0.0609137055837563	0	0	0
dmel-FBgn0002578	0.0163224644622399	0	0.0478562397026705	0
dmel-FBgn0002579	0.0311298354384461	0.0556623684991589	0.0250997592586485	0.041265705899812
dmel-FBgn0002590	0.0359582054297131	0.0391208609585067	0.0185128115956001	0.0266837223956298
dmel-FBgn0002592	0.0950205573321153	0.105070808588396	0	0
dmel-FBgn0002593	0.0333242949800835	0.0540293092239987	0.0222627120278548	0.0383729148916134
dmel-FBgn0002607	0.0377964955612084	0.0364270710415014	0.0222687746586383	0.0347242873026125
dmel-FBgn0002609	0.117788461538461	0.0403846153846154	0.0264423076923076	0
dmel-FBgn0002622	0.0474806539218351	0.0556070521711051	0.0295760937997301	0.0410919760529122
dmel-FBgn0002626	0.0341449658686478	0.0486823936677104	0.0226803321729322	0.0242711838036524
dmel-FBgn0002629	0.162931556632344	0.0454270139309509	0	0
dmel-FBgn0002632	0.0806451612903224	0.0443548387096774	0	0
dmel-FBgn0002633	0.119957537154989	0.0573248407643312	0.0238853503184713	0
dmel-FBgn0002638	0.0954918623073599	0.0659657208699411	0.0188679245283019	0.00676940803687168
dmel-FBgn0002641	0.0287859824780976	0.0273258239465999	0.0208594075928243	0.0125156445556946
dmel-FBgn0002643	0.0647932700912835	0.047073563629855	0.00787542509396816	0.0212994451405048
dmel-FBgn0002645	0.0540588522480138	0.0558785673072656	0.0248990280058586	0.00940925835515512
dmel-FBgn0002673	0.257248286768582	0.00579862941486558	0	0.00738007380073801
dmel-FBgn0002707	0.259259259259259	0.16358024691358	0.0555555555555555	0
dmel-FBgn0002709	0	0	0	0
dmel-FBgn0002715	0.272303206997085	0.0285714285714285	0.0256559766763849	0
dmel-FBgn0002716	0.154545454545455	0.118181818181818	0.190909090909091	0
dmel-FBgn0002719	0.0385790172642762	0.00823373173970785	0.0124169986719788	0.042788844621514
dmel-FBgn0002723	0.0533544638140518	0.0422609614368727	0.04067617538299	0.0163761225567881
dmel-FBgn0002732	0.0956922065110161	0.038638605721802	0.0254850378165078	0
dmel-FBgn0002733	0.068684516880093	0.0758810456132924	0.0355593184463964	0
dmel-FBgn0002734	0.156923076923077	0	0	0
dmel-FBgn0002735	0.154094827586207	0	0	0
dmel-FBgn0002736	0.0306633291614518	0.0363475177304964	0.013715060492282	0.0132978723404255
dmel-FBgn0002772	0.0162325709534989	0.025421600680705	0.000531496014998915	5.85133227521741e-05
dmel-FBgn0002773	0.0077436152080845	0.0149551479765473	0.000299197692309513	2.76303937488998e-05
dmel-FBgn0002774	0.0898063417748459	0.0734198765694829	0.0444775484145563	0.032985741647159
dmel-FBgn0002775	0.09568	0.08256	0.04448	0.02016
dmel-FBgn0002778	0.0406492785793563	0.0917036625971142	0.0099889012208657	0.00263596004439511
dmel-FBgn0002780	0.0587311239485152	0.0610114523158001	0.0304043782304652	0.0235633931286105
dmel-FBgn0002781	0.192948090107738	0.182174338883448	0.0636630754162587	0.0362389813907932
dmel-FBgn0002783	0.0769808486669169	0.0789523094254599	0.0255351107773188	0.0195268494179497
dmel-FBgn0002787	0.0339501919480265	0.119244020080717	0.0330741214686485	0.0100698887685796
dmel-FBgn0002789	0.0458914446031216	0.142779010057428	0.00967761538695269	0.000379812220838018
dmel-FBgn0002791	0.238919667590028	0.134349030470914	0.0872576177285319	0.0408587257617729
dmel-FBgn0002838	0.300168634064081	0	0	0
dmel-FBgn0002842	0.300639658848614	0	0	0
dmel-FBgn0002862	0.575436408977557	0	0	0.0162094763092269
dmel-FBgn0002863	0	0	0	0
dmel-FBgn0002865	0.601524601524601	0	0	0.0025987525987526
dmel-FBgn0002868	0.0142368027317037	0.000816940969130647	0.0145672507641611	0
dmel-FBgn0002869	0.0244197292069633	0	0.130560928433269	0
dmel-FBgn0002872	0.0942477876106195	0.0442477876106194	0.0101769911504425	0.00619469026548673
dmel-FBgn0002873	0.233893557422969	0.0219421101774043	0.00980392156862744	0.00186741363211951
dmel-FBgn0002878	0.102354145342886	0.0532241555783009	0.0184237461617196	0.00716479017400204
dmel-FBgn0002887	0.123447772096421	0.0460189919649379	0.0328707085463842	0.0277574872169467
dmel-FBgn0002891	0.100401606425703	0.0602409638554217	0.0267737617135208	0.0107095046854083
dmel-FBgn0002899	0.112701252236136	0.0447227191413238	0.0232558139534883	0
dmel-FBgn0002901	0.110485573539761	0.0562983814215342	0.0253342716396904	0.011963406052076
dmel-FBgn0002905	0.115909090909091	0.0772727272727274	0.0340909090909091	0.00795454545454544
dmel-FBgn0002906	0.186502177068215	0.0246734397677793	0.0152394775036284	0.00798258345428157
dmel-FBgn0002909	0	0	0	0
dmel-FBgn0002914	0.0727584960231381	0.0713123644251627	0.0463665943600868	0.0243130874909617
dmel-FBgn0002917	0.130813953488372	0.0116279069767442	0.0116279069767442	0
dmel-FBgn0002921	0.0447038332849525	0.0861839793439566	0.0113058224985868	0.0134753181672345
dmel-FBgn0002922	0	0.0291479820627803	0	0
dmel-FBgn0002924	0.116446124763705	0.0446124763705103	0.0185255198487712	0
dmel-FBgn0002930	0.0306043001736839	0.010480924717015	0	0.200754626579625
dmel-FBgn0002931	0.0839978734715578	0.0707070707070707	0.0180754917597022	0.0228601807549176
dmel-FBgn0002932	0.0308468872686483	0.0173864273696018	0.0145821648906338	0.00448681996634886
dmel-FBgn0002938	0.277777777777778	0	0	0
dmel-FBgn0002939	0.0184922375607448	0	0.120027523330323	0
dmel-FBgn0002941	0.0445859872611465	0.164012738853503	0	0
dmel-FBgn0002945	0.0908443177769862	0.0762379764873531	0.00783754898468116	0.00534378339864624
dmel-FBgn0002948	0.127483443708609	0.0794701986754966	0.0248344370860927	0
dmel-FBgn0002962	0.419354838709677	0	0	0
dmel-FBgn0002973	0.045474382473597	0.0541153879724187	0.0192022344418259	0.00052369730295889
dmel-FBgn0002985	0.0582685904550499	0.0810210876803552	0.0388457269700332	0
dmel-FBgn0002989	0.058864751226349	0.0511562718990889	0.0168185003503854	0.00911002102312543
dmel-FBgn0003002	0.0896358543417366	0.068627450980392	0.015406162464986	0
dmel-FBgn0003008	0.0407813916020542	0.0514550397744436	0.0342362299869096	0.0554828315376096
dmel-FBgn0003009	0.200466200466201	0	0	0
dmel-FBgn0003016	0.0441580392985421	0.0568349883794633	0.0141559264736953	0.0458482991759983
dmel-FBgn0003023	0	0	0	0
dmel-FBgn0003028	0.0835872877666522	0.132346538963866	0	0
dmel-FBgn0003041	0.0870821295914157	0.0693355344614116	0.0214609987618654	0.00165084605860503
dmel-FBgn0003042	0.068719076415613	0.0714678394722374	0.0258383727322705	0.0214403518416712
dmel-FBgn0003044	0.104024767801858	0.0631578947368421	0.0219814241486068	0.0123839009287925
dmel-FBgn0003046	0.0176207028189106	0.134628598983344	0	0.00368487673544835
dmel-FBgn0003048	0.145642201834862	0.119839449541284	0.135321100917431	0.0785550458715597
dmel-FBgn0003053	0.0512483574244415	0.0100197109067017	0.116130091984231	0
dmel-FBgn0003060	0.367131017457239	0.22976547346147	0	0
dmel-FBgn0003062	0.0905085368092529	0.0506700936295208	0.042775839911878	0.00293739673214614
dmel-FBgn0003067	0	0	0	0
dmel-FBgn0003068	0.139240506329114	0.10126582278481	0	0
dmel-FBgn0003071	0.0723710784973743	0.0351420492796553	0.00673219334859296	0.0106368654907769
dmel-FBgn0003074	0.0466572846914002	0.0345019562964911	0.0057838331039389	0.0310533071462815
dmel-FBgn0003076	0.0218050004647272	0.0272330142206525	0.00488893019797379	0.0235151965796078
dmel-FBgn0003079	0.04749809499619	0.0490220980441961	0.0327660655321311	0.0134620269240539
dmel-FBgn0003082	0.150834403080873	0.171052631578948	0.0744544287548137	0.0333761232349166
dmel-FBgn0003086	0.550475493782004	0	0	0
dmel-FBgn0003087	0.163225555122712	0.0249318270354499	0	0
dmel-FBgn0003089	0.319148936170213	0.148936170212766	0	0
dmel-FBgn0003090	0.101361573373676	0.0529500756429651	0	0
dmel-FBgn0003091	0.0328596802841918	0.08348134991119	0	0
dmel-FBgn0003093	0.0627653682850284	0.0983939449880008	0.0424589256045782	0.0227062949972309
dmel-FBgn0003116	0.0641148325358852	0.0311004784688996	0.0277511961722488	0.0971291866028709
dmel-FBgn0003117	0.0459940652818991	0.0526706231454006	0	0.00519287833827892
dmel-FBgn0003118	0.0395206527281999	0.0178480367159612	0.0479347271800102	0.0203977562468129
dmel-FBgn0003124	0.168145654834761	0.0276927784577723	0.00979192166462667	0.00168298653610771
dmel-FBgn0003129	0.0775401069518716	0.0481283422459893	0	0.109625668449198
dmel-FBgn0003130	0.0935672514619887	0.18421052631579	0	0
dmel-FBgn0003132	0.544715447154472	0	0	0
dmel-FBgn0003134	0.0427242782406511	0.0541561712846347	0.0136601433830653	0.0213136988955629
dmel-FBgn0003137	0.0768049155145931	0.0313364055299539	0.0021505376344086	0.00138248847926267
dmel-FBgn0003139	0.0657861635220125	0.078364779874214	0.0372327044025157	0.0238993710691824
dmel-FBgn0003140	0.265940902021773	0	0	0
dmel-FBgn0003141	0.0260919984538075	0.0604174719752609	0.0158871279474294	0.0367220718979513
dmel-FBgn0003149	0.0228615138635671	0.0564089881695259	0.00104674101211804	8.05185393936954e-05
dmel-FBgn0003159	0.0473818491070344	0.076782893937553	0.0399100959786174	0.000364475762361803
dmel-FBgn0003162	0.0265375552052935	0.0482373320432592	0	0.158140732533279
dmel-FBgn0003165	0.05727528554875	0.0579374275782157	0.00844231087568283	0.00380731666942559
dmel-FBgn0003169	0.0451355964346673	0.0525317655983312	0.030722548833681	0.0229470889436753
dmel-FBgn0003174	0.0614672835426306	0.11929940515532	0	0
dmel-FBgn0003175	0.075780089153046	0.0843982169390787	0.0517087667161961	0.0436849925705795
dmel-FBgn0003187	0.258865248226951	0.00496453900709219	0	0
dmel-FBgn0003189	0.0780861640430822	0.0289975144987573	0.0283761391880696	0.0306545153272576
dmel-FBgn0003204	0.0287637698898409	0.040556444779211	0.00988607475755579	0.0844082478109404
dmel-FBgn0003205	0.0547780737628035	0.0706111882339699	0.0579672081941995	0.0240123063069823
dmel-FBgn0003206	0.0449075894612663	0.150491545418797	0.0134093590247739	0.0155721588674794
dmel-FBgn0003209	0.0430374206725509	0.0907433073163616	0.0310015318403969	0.0161937413378073
dmel-FBgn0003210	0.0582425068119891	0.0498978201634878	0.0240122615803815	0.0407016348773842
dmel-FBgn0003218	0.0669906282540784	0.0468587296077751	0.0357514751822284	0.01874349184311
dmel-FBgn0003227	0.0868167202572347	0.0514469453376205	0	0
dmel-FBgn0003231	0.0300359046192984	0.040066657006231	0.0704648279637412	0.0194174757281553
dmel-FBgn0003254	0.37295081967213	0	0	0
dmel-FBgn0003255	0.0387374461979914	0.0530846484935436	0	0
dmel-FBgn0003256	0.0163517086066778	0.0226182316655243	0.0145892489963772	0.0128267893860766
dmel-FBgn0003257	0.0470347648261759	0.0406725744149057	0.0259032038173142	0.00613496932515337
dmel-FBgn0003261	0.0559563056635338	0.0734537223835064	0.0167593367120996	0.010549623579196
dmel-FBgn0003268	0.0969626168224298	0.026285046728972	0.0110981308411215	0.00292056074766356
dmel-FBgn0003274	0.0383659085625507	0.0573638729651113	0.0356286253763587	0.0181729520699021
dmel-FBgn0003275	0.0883035843854303	0.0583369612538093	0.0225656653606154	0.00914235959947758
dmel-FBgn0003277	0.0585009140767825	0.0700471471182528	0.0328105455595113	0.0267487732127393
dmel-FBgn0003278	0.0906174819566961	0.0569366479550923	0.0384923817161187	0
dmel-FBgn0003279	0.103557980425304	0.125102480574036	0.043959631722907	0.0418193294686972
dmel-FBgn0003285	0.0711321873147599	0.0770598695909898	0	0
dmel-FBgn0003292	0.0764818355640536	0.0946462715105162	0	0
dmel-FBgn0003295	0.0911722141823444	0.0274963820549927	0	0
dmel-FBgn0003300	0.105555555555555	0.177777777777778	0	0
dmel-FBgn0003301	0.0500135171668018	0.0494728304947283	0.0237902135712354	0.0048661800486618
dmel-FBgn0003302	0.219128872923215	0.0453524921418949	0.0197575213291424	0.00942972608890884
dmel-FBgn0003308	0.0340645433452859	0.0635941784433664	0.00980805737186248	0.0572663994937777
dmel-FBgn0003310	0.0913156913902348	0.0585165859112933	0.0383898620946701	0.0111815132314573
dmel-FBgn0003312	0.123258306538049	0.165326902465166	0	0
dmel-FBgn0003317	0.072603866721514	0.0639654463183877	0.0483340189222542	0.0178938708350473
dmel-FBgn0003319	0.084566596194503	0.0486257928118394	0	0
dmel-FBgn0003321	0.102148511119487	0.0805377559994975	0.0471164719185827	0.0324161326799849
dmel-FBgn0003326	0.135922330097087	0.0315533980582524	0	0
dmel-FBgn0003328	0.0246289709309457	0.0271311173801055	0.0677787317551821	0.0015454433950693
dmel-FBgn0003330	0.0851760851760851	0.0696150696150696	0.0303030303030303	0.0103740103740104
dmel-FBgn0003334	0.082992269213279	0.0754888585720784	0.027512505684402	0.0202364711232379
dmel-FBgn0003339	0.113467656415695	0.0593849416755038	0	0
dmel-FBgn0003345	0.0494337312519132	0.0448423630241812	0.0310682583409856	0.00367309458218549
dmel-FBgn0003346	0.0798234320397279	0.0411991907301821	0.0250137943718962	0.00882839801361044
dmel-FBgn0003353	0.0584192439862541	0	0	0
dmel-FBgn0003356	0.0406484623452306	0	0.525861945724938	0
dmel-FBgn0003357	0.0502959011592155	0	0.517557080052781	0
dmel-FBgn0003358	0.044297747774658	0	0.41292789294462	0
dmel-FBgn0003360	0.0252453679069841	0.0380998540699727	0.0140029607464031	0.00690665219658935
dmel-FBgn0003366	0.0317613089509143	0.125601539942252	0	0
dmel-FBgn0003371	0.128133102852204	0.155358686257563	0.128997407087295	0.0790838375108037
dmel-FBgn0003372	0.0413828842167605	0	0	0
dmel-FBgn0003373	0.0701365766055351	0.0013661154454899	0	0.00265652969408564
dmel-FBgn0003374	0.437766209181259	0.006589246059194	0	0.0237722523572027
dmel-FBgn0003375	0.452076570724298	0.0050947713829282	0	0.0106919547358216
dmel-FBgn0003377	0.416314954340364	0.0165799529371128	0	0.00563999050106864
dmel-FBgn0003378	0.409969798514976	0.00715099324602157	0	0.00462711327683748
dmel-FBgn0003380	0.035251798561151	0.0496402877697841	0.00431654676258993	0
dmel-FBgn0003382	0	0	0	0
dmel-FBgn0003386	0.108484005563282	0.0139082058414464	0.0973574408901251	0
dmel-FBgn0003388	0.0195458316051431	0.00935815014516796	0.101591663210286	0.0431874740771464
dmel-FBgn0003390	0.0724764615721479	0.0580249616816291	0.00525509086927962	0.0245237573899715
dmel-FBgn0003391	0.0660227152106994	0.0556204224604608	0.0299331281180342	0.0393801082687614
dmel-FBgn0003392	0.0493853031573066	0.0322017323274658	0.0376501816149763	0.0116652696283878
dmel-FBgn0003396	0.0766415500538215	0.043702906350915	0.0503767491926803	0.0335844994617869
dmel-FBgn0003401	0.0647639956092207	0.0318331503841932	0.0329308452250274	0
dmel-FBgn0003410	0.0902311707680836	0.0507084265473526	0.0377330350484713	0.0271439224459359
dmel-FBgn0003411	0	0	0	0
dmel-FBgn0003415	0.0851595006934811	0.0590846047156727	0.0307905686546464	0.0180305131761443
dmel-FBgn0003416	0.0338345864661654	0.0258458646616542	0.0380639097744361	0.0185620300751879
dmel-FBgn0003423	0.155545800409716	0.393912788996195	0.00278021656423763	0.001609599063506
dmel-FBgn0003429	0.0246850089997429	0.0385703265620982	0.0629982000514271	0
dmel-FBgn0003430	0.0828729281767956	0.0718232044198895	0	0
dmel-FBgn0003435	0.109559939301973	0.00333839150227617	0.00424886191198786	0.000606980273141122
dmel-FBgn0003444	0.0623591284748308	0.0683696468820435	0.0217881292261457	0.0244177310293013
dmel-FBgn0003447	0.101783637068631	0.0759015122140364	0.0119232260566111	0.0042652190771617
dmel-FBgn0003448	0.0517647058823529	0	0.0517647058823529	0
dmel-FBgn0003449	0.0555713878597891	0.0806497577657451	0.0316329438586492	0.0188800227985181
dmel-FBgn0003450	0.0853174603174602	0.119047619047619	0	0
dmel-FBgn0003459	0.271428571428571	0.117460317460318	0.0825396825396823	0.0396825396825396
dmel-FBgn0003460	0.0674049109292249	0.126143476167549	0	0
dmel-FBgn0003462	0.0458552880807245	0.0831267004167097	0.032630781416813	0.0314943003753831
dmel-FBgn0003463	0.0608108108108108	0.102596017069701	0.0391180654338549	0.00551209103840681
dmel-FBgn0003464	0.0588062765801439	0.0514738231412231	0.0391553013638364	0.00586596275113652
dmel-FBgn0003475	0.107642873536837	0.0162956162497131	0.0711498737663528	0.0151480376405784
dmel-FBgn0003479	0.0514112903225806	0.0388104838709677	0.0463709677419354	0.0178931451612903
dmel-FBgn0003480	0.0753246753246753	0.0415584415584415	0	0
dmel-FBgn0003482	0	0	0	0
dmel-FBgn0003483	0.0998278829604129	0.0172117039586919	0	0
dmel-FBgn0003495	0.177799607072691	0.166994106090373	0	0.134577603143419
dmel-FBgn0003499	0.116438356164383	0.363013698630137	0	0
dmel-FBgn0003502	0.0551359516616314	0.0435548841893253	0.00503524672708963	0.0236656596173212
dmel-FBgn0003507	0.0613090306545152	0.0147473073736537	0.00845070422535212	0.132394366197183
dmel-FBgn0003510	0	0	0	0
dmel-FBgn0003511	0	0	0	0
dmel-FBgn0003512	0.0887573964497042	0.0826210826210829	0.0407626561472715	0.01468332237563
dmel-FBgn0003513	0.119047619047619	0.054421768707483	0	0
dmel-FBgn0003514	0.0252791699639497	0.0520457809431696	0.0299613118790117	0.0118335824613851
dmel-FBgn0003515	0.162790697674419	0	0.0639534883720931	0
dmel-FBgn0003517	0.0414550763095119	0.0537953194745319	0.0166610894873105	0.0209486684239674
dmel-FBgn0003520	0.0698755640639955	0.104608231915766	0.0218788458908792	0.0083413099958977
dmel-FBgn0003525	0.119237588652482	0.0434397163120568	0.00576241134751773	0
dmel-FBgn0003527	0.329700272479564	0	0	0
dmel-FBgn0003545	0.213698630136986	0.0178082191780822	0.00890410958904109	0
dmel-FBgn0003557	0.0390714778211905	0.0301846318853903	0.0602926530299547	0.0228300007661074
dmel-FBgn0003559	0.0585143658023825	0.0606166783461806	0.0371408549404345	0.0229502452697968
dmel-FBgn0003567	0.0784982935153585	0.0564038081552004	0.0269444943416562	0.0143703969822166
dmel-FBgn0003575	0.0558753809685066	0.0645106671181848	0.0384354893328818	0.039451405350491
dmel-FBgn0003598	0.0839182178822093	0.0643881599023496	0.0265486725663717	0.0247177296307598
dmel-FBgn0003607	0.0663338553902375	0.0805925345862698	0.0279626729313495	0.0158248499086401
dmel-FBgn0003612	0.072	0.0496603773584907	0.0211320754716981	0.0138867924528302
dmel-FBgn0003638	0.0571896539957687	0.0566436907117997	0.0327577970381492	0.0202006415068587
dmel-FBgn0003651	0.0616213683223993	0.0145267104029991	0	0.126757263355201
dmel-FBgn0003654	0.101538461538462	0.194230769230769	0.162692307692308	0.0442307692307692
dmel-FBgn0003655	0.635135135135136	0	0	0
dmel-FBgn0003656	0.104152599594868	0.0442268737339635	0.0567184334908845	0.0413571910871033
dmel-FBgn0003660	0.036710482135973	0.040951089997886	0.0847997214380759	0.0268613283921754
dmel-FBgn0003676	0.0650135659580314	0.0793350963354741	0.0294329772984854	0.00745269086787787
dmel-FBgn0003687	0.0583406625622984	0.0747581354441513	0.0334212840809147	0.0155379654060393
dmel-FBgn0003701	0.205	0.0366666666666666	0.0183333333333333	0
dmel-FBgn0003710	0.112299465240642	0	0	0
dmel-FBgn0003714	0.0222668370140537	0.0209892316116079	0.0155137798868407	0
dmel-FBgn0003716	0.0529680900985453	0.0547864852182074	0.0490380103237917	0.0146058188643829
dmel-FBgn0003719	0.147887323943662	0.174647887323944	0	0.0802816901408451
dmel-FBgn0003720	0.459016393442623	0	0	0
dmel-FBgn0003721	0.0145228751420014	0.0269286378188579	0.00390503976040484	0.00140065062480636
dmel-FBgn0003731	0.0605472738411273	0.0430876046559119	0.0165407392280988	0.0563610373698183
dmel-FBgn0003732	0.10840685528851	0.0578034682080925	0.0232227968765845	0.00770712909441232
dmel-FBgn0003733	0.0668789808917197	0.235668789808917	0	0
dmel-FBgn0003741	0.140151515151515	0.212752525252525	0.091540404040404	0.0625
dmel-FBgn0003742	0.0665038002171551	0.0403094462540717	0.0234799131378936	0.00990770901194352
dmel-FBgn0003744	0.0413654618473896	0.0733601070950468	0.0604417670682731	0.0174029451137885
dmel-FBgn0003748	0.0348138796434446	0.0640804927502965	0.0502314549141131	0.037262328321665
dmel-FBgn0003861	0	0	0	0
dmel-FBgn0003862	0.0954514128187456	0.0658166781529979	0.0344589937973811	0.0175740868366644
dmel-FBgn0003863	0.0370511064110325	4.41142952373717e-05	0.456654028738013	0
dmel-FBgn0003866	0.0596205962059621	0.127113175893664	0.0157439669634792	0.00348432055749129
dmel-FBgn0003867	0.0321978534764349	0.0402862031420127	0	0.0561518121014153
dmel-FBgn0003870	0.111822059719683	0.0978062157221207	0.0411334552102377	0.0478366849482023
dmel-FBgn0003882	0.0575894693541753	0.0634512546277253	0.039695598519128	0.0732208967503084
dmel-FBgn0003884	0.172117701984833	0.169600383591374	0.0720748003179771	0.0463716546163455
dmel-FBgn0003885	0.276691972217735	0.138426748505896	0.0654175415926344	0.0282668389597803
dmel-FBgn0003886	0.014427899081861	0.0394259702183473	0	0
dmel-FBgn0003887	0.0371785378098525	0.0838682146219015	0.0137358016943834	0.00381550047066207
dmel-FBgn0003888	0.0371784020313972	0.0378172061900123	0.0113547439193829	0.0181899484165642
dmel-FBgn0003889	0.342819775045775	0	0	0.00198796756473974
dmel-FBgn0003890	0.0245711222301644	0.0391350964974982	0.0455682630450322	0.00437812723373837
dmel-FBgn0003891	0.0760150922496452	0.0980996226937589	0.0282114299560387	0.0525805669978192
dmel-FBgn0003892	0.115367282559712	0.0648940964398378	0.00585849481748535	0.00811176205497972
dmel-FBgn0003896	0.0789310130515848	0.109384711000622	0	0
dmel-FBgn0003900	0.140495867768595	0.0644628099173554	0	0
dmel-FBgn0003941	0.0420437280567816	0.0668154996178015	0.0308812567216666	0.0452777150791046
dmel-FBgn0003942	0.0450595389619574	0.0500308301513222	0.0257774006505445	0.0545009192476311
dmel-FBgn0003943	0.15416563658838	0.111446229913473	0.169888751545117	0.0583436341161928
dmel-FBgn0003944	0.0336189848384971	0.085915183476159	0	0.00395517468688201
dmel-FBgn0003950	0.294520547945205	0	0	0
dmel-FBgn0003961	0.177600579920261	0	0	0
dmel-FBgn0003963	0.039671682626539	0.0440492476060192	0.0186046511627907	0.0372093023255814
dmel-FBgn0003964	0.0419182637612673	0.0561827251247046	0.0551325807298503	0.0118141244421108
dmel-FBgn0003965	0.0325400679941719	0	0	0.196049862392747
dmel-FBgn0003969	0.0356288393145814	0.033236340122858	0.050307145166505	0.0289686388619463
dmel-FBgn0003975	0.123263888888889	0.0520833333333333	0	0
dmel-FBgn0003977	0.0818048422597211	0.0601614086573735	0.0278796771826852	0.0216434336023478
dmel-FBgn0003978	0.0562444641275466	0.071080602302923	0.0179362267493357	0.00885739592559786
dmel-FBgn0003984	0.0796890184645286	0.0631681243926143	0.0126336248785228	0
dmel-FBgn0003996	0.0504685819634353	0.0125211245967122	0.00299585189737287	0.24051313565832
dmel-FBgn0003997	0.0898734177215189	0.0544303797468355	0	0
dmel-FBgn0004003	0.038429299116642	0.100973628215875	0	0
dmel-FBgn0004009	0.118173679498657	0.0707251566696508	0	0
dmel-FBgn0004028	0.0271111272968587	0.0872695048375153	0.00227814398031813	0.00018613609785903
dmel-FBgn0004049	0.0786492374727668	0.0718954248366014	0.0422657952069718	0.00740740740740739
dmel-FBgn0004050	0.0851063829787234	0.0757978723404255	0.030363475177305	0.00753546099290778
dmel-FBgn0004055	0.0215064723269799	0.0385281826521252	0.000713484863928243	0.0016308225461217
dmel-FBgn0004057	0.0340507763043912	0.0481775171586593	0.0225894582528154	0.00852935296861466
dmel-FBgn0004066	0.106394115540373	0.273423510289539	0.0942725694922728	0.0283478883715805
dmel-FBgn0004087	0.0383975602994178	0.0729137787635153	0.0225949542556141	0.0518436373717773
dmel-FBgn0004101	0.0411594202898551	0.0742028985507246	0.0226086956521739	0.00869565217391305
dmel-FBgn0004102	0.106542056074766	0.0485981308411215	0	0
dmel-FBgn0004103	0.135122454724594	0.155813080604298	0.114009571173876	0.0856244721779112
dmel-FBgn0004106	0.123836608066184	0.0336091003102378	0.0235263702171665	0
dmel-FBgn0004107	0.0555806597379123	0.0384093990058743	0.0153637596023497	0
dmel-FBgn0004108	0.109555003388299	0.0201039078382652	0.00384007228371358	0.0720578269708604
dmel-FBgn0004117	0.0142380504904393	0.0401933249569744	0.000892187813453561	8.71070942129214e-05
dmel-FBgn0004118	0.0909090909090908	0	0	0
dmel-FBgn0004132	0.04460795585192	0.0629263432206638	0.0177052195907105	0.0286655936230552
dmel-FBgn0004133	0.0866568193008367	0.103889709502708	0.0256031511570655	0
dmel-FBgn0004167	0.057598784194529	0.0328267477203648	0.0481003039513678	0.0261398176291794
dmel-FBgn0004168	0.511627906976744	0	0	0
dmel-FBgn0004169	0.0183268604572282	0.0411458686656265	0.00136311986975103	0.000112356692218981
dmel-FBgn0004170	0.172557172557173	0.0748440748440748	0	0
dmel-FBgn0004171	0.61345416521436	0	0	0
dmel-FBgn0004173	0.606273568735002	0	0	0
dmel-FBgn0004174	0.607950727883539	0	0	0
dmel-FBgn0004175	0.607677450507001	0	0	0
dmel-FBgn0004177	0.0363954424422565	0.044677689020992	0.0362096724255372	0.0273855966313704
dmel-FBgn0004179	0.0411522633744856	0.0435729847494554	0.0363108206245461	0.0181554103122731
dmel-FBgn0004197	0.124817162359824	0.0624085811799123	0	0.00341296928327644
dmel-FBgn0004198	0.107590759075908	0.0673267326732674	0	0
dmel-FBgn0004227	0.0265058551293738	0.032746651707454	0.0168992356777224	0.0177406913961153
dmel-FBgn0004228	0.0073289396501156	0	0.0286601566543597	0
dmel-FBgn0004237	0.0588679981466579	0.0884483137025386	0.0223620357499939	0.0122905845343478
dmel-FBgn0004240	0.603698811096433	0	0	0.184940554821665
dmel-FBgn0004242	0.0206185567010309	0.00159093801705486	0.000318187603410972	0.11136566119384
dmel-FBgn0004244	0.23469387755102	0.0255102040816328	0	0
dmel-FBgn0004359	0.0601610611084794	0.130743723353861	0	0
dmel-FBgn0004360	0.136467889908257	0.0355504587155962	0	0
dmel-FBgn0004362	0.038269378009058	0.0266159695817491	0.0102259307803112	0.00327022151857667
dmel-FBgn0004363	0.0237059613075114	0.0223839174883186	0.0165406856462372	0.0127360251894761
dmel-FBgn0004364	0.0855392156862743	0.0666666666666667	0.0372549019607843	0.0215686274509804
dmel-FBgn0004367	0.11013986013986	0.0524475524475524	0.0297202797202797	0.0157342657342657
dmel-FBgn0004368	0.0576098059244127	0.0964249233912153	0.00960163432073546	0.0145045965270685
dmel-FBgn0004369	0.0388127853881279	0.0355149670218164	0.0215626585489599	0.00837138508371385
dmel-FBgn0004370	0.0659276546091017	0.114498249708285	0.00525087514585764	0.00685530921820305
dmel-FBgn0004372	0.23960880195599	0	0	0
dmel-FBgn0004373	0.0732081257186663	0.0513606745879648	0.0345917976236105	0.0373706400919893
dmel-FBgn0004374	0.148763680583705	0.0117551682205108	0.0271584920956627	0.007701661937576
dmel-FBgn0004378	0.11436170212766	0.0367021276595745	0.0143617021276596	0
dmel-FBgn0004379	0.163972286374134	0.0217090069284065	0.00646651270207853	0
dmel-FBgn0004380	0.0517426685091354	0.111776447105789	0.0405343159834178	0.0181176109319822
dmel-FBgn0004381	0.0529525032092426	0.0651476251604622	0.0285622593068036	0.0176508344030808
dmel-FBgn0004387	0.0514846743295018	0.0853687739463603	0.0390325670498086	0.0210727969348659
dmel-FBgn0004390	0.0752279635258358	0.0425531914893616	0.0303951367781155	0.0159574468085106
dmel-FBgn0004391	0.0919894366197183	0.0651408450704224	0.039612676056338	0.0149647887323943
dmel-FBgn0004394	0.0699774266365686	0.0225733634311512	0.0790067720090295	0
dmel-FBgn0004395	0.0420737267161653	0.0517129086882896	0.0431158004428812	0.0278754721896574
dmel-FBgn0004396	0.0690707048698114	0.0588299379017322	0.0144895958165377	0.019718923630025
dmel-FBgn0004397	0.0481354139116636	0.0776910870140175	0.0516397778365511	0.0171912192541656
dmel-FBgn0004401	0.186212522945136	0.2004894962268	0.052212930858658	0.0543204840573798
dmel-FBgn0004403	0.123947884238441	0.118495824479913	0.144010146431454	0.128395183739355
dmel-FBgn0004404	0.0442614593149902	0.20239768882572	0.112669746172504	0.164238594756601
dmel-FBgn0004406	0.0755667506297229	0.0428211586901763	0.033585222502099	0.0151133501259446
dmel-FBgn0004407	0	0	0	0
dmel-FBgn0004419	0.0531999545299534	0.0714163919518018	0.0304365124474253	0.031203819483915
dmel-FBgn0004425	0.117381637101992	0	0.368951382735244	0
dmel-FBgn0004426	0.0110904650048499	0	0.466179340649067	0
dmel-FBgn0004427	0.0784657000330599	0	0.438704694905431	0
dmel-FBgn0004428	0.130719723998421	0	0.388078726956571	0
dmel-FBgn0004429	0.469298245614036	0	0	0
dmel-FBgn0004430	0.0580702380882689	0	0.488367804518233	0
dmel-FBgn0004431	0.0545009639626279	0	0.397721093479658	0
dmel-FBgn0004432	0.0423762281447087	0.0606662597782857	0.0194668166568934	0.017775437504737
dmel-FBgn0004435	0.0217391304347826	0.0112259444048468	0.00605844618674268	0.0114041339985745
dmel-FBgn0004436	0.0473885283650827	0.109509106133557	0.0238120159095666	0.017505756751099
dmel-FBgn0004449	0.0851216022889844	0.0438125894134478	0.0075107296137339	0.0241416309012875
dmel-FBgn0004456	0.0563471502590674	0.0526230569948185	0.0451748704663213	0.0165155440414508
dmel-FBgn0004462	0.0262691199290623	0.0250498780758147	0.0482154732875194	0.0105298160053203
dmel-FBgn0004463	0.0777153558052434	0.0641385767790263	0.0313670411985018	0.0191947565543072
dmel-FBgn0004465	0.0498727146493868	0.0669983800046285	0.0381856051839852	0.0251099282573478
dmel-FBgn0004507	0.0301196220058812	0.0274573900134181	0.00986381933936677	0.00920004567904758
dmel-FBgn0004509	0.0374469180285678	0.0414361086089305	0.0268948655256724	0.0427229442800156
dmel-FBgn0004510	0.0744801512287335	0.0499054820415879	0.0351606805293006	0.0128544423440453
dmel-FBgn0004511	0.473684210526316	0	0	0
dmel-FBgn0004512	0.0603205677229902	0.0688853542150986	0.100819772421388	0.103144500183531
dmel-FBgn0004513	0.0361233480176212	0.0167400881057269	0	0
dmel-FBgn0004514	0.147727272727272	0.113636363636363	0	0
dmel-FBgn0004516	0.170212765957447	0	0	0
dmel-FBgn0004552	0.165038002171553	0	0	0
dmel-FBgn0004554	0.371702637889687	0.136690647482015	0	0
dmel-FBgn0004556	0.0800542740841248	0.0556309362279511	0.0427408412483039	0.0230664857530529
dmel-FBgn0004567	0.0890538033395177	0.0667903525046382	0	0
dmel-FBgn0004569	0.0817253121452894	0.0737797956867197	0	0
dmel-FBgn0004573	0.0555555555555556	0	0.12962962962963	0
dmel-FBgn0004574	0.0425831923293852	0.0521714608009025	0.0455644186608654	0.0139392474417855
dmel-FBgn0004575	0.185028248587571	0.0155367231638418	0.0155367231638418	0
dmel-FBgn0004577	0.0248176187198899	0.120289057123193	0	0
dmel-FBgn0004580	0.0318085428657982	0.00545289306270827	0.040896697970312	0
dmel-FBgn0004581	0.339590443686007	0	0	0
dmel-FBgn0004583	0.0874640500761291	0.0488918964642192	0.0279140585349349	0.0128573845373033
dmel-FBgn0004584	0.292694726656991	0.0875665215287856	0.0599903241412675	0.0445089501693276
dmel-FBgn0004587	0.0656573171639015	0.0723532475262257	0.0209433821888253	0.0218733725169258
dmel-FBgn0004588	0.494202898550726	0	0	0
dmel-FBgn0004592	0.164704162377179	0.00641443460992562	0	0.00804088669050505
dmel-FBgn0004594	0.11890243902439	0	0	0
dmel-FBgn0004595	0.167225950782998	0.00279642058165548	0.00447427293064877	0
dmel-FBgn0004597	0.0462653288740246	0.040273132664437	0.0303790412486065	0.0211817168338907
dmel-FBgn0004598	0.205408216328653	0.175247009880395	0.0249609984399376	0.0889235569422776
dmel-FBgn0004606	0.192551505546751	0.106973058637084	0.00316957210776544	0.152931854199683
dmel-FBgn0004607	0.0976095617529882	0.0314741035856574	0.0270916334661355	0.00119521912350598
dmel-FBgn0004611	0.0632801161103048	0.0844702467343977	0.0243831640058055	0.0272859216255442
dmel-FBgn0004618	0.176666666666667	0	0	0
dmel-FBgn0004619	0.531914893617021	0	0	0
dmel-FBgn0004620	0.0521704500199124	0.244125846276384	0.00318598168060534	0
dmel-FBgn0004622	0.0947075208913647	0	0.116991643454039	0
dmel-FBgn0004635	0.0234815278647464	0.0469630557294928	0.0109580463368816	0
dmel-FBgn0004636	0.0382121352477999	0.0382783034473632	0.0282207371137431	0.0503209157678819
dmel-FBgn0004638	0.04011216776396	0.0292205153214663	0.0148744208729578	0.047061692270178
dmel-FBgn0004643	0.0534423137378181	0.0524992140836213	0.0432254008173531	0.0191763596353348
dmel-FBgn0004644	0.0586678429642699	0.0247022496691663	0.0683722981914424	0
dmel-FBgn0004646	0.0385382059800664	0.0340946843853821	0	0.00552325581395348
dmel-FBgn0004647	0.110023918243097	0.0434877147205915	0.0128288758425745	0.000869754294411826
dmel-FBgn0004648	0.0516889795194609	0.0245589147974111	0.0305878180689778	0.116854331057718
dmel-FBgn0004649	0.155555555555555	0	0	0
dmel-FBgn0004650	0.590909090909091	0	0	0
dmel-FBgn0004652	0.0514916223947691	0.0335104209235798	0.0187985288107887	0.00449530036779731
dmel-FBgn0004654	0.0298037425832953	0.0417845732542218	0.0270652670013692	0.0260839799178457
dmel-FBgn0004655	0.0663900414937759	0.0577949021932424	0.0447540011855364	0.0174866627148785
dmel-FBgn0004656	0.0680945347119647	0.044165435745938	0.0262924667651403	0.0141802067946824
dmel-FBgn0004657	0.0409825535085691	0.0536241938384851	0.057170019784681	0.0145687196485007
dmel-FBgn0004666	0.163636363636363	0	0	0
dmel-FBgn0004687	0.0396242425281347	0.0636747777939676	0.0506381191555741	0.0181193269964259
dmel-FBgn0004698	0.0763812803255597	0.0774769134449836	0.0361558929409923	0.0154953826889967
dmel-FBgn0004795	0.0815006468305304	0.0853816300129366	0.00646830530401036	0
dmel-FBgn0004797	0.0274656679151061	0.0367041198501873	0.00624219725343322	0.0454431960049936
dmel-FBgn0004811	0.195945945945946	0.109234234234234	0.0692567567567567	0.105292792792793
dmel-FBgn0004832	0.149645002730748	0.0748225013653742	0.0365920262151829	0
dmel-FBgn0004837	0.133425034387896	0.0584594222833562	0.0220082530949107	0.0185694635488308
dmel-FBgn0004838	0.03153065839633	0.0475932028170835	0.0172901725140531	0.0190346966466369
dmel-FBgn0004839	0.113524590163934	0.0266393442622951	0.0155737704918033	0
dmel-FBgn0004852	0.0380033177499623	0.0839993967727342	0.0221686020208113	0.00226210224702156
dmel-FBgn0004854	0.148571428571429	0.0514285714285714	0	0
dmel-FBgn0004855	0.0465300577380279	0.0697384806973847	0.0236612702366127	0.0109815464734518
dmel-FBgn0004856	0.0566960859554873	0.0623561013046816	0.0373177283192633	0.0163085188027629
dmel-FBgn0004858	0.0635518713890982	0.0879176086410452	0.0296407937704094	0
dmel-FBgn0004859	0.088379705400982	0.0723106680553489	0.00193423597678917	0.0307989882457967
dmel-FBgn0004860	0.166212534059946	0.192098092643052	0.0653950953678474	0.0490463215258856
dmel-FBgn0004861	0.219867549668874	0.178807947019868	0.0728476821192052	0.0291390728476821
dmel-FBgn0004863	0.0869565217391306	0.105189340813464	0	0
dmel-FBgn0004864	0.0577330508474576	0.0642655367231637	0.0301906779661017	0.0286016949152542
dmel-FBgn0004865	0.0377444292860392	0.0868576625738974	0.0070486584811278	0.0416098226466576
dmel-FBgn0004867	0.0485793378632005	0.0547768267280352	0.0299171343587691	0.0315514036827153
dmel-FBgn0004868	0.0358649157967156	0.0481090405113018	0.04457938240954	0.0372209426380704
dmel-FBgn0004870	0.103225806451613	0.0161290322580646	0	0
dmel-FBgn0004872	0.096234309623431	0	0	0
dmel-FBgn0004875	0.0961700336700335	0.0580808080808081	0.0252525252525253	0.0220959595959596
dmel-FBgn0004876	0.0700943221749585	0.0239504346217866	0.0740706491584982	0.00832254484926947
dmel-FBgn0004878	0.203084832904884	0	0	0
dmel-FBgn0004880	0.45054945054945	0.032967032967033	0	0
dmel-FBgn0004882	0.283767038413879	0	0	0.000619578686493184
dmel-FBgn0004885	0.0647977627719802	0.139212877702749	0.00627515176318124	0.105586249232658
dmel-FBgn0004888	0.0338596178684364	0.036286910435131	0.0136173339865497	0.107992250478778
dmel-FBgn0004889	0.0641512482831058	0.0496889391613476	0.0273087177829846	0.0193908055263796
dmel-FBgn0004892	0.0652549697493517	0.0760587726879862	0.0151253241140882	0
dmel-FBgn0004893	0.056916005014626	0.055996656916005	0.0306727956539907	0.00434600919348098
dmel-FBgn0004895	0	0.418604651162791	0	0
dmel-FBgn0004896	0.181818181818182	0	0	0
dmel-FBgn0004897	0.0977198697068404	0.0488599348534202	0	0
dmel-FBgn0004898	0.0974903474903475	0.0448841698841699	0	0
dmel-FBgn0004901	0.0619327282434597	0.0662039508809397	0.0208222103577149	0.00533902829684998
dmel-FBgn0004903	0.0979989035087718	0.0501644736842105	0.0172697368421053	0.0141173245614035
dmel-FBgn0004907	0.0252041512719742	0.041065587273198	0.0141729225990163	0.011949026898548
dmel-FBgn0004908	0.0884379785604901	0.0570444104134763	0.0323506891271057	0.0229709035222052
dmel-FBgn0004910	0.0209734863474476	0.0582848097687829	0.0248742156142236	0.000565323082141443
dmel-FBgn0004913	0.131820637493247	0.0810372771474878	0.0472717450027012	0.020259319286872
dmel-FBgn0004914	0.0265324794144556	0.032708142726441	0.052950594693504	0.0242451967063129
dmel-FBgn0004915	0.0625164632540169	0.041706910176486	0.0279216788128896	0.0148388796206866
dmel-FBgn0004919	0.0423655913978495	0.0316129032258065	0.0793548387096774	0.0763440860215052
dmel-FBgn0004921	0.0352883625997335	0.0427272573925071	0.0216419546919016	0.0228733363696169
dmel-FBgn0004924	0.0543363099742696	0.0562282427728168	0.0294384743453913	0.0280006054184955
dmel-FBgn0004926	0.0542552955035452	0.0594118823764753	0.0289391211575648	0.037096308150519
dmel-FBgn0004956	0.181372549019608	0	0	0
dmel-FBgn0004957	0.0785185185185185	0.0928395061728395	0.0286419753086419	0.0192592592592593
dmel-FBgn0004959	0.393574297188755	0	0	0
dmel-FBgn0005198	0.0721410345627467	0.0670378102528415	0.0635583391324518	0.0245882625840872
dmel-FBgn0005278	0.0286000038466717	0.0167137883945916	0.00915507856826883	0.0579501086684744
dmel-FBgn0005322	0.0374728019985494	0.0364251752760094	0.0290917882182286	0.0141026674188089
dmel-FBgn0005355	0.0572960767710978	0.059977420265312	0.0225797346881174	0.0159469376234829
dmel-FBgn0005386	0.103059581320451	0.0531400966183575	0.0450885668276973	0.0235104669887278
dmel-FBgn0005391	0	0	0	0
dmel-FBgn0005411	0.0720005250721975	0.0874245208716198	0.0348516671042268	0.0316355998949856
dmel-FBgn0005427	0.0436571837538021	0.0352478081946681	0.0282698157094292	0.0198604401502952
dmel-FBgn0005533	0.0463020625959238	0.0642225874842181	0.0268501597737644	0.0341548325183
dmel-FBgn0005536	0.0434464465380041	0.0725326991676575	0.02835452300375	0.00621970182017745
dmel-FBgn0005558	0.155339805825243	0	0	0
dmel-FBgn0005561	0.125	0	0	0
dmel-FBgn0005564	0.0299661672305462	0.00773320444659255	0.0430159497341711	0
dmel-FBgn0005585	0.0338989569820663	0.0565775165473764	0.0214058189421568	0.0430319199152438
dmel-FBgn0005586	0.144697720515362	0.0138751238850347	0.0327056491575818	0
dmel-FBgn0005592	0.0387742338961852	0.0462789243277049	0.0318949343339587	0
dmel-FBgn0005593	0.0467309666924328	0.0455791809438105	0.0314808618972353	0.0368552211082525
dmel-FBgn0005596	0.105015673981191	0.0713166144200627	0.0293887147335423	0.0129310344827586
dmel-FBgn0005612	0.0658394813324391	0.176335792532976	0.183936955063715	0.0304605410239213
dmel-FBgn0005613	0.139325842696629	0.0584269662921348	0	0
dmel-FBgn0005614	0.102362204724409	0.0551181102362205	0	0
dmel-FBgn0005616	0.0675617150281507	0.0712429623213514	0.0262018189692507	0.0184062364660026
dmel-FBgn0005617	0.0609509357612544	0.0614567526555387	0.039453717754173	0.0268082953970662
dmel-FBgn0005624	0.231182795698925	0.10752688172043	0.0770609318996414	0.0483870967741936
dmel-FBgn0005626	0.0369835739173719	0.156952049112328	0	0
dmel-FBgn0005630	0.0664910105393676	0.0677309361438315	0.0206137631742095	0.0106943583384997
dmel-FBgn0005631	0.0744941753525445	0.0809319435928879	0.0346413243408952	0.00582464745554874
dmel-FBgn0005632	0.0449047864127638	0.0397581060216161	0.0324884199691199	0.0265054040144106
dmel-FBgn0005636	0.122950819672131	0.0920554854981085	0.00567465321563682	0
dmel-FBgn0005638	0.0210017144256673	0	0.129071760960078	0
dmel-FBgn0005640	0.0367703779892003	0.0281563383903317	0.0154281306248393	0.023013628182052
dmel-FBgn0005642	0.0915760869565215	0.0589673913043478	0.0399456521739131	0.0135869565217392
dmel-FBgn0005648	0.0608597649331831	0.0525411903611871	0.0182471958353458	0.0113776632855686
dmel-FBgn0005649	0.0523695548109144	0.0662039253231211	0.0361895643848731	0.0211584490186692
dmel-FBgn0005654	0	0	0	0
dmel-FBgn0005655	0.0875994289210686	0.0465021415459922	0.0274321843769121	0
dmel-FBgn0005658	0.13061224489796	0.0489795918367347	0	0
dmel-FBgn0005659	0.0436128306133934	0.0649971862689927	0	0.0880697805289811
dmel-FBgn0005660	0.0332699619771864	0.0399239543726236	0.00475285171102662	0
dmel-FBgn0005666	0.100671140939597	0.151697591788393	0.0039478878799842	0.0368140544808526
dmel-FBgn0005670	0.0989467438065568	0.00252188102655391	0.0774365821094792	0.460985017059784
dmel-FBgn0005671	0.0458994204005136	0.0786537326901053	0.0317304688855725	0.0170062124735362
dmel-FBgn0005672	0.0676940011007155	0.06989543203082	0.0280070934996637	0.0277013392038158
dmel-FBgn0005674	0.0615680615680617	0.0404040404040404	0.0168350168350168	0.0183982683982684
dmel-FBgn0005677	0.148829431438127	0.0211817168338908	0.00501672240802676	0
dmel-FBgn0005683	0.0896931549960661	0.040912667191188	0.011801730920535	0
dmel-FBgn0005694	0.0553820528836144	0.0572558817405788	0.0243597751405372	0.0189464917759733
dmel-FBgn0005695	0.0500771737266335	0.0744297719087637	0.0656834162236325	0.00908935002572459
dmel-FBgn0005696	0.0828258221680878	0.0414129110840437	0.0207064555420219	0
dmel-FBgn0005771	0.0605301787410414	0.0968828253173301	0.021932475606597	0.0399792764010016
dmel-FBgn0005775	0.131188118811881	0.0297029702970297	0	0
dmel-FBgn0005777	0.0836493661285078	0.0633871492035974	0.0346733123848739	0.0299057319319536
dmel-FBgn0005778	0.405642023346304	0	0	0
dmel-FBgn0005779	0.60569105691057	0	0	0
dmel-FBgn0008635	0.0534692343038557	0.0616567108066335	0.0319144492251139	0.0279460294916246
dmel-FBgn0008636	0.137651821862348	0	0	0
dmel-FBgn0008646	0.147058823529412	0.0801217038539553	0	0
dmel-FBgn0008651	0.0625651720542232	0.112617309697602	0	0
dmel-FBgn0010014	0.496062992125984	0	0	0
dmel-FBgn0010015	0.0232185748598879	0.153082465972778	0.00160128102481985	0
dmel-FBgn0010019	0.0762838190355519	0.436163076693746	0	0
dmel-FBgn0010038	0.174174174174174	0	0.543543543543544	0
dmel-FBgn0010039	0.00792167582494213	0.00641544168921369	0.00178516638308555	0.00239881732727121
dmel-FBgn0010040	0	0	0.629095674967234	0.0655307994757537
dmel-FBgn0010041	0	0	0.697916666666666	0
dmel-FBgn0010042	0	0	0.777777777777778	0
dmel-FBgn0010043	0	0	0.149038461538461	0
dmel-FBgn0010044	0	0.150997150997151	0.225071225071225	0
dmel-FBgn0010051	0.10188261351052	0.0778885197489848	0.047249907715024	0.108896271686969
dmel-FBgn0010052	0.0468262226847035	0	0	0
dmel-FBgn0010053	0.0403839188699747	0.0216105275866232	0.0728600748521067	0.101472896293613
dmel-FBgn0010078	0.0379986856001616	0.0640757135222081	0.0217425770931306	0.0297402142420592
dmel-FBgn0010100	0.0459498728659644	0.047838721394842	0.016636396658191	0.0330185252451871
dmel-FBgn0010105	0.0905660377358491	0.0283018867924528	0.0179245283018868	0
dmel-FBgn0010109	0	0	0	0
dmel-FBgn0010113	0.121099208197485	0.0305076851420587	0.00954820680018633	0.00419189566837447
dmel-FBgn0010114	0.20746887966805	0	0	0
dmel-FBgn0010173	0.0815196268946756	0.0589778468713563	0.0429459774582199	0.0180722891566265
dmel-FBgn0010194	0.119087367835281	0.0790205898720088	0.00667779632721202	0
dmel-FBgn0010197	0.0385964912280702	0	0	0
dmel-FBgn0010198	0.082095498845596	0.180158551784729	0.0932921970455428	0.154731013628098
dmel-FBgn0010213	0.0510114335971856	0.0601663068681539	0.0343007915567283	0.0197089629807308
dmel-FBgn0010215	0.0547478418900499	0.0540663334847796	0.0336778736937756	0.0239663789186734
dmel-FBgn0010217	0.143546320259303	0.15430035930551	0.123369933917938	0.095555164702631
dmel-FBgn0010220	0.083698953763078	0.1110361120486	0.0438744515693553	0.0165372932838339
dmel-FBgn0010222	0.030865612346245	0.0850332340132936	0.0202460080984032	0.0930552372220949
dmel-FBgn0010223	0.0266080033521894	0	0.119840771003562	0
dmel-FBgn0010225	0.0204317608199228	0.0237306820395291	0.00457124385078599	0.085618609894277
dmel-FBgn0010226	0.0890316249609708	0.0230161916231768	0.00666845086756769	0.0687586422231145
dmel-FBgn0010228	0.0186653839836692	0.0470095497313406	0.0142424740139375	0.00991341889767476
dmel-FBgn0010235	0.0411071937589078	0.0619233365839022	0.043470107268772	0.0303803165553972
dmel-FBgn0010238	0.07921020726286	0.104612897638704	0.0065816061428324	0.00785174066162461
dmel-FBgn0010240	0.0420258620689655	0	0	0
dmel-FBgn0010241	0.00669269380925823	0	0.0368098159509202	0
dmel-FBgn0010246	0.0187673772011121	0.0313755020080321	0.0549119555143651	0.000753012048192771
dmel-FBgn0010247	0.247089262613195	0.106727037516171	0.091203104786546	0.0284605433376456
dmel-FBgn0010258	0.232323232323232	0	0	0
dmel-FBgn0010263	0.0306695464362851	0.122534197264219	0.00403167746580274	0
dmel-FBgn0010265	0.0366624850782704	0.0626817764508827	0.0294977188150453	0.0477425262867729
dmel-FBgn0010269	0.029278951201748	0.0581937363437727	0.0323379461034232	0.0124544792425346
dmel-FBgn0010278	0.0917063663923776	0.0734084019055869	0.0224122996968385	0.0102858380251191
dmel-FBgn0010280	0.0744818652849741	0.0532167530224524	0.0279576856649395	0.0184585492227979
dmel-FBgn0010282	0.0723570190641249	0.0971620450606586	0.0274046793760832	0.0181975736568458
dmel-FBgn0010287	0.149060272197019	0.0427738172391445	0.01749837977965	0
dmel-FBgn0010288	0.0556838432770262	0.129000276097487	0.059737456389147	0.0131271805426571
dmel-FBgn0010292	0.0663928815879535	0.0720967373944785	0.0323979009810632	0.0177960301163587
dmel-FBgn0010294	0.559766763848397	0	0	0
dmel-FBgn0010295	0.727952167414051	0	0	0
dmel-FBgn0010300	0.06118769883351	0.0242841993637328	0.0109225874867444	0.0135737009544009
dmel-FBgn0010303	0.0425779733402357	0.0406367283551185	0.0529312799275267	0.0188947845218067
dmel-FBgn0010309	0.150387596899225	0.0403100775193797	0.027906976744186	0.00697674418604651
dmel-FBgn0010313	0.0479951397326852	0.0514884568651276	0.0229343863912515	0.00516403402187119
dmel-FBgn0010314	0.096177558569667	0.0403822441430333	0.00986436498150433	0
dmel-FBgn0010315	0.0409237561555442	0.0541687892681269	0.0249617931737137	0.0193581253183902
dmel-FBgn0010316	0.0736936132201876	0.0564984368021438	0.027467619472979	0.0265743635551586
dmel-FBgn0010317	0.109375	0	0	0
dmel-FBgn0010328	0.0700128333095681	0.0587480393554825	0.0268073577641523	0.0148296021674034
dmel-FBgn0010329	0.240963855421687	0	0	0
dmel-FBgn0010333	0.140866333759145	0.14237603065846	0.123795145743816	0.0802461967251189
dmel-FBgn0010339	0.0729835552075177	0.051605324980423	0.0250587314017229	0.0183241973375098
dmel-FBgn0010340	0.0421146953405018	0.0433094384707288	0.0167264038231781	0.0221027479091996
dmel-FBgn0010341	0.0361135221862753	0.0434125042741786	0.0456876824745522	0.0262237302401431
dmel-FBgn0010342	0.0856497812896852	0.0790179201354594	0.0191900663186115	0.0146747565965853
dmel-FBgn0010348	0.0279505186694185	0.0407028171656794	0.0210617310424318	0.020405017825073
dmel-FBgn0010350	0.0411978138060901	0.0385339640839573	0.04110595691912	0.0275111376475452
dmel-FBgn0010352	0.0437563693922245	0.107222619744574	0.0205555194171599	0.00583273704980593
dmel-FBgn0010355	0.0729062395729064	0.0653987320653989	0.0377043710377043	0.0208541875208542
dmel-FBgn0010356	0.0613533834586466	0.0598496240601503	0.0454135338345864	0.0246616541353383
dmel-FBgn0010357	0.0496274601463447	0	0.531801833602045	0
dmel-FBgn0010358	0.0400221905214772	0	0.454430179109209	0
dmel-FBgn0010379	0.040633608815427	0.0506772268135904	0.0204889807162534	0.0253673094582185
dmel-FBgn0010380	0.129382648150694	0.14395710160869	0.134882441908428	0.0829093908978413
dmel-FBgn0010381	0.0597102495825247	0.00270794782687187	0	0.314347610236043
dmel-FBgn0010382	0.107162687395891	0.0560799555802333	0.00888395335924487	0.00610771793448086
dmel-FBgn0010383	0.0350949628406276	0.106523534269199	0	0
dmel-FBgn0010385	0	0	0	0
dmel-FBgn0010387	0.0329350626276983	0	0.18142044949809	0.00770631607000091
dmel-FBgn0010388	0	0.0195302190551597	0	0
dmel-FBgn0010389	0.0475815965395202	0.0994887927644515	0.0188753440817932	0
dmel-FBgn0010391	0.148450244698206	0.228113104948341	0.0738172920065253	0.0693311582381729
dmel-FBgn0010395	0.0421075361692939	0	0.171021377672209	0
dmel-FBgn0010397	0.0306797997739383	0.0668765810861725	0.0192421551213736	0.00419828839011788
dmel-FBgn0010398	0.077449947312961	0.0453108535300317	0.0273972602739725	0.017913593256059
dmel-FBgn0010399	0.0871080139372823	0	0	0
dmel-FBgn0010406	0.0294006784771956	0.0467395401432341	0.0493242151741963	0.0143772548597275
dmel-FBgn0010407	0.163841807909605	0	0.0188323917137476	0
dmel-FBgn0010408	0.0124357650736988	0.00859479354413471	0.0162884024241576	0.00313518936543767
dmel-FBgn0010409	0.0469428890618034	0.0651158611734114	0.0289377457038382	0.0487042433550833
dmel-FBgn0010411	0.04854339989055	0.055983441967033	0.0429388805015108	0.0531982172858539
dmel-FBgn0010412	0.0339948747420883	0.033740496132503	0.0142216485618187	0.0109241480671936
dmel-FBgn0010414	0.0751445086705203	0.0693641618497111	0	0
dmel-FBgn0010415	0.0374685138539043	0.0326756227260006	0.00785404422054298	0.12013713965855
dmel-FBgn0010416	0.0626313025210084	0.0680147058823531	0.0337447478991597	0.0320378151260504
dmel-FBgn0010417	0.0781654731068109	0.154502514094164	0.050434252628371	0.0231601401797958
dmel-FBgn0010421	0.0612667091024823	0.0604710375556972	0.0286441756842775	0.0268936982813494
dmel-FBgn0010422	0.0715513536742587	0.0653201547056297	0.0246024924795874	0.0164374731413838
dmel-FBgn0010423	0.0121349295083308	0.027146791742794	0.00148618799596411	0
dmel-FBgn0010424	0.0210685287517644	0.0703965291359929	0.000773793482524275	0.000893864884984941
dmel-FBgn0010425	0.0944485891078247	0	0.487745937010869	0
dmel-FBgn0010433	0.13840830449827	0	0	0
dmel-FBgn0010434	0.0565310492505354	0.0703211991434689	0.0627408993576017	0.0101498929336188
dmel-FBgn0010435	0.061961939284096	0.0713260836731612	0.0215601872828877	0.0333786437094095
dmel-FBgn0010438	0.0125622698722114	0	0	0
dmel-FBgn0010441	0.0383634973234768	0.0525108335457557	0.0244710680601581	0.0350497068569972
dmel-FBgn0010452	0.131379962192817	0.0567107750472589	0.00850661625708884	0
dmel-FBgn0010453	0.113553113553114	0.0195360195360195	0.0122100122100122	0
dmel-FBgn0010470	0.0263086150490731	0.0453471464921847	0.0193717436083848	0.0542227068944625
dmel-FBgn0010473	0.102897693672383	0.0212891780011828	0	0
dmel-FBgn0010482	0.0205270137807762	0.0766303407714929	0.000922562417113533	0.000115320302139192
dmel-FBgn0010488	0.0362403025223187	0.0697204787337726	0.0474289501383962	0.0285680870141514
dmel-FBgn0010497	0.0411490035854249	0.0594096556324523	0.0611606770616193	0.0375635787542733
dmel-FBgn0010501	0.0304084997252245	0.0121817182634182	0.059351529584173	0.00357208279904745
dmel-FBgn0010504	0.0495706206800252	0.0121482929553864	0.0761711931857852	0.00104726663408504
dmel-FBgn0010516	0.0413434247871334	0.057876064333018	0.0403027436140019	0.0572847682119205
dmel-FBgn0010520	0.0607412491420728	0.0634866163349349	0.0288263555250515	0.0175017158544955
dmel-FBgn0010531	0.0436854646544877	0.068308181096108	0.0409054805401112	0.0365369340746624
dmel-FBgn0010548	0.0213022205494919	0.0476853594279262	0.0135491155438464	0.0255175009409108
dmel-FBgn0010549	0.328767123287671	0.0684931506849315	0	0
dmel-FBgn0010551	0.0813874211692518	0.0438895517300153	0.0252684506562128	0.0273990114198057
dmel-FBgn0010575	0.0777192663882333	0.0570183402941712	0.018340294171055	0.0114399854730343
dmel-FBgn0010583	0.102196461256864	0.0466748017083588	0.0199816961561928	0.0462172056131788
dmel-FBgn0010590	0.0480942039838251	0.129698966601767	0.0379006290250113	0.0108394488542759
dmel-FBgn0010591	0.0198179492408372	0.0143026640218016	0.119732670881148	0.0038467955729408
dmel-FBgn0010602	0.038800816198399	0.040747135457542	0.0199340762831581	0.00904096688118034
dmel-FBgn0010607	0.0583399628745691	0.066030230708035	0.0442853354547866	0.0238663484486874
dmel-FBgn0010611	0.0320238558278232	0.0421366524050305	0.0321535070659924	0.00823285362375209
dmel-FBgn0010612	0.0215199942150553	0.0303854219394027	0.021013811555427	0.0132330609588546
dmel-FBgn0010620	0.0575590322446777	0.0633273851516786	0.0222434327924638	0
dmel-FBgn0010621	0.0669717395337332	0.0880588708181312	0.0301774782017191	0.007327932719065
dmel-FBgn0010622	0.0317175344105327	0.0356501667094127	0.0279558861246474	0.006753868513294
dmel-FBgn0010638	0.0450889045343558	0.0519346285782766	0.0185149122938419	0.0137064277903441
dmel-FBgn0010651	0.0483879736856413	0.0234871962159517	0.0271298863698146	0.0433317022780406
dmel-FBgn0010660	0.0937893411665967	0.053713806126731	0.0314729332773814	0.0163659253042383
dmel-FBgn0010741	0.0391960803919608	0.0626604006266041	0.0191647501916476	0.0126320701263207
dmel-FBgn0010747	0.0626318503586329	0.060803525385589	0.0297688809713563	0.0359101776756832
dmel-FBgn0010750	0.0677842565597668	0.0701530612244897	0.0231413994169096	0.0174927113702624
dmel-FBgn0010762	0.0826481130086445	0.0579801813198398	0.0257221168037107	0.0132827324478178
dmel-FBgn0010768	0.0495272399819901	0.0823953174245835	0.00855470508779828	0
dmel-FBgn0010770	0.176536312849162	0.197765363128492	0.108379888268156	0.0301675977653631
dmel-FBgn0010772	0.0550706124476617	0.0722446951955148	0.0378255624157264	0.0395997445177773
dmel-FBgn0010774	0.0732567576003496	0.076877458018603	0.0336163306074037	0.0155440414507772
dmel-FBgn0010786	0.0756201881950384	0.0744225834046194	0.0213857998289136	0.0179640718562874
dmel-FBgn0010803	0.104695604695605	0.0530985530985532	0.0313950313950314	0.0234780234780235
dmel-FBgn0010808	0.0441808747220163	0.0723993081294786	0.0340993328391401	0.019372374598468
dmel-FBgn0010812	0.0814498933901917	0.0848614072494672	0.0515991471215352	0.0140724946695096
dmel-FBgn0010825	0.0761133603238866	0.0607287449392713	0.0273954116059379	0.0116059379217274
dmel-FBgn0010830	0.043188698284561	0.0631685166498484	0.0219979818365287	0.00766902119071646
dmel-FBgn0010877	0.0478890351321252	0.0442442037055787	0.0448516756100031	0.0316897843474738
dmel-FBgn0010894	0.0794567062818336	0.0966044142614602	0.0132427843803056	0.0176570458404075
dmel-FBgn0010905	0.0536709667144448	0.0265965918139831	0.041407867494824	0.0624303232998887
dmel-FBgn0010909	0.0467075038284839	0.0553215926493109	0.0441232771822358	0.0125382848392037
dmel-FBgn0010926	0.0628860190903986	0.0567097136440203	0.0314430095451994	0.012914093206064
dmel-FBgn0011016	0.0502048340843917	0.0522531749283081	0.0187832855387137	0.05024580090127
dmel-FBgn0011020	0.120481927710843	0.0642570281124497	0.0311244979919678	0
dmel-FBgn0011202	0.0290339157245633	0.0272995889003084	0.0667394655704007	0.0109840698869476
dmel-FBgn0011204	0.0568284936479129	0.0995916515426498	0.029038112522686	0.0235934664246824
dmel-FBgn0011205	0.0162455704358231	0.0138984766901376	0.0283031892862074	0.0263702885544664
dmel-FBgn0011206	0.113294797687861	0.0345375722543353	0.00332369942196532	0.000867052023121387
dmel-FBgn0011207	0.0825214053734867	0.0704162976085031	0.0324771183938589	0.0354295837023915
dmel-FBgn0011211	0.0502065002693482	0.0406625965164303	0.0267462740168791	0.0241515532411564
dmel-FBgn0011217	0.0467714715638431	0.0543283979149866	0.0279581334641316	0.0209831486361785
dmel-FBgn0011224	0.0710348575421163	0.069326915612142	0.00465802344538468	0.000698703516807701
dmel-FBgn0011225	0.032102076476086	0.0245438660652607	0.0657076679263684	0.00249908570035353
dmel-FBgn0011227	0.0191165238054825	0.0535941610795214	0.0298098956123228	0.00362810829160655
dmel-FBgn0011230	0.0763987883107626	0.100365288667142	0.0344351389878831	0.0237437633642196
dmel-FBgn0011232	0.0661997288748306	0.0616809760506101	0.0488025305015816	0.0140081337550836
dmel-FBgn0011236	0.060105680317041	0.0739762219286658	0.0115587846763541	0
dmel-FBgn0011239	0.403061224489796	0	0	0
dmel-FBgn0011241	0.0326667494721153	0.0324183331263197	0.0226058874673954	0.0611104210657061
dmel-FBgn0011244	0.420369769704833	0	0	0.00227051573143043
dmel-FBgn0011259	0.116795366795367	0.0260617760617761	0.0183397683397683	0.00386100386100385
dmel-FBgn0011260	0.0922659430122117	0.0623021257349617	0.0277023971053822	0.00814111261872456
dmel-FBgn0011270	0.351435221101629	0	0	0
dmel-FBgn0011272	0.0411852462188598	0.0508011710142756	0.0250650736877586	0.0159703626024482
dmel-FBgn0011273	0	0	0	0
dmel-FBgn0011274	0.0423808626860049	0.0286306272367678	0.0894707101148991	0.0301375023544924
dmel-FBgn0011278	0.566666666666667	0	0	0
dmel-FBgn0011282	0	0	0	0
dmel-FBgn0011283	0.04594054752673	0.201386441076254	0	0
dmel-FBgn0011284	0.0325061723064604	0.0457869347285952	0.0182500088315991	0.0319409499660474
dmel-FBgn0011286	0.0435056746532157	0.0624211853720051	0.00630517023959647	0
dmel-FBgn0011288	0.512820512820512	0	0	0
dmel-FBgn0011289	0.0496551151001412	0.0725920385606249	0.0328263940829385	0.0272583728081111
dmel-FBgn0011290	0.0315128179146824	0.0623163441078123	0.0453946701793494	0.0191508764819131
dmel-FBgn0011291	0.0488029465930018	0.0784530386740332	0.052670349907919	0.0375690607734807
dmel-FBgn0011296	0.0159668272970795	0.0936924696133959	0.00220822817262665	0.000185387912473439
dmel-FBgn0011297	0.0722694571615435	0.0304120340091563	0.0359712230215828	0.0196206671026815
dmel-FBgn0011300	0.0567564899812458	0.060408646727865	0.0334616523541605	0.041950449116573
dmel-FBgn0011305	0.0636470128855916	0.0525575946895743	0.0116360796563842	0.00773135493947676
dmel-FBgn0011327	0.0739309889384183	0.165593528149249	0.0321281162291563	0.0116559352814925
dmel-FBgn0011335	0.0502378121284185	0.0713436385255648	0.0439952437574316	0.0276456599286564
dmel-FBgn0011336	0.0602814841893621	0.0501919210382015	0.0240906598428076	0.0338146591116797
dmel-FBgn0011361	0.0408179914611264	0.053680689636418	0.02879830310282	0.0234139178201398
dmel-FBgn0011455	0.0383505154639175	0.0555412371134021	0.0316237113402062	0.0150515463917526
dmel-FBgn0011474	0.0612862547288777	0.0658259773013871	0.0269861286254729	0.017906683480454
dmel-FBgn0011476	0.0352858151023289	0.0359915314043754	0.0298753234533051	0.0294048459186074
dmel-FBgn0011481	0.0769230769230767	0.0561555075593954	0.0232596776873235	0.00947001162983884
dmel-FBgn0011509	0.0476258275788425	0.0726133694027195	0.0224247170214281	0.0239196981561899
dmel-FBgn0011554	0.0329633507853403	0	0.207078534031414	0
dmel-FBgn0011555	0.073183399989612	0	0.543291954500597	0
dmel-FBgn0011556	0.0145724405464665	0	0.0576994434137289	0
dmel-FBgn0011559	0.37037037037037	0	0	0
dmel-FBgn0011566	0.0229709035222052	0.0472376016020734	0.0209683119330899	0.00718576981976675
dmel-FBgn0011569	0.275193798449612	0	0	0
dmel-FBgn0011570	0.0397243937988605	0.055942758712071	0.0342652709685968	0.0206174638929376
dmel-FBgn0011571	0.072709801409353	0.0641072572526769	0.0259449071108264	0.0281870595771941
dmel-FBgn0011573	0.0478963632041835	0.0508081768481103	0.0313168528642739	0.0212740670311385
dmel-FBgn0011576	0	0	0	0
dmel-FBgn0011581	0.0375607600530269	0.101634997790544	0	0
dmel-FBgn0011582	0.5	0	0	0
dmel-FBgn0011584	0.106967251136469	0.194266629557473	0.089154838111142	0.0997309583449299
dmel-FBgn0011586	0.0332465842550422	0.0586857514638908	0.0188028627195836	0.0227065712426805
dmel-FBgn0011589	0.0747252747252745	0.125274725274725	0.0263736263736264	0
dmel-FBgn0011591	0.0760607105898586	0.0536391859261816	0.0327699206622973	0.00603656433252848
dmel-FBgn0011592	0.0841444949167209	0.0201168072680078	0.0320138438243565	0.0692191217823926
dmel-FBgn0011596	0.509199134199134	0	0	0.00595238095238095
dmel-FBgn0011603	0.071136131013306	0.0281473899692937	0.132036847492323	0
dmel-FBgn0011604	0.133496133496133	0.0492470492470493	0.0188576855243522	0.00922534255867591
dmel-FBgn0011606	0.217374952989846	0.0274539300488905	0.0112824370063934	0.00338473110191801
dmel-FBgn0011638	0.0501444738743078	0.0438237418733446	0.0200457500601974	0.00686250902961714
dmel-FBgn0011640	0.179061642126279	0.177938607436985	0.0801098078362865	0.0470426753181933
dmel-FBgn0011642	0.0621530698065601	0.091084945332212	0.0306980656013458	0.056013456686291
dmel-FBgn0011648	0.0440613026819923	0.0426017150155082	0.0415982484948002	0.0217113665389527
dmel-FBgn0011653	0.124250214224507	0.0839760068551843	0	0
dmel-FBgn0011655	0.0496167809600646	0.0560709963695038	0.0406077719510557	0.00927793465106898
dmel-FBgn0011656	0.0212388123312971	0.0555476630203154	0.0134252024435289	0.00461713311549937
dmel-FBgn0011659	0.108576642335767	0.0611313868613138	0.0310218978102189	0.0182481751824818
dmel-FBgn0011660	0.115077250932339	0.0335641981885988	0.0101225359616409	0
dmel-FBgn0011661	0.0486556571584551	0.0914084891497202	0.0165825030708339	0.00663641326600248
dmel-FBgn0011666	0.056907659269864	0.0311381531853973	0.00357909806728704	0
dmel-FBgn0011672	0.032765930914079	0.0467639356528246	0.0415575508168101	0.0218231699713181
dmel-FBgn0011674	0.0316725978647687	0.0348754448398577	0.0398576512455516	0.0224199288256228
dmel-FBgn0011676	0.10752688172043	0	0	0
dmel-FBgn0011692	0.125591397849462	0.0438709677419355	0.0150537634408603	0
dmel-FBgn0011695	0.0478192327903309	0.118365738307935	0	0
dmel-FBgn0011701	0.118072289156626	0.055421686746988	0	0
dmel-FBgn0011703	0.0957031250000002	0.050537109375	0.03173828125	0.00537109375
dmel-FBgn0011704	0.0496608527131783	0.0457848837209302	0.0277777777777778	0.0322997416020671
dmel-FBgn0011705	0.025031887755102	0.0424107142857143	0.0154655612244898	0.0162627551020408
dmel-FBgn0011706	0.0347014925373134	0.0548507462686567	0	0
dmel-FBgn0011708	0.0465150403521643	0.066275372951822	0.0371239911958914	0.0291024700415749
dmel-FBgn0011710	0.0602757592696105	0.0657723122787405	0.0463946338736725	0.0237097074715857
dmel-FBgn0011715	0.0772241064440385	0.0752674145577875	0.036003130707018	0.0169579963475085
dmel-FBgn0011722	0.0398004434589801	0.025609756097561	0	0.16330376940133
dmel-FBgn0011723	0.143540669856459	0.131578947368421	0	0
dmel-FBgn0011725	0.355243565198894	0.0838119549032119	0.0516911295469049	0.0419059774516061
dmel-FBgn0011726	0.0293956577465336	0.056111391618441	0.0233774808715579	0.0148968811900416
dmel-FBgn0011737	0.146300715990453	0.045346062052506	0.0178997613365155	0.0140811455847256
dmel-FBgn0011739	0.0735838037765233	0.0790344559081174	0.042047887872299	0.0206346116410356
dmel-FBgn0011740	0.0746759527955119	0.0597794544399304	0.00580383052814858	0.0147030373379764
dmel-FBgn0011741	0.0762458471760797	0.0921926910299003	0.0516611295681065	0.0300664451827242
dmel-FBgn0011742	0.0444884198182351	0.0267150395778364	0.0672823218997361	0.0238566402814424
dmel-FBgn0011743	0.396917808219178	0	0	0.00308219178082192
dmel-FBgn0011745	0.0448892647934092	0.0622121981016822	0.0530965134855747	0.0201422172101619
dmel-FBgn0011746	0.065359477124183	0.0334967320261438	0.0294117647058824	0
dmel-FBgn0011747	0.0554096553512953	0.064779690691567	0.0371559186849528	0.0476607333916934
dmel-FBgn0011754	0.0541942043721404	0.0510421962379256	0.0252160650737163	0.0307066598881546
dmel-FBgn0011758	0.134796238244514	0.0658307210031348	0	0
dmel-FBgn0011760	0.16675791087266	0.177378736450235	0.0497098434249424	0.0748932442789883
dmel-FBgn0011761	0.493150684931507	0	0	0
dmel-FBgn0011762	0.0497382198952879	0.0451570680628272	0.0320680628272251	0.0255235602094241
dmel-FBgn0011763	0.0607365335287651	0.0773176987907658	0.0327042872847197	0.0171308171491389
dmel-FBgn0011764	0.227576335877863	0.146946564885497	0.0825381679389314	0.0333969465648854
dmel-FBgn0011766	0.0443393251340271	0.06559444970041	0.0225796278776411	0.00693787448754337
dmel-FBgn0011768	0.0446712215501109	0.0620566604290875	0.0376865834022368	0.0351190217154793
dmel-FBgn0011769	0.050911194677466	0.0347121781891814	0.0300838877639572	0
dmel-FBgn0011770	0.0183510240693677	0.0269472267902526	0.0196217670802811	0.00938107340409629
dmel-FBgn0011771	0.0633988846492516	0.0525388905195185	0.0388905195186381	0.0308189022600528
dmel-FBgn0011774	0.0508632757816145	0.0592627158189453	0.0317312179188055	0.0135324311712553
dmel-FBgn0011785	0.0723426946320656	0.0671880554568077	0.0474582296480626	0.0154639175257732
dmel-FBgn0011787	0.077313839672903	0.0538966670796679	0.0335770040887127	0.00916862842274812
dmel-FBgn0011802	0.107053941908714	0.0630705394190871	0.0182572614107884	0.016597510373444
dmel-FBgn0011817	0.111556603773585	0.0344339622641509	0.0125	0.0148584905660377
dmel-FBgn0011818	0.0843621399176955	0.0590828924162257	0.0399764844209288	0.017636684303351
dmel-FBgn0011822	0.00989777705662823	0	0.0478662988804153	0
dmel-FBgn0011824	0.0802641605283212	0.0506731013462027	0.0318770637541275	0.0127000254000508
dmel-FBgn0011826	0.146871008939975	0.173690932311622	0.102171136653895	0.0791826309067688
dmel-FBgn0011828	0.0808156293370342	0.0582897405786271	0.00117433543290274	0.0038432795985908
dmel-FBgn0011829	0.0628803245436104	0.0953346855983776	0.0385395537525355	0
dmel-FBgn0011834	0.0812182741116751	0	0.495286439448877	0
dmel-FBgn0011836	0.0846824408468244	0.0666251556662515	0.0205479452054794	0.0177459526774595
dmel-FBgn0011837	0.0505642051135552	0.0319240108555921	0.0272103985144979	0.0577774603628054
dmel-FBgn0012034	0.0387689267342847	0.0233078555029207	0.0150251387718329	0.105640966026331
dmel-FBgn0012036	0.0382473767570777	0.0239185309839636	0.0257745990892892	0.0308725994852505
dmel-FBgn0012037	0.0480888953993283	0.0575999497766106	0.0241700061732916	0.0105783014031159
dmel-FBgn0012042	0	0.171521035598706	0	0.100323624595469
dmel-FBgn0012051	0.0499342969776609	0.0971210130211444	0.0142157448333533	0.0237725480826663
dmel-FBgn0012058	0.110342442061571	0.0522310619162921	0.0266343825665859	0.0181598062953995
dmel-FBgn0012344	0.158081705150977	0	0.174067495559503	0
dmel-FBgn0013263	0.00497737556561087	0.00791855203619909	0.00350678733031673	0.00305429864253394
dmel-FBgn0013269	0.0778165557858	0.0580215945032174	0.0387719489584469	0.010197404297088
dmel-FBgn0013272	0.035859461162754	0.0342051362848589	0.0702615408854577	0.00954781786670868
dmel-FBgn0013277	0	0.2	0	0
dmel-FBgn0013278	0	0.0423728813559323	0.0932203389830509	0
dmel-FBgn0013279	0.103448275862069	0.0229885057471265	0	0
dmel-FBgn0013300	0.610433604336043	0	0	0
dmel-FBgn0013301	0.608054103904088	0	0	0
dmel-FBgn0013303	0.0510409670920081	0.0702729104340925	0.0221014713963002	0.0426155442945235
dmel-FBgn0013305	0.0328190815825516	0.0483500012920899	0.0170039021112748	0.0352223686590692
dmel-FBgn0013307	0.100799702436303	0.00260368235075321	0	0.45954993490794
dmel-FBgn0013308	0.0733812949640288	0	0	0.371942446043165
dmel-FBgn0013323	0.495238095238094	0	0	0
dmel-FBgn0013325	0.0496670213413661	0.04837685588127	0.0308769935955607	0.0451210001246677
dmel-FBgn0013334	0.0542596348884383	0.04855476673428	0.0381592292089248	0.0163539553752536
dmel-FBgn0013342	0.162995594713656	0.0330396475770925	0.0117474302496329	0
dmel-FBgn0013343	0.15362035225049	0.176614481409002	0.134050880626223	0.0342465753424657
dmel-FBgn0013347	0.052271662763466	0.0870569867291178	0.0397814207650273	0.023231850117096
dmel-FBgn0013348	0	0.395833333333333	0	0
dmel-FBgn0013432	0.0284438907920689	0.0532544378698225	0.0201391051593481	0.0244991176165265
dmel-FBgn0013433	0.160804020100503	0	0	0
dmel-FBgn0013435	0.0633617859487853	0.0443204202232436	0.0262639527248851	0.025279054497702
dmel-FBgn0013467	0.175853018372703	0.0393700787401575	0	0
dmel-FBgn0013469	0.0748587570621468	0.0522598870056498	0.0141242937853107	0.0190677966101695
dmel-FBgn0013531	0.0423489553924336	0.0468661773009599	0.0144927536231884	0.00846979107848673
dmel-FBgn0013548	0.0721649484536083	0.0673135233474833	0.042449969678593	0
dmel-FBgn0013563	0.0417724440341565	0.039003000230787	0.101777059773829	0.0341564735748904
dmel-FBgn0013576	0.0457822301282651	0.0437224978934558	0.0701245201760136	0.00580469993446308
dmel-FBgn0013672	0.0627320342758523	0.095730234860495	0.103643648866502	0.226799917052973
dmel-FBgn0013674	0.0799788425194043	0.0551223686869286	0.0932070223817619	0.246939891359903
dmel-FBgn0013675	0.100163832310804	0.0788869642384783	0.0938963931292824	0.199269580947668
dmel-FBgn0013676	0.113604804131748	0.0670130091600077	0.0859687134574157	0.216686866595205
dmel-FBgn0013678	0.0627033095254932	0.0309826037762535	0.0996172477193975	0.304319001485043
dmel-FBgn0013679	0.0608009885157725	0.0359972379706353	0.0818069486844021	0.296899985463003
dmel-FBgn0013680	0.204131976564909	0.0129509713228492	0.0268270120259019	0.202281837804502
dmel-FBgn0013681	0	0.00544904137235116	0.550151362260343	0
dmel-FBgn0013683	0.431240657698056	0	0	0
dmel-FBgn0013684	0.0788688361517692	0.0106985525487728	0.0968147952658399	0.288536105077245
dmel-FBgn0013685	0	0	0	0.537313432835821
dmel-FBgn0013686	0.0665493830595592	0.0395994482358556	0.151483877930615	0.216988585294946
dmel-FBgn0013688	0.0109591522507019	0.0169368716601757	0.103160945566525	0.325423421791505
dmel-FBgn0013717	0.064882226980728	0.0743040685224841	0.0374732334047109	0.0171306209850107
dmel-FBgn0013718	0.0386038282129645	0.0647418368988257	0.0200257358854753	0.0278269261701785
dmel-FBgn0013720	0.0809641532756489	0.0801400906468891	0.0201895344046147	0.0109188298310672
dmel-FBgn0013725	0.245657568238213	0	0	0
dmel-FBgn0013726	0.058720793013925	0.0603729053575643	0.0533868303044607	0.00387066320509794
dmel-FBgn0013732	0.136302294197031	0.0688259109311741	0.0134952766531714	0
dmel-FBgn0013733	0.0718407812962416	0.0770198283515833	0.0490529742527375	0.0346996152707901
dmel-FBgn0013746	0.0333919156414762	0.045694200351494	0.0275645176209416	0.022292109888077
dmel-FBgn0013749	0.0265198117444881	0.0351514441384967	0.0213837951842522	0.029273341535337
dmel-FBgn0013750	0.033268576979116	0.0384167071393881	0.023118018455561	0.0292860611947547
dmel-FBgn0013751	0.067524115755627	0.186495176848875	0	0
dmel-FBgn0013753	0.0936975796788879	0.0714114545890247	0.01294033069734	0.00814761562425111
dmel-FBgn0013756	0.183509876896651	0.176066418551388	0.0652734039507586	0.0647008302318923
dmel-FBgn0013759	0.0488081725312145	0.0465380249716231	0.0567536889897843	0.00908059023836547
dmel-FBgn0013762	0.0475845060206005	0.0480197301610328	0.0358334542289279	0.0400406209197737
dmel-FBgn0013763	0.0658099858676808	0.033057971647945	0.00107813569940411	0.171321590395851
dmel-FBgn0013764	0.0693197921587153	0.0782947567312234	0.031176192725555	0.0197213037316958
dmel-FBgn0013765	0.134128780086402	0.0253034355070973	0.01275457724748	0.0378522937667147
dmel-FBgn0013767	0.202952029520295	0	0	0
dmel-FBgn0013770	0.0179859718371096	0.0235955319597868	0.0683185599287297	0.00677324546727506
dmel-FBgn0013771	0.0938261575954509	0.00731112916328189	0.415515840779854	0.0235580828594638
dmel-FBgn0013772	0.0853658536585367	0	0.382621951219512	0.371951219512195
dmel-FBgn0013773	0.00959091798786453	0	0	0.0465844587981992
dmel-FBgn0013799	0.0634241938357386	0.0550507749866382	0.0309994655264564	0.0210226260466773
dmel-FBgn0013809	0.588744588744588	0	0	0
dmel-FBgn0013810	0.459510357815442	0	0	0.00188323917137476
dmel-FBgn0013811	0.301932367149759	0.033816425120773	0.0144927536231884	0.0072463768115942
dmel-FBgn0013812	0.230769230769231	0	0	0
dmel-FBgn0013813	0.275714285714286	0	0	0.00142857142857143
dmel-FBgn0013949	0.0217844175941908	0.00363073626569846	0	0.129516100232129
dmel-FBgn0013953	0.0966110268082954	0.0687910976226605	0	0
dmel-FBgn0013954	0.0552899888058573	0.0681859437872508	0.0224487943605724	0.0392702629110823
dmel-FBgn0013972	0.153153153153153	0	0	0.156156156156156
dmel-FBgn0013973	0.151515151515151	0	0	0
dmel-FBgn0013983	0.0401463669628855	0.0442237323575536	0.0263460533193936	0.0361735493988498
dmel-FBgn0013984	0.0617283950617283	0.0489711934156379	0.0333333333333333	0.0358024691358024
dmel-FBgn0013987	0.1193724420191	0.153365165984539	0.142792178262847	0.0707139608913141
dmel-FBgn0013995	0.0675403225806451	0.00571236559139785	0.023521505376344	0.00134408602150537
dmel-FBgn0013997	0.0952736583804546	0.0639069668195883	0.0152565880721221	0.0251787047903553
dmel-FBgn0014000	0.0346914362113855	0	0	0.227147983956091
dmel-FBgn0014002	0.0413863422844192	0.0444719512358019	0.0174094242422893	0.0348143959464092
dmel-FBgn0014006	0.159517426273458	0.191689008042895	0.100089365504915	0.0518319928507596
dmel-FBgn0014007	0.0728309056364788	0.0759974667511083	0.0284990500316656	0.0293434663289001
dmel-FBgn0014009	0.0251790981879477	0.0513941564826521	0.0487428009551903	0.0194198623402163
dmel-FBgn0014010	0.0197824442308872	0.0244750240251907	0.0465270820127998	0.0116547733453289
dmel-FBgn0014011	0.146906101254868	0.115967113803548	0.186066637819126	0.0519255733448723
dmel-FBgn0014018	0.0360727492264735	0.071126707418308	0.0241491208210701	0.0390159233265414
dmel-FBgn0014019	0.294117647058824	0.109243697478991	0	0
dmel-FBgn0014020	0.0283965312021764	0.0393182739722444	0.0277098348004656	0.0234784769727807
dmel-FBgn0014022	0.066271018793274	0.0766567754698319	0.0316518298714144	0.0187932739861524
dmel-FBgn0014023	0.0683909043568823	0.0597118555806286	0.0338482902273911	0.0183995834056587
dmel-FBgn0014024	0.057001239157373	0.057207765386204	0.0262288310615448	0.0115654688145395
dmel-FBgn0014026	0.0392296753356312	0.0514883463086602	0.025651779186451	0.0387283376316614
dmel-FBgn0014028	0.0391203952314467	0.0665342068521104	0.052062077113092	0.0117065836107829
dmel-FBgn0014029	0.0574315894535473	0.075147633702071	0.0379273059968394	0.0197538052066871
dmel-FBgn0014031	0.03106607811664	0.00120385232744783	0	0.102260567148207
dmel-FBgn0014032	0.0258438231034867	0.060042330399911	0.00456722735880585	0
dmel-FBgn0014033	0.269372693726938	0.231734317343174	0.0243542435424354	0.0154981549815498
dmel-FBgn0014037	0.0596674041824281	0.0522446649061451	0.0344015416458497	0.0218399828706017
dmel-FBgn0014073	0.0782828282828282	0.189393939393939	0	0
dmel-FBgn0014075	0.0638577346670709	0.0477922602808933	0.0160654743861776	0.0269778720824492
dmel-FBgn0014092	0.0956048935206164	0.0756683280471226	0.0446307204349796	0.0308110557317626
dmel-FBgn0014127	0.203853046594983	0.0403225806451613	0.0210573476702509	0.00358422939068101
dmel-FBgn0014133	0.0421442108112987	0.0201245374966158	0.0822127966790002	0.00812201064885841
dmel-FBgn0014135	0.0763747454175153	0.131364562118126	0.00916496945010183	0
dmel-FBgn0014141	0.032792748488337	0.101686580009165	0.0128756803880587	0.0031518592616602
dmel-FBgn0014143	0.46875	0	0	0
dmel-FBgn0014163	0.0619651005659899	0.0206028084056325	0.0221891463151916	0.0211511721274554
dmel-FBgn0014179	0.169590643274854	0	0	0
dmel-FBgn0014184	0.0337993341658856	0.0454405311724349	0.0378510188383094	0.0207691660879287
dmel-FBgn0014189	0.0552213481412926	0.0489742403208391	0.0160419558846214	0.0134582754897424
dmel-FBgn0014269	0.0740875912408758	0.0753649635036499	0.0445255474452555	0.025
dmel-FBgn0014340	0.108641975308642	0.065679012345679	0.0345679012345679	0.0148148148148148
dmel-FBgn0014342	0.386792452830189	0.0534591194968554	0.0786163522012578	0
dmel-FBgn0014343	0.0679816836914407	0.0228953856991899	0.087354702359986	0.0190207819654808
dmel-FBgn0014366	0.190035273368607	0.196649029982363	0.0652557319223984	0.0467372134038799
dmel-FBgn0014368	0.42147435897436	0	0	0
dmel-FBgn0014380	0.0187895106532428	0.0169164130180286	0.0823577616483259	0.00357059236712714
dmel-FBgn0014388	0.0479140098378575	0.0561122244488979	0.0280561122244489	0.0256877391145928
dmel-FBgn0014391	0.0306335093081412	0.0297999444290081	0.0158377327035288	0.00859961100305639
dmel-FBgn0014395	0.132682926829268	0	0.0170731707317074	0
dmel-FBgn0014396	0.0328947368421053	0.0153508771929824	0	0.0833333333333335
dmel-FBgn0014411	0.0530001474273921	0.0647943387881469	0.0333923042901371	0.0241780922895473
dmel-FBgn0014417	0.0438103796899573	0.0314536059312514	0.00606605257245563	0.121770388676702
dmel-FBgn0014427	0.0437995288070251	0.0543156992932106	0.0439708717070037	0.148254444206468
dmel-FBgn0014455	0.0422042761224048	0.0339428818960983	0.0257433707726105	0.0686593025774313
dmel-FBgn0014464	0	0	0	0
dmel-FBgn0014469	0.0733166120007719	0.036079490642485	0.113881921666988	0.313476750916457
dmel-FBgn0014859	0.0528846153846154	0.0865384615384616	0	0
dmel-FBgn0014861	0.0966572694321385	0.040676600886025	0.0209424083769633	0
dmel-FBgn0014863	0.0216557356762777	0.0608835540155922	0.000812090087860414	0
dmel-FBgn0014865	0	0	0	0
dmel-FBgn0014868	0.0572140853848551	0.0582736054845746	0.0203178560299158	0.0181364911187286
dmel-FBgn0014869	0.0266772375666931	0.0546722663866806	0.00952452377381129	0.0080888812702222
dmel-FBgn0014870	0.078683834048641	0.0515021459227468	0.0185979971387697	0.0137859279490181
dmel-FBgn0014877	0.101205895489058	0.0501116569897275	0.0197409557838321	0.0181330951317553
dmel-FBgn0014879	0.0782730404823428	0.0598621877691646	0.0237941429801894	0.0123277347114556
dmel-FBgn0014903	0	0	0	0
dmel-FBgn0014906	0.0361859356376639	0.00843861740166865	0.0265554231227652	0.0653635280095351
dmel-FBgn0014930	0.0571428571428573	0.0592857142857144	0.0298214285714286	0.05125
dmel-FBgn0014931	0.108527131782946	0	0	0.344961240310078
dmel-FBgn0015000	0.0394649933949801	0.0342635402906208	0.0471433289299867	0.0140356671070013
dmel-FBgn0015001	0.0566401816118048	0	0.290068104426788	0
dmel-FBgn0015008	0.325850340136055	0	0	0.00748299319727891
dmel-FBgn0015010	0.0789674327415315	0	0.0349635116000436	0
dmel-FBgn0015011	0.0398146104612669	0.0214963584197748	0.0342970646656367	0.0467887883469432
dmel-FBgn0015019	0.0623067939822766	0.067149824826544	0.0252799340523459	0.00535824689152985
dmel-FBgn0015024	0.0358600853590648	0.0495453701985526	0.0263267767674893	0.0205047318611988
dmel-FBgn0015025	0.0245130960376091	0.0241773002014775	0.012760241773002	0
dmel-FBgn0015031	0.0748695454889208	0.198442108447402	0.21492853361567	0.046585494970884
dmel-FBgn0015032	0.0834454912516825	0.044414535666218	0	0
dmel-FBgn0015033	0.0593959051287249	0	0.169268193796878	0.0873707682951553
dmel-FBgn0015034	0	0.803571428571428	0	0
dmel-FBgn0015035	0.325778436771871	0.0506248676127939	0.00402457106545223	0.52298241897903
dmel-FBgn0015036	0	0	0	0
dmel-FBgn0015037	0.113868613138686	0.112408759124088	0.176642335766423	0.313868613138686
dmel-FBgn0015038	0.0956072351421186	0	0.165374677002584	0.291989664082688
dmel-FBgn0015039	0.123506782749544	0.00399878517918607	0.36439562664507	0.125987041911318
dmel-FBgn0015040	0	0	0	0
dmel-FBgn0015075	0.0859238560950053	0.0686342996856444	0.019734544184422	0.0225288159273489
dmel-FBgn0015218	0.0426027944111776	0.0467704590818363	0.0155049900199601	0.0174530938123752
dmel-FBgn0015221	0.0261071801467129	0.030294814861286	0.08592381148698	0.0103469754477789
dmel-FBgn0015222	0.0232582830035253	0.0232510441977352	0.0692150480294764	0.0136548006553532
dmel-FBgn0015229	0.0445467311593071	0.0450928381962865	0.0551568107349041	0.0251989389920425
dmel-FBgn0015230	0.559718969555036	0	0	0
dmel-FBgn0015239	0.0470693945258502	0.0730577826928393	0.034351672656898	0.0273016311860659
dmel-FBgn0015240	0.0545774647887324	0.048904538341158	0.0921361502347418	0.0174100156494523
dmel-FBgn0015245	0.244517656748687	0.0887470400494182	0.0875115824153196	0.0671265314526922
dmel-FBgn0015247	0.0916110916110917	0.077922077922078	0.0369427869427869	0.0206212706212706
dmel-FBgn0015268	0	0.000261437908496732	0	0
dmel-FBgn0015269	0.0972602739726027	0.0842465753424657	0.0205479452054794	0.0291095890410958
dmel-FBgn0015270	0.0864864864864864	0.0391891891891892	0.0283783783783784	0
dmel-FBgn0015271	0.0993975903614458	0.0542168674698795	0.0180722891566265	0
dmel-FBgn0015277	0.0436732306492494	0.0563462663287191	0.0738935465002923	0.0245661922402028
dmel-FBgn0015278	0.0774171737660583	0.0412440838404327	0.0909398242055441	0.00625422582826232
dmel-FBgn0015279	0.048906919089475	0.0602884832093756	0.0343700698670274	0.0333558710840658
dmel-FBgn0015282	0.0318118377695376	0.0997960144359015	0.0390463055489029	0.0128998158348956
dmel-FBgn0015283	0.0374614404506438	0.103616215128755	0.0439997988197426	0.0107044662017167
dmel-FBgn0015286	0.037027770828121	0.0392169126845134	0.0371528646484864	0.0350262697022768
dmel-FBgn0015288	0.0368150151422625	0.0183535022453753	0.0194751513187686	0.000918090537851503
dmel-FBgn0015295	0.0544431946006749	0.0744656917885262	0.0560179977502812	0.0186726659167604
dmel-FBgn0015296	0.0665370048111373	0.0732930699150374	0.055788719418569	0.016275975023032
dmel-FBgn0015298	0.039580265095729	0.039580265095729	0.0258959253804615	0.0214162984781541
dmel-FBgn0015299	0.0362051625879987	0.0445859872611464	0.0249748575259806	0.0170968823332216
dmel-FBgn0015300	0.529715762273902	0	0	0
dmel-FBgn0015316	0.0758354755784063	0	0.0347043701799486	0
dmel-FBgn0015320	0.0718027734976887	0.0427118644067797	0.022804314329738	0.0096764252696456
dmel-FBgn0015321	0.0558939993908011	0.0446238196771246	0.0322367753071378	0.0201035638135851
dmel-FBgn0015324	0.0501363059731705	0.0742395206348351	0.0360603525061405	0.0148452049987854
dmel-FBgn0015331	0.183673469387755	0.145502645502645	0.111866969009826	0.0570672713529856
dmel-FBgn0015336	0.0205787781350482	0	0.0408360128617363	0
dmel-FBgn0015338	0.0498436637851757	0.0464410520507632	0.0300717307338606	0.0231745447857274
dmel-FBgn0015351	0.117755289788409	0.0965961361545538	0.0625574977000921	0
dmel-FBgn0015359	0.109373148477308	0.0497689299680057	0.0314018248607655	0.0315203223130703
dmel-FBgn0015360	0.0635388175888915	0.0660635388175892	0.0450241952451084	0.036818851251841
dmel-FBgn0015371	0.106023102310231	0.0507425742574257	0.0107260726072607	0.00165016501650165
dmel-FBgn0015372	0.0550973556670351	0.0335855794575292	0.130856219709208	0.00178556245217243
dmel-FBgn0015376	0.10718954248366	0.0483660130718953	0.0156862745098039	0
dmel-FBgn0015379	0.0594457372540723	0.0446371906071505	0.0189337846414216	0.00624074465834569
dmel-FBgn0015380	0.120072771376592	0.0406306852637963	0.00424499696785931	0
dmel-FBgn0015391	0.116279069767442	0.0573643410852713	0.0248062015503876	0.00723514211886306
dmel-FBgn0015393	0.0570725707257072	0.0419844198441985	0.0407544075440755	0.0042640426404264
dmel-FBgn0015396	0.136061946902655	0.0553097345132743	0.0501474926253687	0
dmel-FBgn0015399	0.108404802744425	0.0463121783876501	0	0.00411663807890224
dmel-FBgn0015400	0.186234817813765	0.0202429149797571	0.0161943319838056	0
dmel-FBgn0015402	0.0568603213844251	0.0565512978986402	0.0278121137206427	0.019159456118665
dmel-FBgn0015477	0.0651371308016879	0.0559071729957805	0.0615770042194094	0.0251845991561182
dmel-FBgn0015509	0.049058144877227	0.064883352902139	0.0381336464342233	0.0291490122007248
dmel-FBgn0015513	0.0424161073825502	0.0283221476510067	0.0569127516778522	0.0371812080536913
dmel-FBgn0015519	0.5	0	0	0
dmel-FBgn0015520	0.217318200924758	0.0630517023959647	0.0184951660361497	0
dmel-FBgn0015521	0.026922314251285	0.0262511630744825	0.0271206089171586	0.018067694748242
dmel-FBgn0015522	0.0510013972985561	0.0696320447135539	0.0221238938053098	0.0924545877969258
dmel-FBgn0015524	0.126385809312639	0.109756097560976	0	0
dmel-FBgn0015527	0.0651957861260185	0.0560524746571258	0.0312065195786126	0.0117272907970583
dmel-FBgn0015541	0.0543694470229414	0.071873756796181	0.0355390531759713	0.0135260575520488
dmel-FBgn0015543	0	0.476908576814327	0	0
dmel-FBgn0015544	0.0525430309305033	0.0446486346576938	0.0234243561537466	0.00530606962598681
dmel-FBgn0015546	0.0889101338432122	0.0487571701720841	0.0449330783938815	0
dmel-FBgn0015550	0.130434782608696	0	0	0
dmel-FBgn0015553	0.0730129390018483	0.044362292051756	0.0508317929759703	0.0351201478743069
dmel-FBgn0015558	0.146944083224968	0.0104031209362809	0	0
dmel-FBgn0015561	0	0	0	0
dmel-FBgn0015568	0.0296942805597543	0	0.084255692622751	0.0660197961870398
dmel-FBgn0015569	0.0140347615949437	0.00613439910772376	0.0121758527744214	0.00232363602565294
dmel-FBgn0015570	0.0176364258146465	0.00249157262201378	0.0248668718550003	0.0573061703063169
dmel-FBgn0015571	0	0	0	0
dmel-FBgn0015572	0.0952511666209171	0.00603897886357398	0.4408454570409	0.0178424375514686
dmel-FBgn0015574	0.347222222222222	0	0	0
dmel-FBgn0015575	0.025344330557335	0.00284272901985906	0.0199591607943626	0.103219090326714
dmel-FBgn0015576	0.0267693177002401	0.00296652069501342	0.013278711682441	0.0490182229128407
dmel-FBgn0015577	0.0310027598896043	0.0666973321067158	0.0463661453541858	0.00165593376264949
dmel-FBgn0015582	0.0411149825783972	0.0621951219512195	0.0557491289198608	0.0332752613240418
dmel-FBgn0015585	0	0	0	0.0233931947069943
dmel-FBgn0015589	0.0747474747474748	0.0545454545454546	0.0472222222222222	0.0381313131313131
dmel-FBgn0015591	0.0241758241758242	0.00565149136577708	0.0929356357927785	0
dmel-FBgn0015600	0.246153846153846	0.0977667493796528	0.0476426799007445	0.00645161290322581
dmel-FBgn0015602	0.0413484061513391	0.0513290559120073	0.0275995518891944	0.0174152153987168
dmel-FBgn0015609	0.143290371493556	0.0189537528430629	0.00379075056861259	0.0257771038665655
dmel-FBgn0015614	0.129352517985612	0.199280575539568	0.0894964028776977	0.0706474820143886
dmel-FBgn0015615	0.0665018541409147	0.0684796044499382	0.0437577255871446	0.0133498145859085
dmel-FBgn0015618	0.059915164369035	0.0949098621420997	0.0498409331919406	0.0233297985153765
dmel-FBgn0015621	0.184184184184184	0.188188188188188	0.0960960960960961	0.0400400400400399
dmel-FBgn0015622	0.146667412212033	0.128550659807649	0.0536792663833594	0.0637441288302393
dmel-FBgn0015623	0.0347566269983146	0.0387149496909955	0.0608560192042495	0.0173144695847592
dmel-FBgn0015625	0.186838472158306	0.0276115968706857	0.0101242521859181	0
dmel-FBgn0015663	0.0183510638297872	0.0135638297872341	0.0194148936170213	0.00984042553191487
dmel-FBgn0015664	0.0581575497556907	0.0573233226075556	0.0338457871529019	0.0239542366821594
dmel-FBgn0015714	0.142104056841623	0.238368095347238	0.0614256245702498	0.171441668576667
dmel-FBgn0015721	0.36328125	0	0	0
dmel-FBgn0015737	0.0410137525927733	0.0619476739119069	0.0307821024559447	0.0271914381830542
dmel-FBgn0015754	0.0379783673667362	0.0506863268176747	0.0310908473589757	0.0194499684726197
dmel-FBgn0015756	0.0355549032468158	0.0501080131542134	0.0264024510500897	0.0424049094386527
dmel-FBgn0015765	0.0399814039981404	0.0560979389431272	0.0549356888269021	0.0206880520688052
dmel-FBgn0015766	0.0536441741480837	0.101660391929723	0.00173761946133797	0.0180422820735592
dmel-FBgn0015772	0.0404725992961286	0.0633484162895927	0.0545500251382605	0.0197335344394168
dmel-FBgn0015773	0.035225048923679	0.0476190476190476	0.027723418134377	0
dmel-FBgn0015774	0.0599582898852971	0.0104275286757039	0.00156412930135558	0.0208550573514077
dmel-FBgn0015776	0.0484219400389905	0.107724326887613	0.028268085779019	0.0194425417566784
dmel-FBgn0015777	0.0927074422583404	0.0257698887938409	0.00278015397775877	0.00908896492728827
dmel-FBgn0015778	0.0870290714921388	0.0599970335212103	0.0214698902402848	0.0129412637199644
dmel-FBgn0015781	0.0522231543624161	0.0291526845637583	0.0262164429530201	0.0253775167785234
dmel-FBgn0015789	0.033076504008094	0.0428827146081407	0.0607310555944691	0.027187589176849
dmel-FBgn0015790	0.0289645258996868	0.0441090405051594	0.0337697007033214	0.02537091226449
dmel-FBgn0015791	0.0382103368475187	0.0457186937516071	0.0401645667266649	0.0173309334019028
dmel-FBgn0015793	0.0616118659890053	0.0558033399024997	0.0351623275593818	0.0236489990664869
dmel-FBgn0015794	0.0263007269188942	0.0452750271879114	0.0432144696926335	0.0241829317154142
dmel-FBgn0015795	0.0270103556629584	0.0428740411759156	0.0546448087431694	0.0310234471948273
dmel-FBgn0015797	0.0366099113311212	0.049529456563129	0.0278518196159495	0.0183865527933416
dmel-FBgn0015799	0.0836940836940839	0.0735930735930736	0.0443722943722944	0.0108225108225108
dmel-FBgn0015801	0.0324120103400279	0.177913555921112	0.00175346625933223	0.0383051031291238
dmel-FBgn0015803	0.0345600597795629	0.0623949187371566	0.0184943022604147	0.0074724453577433
dmel-FBgn0015805	0.0619761239522479	0.0695961391922783	0.0233045466090932	0.0194310388620777
dmel-FBgn0015806	0.0298360193581732	0.0375886858055726	0.0274867264953249	0.0113235915989287
dmel-FBgn0015808	0.0243546676096181	0.018630657708628	0.0298576732673267	0.0825229844413015
dmel-FBgn0015818	0.0882066276803121	0.0706627680311891	0.0253411306042885	0.0131578947368421
dmel-FBgn0015828	0.0754855258336385	0.0800659582264567	0.0518504946866984	0.0177720776841334
dmel-FBgn0015829	0.0574037018509255	0.0569034517258631	0.0316408204102051	0.0380190095047523
dmel-FBgn0015831	0.302209550962224	0	0	0
dmel-FBgn0015834	0.0558339088144111	0.0825019468402417	0.0318987936937069	0.0423162256277641
dmel-FBgn0015838	0.179563124768605	0.194372454646427	0.046279155868197	0.0529433543132173
dmel-FBgn0015872	0.0422644007945267	0.0178768483778415	0.0347605385124697	0
dmel-FBgn0015903	0.0749753370601776	0.0345281157513976	0.0243341006247945	0
dmel-FBgn0015904	0.0620126253249164	0.103973264017824	0.0051986632008912	0
dmel-FBgn0015905	0.0800513698630137	0.0539383561643836	0.0209760273972602	0.0111301369863014
dmel-FBgn0015919	0.0589651022864019	0.111913357400722	0	0
dmel-FBgn0015924	0.0389863547758285	0.0290850583248244	0.122745134441041	0.0265169095578453
dmel-FBgn0015925	0.0780119534444794	0.0698332809059453	0.0248505819440075	0.0119534444793961
dmel-FBgn0015926	0.107272727272727	0.0345454545454545	0	0
dmel-FBgn0015929	0.100511073253833	0.0425894378194208	0.0238500851788756	0.00442930153321976
dmel-FBgn0015949	0.0590790616854909	0.068056762235737	0.039820445988995	0.0209962351578338
dmel-FBgn0016013	0.219251336898396	0	0	0
dmel-FBgn0016031	0.0267739382748614	0.0406884726984965	0.0107491427064099	0.0774202057504615
dmel-FBgn0016032	0.0264304794039082	0.0586250527203711	0.00759173344580345	0.0337410375369042
dmel-FBgn0016034	0.1259987707437	0	0	0
dmel-FBgn0016036	0	0.408602150537635	0	0
dmel-FBgn0016038	0.0825895046591467	0.0577734183423246	0.032564982834723	0.024717999019127
dmel-FBgn0016041	0.0671417260490893	0.0316706254948535	0.0250197941409343	0.0101346001583531
dmel-FBgn0016047	0.0261627906976744	0.0436046511627907	0	0
dmel-FBgn0016054	0.178515007898894	0	0	0
dmel-FBgn0016059	0.0759148579217783	0.0443535703051274	0.0110097514941806	0.0531613715004719
dmel-FBgn0016061	0.061503416856492	0.0455580865603645	0	0
dmel-FBgn0016070	0.0755304101838756	0.0455445544554456	0.02998585572843	0.0198019801980198
dmel-FBgn0016075	0.0432542161149282	0.0283416614615865	0	0.0473922548407244
dmel-FBgn0016076	0.036653091447612	0.043428359866716	0.0627175120325806	0.0113661606812291
dmel-FBgn0016078	0.0166842399057247	0.0172734602741426	0.0358494076784717	0.000961359548471125
dmel-FBgn0016080	0.339716312056738	0.0141843971631206	0	0.00780141843971632
dmel-FBgn0016081	0.0568095358863808	0.058458026883084	0.0597260968805478	0.0210499619579001
dmel-FBgn0016119	0.0227047744752138	0.0380231997360205	0.0216387034545777	0.0143031195268675
dmel-FBgn0016120	0.0365538923560603	0.0455163999812304	0.0246038821891668	0.0146559679664649
dmel-FBgn0016122	0.0463973799126638	0.0406659388646288	0.00218340611353712	0.0515829694323144
dmel-FBgn0016123	0.203486710488711	0.0645898828236639	0	0
dmel-FBgn0016126	0.0192344146899367	0.0164920572735659	0.00454953304098371	0.0990534443756399
dmel-FBgn0016131	0.0425376762275158	0.0452114730189597	0.0213903743315508	0.00243072435585804
dmel-FBgn0016641	0.0642231592604605	0.0791436912098604	0.0275705481673694	0.0249756730457347
dmel-FBgn0016650	0.196524064171123	0.0548128342245991	0	0
dmel-FBgn0016660	0.0900900900900901	0.0720720720720721	0	0
dmel-FBgn0016672	0.0546789392943238	0.0722112645189569	0.0410913872452334	0.0362699978084592
dmel-FBgn0016675	0.0603832345689692	0.414983347030581	0	0
dmel-FBgn0016684	0.150392017106201	0	0	0
dmel-FBgn0016685	0.0583855037523818	0.0678539487498541	0.0197145856826224	0.0106155461367967
dmel-FBgn0016687	0.0343560139240233	0.0422477351841041	0.0210806252837776	0.020799550279994
dmel-FBgn0016691	0.0447875039381829	0.0461306316016383	0.0345067736746978	0.021672442668347
dmel-FBgn0016693	0.06381197681906	0.0702511268512556	0.0264971023824855	0.0134256278171281
dmel-FBgn0016694	0.030932594644506	0.0216989843028625	0.0221606648199446	0.00600184672206833
dmel-FBgn0016696	0.0524652754920677	0.0674741623329604	0.0370614179448358	0.050687907313541
dmel-FBgn0016697	0.0338952044949693	0.113663487085674	0.0355764623894768	0.00914673984058539
dmel-FBgn0016698	0.0653967007069913	0.062647289866457	0.0233699921445405	0.0217989002356638
dmel-FBgn0016700	0.0192106767599109	0.0320933625091173	0.0158101208429436	0.0139570642852919
dmel-FBgn0016701	0.0523412812410228	0.0776213731686297	0.0495259982763573	0.0467681700660729
dmel-FBgn0016715	0.0482430514982055	0.0028545196561222	0.00766213170853852	0.244904432017361
dmel-FBgn0016726	0.0369286380925796	0.0655450195541044	0.0375320379972762	0.0315290548332614
dmel-FBgn0016754	0.066386722655469	0.0693861227754451	0.0863827234553089	0.00739852029594079
dmel-FBgn0016756	0.082252534287418	0.113782051282052	0.0296660703637447	0.0138267740011926
dmel-FBgn0016762	0.147540983606557	0.19047619047619	0.121779859484778	0.0343481654957066
dmel-FBgn0016794	0.156101426307449	0.146592709984152	0.153724247226624	0.0364500792393026
dmel-FBgn0016797	0.0571369919255508	0.0220336663473381	0.0235390721226222	0.0929930203914055
dmel-FBgn0016917	0.0363422906339682	0.0355857031046178	0.036003130707018	0.0689016436211844
dmel-FBgn0016919	0	0	0	0
dmel-FBgn0016920	0.00112377588698025	0.00272917001123776	0	0
dmel-FBgn0016926	0.0474194393502751	0.0486579179269774	0.027865767975802	0.0345583156691357
dmel-FBgn0016930	0.0734472838043664	0.092909121678795	0.056523946522254	0.0499238449822305
dmel-FBgn0016970	0.10989010989011	0.110536522301228	0.0271493212669683	0
dmel-FBgn0016974	0.566731141199226	0	0	0
dmel-FBgn0016975	0	0	0	0
dmel-FBgn0016976	0	0	0	0
dmel-FBgn0016977	0.195940671350507	0.116315378610461	0.0839188134270102	0.0858704137392662
dmel-FBgn0016978	0.0722012578616351	0.0479245283018868	0.0181132075471698	0.0113207547169811
dmel-FBgn0016983	0.0727046115496468	0.0796634815122561	0.0353136684669712	0.0233693394266722
dmel-FBgn0016984	0.055745814307458	0.0869482496194826	0.0386225266362252	0.017503805175038
dmel-FBgn0017414	0.00868494836900772	0.0119674485399713	0.00560760445872939	0.0066333857621555
dmel-FBgn0017418	0.0306042579837194	0.0428146524733875	0.0354571070757671	0.0160457107075767
dmel-FBgn0017429	0.051658510059815	0.0726481783578033	0.0406742794997282	0.0612289287656336
dmel-FBgn0017430	0.0737843227488877	0.055836784782942	0.0179475379659457	0.017794140205553
dmel-FBgn0017448	0.620689655172414	0	0	0
dmel-FBgn0017456	0.338653172440639	0	0	0.0280264694433632
dmel-FBgn0017457	0.0644919385076865	0.0449943757030371	0.0203724534433196	0.00949881264841893
dmel-FBgn0017482	0.0164488854727133	0.00661029976940813	0.0276710222905457	0.0468870099923138
dmel-FBgn0017545	0.0305939072971676	0.0421955529254034	0.0224510231681854	0.0498837327876882
dmel-FBgn0017550	0.0385484830458061	0.0554431885782273	0.0332540154669839	0.0159428911362284
dmel-FBgn0017551	0.124956732433368	0.0688819660782277	0.0259605399792316	0.0100380754586362
dmel-FBgn0017556	0.377538071065989	0	0	0
dmel-FBgn0017558	0.0502528028138053	0.0812925917784131	0.088722796218949	0.0368432622554408
dmel-FBgn0017561	0.0478723404255319	0	0.0443262411347519	0.0328014184397162
dmel-FBgn0017566	0.0509198676006466	0.0463782618736049	0.0356015703179124	0.0186282811176968
dmel-FBgn0017567	0.0476964201478064	0.050893652707165	0.0286702657371979	0.0187116725195241
dmel-FBgn0017572	0.0424427763877305	0.0601890464275785	0.0367899175238625	0.0280326197757391
dmel-FBgn0017577	0.0983004134129536	0.0431786862655029	0.0202112999540653	0
dmel-FBgn0017578	0.0383747178329572	0.0405132470001189	0.0264940002376143	0.018058690744921
dmel-FBgn0017579	0.0603680238683733	0.0596629667766742	0.0318649955087465	0.0451834044697433
dmel-FBgn0017581	0.067975288243957	0.104845371933479	0.0418627204482598	0.0289321504256313
dmel-FBgn0017590	0.165	0.0483333333333334	0	0
dmel-FBgn0019624	0.0359152517492783	0.0474017712971572	0.0312912854137104	0.00555365268875078
dmel-FBgn0019637	0	0	0	0
dmel-FBgn0019643	0.0310829387505729	0.0491064609744921	0.0772873071635863	0.00893539025507866
dmel-FBgn0019644	0.0613900850564078	0.05430798249048	0.0408911349158333	0.012384782376597
dmel-FBgn0019650	0.150773195876289	0	0	0
dmel-FBgn0019660	0.149753694581281	0.209852216748768	0.0926108374384236	0.051231527093596
dmel-FBgn0019661	0.152413420363364	0.164303829044194	0.0831081361992266	0.116991643454039
dmel-FBgn0019662	0.0192176802658446	0.0167754333987269	0.0423189334187452	0.00424390439204067
dmel-FBgn0019686	0.0504785137924564	0.07337211484331	0.014824544942766	0.00262713454681929
dmel-FBgn0019828	0.302253082046195	0	0	0.00170043928014737
dmel-FBgn0019830	0.0584001187295933	0.0472692193529237	0.0225586227367171	0.0327990501632531
dmel-FBgn0019886	0.0444391822559002	0.0581734943563028	0.0729339332228274	0.00880101034020049
dmel-FBgn0019890	0.0539428895612708	0.0631145990922844	0.0650056732223903	0.0247730711043873
dmel-FBgn0019925	0.0445387062566278	0.0578207847295865	0.034915164369035	0.0699893955461294
dmel-FBgn0019932	0.0416212852030496	0.0861988486074373	0.0241170063793371	0.0612260774856075
dmel-FBgn0019936	0.0327014098509463	0.0443937352765311	0.0247408309259486	0.0379100058353565
dmel-FBgn0019938	0.0692625775327361	0.0423845623707788	0.0248104755341144	0.0113714679531358
dmel-FBgn0019940	0.512820512820513	0	0	0
dmel-FBgn0019947	0.0445391493273167	0.0508481657892538	0.059496949945684	0.0289128436533802
dmel-FBgn0019948	0.0538007063405617	0.0543618180017824	0.0328415354655577	0.069478826286431
dmel-FBgn0019949	0.0586540091540937	0.0842515680623836	0.0349211730801831	0.0320393286997796
dmel-FBgn0019952	0.0134759873832902	0.0109086336438609	0.0096825912458477	0.0506764191178782
dmel-FBgn0019957	0.0517887994606211	0.04045341536387	0.0330369558804938	0.0237663815262736
dmel-FBgn0019960	0.0648446130938086	0.045391229165666	0.0263701426581488	0.013977616600221
dmel-FBgn0019968	0.136948888021849	0.0844713226687474	0.0989075302380024	0.153531018337885
dmel-FBgn0019972	0.0308094264945547	0.0622396978554984	0.0605841115451277	0.0160902294539152
dmel-FBgn0019982	0.0584415584415584	0.0598531902879729	0.0477131564088086	0.0121400338791643
dmel-FBgn0019985	0.520833333333333	0	0	0
dmel-FBgn0019990	0.0761656530553142	0.067187952505068	0.0269331016507385	0.0217202432667246
dmel-FBgn0020018	0.116010190084264	0.043307858122673	0.0274348422496571	0.0215559474818734
dmel-FBgn0020224	0.180084745762712	0.175141242937853	0.0861581920903955	0.04590395480226
dmel-FBgn0020235	0.0353386849463335	0.0472986380445567	0.029566158564084	0.0225308920357175
dmel-FBgn0020236	0.0307672713378578	0.0709230181401356	0.0121540728880479	0.0136642346391077
dmel-FBgn0020238	0.0335350249650263	0.0369527882351603	0.0168101634384632	0.00856431195477861
dmel-FBgn0020248	0.0670731707317073	0	0	0
dmel-FBgn0020249	0.0485610685271034	0.0926240418598247	0.0491577546243172	0.021251204846927
dmel-FBgn0020251	0.0713675213675214	0.0397435897435897	0.0444444444444445	0.0200854700854701
dmel-FBgn0020255	0.0599731221968558	0.048072408154013	0.0192030569453215	0.0136655818396723
dmel-FBgn0020257	0.0608164111065065	0.0446539577289682	0.0701409034397017	0.0149191877331123
dmel-FBgn0020258	0.0336448598130841	0.117757009345794	0	0
dmel-FBgn0020261	0.0823915421071821	0.0947867298578197	0.0462996718920889	0.0226029894276339
dmel-FBgn0020269	0.0707148347425057	0.0830130668716372	0.0514988470407379	0
dmel-FBgn0020270	0.0480310262529833	0.0334128878281623	0.0167064439140812	0.00507159904534606
dmel-FBgn0020272	0.0606060606060606	0.061952861952862	0.0215488215488216	0
dmel-FBgn0020278	0.0329175654131108	0.0663040420144426	0.0282284535309012	0.0127543843196099
dmel-FBgn0020279	0.0610484780157835	0.0573280721533258	0.0295095828635851	0.0150507328072153
dmel-FBgn0020280	0.354978354978355	0	0	0
dmel-FBgn0020294	0.0651533018867924	0.113207547169811	0.000884433962264152	0.00722287735849056
dmel-FBgn0020299	0.0601368383147282	0.0882247029168167	0.0205257472092186	0.00288080662585524
dmel-FBgn0020300	0.0692830519622891	0.0939486954615217	0.00263100197325148	0
dmel-FBgn0020304	0.0570016810147216	0.108807498344455	0.0333146553919821	0.0590902144567267
dmel-FBgn0020305	0.0615751789976133	0.0613365155131265	0.0365155131264916	0.0159904534606205
dmel-FBgn0020306	0.0712376739471017	0.0495806838079439	0.0331766657450926	0.02267072159248
dmel-FBgn0020307	0.0743952533089913	0.0223642172523961	0.100410771337289	0
dmel-FBgn0020309	0.0775615730031297	0.0647026806368213	0.024289018914138	0.0170771533541979
dmel-FBgn0020312	0.0647002854424356	0.0559467174119886	0.0249286393910562	0.0138915318744053
dmel-FBgn0020369	0.0319894910174102	0.0879664748654	0.0391126570334325	0.0091028511165794
dmel-FBgn0020370	0.0497993534722996	0.126797458477316	0.0270872812395496	0.0189778174116598
dmel-FBgn0020371	0.52081362346263	0	0	0
dmel-FBgn0020372	0.369047619047619	0	0	0.0595238095238094
dmel-FBgn0020376	0	0	0	0
dmel-FBgn0020378	0.136976047904191	0.0321856287425148	0	0
dmel-FBgn0020379	0.0874219446922392	0.0695807314897413	0.0454950936663693	0.0392506690454952
dmel-FBgn0020381	0.059082483781279	0.105885078776645	0.0529425393883224	0.0458758109360519
dmel-FBgn0020385	0.029798840777361	0.00547789521536538	0.0132969655642687	0.150198886237073
dmel-FBgn0020386	0.0481824417009601	0.0290637860082304	0.0355795610425239	0.0348936899862827
dmel-FBgn0020388	0.0565629878707818	0.0739762219286657	0.0592049957968055	0.0330250990752973
dmel-FBgn0020389	0.0654997176736308	0.0232919254658385	0.0103049124788255	0.122247317899492
dmel-FBgn0020391	0.121583411875589	0.0169651272384543	0.0113100848256362	0.00848256361922714
dmel-FBgn0020392	0.0734703906953887	0.0977967073470391	0.0290769104758784	0.0186747481366205
dmel-FBgn0020399	0.448036951501155	0	0	0
dmel-FBgn0020407	0.0912596401028277	0.0726221079691518	0.0398457583547559	0.0167095115681234
dmel-FBgn0020412	0.0676239942967715	0.0673184642020571	0.0156838781953356	0.0142580710866687
dmel-FBgn0020414	0.0176079195066537	0.02696635291572	0.000405712431028886	0.0500919614843666
dmel-FBgn0020415	0.0226336786564571	0.0358567659738756	0.00061128627501448	0.0887330287626281
dmel-FBgn0020416	0.0392139374479724	0.0663872041859912	0	0.112676893804257
dmel-FBgn0020429	0.0243813682678311	0.124454148471616	0	0
dmel-FBgn0020440	0.0611614497528831	0.0570428336079077	0.0317133443163097	0.0656919275123557
dmel-FBgn0020443	0.0484174760867157	0.0487498615060753	0.0210880082727037	0.0261845847028843
dmel-FBgn0020445	0.0258820986653699	0.0211271410817528	0.0891554546928189	0.0495488193656454
dmel-FBgn0020493	0.0543748803369711	0.0823281638904842	0.0111047290829025	0.0156997893930691
dmel-FBgn0020496	0.0573657397580131	0.0394820632562089	0.0220229250689874	0.0148057737210783
dmel-FBgn0020497	0.0685696556003723	0.0727893267142414	0.0330747750542973	0.025193918709277
dmel-FBgn0020503	0.102394143252869	0.0768698060941828	0.0333399287692915	0.0210724178868223
dmel-FBgn0020506	0.0100814804585002	0	0.148874464852921	0
dmel-FBgn0020508	0.0924175267850686	0	0.534048290611537	0
dmel-FBgn0020510	0.0502407002188183	0.0652078774617067	0.0392997811816194	0.0195185995623632
dmel-FBgn0020513	0.0188570669735736	0.00188128015581426	0.00113983444734629	0.16933181355407
dmel-FBgn0020521	0.04510556621881	0.107101727447217	0.000740334521524541	0.000493556347683027
dmel-FBgn0020545	0.0399408284023668	0.0213110207100592	0.0311113165680473	0.00892196745562129
dmel-FBgn0020546	0	0.625	0	0
dmel-FBgn0020616	0.0685778527262507	0.0657672849915683	0.037380550871276	0.015177065767285
dmel-FBgn0020617	0.166666666666667	0	0	0
dmel-FBgn0020618	0.0386450572179232	0.0586034514426263	0.0173809923097194	0.0374931122876788
dmel-FBgn0020620	0.0602708803611738	0.0349887133182844	0.035665914221219	0.0291196388261851
dmel-FBgn0020621	0.0402245872789743	0.0924327495181431	0.0241347523673846	0.0172630520405598
dmel-FBgn0020622	0.114840989399294	0.106511862695609	0.169863705199394	0.0757193336698637
dmel-FBgn0020626	0.141947466171398	0.201777659856726	0.106526930220218	0.0547890687184931
dmel-FBgn0020633	0.0281007751937984	0.0125968992248062	0.0101744186046512	0
dmel-FBgn0020641	0.147058823529412	0.088235294117647	0	0
dmel-FBgn0020642	0.12773465067043	0.306751352622912	0	0
dmel-FBgn0020643	0.82089552238806	0	0	0
dmel-FBgn0020647	0.067318015890058	0.0672106506334551	0.0643117887051751	0.0526089757354519
dmel-FBgn0020653	0.173421083015818	0.199399607435631	0.0853250202055189	0.0509179078628334
dmel-FBgn0020655	0.0607538436105141	0.0481897834352785	0.0786080343858489	0.0233922962473136
dmel-FBgn0020660	0.130237345604263	0.157604746912085	0.0842213611043837	0.11310244611286
dmel-FBgn0020762	0.0324688796680497	0.0128630705394191	0.20954356846473	0.0150414937759336
dmel-FBgn0020764	0.0514898872935	0.0855334259688127	0.0285626061448201	0.010498687664042
dmel-FBgn0020767	0.0787769784172662	0.0589928057553955	0.0399280575539569	0.0197841726618705
dmel-FBgn0020880	0.176666666666667	0.21	0.136666666666667	0
dmel-FBgn0020887	0.0770099792882694	0.065336094897383	0.0589342873281866	0.0244774995292788
dmel-FBgn0020906	0.026318397395059	0	0.339194450343315	0
dmel-FBgn0020907	0.044943820224719	0.0544056771141337	0.028976936723832	0
dmel-FBgn0020908	0.097686375321337	0.447300771208226	0	0
dmel-FBgn0020909	0.0665171898355755	0.0448430493273543	0.0355007473841555	0.015695067264574
dmel-FBgn0020910	0.0748726379304115	0.0821936987390251	0.0359820428514652	0.0609260396719298
dmel-FBgn0020912	0.0478947368421053	0.058421052631579	0.0886842105263156	0
dmel-FBgn0020930	0.0626734505087883	0.075277520814061	0.0154949121184089	0.0113320999074931
dmel-FBgn0021750	0.0791044776119403	0.0771144278606966	0.0283582089552239	0.0233830845771145
dmel-FBgn0021760	0.174350469872858	0.0475400773908236	0.025428413488115	0.021558872305141
dmel-FBgn0021761	0.0853404698186144	0.0529289325007434	0.0701754385964913	0.0145703241153732
dmel-FBgn0021764	0.205504587155963	0.142507645259939	0.0819571865443426	0.0446483180428134
dmel-FBgn0021765	0.0266197119508782	0.0308907851370264	0.00890333649374691	0.0487606663957741
dmel-FBgn0021767	0.043026706231454	0.0504451038575666	0.0548961424332343	0
dmel-FBgn0021768	0.0691223538660228	0.038295243977764	0.0410466618002134	0.0142624515694312
dmel-FBgn0021776	0.108538350217077	0.0130246020260492	0.0173661360347323	0
dmel-FBgn0021795	0.053591515346296	0.0524465691788526	0.0270367989715571	0.0260726337779206
dmel-FBgn0021796	0.0706386820130894	0.0584518167456556	0.0295644324080343	0.0498758745204243
dmel-FBgn0021800	0.0913705583756345	0.110406091370558	0.0262267343485618	0.00592216582064298
dmel-FBgn0021814	0.0522703877387625	0.0644515612489993	0.052785085211026	0.0189866178657212
dmel-FBgn0021818	0.0776133883094837	0.0764006791171477	0.0400194033470774	0.0249818093621149
dmel-FBgn0021825	0.046623429633997	0.0675314073200598	0.0473490861263549	0.0184135334935824
dmel-FBgn0021847	0.0690614136732329	0.0472769409038238	0.0586326767091541	0.0192352259559676
dmel-FBgn0021856	0.0508520790729378	0.0710293115201092	0.0392638036809816	0.0314928425357873
dmel-FBgn0021872	0.0300390267964658	0.0556313200922715	0.0152552700683332	0.024910412465362
dmel-FBgn0021874	0.0590676883780333	0.0526819923371648	0.0261813537675606	0.0127713920817369
dmel-FBgn0021875	0.0520509193776521	0.0724186704384725	0.0251768033946252	0.013012729844413
dmel-FBgn0021895	0.0718259569874615	0.0987295524371003	0.0151955492817404	0.01760358714606
dmel-FBgn0021906	0.0418050624212576	0.0490665444966212	0.0262971022792349	0.00991868056350931
dmel-FBgn0021944	0.0718990629928564	0.065126635123852	0.0360886909731887	0.0110399851563225
dmel-FBgn0021967	0.0520176544766709	0.0691046658259774	0.0337957124842371	0.0187263556116015
dmel-FBgn0021979	0.0332483618222479	0.046869868476612	0.014372175218554	0.0517804920006882
dmel-FBgn0021995	0.0639959687578735	0.0624842529604434	0.0277147896195515	0.0158730158730159
dmel-FBgn0022023	0.0439538607173327	0.073381093178445	0.0262484368974021	0.0270314490399336
dmel-FBgn0022027	0.052722724648836	0.0623436598037329	0.0523378872426399	0.0145276120838945
dmel-FBgn0022029	0.0464265616207091	0.0938379290939785	0.0119583567810917	0.00253235790658413
dmel-FBgn0022069	0.0778366914103922	0.0377518557794273	0.0212089077412513	0.00572640509013786
dmel-FBgn0022097	0.128616918178042	0.171073884350916	0.175181134339378	0.0512714015413724
dmel-FBgn0022153	0.0602100089365506	0.0546246648793566	0.0781948168007148	0.0188784629133154
dmel-FBgn0022160	0.0338201383551115	0.0184473481936972	0.0253651037663336	0.00922367409684858
dmel-FBgn0022213	0.0862497177692483	0.0829758410476406	0.0264167983743509	0.0176111989162339
dmel-FBgn0022224	0.0346785641857635	0.0721963090650983	0.0490772662745892	0.0160210910565808
dmel-FBgn0022238	0.034332619557459	0.0475731620271235	0.0172019985724483	0.0163454675231978
dmel-FBgn0022246	0.0424644084437899	0.0508100147275405	0.0247913598429063	0.0174275895925381
dmel-FBgn0022288	0.0665697204718047	0.0463725965422524	0.0239133947325901	0.0108256584262401
dmel-FBgn0022338	0.0320964085431333	0.0268464383725092	0.00978403531798113	0.00417611263572367
dmel-FBgn0022343	0.0654884829229547	0.0821683876092137	0.0296664019062748	0.0254567116759333
dmel-FBgn0022344	0.0747553354557245	0.0545926187949533	0.0331328852729631	0.0173328616908384
dmel-FBgn0022349	0.076514131897712	0.0561911170928667	0.0505383580080753	0.0275235531628533
dmel-FBgn0022355	0.0180523062956109	0.0122385558154964	0.000960229058277176	0.036392681308705
dmel-FBgn0022359	0.14771997430957	0.25626204238921	0.037893384714194	0.0237636480411046
dmel-FBgn0022361	0.0219949094750997	0.0270854343754502	0.0161840272775296	0.0271814820150795
dmel-FBgn0022382	0.0440485829959513	0.0888259109311741	0.0196761133603239	0.00510121457489878
dmel-FBgn0022699	0.0720379146919429	0.0585308056872038	0.0329383886255924	0.0154028436018958
dmel-FBgn0022700	0.0196923076923077	0	0.360307692307692	0
dmel-FBgn0022702	0.0245495421576028	0.0853982736551905	0.000623584626997932	0
dmel-FBgn0022709	0.0556588826892608	0.109113453192808	0.0197010401598126	0.0037197768133912
dmel-FBgn0022710	0.0677083333333333	0.0455729166666667	0.0738932291666667	0.0146484375
dmel-FBgn0022724	0.0752248569092395	0.0613246116107931	0.0224856909239574	0
dmel-FBgn0022740	0.077858880778589	0	0.136253041362531	0
dmel-FBgn0022764	0.070414847161572	0.070414847161572	0.0333879184861717	0.0242903930131004
dmel-FBgn0022768	0.245499181669394	0.115657392253137	0.0921985815602836	0.0327332242225859
dmel-FBgn0022770	0.0186974237644585	0.0487315983175604	0	0
dmel-FBgn0022772	0.0977859778597788	0.0553505535055351	0.022140221402214	0
dmel-FBgn0022774	0.0344533481434465	0.0341161536020311	0.00854887337353223	0.248016502697556
dmel-FBgn0022786	0.0903141361256544	0.0706806282722513	0.0344677137870855	0.0218150087260035
dmel-FBgn0022787	0.0782525857376158	0.0298040283070223	0.067773543821448	0.0494011976047904
dmel-FBgn0022800	0.0460312776630274	0.147683682502213	0.00147536146355857	0
dmel-FBgn0022893	0.0672346945882572	0.0437010037223627	0.00888414242487561	0.00674823361889506
dmel-FBgn0022935	0.0680317040951123	0.0761778952003521	0.0347864376926465	0.0167327168648172
dmel-FBgn0022936	0.068550938620544	0.0731913098502428	0.0221472263235604	0.0168740771989032
dmel-FBgn0022942	0.054210153004357	0.0741716485966157	0.0266491032526092	0.0202654777586382
dmel-FBgn0022943	0.0949740034662045	0.0641247833622184	0.024263431542461	0.0238012709416522
dmel-FBgn0022959	0.28420581655481	0.151498881431767	0.0569127516778522	0.0157494407158836
dmel-FBgn0022960	0.0667597115608281	0.0509420795533845	0.0434984880204698	0.0109327750639684
dmel-FBgn0022981	0.505617977528089	0	0	0
dmel-FBgn0022984	0.161619984859955	0.189250567751703	0.0677517032551096	0.0770249810749434
dmel-FBgn0022985	0.0570016474464579	0.0695222405271831	0.0260296540362439	0.014332784184514
dmel-FBgn0022986	0.0418403334402052	0.0625200384738698	0.0161910868868227	0.012504007694774
dmel-FBgn0022987	0.132231404958678	0.208264462809917	0.0622589531680441	0.0776859504132231
dmel-FBgn0023000	0.133620689655172	0.153376436781609	0.0790229885057473	0.109554597701149
dmel-FBgn0023001	0.0474604496253122	0.0462947543713572	0.0662781015820152	0
dmel-FBgn0023023	0.0678499213659854	0.06470456077286	0.00539204673107167	0.0337002920691979
dmel-FBgn0023076	0.22671568627451	0	0	0
dmel-FBgn0023081	0.0561232765612326	0.0961881589618818	0.0236820762368208	0.0278994322789943
dmel-FBgn0023083	0.0565443889733016	0.0645756457564574	0.0240937703494682	0.0167136965487302
dmel-FBgn0023090	0.263274336283186	0	0	0.00221238938053097
dmel-FBgn0023094	0.0702230259192285	0.0503315250150694	0.0352622061482821	0.0162748643761302
dmel-FBgn0023095	0.0316193493359328	0.0297916412818326	0.0467284025831608	0.0221152674546119
dmel-FBgn0023096	0.101851851851852	0.0740740740740741	0.0277777777777778	0.0277777777777778
dmel-FBgn0023097	0.0958423326133906	0.0699244060475162	0.0307775377969762	0.011609071274298
dmel-FBgn0023129	0.0372536378706945	0.0288266715785596	0.0287806225824277	0.0706852090624425
dmel-FBgn0023130	0.068421052631579	0.0578947368421052	0.0440191387559809	0.0129186602870813
dmel-FBgn0023143	0.0577032891731383	0.065612151667428	0.0315926222019187	0.0437985381452719
dmel-FBgn0023167	0.0423799334284356	0.0410128388017118	0.0242510699001427	0.00933190679980979
dmel-FBgn0023169	0.0575462901292127	0.068425025531726	0.0730873407042316	0.0235335908707429
dmel-FBgn0023170	0.0397994643881911	0.0381910348785309	0.0517407383791366	0.0118041828731748
dmel-FBgn0023171	0.252544837615124	0.103732428502181	0.075133301017935	0.103247697527872
dmel-FBgn0023172	0.116548042704627	0.150355871886121	0.141681494661921	0.0713967971530249
dmel-FBgn0023174	0.036412569588839	0.115844456368636	0.0359095177409619	0.0103628680662687
dmel-FBgn0023175	0.0526496273604315	0.167790681724658	0.0454826025330345	0.0169173791779068
dmel-FBgn0023177	0.0772005772005772	0.0865800865800866	0.0511063011063012	0.0206830206830207
dmel-FBgn0023178	0.550898203592815	0	0	0
dmel-FBgn0023179	0.0654320987654321	0.00987654320987654	0.110493827160494	0
dmel-FBgn0023180	0.162629757785467	0.173010380622837	0.176470588235294	0
dmel-FBgn0023181	0.124355300859599	0.081948424068768	0.0458452722063038	0.0240687679083095
dmel-FBgn0023197	0.010268673512449	0	0.15979743986496	0
dmel-FBgn0023212	0.0464402047463936	0.0664495114006514	0.0205987280905847	0.0195749961222274
dmel-FBgn0023213	0.0412206530538814	0.0500359809301071	0.0304488621030853	0.0394216065485293
dmel-FBgn0023214	0.0547945205479452	0.106908874329959	0.0384157236450268	0.00744490768314473
dmel-FBgn0023215	0.0504840093125841	0.0559980394559489	0.0360249969366499	0.0142139443695626
dmel-FBgn0023216	0.0612866387514275	0.0475827940616673	0.0167491435097069	0.0121811952797869
dmel-FBgn0023388	0.0692499221910985	0.0354808590102708	0.0276999688764395	0.0476190476190476
dmel-FBgn0023395	0.25979381443299	0.0247422680412371	0.0247422680412371	0
dmel-FBgn0023407	0.0657150552114193	0.0309722596283328	0.0245084837058982	0.00754107190950713
dmel-FBgn0023416	0.203296703296704	0.0247252747252747	0.0164835164835165	0
dmel-FBgn0023441	0.0608401738290681	0.0370593915982616	0.0232979237083534	0.0504587155963301
dmel-FBgn0023458	0.0479914301017674	0.0459560792715586	0.0644884841992502	0.0126405998928763
dmel-FBgn0023477	0.0246284855568542	0.0437607836589301	0.0103105693771915	0.0335058718762175
dmel-FBgn0023479	0.0185867835939622	0.00186255869000039	0	0.146288463777114
dmel-FBgn0023495	0.0195167286245353	0	0.29042750929368	0
dmel-FBgn0023496	0	0.0324963072378139	0	0
dmel-FBgn0023506	0.104085257548845	0.0547069271758436	0.0319715808170515	0.0110124333925399
dmel-FBgn0023507	0.0768178005386076	0.0445896428413757	0.181228201845393	0.0129795594013509
dmel-FBgn0023508	0.152641002685766	0.154879140555058	0.136078782452999	0.049686660698299
dmel-FBgn0023509	0.0739473684210527	0.0907894736842106	0.0463157894736843	0.0278947368421053
dmel-FBgn0023510	0.0562639464456489	0.0455849537774944	0.0671023270640738	0.0200828817341409
dmel-FBgn0023511	0.0468895078922934	0.0364438254410399	0.0229805013927577	0.0250696378830084
dmel-FBgn0023512	0.0513764685253375	0.049973698053656	0.0308609503769946	0.017008591969139
dmel-FBgn0023513	0.251063829787234	0.112765957446809	0.102127659574468	0.0638297872340426
dmel-FBgn0023514	0.078220011055832	0.0826423438363738	0.0555555555555556	0.0337202874516308
dmel-FBgn0023515	0.160250671441361	0.0438675022381378	0.0232766338406446	0
dmel-FBgn0023516	0.0517967559817189	0.0310959763419662	0.0474056815126803	0.0498252531588851
dmel-FBgn0023517	0.0540617039343335	0.072459666006227	0.0248136616661949	0.0172657797905463
dmel-FBgn0023518	0.0712750716332378	0.0655444126074499	0.0279369627507163	0.0157593123209169
dmel-FBgn0023519	0.0618556701030928	0.0675332436874348	0.0312266547138802	0.0176303600776931
dmel-FBgn0023520	0.0830806549423894	0.0618556701030928	0.0254699818071559	0.0194057004244998
dmel-FBgn0023521	0.0720478325859491	0.0520179372197309	0.0367713004484305	0.0227204783258595
dmel-FBgn0023522	0.0568140956490469	0.0611290902553037	0.052319309600863	0.0348795397339087
dmel-FBgn0023524	0.0644654088050316	0	0	0
dmel-FBgn0023525	0.0198019801980198	0.0297029702970297	0.0106082036775106	0
dmel-FBgn0023526	0.0702247191011236	0.0311797752808989	0.0230337078651685	0.00842696629213483
dmel-FBgn0023527	0.149952244508118	0.199617956064948	0.100286532951289	0.0487106017191977
dmel-FBgn0023528	0.0380669687028069	0.0642087173879081	0.0382752694891423	0.0135916263083893
dmel-FBgn0023529	0.0534366714256578	0.0527432184376912	0.0210075464001632	0.0286763206200285
dmel-FBgn0023530	0.0242019302152932	0.0350408314773571	0.0265775798069785	0.0155902004454343
dmel-FBgn0023531	0.132420091324201	0.0365296803652968	0.0136986301369863	0
dmel-FBgn0023534	0	0	0.538461538461539	0
dmel-FBgn0023535	0.0125594820188782	0	0	0.0281613230361182
dmel-FBgn0023536	0.0915201654601862	0.0486039296794209	0.0284384694932781	0.0268872802481902
dmel-FBgn0023537	0.0578357235984355	0.072490221642764	0.0414602346805737	0.0491786179921773
dmel-FBgn0023540	0.044678640344367	0.173964672702983	0.00853495621196377	0.00831230518034733
dmel-FBgn0023541	0	0	0	0
dmel-FBgn0023542	0.0552814857806152	0.0731282646546721	0.0417875798026698	0.0381601857225769
dmel-FBgn0023545	0.0673207547169813	0.0630943396226414	0.046188679245283	0.0390943396226415
dmel-FBgn0023549	0.036639526276832	0.0094991364421416	0.0322970639032815	0.139427584505305
dmel-FBgn0023550	0.037037037037037	0.20479302832244	0.00312588803637397	0.0150610969025291
dmel-FBgn0024150	0.0976800976800977	0.10989010989011	0.0280830280830281	0.00610500610500611
dmel-FBgn0024179	0.0543478260869565	0.0459692028985507	0.0459692028985507	0.0348731884057971
dmel-FBgn0024182	0	0	0	0
dmel-FBgn0024183	0.0792012701514411	0.0409745969711774	0.021800195407914	0.0175256472887152
dmel-FBgn0024184	0.141592920353982	0.0501474926253688	0	0
dmel-FBgn0024187	0.0403031346882535	0.0548857503731771	0.0375473647950396	0.0241129865656218
dmel-FBgn0024188	0.0664780763790665	0.0702970297029703	0.0242574257425742	0.0172560113154173
dmel-FBgn0024189	0.111666666666666	0.06	0	0
dmel-FBgn0024191	0.0780730897009967	0.0459579180509414	0.0337763012181616	0.017718715393134
dmel-FBgn0024194	0.0716658756525869	0.0700047460844803	0.0616990982439488	0.0237304224015187
dmel-FBgn0024196	0.112238074008025	0.188921087828801	0.135421310744539	0.066540347748551
dmel-FBgn0024222	0.0484265449209196	0.0781020707647156	0.0273927930865808	0.017120495679113
dmel-FBgn0024227	0.120391973868409	0.0382641157256183	0.0200653289780681	0
dmel-FBgn0024230	0.0424579894600775	0.060554837426668	0.0195883464253754	0.0594610718902256
dmel-FBgn0024232	0.16374269005848	0	0	0
dmel-FBgn0024234	0.0521334703369206	0.103726137039641	0.014114974852631	0.0225515115461576
dmel-FBgn0024236	0.0494471362902225	0.0480805068952665	0.025965958504162	0.0170207479189962
dmel-FBgn0024238	0.0210549402346749	0.0135431516613664	0.0399166575282377	0.0189713784406185
dmel-FBgn0024244	0.0415441525182586	0.0662050649720194	0.0227639191880869	0
dmel-FBgn0024245	0.113519091847265	0.0521155830753355	0.0170278637770898	0.00825593395252838
dmel-FBgn0024248	0.0409937888198758	0.0603174603174604	0.0382332643202208	0.0291235334713595
dmel-FBgn0024250	0.066857688634193	0.0299267749124483	0.0805475963069087	0.0130531677809615
dmel-FBgn0024251	0	0	0	0
dmel-FBgn0024273	0.0483622943256959	0.0596647701061049	0.0984930032292788	0.0116100261417807
dmel-FBgn0024277	0.0944663116462144	0.063672146330169	0.0937717064135216	0.00532530678397777
dmel-FBgn0024285	0.0588459099556119	0.0868103994927076	0.034432466708941	0.0100190234622701
dmel-FBgn0024288	0.0411124546553808	0	0.124546553808948	0
dmel-FBgn0024289	0.120349563046192	0	0.34956304619226	0.0521847690387016
dmel-FBgn0024291	0.055646660107139	0.075653219634853	0.0296272001749207	0.0183666775992128
dmel-FBgn0024293	0.104835863042711	0.0241793152135546	0	0.434168725732439
dmel-FBgn0024294	0.240638428483732	0.198281154082259	0.0303867403314917	0.00813382443216698
dmel-FBgn0024314	0.0645370520512405	0.109291389654613	0.0392951732338792	0.0182152316091022
dmel-FBgn0024315	0.0186282533966279	0.0454084138156817	0.0163692912096906	0
dmel-FBgn0024320	0.0542744143595983	0.0459385457864314	0.0439306358381503	0.0409491937937328
dmel-FBgn0024321	0.0486610058785108	0.0731548007838015	0.0450685826257348	0
dmel-FBgn0024326	0.0291440265330605	0.0328134923435184	0.0266036271258204	0.0131253969374074
dmel-FBgn0024329	0.148030942334739	0.174050632911392	0.131856540084388	0.0358649789029536
dmel-FBgn0024330	0.0695652173913043	0.0814492753623189	0.0278260869565217	0.0173913043478261
dmel-FBgn0024332	0.0981789390340459	0.0475059382422802	0.0233570863024545	0
dmel-FBgn0024352	0.178069709165464	0.189232287948971	0.0641658440276407	0.0327283772496014
dmel-FBgn0024360	0.222921914357683	0.109571788413098	0.1272040302267	0.035264483627204
dmel-FBgn0024361	0.0141320871572547	0	0.0650676576018619	0
dmel-FBgn0024362	0.0611892141046324	0.105439041253745	0.0714450334178384	0.0282323115925329
dmel-FBgn0024364	0.1	0.0913705583756345	0.0477157360406091	0.016751269035533
dmel-FBgn0024365	0.0373993406474626	0.0428038696427606	0.0749067718748311	0.0264281467870075
dmel-FBgn0024366	0.0769230769230769	0.113846153846154	0	0
dmel-FBgn0024371	0.0745871070857752	0.0467057361037116	0.0275261942816551	0.0257503107796129
dmel-FBgn0024432	0.0335808984699198	0.0437956204379562	0.0295162903534719	0.00715030537762551
dmel-FBgn0024491	0.0236995380598514	0.018678449487849	0.00723036754368347	0.00441855794336212
dmel-FBgn0024509	0.0340164800338052	0.0491936051834637	0.0217620959222481	0.0180646524403127
dmel-FBgn0024510	0.115727002967359	0.0519287833827894	0.029673590504451	0.0311572700296736
dmel-FBgn0024542	0.119300437226733	0.0584009993753904	0.0334166146158651	0.0156152404747033
dmel-FBgn0024555	0.073024740622506	0.0497805267358339	0.0404030327214685	0.0182561851556265
dmel-FBgn0024556	0.175221565731167	0.173190546528804	0.105982274741506	0.0456056129985229
dmel-FBgn0024558	0.0894090560245586	0.057367613200307	0.035686876438987	0.0103607060629317
dmel-FBgn0024689	0.062287270251872	0.06143635125936	0.0454390742001362	0.039142273655548
dmel-FBgn0024698	0.07465718638903	0.0518029456576943	0.0228542407313357	0.0192991366175724
dmel-FBgn0024728	0.0787795423283731	0.0821558084281605	0.0327622858571964	0.0480180067525322
dmel-FBgn0024732	0.0613160518444665	0.0528414755732801	0.0333998005982053	0.0254237288135593
dmel-FBgn0024733	0.0236986101484697	0.0285229635574363	0.018950862729362	0.0312753073359355
dmel-FBgn0024734	0.0275174740369986	0.0407470288624788	0.0111789738275307	0.0147950521464953
dmel-FBgn0024740	0.0401482396541075	0.124459542927733	0	0.00710315009264979
dmel-FBgn0024754	0.0365113500597372	0.0449701314217444	0.0302508960573477	0.0269534050179212
dmel-FBgn0024804	0.165581076448406	0.207919094960576	0.063764141241001	0.0505656496400411
dmel-FBgn0024806	0.0686206094440569	0.0481507327285415	0.0679227727378461	0.0265177948360084
dmel-FBgn0024811	0.0463400876469823	0.0880808782054064	0.032108300429557	0.0538030980170955
dmel-FBgn0024814	0.0261362554604783	0.0475127719661952	0.0344816644278266	0.0134647726431359
dmel-FBgn0024833	0.0450577966501534	0.0678815758433594	0.0586223165841	0.0237084217975938
dmel-FBgn0024836	0.164825046040516	0.0248618784530387	0	0
dmel-FBgn0024841	0.0429097560372742	0.124576711075957	0.00496823788219591	0.0302790617198507
dmel-FBgn0024846	0.0404611703284751	0.0465520991951274	0.0574287578855776	0.0132695236023494
dmel-FBgn0024887	0.0597104045379906	0.063740856844305	0.0485147036871173	0.025526197939991
dmel-FBgn0024889	0.133071154197915	0.0746295957563563	0.0385037497713553	0.025974025974026
dmel-FBgn0024897	0.154716981132076	0.479245283018868	0	0
dmel-FBgn0024909	0.0728446288612264	0.049792531120332	0.0276625172890733	0.0184416781927155
dmel-FBgn0024912	0.0462184873949581	0.0546218487394957	0.0336134453781514	0
dmel-FBgn0024913	0.0721804511278196	0	0	0.0270676691729323
dmel-FBgn0024920	0.0637393767705382	0.0449716713881019	0.0276203966005665	0
dmel-FBgn0024921	0.0592078809811016	0.0566948130277443	0.0310615199034982	0.0223160434258142
dmel-FBgn0024941	0.140425531914894	0.0680851063829787	0	0
dmel-FBgn0024944	0.290322580645161	0.193548387096774	0	0
dmel-FBgn0024945	0.0740279507402794	0.0751349107513491	0.0386052303860523	0.105022831050228
dmel-FBgn0024947	0.0544052210026699	0.0286561851082765	0.121506971225156	0.0264609908039158
dmel-FBgn0024956	0.0617892342683853	0.0725928733889312	0.0324109173616376	0.0449203942380591
dmel-FBgn0024957	0.0576401713095752	0.0532002671800714	0.0524144434403363	0.0615299988212644
dmel-FBgn0024958	0.0458910770726964	0.0330658886457573	0.0607221006564552	0.138281060053489
dmel-FBgn0024963	0.174050632911392	0	0	0
dmel-FBgn0024973	0.0477951246233907	0.0484798685291701	0.0380717611613257	0.0195836757052862
dmel-FBgn0024975	0.0789889415481832	0.0481832543443917	0.0213270142180095	0
dmel-FBgn0024980	0.0292105263157895	0.0705263157894736	0.0252631578947368	0.0205263157894737
dmel-FBgn0024983	0.049142416650607	0.0601271921372133	0.00732318365773754	0.0248602813644247
dmel-FBgn0024985	0.0520547945205481	0.0969624776652768	0.0345443716497916	0.0140559857057772
dmel-FBgn0024986	0.0171996243760194	0.0271338901794099	0.0302476152819651	0.00365739139030298
dmel-FBgn0024987	0.058742288923672	0.074118405303379	0.029279071908664	0.0211766872295369
dmel-FBgn0024989	0.176741130091984	0.16688567674113	0.00722733245729304	0
dmel-FBgn0024991	0.251386321626618	0.176524953789279	0.0369685767097966	0.0341959334565618
dmel-FBgn0024992	0.0599524766953023	0.0579418753427163	0.031438493876805	0.0116980442332297
dmel-FBgn0024993	0.0930018416206262	0.0506445672191528	0.0220994475138122	0
dmel-FBgn0024994	0.0508821676118464	0.0404851921865155	0.0200063011972275	0.0138626339004411
dmel-FBgn0024995	0.219257540603248	0	0	0
dmel-FBgn0024996	0.0430289178177481	0.0568418960548545	0.0333896452350194	0.0271290867534533
dmel-FBgn0024997	0.019291587602783	0	0.0676786843769766	0
dmel-FBgn0024998	0.0711033274956217	0.0812609457092819	0.0399299474605954	0.0171628721541155
dmel-FBgn0025109	0.0702581926514399	0.0466732869910626	0.038480635551142	0.0310327706057597
dmel-FBgn0025111	0.311471126208518	0	0	0
dmel-FBgn0025115	0.633333333333333	0	0	0
dmel-FBgn0025117	0.0585018088955097	0.0786124707384548	0.0289210470312832	0.0219195573526282
dmel-FBgn0025185	0.100071994240461	0.102951763858891	0.0619150467962564	0.0194384449244061
dmel-FBgn0025186	0.0485093481556342	0.0536887316826681	0.0442142496210208	0.0234967155128853
dmel-FBgn0025286	0.0245188108794319	0.0520729431640839	0.0272081247345287	0.0447781495038967
dmel-FBgn0025335	0.0424763073566511	0.0642258130497034	0.0644985341242244	0.0145905774868753
dmel-FBgn0025336	0.180207697006719	0.149664019547954	0.102626756261454	0.059254734270006
dmel-FBgn0025352	0.0448679876896496	0.0904198837355797	0.0281302305491064	0.0560084948616884
dmel-FBgn0025355	0	0	0	0
dmel-FBgn0025360	0.283727399165508	0.0166898470097357	0	0
dmel-FBgn0025366	0.0531996058111074	0.0756588358711894	0.022808913755285	0.051626029182694
dmel-FBgn0025373	0.0533247964876977	0.02835452300375	0.0310070428976493	0.0118906064209275
dmel-FBgn0025378	0.595141700404858	0	0	0
dmel-FBgn0025381	0.048283477213411	0.0609817305761895	0.0427123067657097	0.0126480626380245
dmel-FBgn0025382	0.532786885245902	0	0	0
dmel-FBgn0025383	0.233766233766233	0	0	0
dmel-FBgn0025387	0.570977917981073	0	0	0
dmel-FBgn0025388	0.485111662531017	0.0409429280397023	0.0198511166253102	0.00744416873449133
dmel-FBgn0025390	0.133333333333333	0.114285714285714	0.152380952380952	0.0952380952380951
dmel-FBgn0025391	0.065326633165829	0.0477386934673368	0.0452261306532663	0.133165829145728
dmel-FBgn0025393	0	0	0	0
dmel-FBgn0025394	0.0367179322006603	0.0497624607456317	0.0303567114904583	0.0178758354134793
dmel-FBgn0025454	0.0467185139596039	0.00137078274492251	0.0862753874559391	0.347255636994349
dmel-FBgn0025455	0.0843543315623982	0.0629946871950559	0.0366475116556436	0.0195164263254906
dmel-FBgn0025456	0.0201574673317119	0.00796065984001084	0.141599357909617	0.0513454072836521
dmel-FBgn0025457	0.0749640028797697	0.0480561555075594	0.0163786897048236	0.0116090712742981
dmel-FBgn0025463	0.0560385181222415	0.0636618964825464	0.0236057242209443	0.0188578306807543
dmel-FBgn0025469	0.0474622239442077	0.0635412630763268	0.0437814800464936	0.0162727624951569
dmel-FBgn0025519	0.0547334640755926	0.0689962560171153	0.0287038687823141	0.0356569798538064
dmel-FBgn0025525	0.197071384990849	0.161073825503356	0.143990237949969	0
dmel-FBgn0025549	0.0792660550458716	0.0508256880733945	0.0374311926605505	0.0192660550458716
dmel-FBgn0025558	0.0197016067329763	0.0149196633511859	0	0
dmel-FBgn0025571	0.178563995837669	0.193132154006243	0.0622268470343393	0.0555671175858481
dmel-FBgn0025573	0.428571428571428	0	0	0
dmel-FBgn0025574	0.0324295587453482	0.0262980684033315	0.0933900407584617	0.0460393407761829
dmel-FBgn0025578	0.0108085184843736	0.0107384530284871	0	0
dmel-FBgn0025582	0.0504776007680667	0.071615706312141	0.0285746830911428	0.0261826111011667
dmel-FBgn0025583	0	0.797101449275362	0	0
dmel-FBgn0025592	0.0438684953610327	0.0308592174263816	0.0334812424364664	0.0495159338442921
dmel-FBgn0025595	0.0273792685390988	0.00131339664578703	0	0.158314811072944
dmel-FBgn0025608	0.0443587698307188	0.0595586280244616	0.0461756625011078	0.0199415049189045
dmel-FBgn0025612	0.348519362186788	0	0	0
dmel-FBgn0025615	0.0593505039193729	0.0826801045166106	0.0265024262784621	0.0453527435610303
dmel-FBgn0025616	0.303643724696356	0	0	0
dmel-FBgn0025620	0.0236237577161891	0.000289639941347912	0	0.0784743216089499
dmel-FBgn0025621	0.0762658227848103	0.0721518987341772	0.0503164556962025	0.0392405063291139
dmel-FBgn0025624	0.0362247598880739	0.0406866822959993	0.0685926037964153	0.0240490055206837
dmel-FBgn0025625	0.0954495005549391	0.0155382907880133	0.0266370699223085	0.0144284128745838
dmel-FBgn0025626	0.0668394741714496	0.0777633771523793	0.0270320311053509	0.0248102203295686
dmel-FBgn0025627	0.0747663551401867	0.0897196261682243	0	0.0598130841121497
dmel-FBgn0025628	0.110470600565978	0.267267582014464	0.0218006498270621	0.114977465674458
dmel-FBgn0025629	0.0673772363913209	0.0660449181575944	0.0367339170156071	0.0178911305671869
dmel-FBgn0025630	0.0740203193033382	0.0365747460087083	0.0211901306240929	0.0121915820029028
dmel-FBgn0025631	0.0419622947496452	0.0541252787350497	0.0456111899452666	0.0500709507399148
dmel-FBgn0025632	0.0444951511694238	0.0336565887050771	0.0399315459212778	0.0228180262407301
dmel-FBgn0025633	0.048457583547558	0.0498714652956297	0.0376606683804627	0.0277634961439589
dmel-FBgn0025634	0.0632732414280663	0.112407211028632	0.0411806291975964	0.0139625309296571
dmel-FBgn0025635	0.0890900428775607	0.0805145307289185	0.0490709861838971	0.0281086231538829
dmel-FBgn0025637	0.0268757157196782	0.0422575035697623	0.025914353979048	0.0170641708961871
dmel-FBgn0025638	0.0347059568272457	0.0610558966892448	0.0303380388681395	0.012676457555232
dmel-FBgn0025639	0.0770838455864273	0.0743791492500616	0.0511433489058275	0.0228669781165478
dmel-FBgn0025640	0.0321014075232529	0.0493867808050045	0.0247757017038439	0.011358959585151
dmel-FBgn0025641	0.0863356053229471	0.0305095748133723	0.0334307043167802	0.00162284972411555
dmel-FBgn0025642	0.286666666666667	0	0	0
dmel-FBgn0025643	0.0220067080116441	0.11064264017213	0	0
dmel-FBgn0025674	0.0157191126781254	0.0157925664756868	0.0113853386220068	0.00807991773174674
dmel-FBgn0025676	0.0504015508169482	0.0490168928274716	0.014677374688452	0.00443090556632511
dmel-FBgn0025678	0.0607807961729029	0.0549718093285495	0.0227233897146763	0.0183452930121305
dmel-FBgn0025680	0.0959520239880059	0.0344827586206897	0	0
dmel-FBgn0025681	0.0859154929577466	0.0839948783610757	0.0590268886043535	0.0336747759282971
dmel-FBgn0025682	0.105299203835288	0.0582998030990498	0.00890334731615445	0.296977998459035
dmel-FBgn0025683	0.0276045756162148	0.0340399981525102	0.0312071805767247	0.0567025387587949
dmel-FBgn0025684	0.0444086886564762	0.0333065164923572	0.0168946098149638	0.0165728077232502
dmel-FBgn0025686	0.16412213740458	0.213740458015268	0	0.049618320610687
dmel-FBgn0025687	0.0409552091066567	0.020168275179411	0.0089086859688196	0.0623608017817372
dmel-FBgn0025692	0	0	0	0
dmel-FBgn0025693	0.0437153149644631	0.0780839256158114	0.0508227047025606	0.0293058124817446
dmel-FBgn0025697	0.0056099732858415	0.000890471950133571	0.0108637577916296	0.0738201246660731
dmel-FBgn0025700	0.0407225774411819	0.0420572350859767	0.0132224222484325	0.0380377428766528
dmel-FBgn0025702	0.46755921730175	0.066941297631308	0.0123583934088568	0.00308959835221421
dmel-FBgn0025709	0.0432086804882775	0.0730478589420657	0.05425305173416	0
dmel-FBgn0025712	0.0503597122302159	0.0422270878949015	0.0125117297466375	0
dmel-FBgn0025716	0.0762723427479873	0.0620821394460364	0.0219675262655205	0.0158275344521763
dmel-FBgn0025720	0.0844833793351735	0.0877235089403577	0.0300012000480019	0.00504020160806432
dmel-FBgn0025724	0.0589873758928973	0.0565613908980638	0.0272249427197987	0.0298306303068421
dmel-FBgn0025725	0.0631237402290939	0.0598299002015634	0.0319551644461925	0.0308244432427118
dmel-FBgn0025726	0.052253014596996	0.0184049079754601	0.0110006346519991	0.0245398773006135
dmel-FBgn0025739	0.158004158004158	0.11018711018711	0.0239085239085239	0
dmel-FBgn0025740	0.0483958673191952	0.0228384991843393	0.0133224578575312	0.0190320826536161
dmel-FBgn0025741	0.0608365019011407	0.0569533209287275	0.0257260739422377	0.0537173367850497
dmel-FBgn0025742	0.0573810691515449	0.0592447278077488	0.0578715056400197	0.0345267287886218
dmel-FBgn0025743	0.0681178457496717	0.0705573278288608	0.0369675361231001	0.00975792831675736
dmel-FBgn0025777	0.0738255033557046	0.0886555531500325	0.0218662048062351	0.0206754708811431
dmel-FBgn0025781	0.102904972919744	0.0792712949286066	0.0241260462826193	0.0231413096996554
dmel-FBgn0025790	0.0436411312979958	0.0470125491665105	0.0281887994006367	0.0180745457950927
dmel-FBgn0025800	0.0706630944407234	0.0563965170797053	0.0361018084393838	0.0334896182183524
dmel-FBgn0025802	0.0767829255596043	0.0385216033315981	0.0424258198854763	0.0265486725663717
dmel-FBgn0025806	0.0501822860819215	0.0503431267424405	0.0313103152476947	0.0278790478232897
dmel-FBgn0025807	0.0526315789473683	0.049624060150376	0.0157894736842105	0
dmel-FBgn0025808	0.100263852242744	0.0712401055408971	0.0430958663148636	0.0202286719437115
dmel-FBgn0025809	0.0844384757428237	0.0814168205472555	0.0223266745005875	0.0171227127748867
dmel-FBgn0025814	0.0425043078690408	0.044801838024124	0.121194715680643	0
dmel-FBgn0025815	0.115744069015097	0.0539180445722502	0.0291157440690151	0.00611071171818835
dmel-FBgn0025820	0.0263242375601926	0.0566613162118782	0.0287319422150883	0.0224719101123596
dmel-FBgn0025821	0.383133784487246	0	0	0
dmel-FBgn0025825	0	0	0	0
dmel-FBgn0025830	0.0767651888341543	0.0784072249589491	0.0431034482758621	0.0213464696223317
dmel-FBgn0025832	0.103731815306768	0.038583175205566	0.0253004427577482	0
dmel-FBgn0025833	0.153846153846154	0	0	0
dmel-FBgn0025835	0	0	0	0
dmel-FBgn0025836	0.0532413323110997	0.0522190987307266	0.0676377885680212	0.0235965584802794
dmel-FBgn0025837	0.0428919436227596	0	0.0997911954062988	0
dmel-FBgn0025838	0.378859857482185	0	0	0
dmel-FBgn0025839	0.0305003427004798	0.0298149417409184	0.0310388720258494	0.00802898266914717
dmel-FBgn0025864	0.0506936567489749	0.0439752203123637	0.085245615565832	0.0248669400575866
dmel-FBgn0025865	0.0431976530986432	0.052071873854052	0.0651998533186652	0.0242024202420242
dmel-FBgn0025866	0.0325893468437628	0.0858551280295769	0.0146515130768178	0.00273860057510612
dmel-FBgn0025874	0.0534090909090909	0.0556818181818182	0.0321969696969697	0.0299242424242424
dmel-FBgn0025878	0.14903129657228	0.0238450074515648	0	0
dmel-FBgn0025879	0.0406971176864886	0.150052666858182	0.0185770372498324	0.002298190175237
dmel-FBgn0025885	0.0861589011089307	0.0808196048008031	0.0762104686715649	0.0255556062611236
dmel-FBgn0025936	0.142939982603653	0.188750362423891	0.0695853870687156	0.0724847781965787
dmel-FBgn0026015	0.025487376158517	0.0298018536273569	0.0127037392138063	0.00575263662511985
dmel-FBgn0026056	0.0562939796716184	0.0768829814959603	0.0393536617148814	0.0166796976804795
dmel-FBgn0026058	0.430769230769231	0	0	0
dmel-FBgn0026059	0.0681003584229389	0.0924353895491416	0.0671571401622338	0.0505564987738163
dmel-FBgn0026060	0.0055746140651801	0.0055746140651801	0	0.00771869639794168
dmel-FBgn0026061	0.0222962877830135	0.0126422250316056	0.0683829444891391	0
dmel-FBgn0026063	0	0	0	0
dmel-FBgn0026064	0	0	0	0
dmel-FBgn0026076	0.0358320649416539	0.0742009132420091	0.0393835616438356	0.0115423642820903
dmel-FBgn0026077	0.0292971468336812	0.0882990356894323	0.000695894224077938	0
dmel-FBgn0026079	0.0546797046497705	0.0498902414687687	0.0309319497106366	0.0119736579525045
dmel-FBgn0026080	0.0412022292993631	0.0875796178343951	0.0455812101910828	0.0121417197452229
dmel-FBgn0026083	0.065865530879221	0.0692120474596899	0.0328567082445999	0.0196227563127472
dmel-FBgn0026084	0.0282465367406643	0.026514907072793	0.0569985802787816	0.00868503699879541
dmel-FBgn0026085	0.0519242516799022	0.0232131948686622	0	0
dmel-FBgn0026086	0.0540355677154583	0.0468536251709987	0.0194938440492476	0.00136798905608755
dmel-FBgn0026088	0.023871415815061	0.0627443198730032	0.0312531005060026	0.0132949697390614
dmel-FBgn0026089	0.021321400368518	0.0479950864262525	0.0277265947179081	0.0141265245239976
dmel-FBgn0026090	0.0363090242501877	0.0444807632845974	0.0428464154777154	0.0198772030566721
dmel-FBgn0026136	0.311348205625606	0	0	0
dmel-FBgn0026141	0.5966796875	0	0	0
dmel-FBgn0026143	0.0665091154625254	0.049291019581364	0.023970290344362	0.0114787305874409
dmel-FBgn0026144	0.0392276901342124	0.0880621615257829	0.00145985401459854	0
dmel-FBgn0026147	0.141450125733445	0.0220033528918692	0.0106873428331936	0.00712489522212906
dmel-FBgn0026148	0.0535353535353535	0.0373737373737374	0.0116161616161616	0
dmel-FBgn0026149	0.067413213885778	0.064053751399776	0.0232922732362822	0.0185890257558791
dmel-FBgn0026150	0.120756607791557	0.120756607791557	0.208944006012777	0.0736565201052236
dmel-FBgn0026160	0.0684996444655132	0.0519080350794027	0.0140633641463222	0.00284427589476179
dmel-FBgn0026174	0.519450800915332	0	0	0
dmel-FBgn0026175	0.440366972477064	0	0	0
dmel-FBgn0026176	0.191365227537923	0.0466744457409568	0	0
dmel-FBgn0026179	0.0458616010854816	0.0656037991858887	0.0382632293080054	0.0257123473541383
dmel-FBgn0026181	0.0707340025094101	0.116217063989962	0.0743412797992472	0.0150564617314931
dmel-FBgn0026189	0.089612315514441	0.0350963914977756	0.0467481110091096	0.0696278511404562
dmel-FBgn0026190	0.0446323816973015	0.23117911615174	0	0
dmel-FBgn0026192	0.0435585086747877	0.0484496124031008	0.030638612033961	0.0230712440014766
dmel-FBgn0026196	0.0859045939856988	0.0431971789597414	0.0383974924086591	0.00430992261729847
dmel-FBgn0026197	0.235915492957746	0.22887323943662	0	0
dmel-FBgn0026199	0.0492937165124209	0.0697515830491964	0.0263029712615684	0.0560155869459329
dmel-FBgn0026206	0.0532736884912566	0.0138267588450589	0.00813338755591704	0.00691337942252949
dmel-FBgn0026207	0.0957501280081928	0.0514592933947772	0.0194572452636968	0.0148489503328213
dmel-FBgn0026238	0.036871961102107	0.0525841887268143	0.0210696920583468	0.0351161534305781
dmel-FBgn0026239	0.238470873786408	0.0964805825242718	0.0861650485436893	0.0782766990291262
dmel-FBgn0026250	0.0248562529947293	0.0512355397357793	0.023418782942022	0.0208347593948936
dmel-FBgn0026252	0.0737068965517241	0.0719288793103448	0.0308189655172414	0.0174030172413794
dmel-FBgn0026255	0.295454545454545	0	0	0.227272727272727
dmel-FBgn0026257	0.0942760942760943	0.0242424242424242	0.00942760942760943	0
dmel-FBgn0026259	0.0797942495383803	0.0751780532840939	0.0371274070166184	0.0311263518860458
dmel-FBgn0026261	0.067874340747535	0.0593900481540931	0.0380646640678743	0.0227012153175877
dmel-FBgn0026262	0.0555506646711858	0.0630337177568449	0.0246500572233471	0.0266748833524078
dmel-FBgn0026263	0.0467967535831462	0.0488689345536177	0.00915213261958213	0.0172681747539285
dmel-FBgn0026268	0	0	0	0
dmel-FBgn0026309	0.103791773778921	0.0812982005141387	0.0356683804627249	0.0279562982005141
dmel-FBgn0026313	0.0600537795040334	0.0516880788766057	0.0371974902898118	0.0581117418583808
dmel-FBgn0026315	0.05506993006993	0.00786713286713286	0.251748251748252	0.00499500499500498
dmel-FBgn0026316	0.0264513272273882	0.0702882845090771	0.0347013447062388	0.0121419748770654
dmel-FBgn0026317	0.0617283950617286	0.0737358362929138	0.0397429392863183	0.0214780991036699
dmel-FBgn0026319	0.077948717948718	0.0497435897435897	0.0102564102564103	0
dmel-FBgn0026320	0.118038740920097	0.0450968523002422	0	0
dmel-FBgn0026323	0.0499051021547393	0.0715641397789439	0.0759182762085521	0.0197610807189907
dmel-FBgn0026324	0.0656940920623415	0.0495650598042768	0.032801739760783	0.0245559985501993
dmel-FBgn0026326	0.0655066530194472	0.0665301944728762	0.0240532241555783	0.0140736949846469
dmel-FBgn0026361	0.073868149324861	0.108022239872915	0	0
dmel-FBgn0026369	0.0367870192605437	0.0492351520406267	0.0406267418096241	0.0187031646745526
dmel-FBgn0026370	0.0781370880396102	0.0868791582856258	0.0223580380628191	0.0210428593532415
dmel-FBgn0026371	0.138321995464853	0.0267573696145125	0.019501133786848	0.00498866213151928
dmel-FBgn0026372	0.0510492436618346	0.0636290857259683	0.0319597536766041	0.018911797805406
dmel-FBgn0026373	0.064873417721519	0.0763009845288328	0.0258438818565401	0.0189873417721519
dmel-FBgn0026374	0.0644909126441274	0.0551104162595271	0.197381278092633	0.00273597811217511
dmel-FBgn0026375	0.0843450479233227	0.0400425985090522	0.0270500532481363	0.0210862619808307
dmel-FBgn0026376	0.05859375	0.0694754464285715	0.0159040178571429	0.00641741071428572
dmel-FBgn0026378	0.0317862165963432	0.049226441631505	0.0414908579465541	0.0120956399437412
dmel-FBgn0026379	0.0539088919832902	0.0525164113785558	0.0282474636960414	0.0318281281082156
dmel-FBgn0026380	0.103193172449139	0.279296744434788	0.0920293245983468	0.0328230496690955
dmel-FBgn0026393	0.0504555010511563	0.0315346881569727	0	0
dmel-FBgn0026400	0.0632799558255108	0.0651573716178908	0.0346769740474877	0.0172280508006626
dmel-FBgn0026401	0.0616059507915315	0.0508296776654588	0.0225061987411787	0.0404348655349989
dmel-FBgn0026402	0.121198568872987	0.0670840787119857	0.024597495527728	0.0147584973166369
dmel-FBgn0026403	0.0717918622848198	0.320618153364632	0	0.00352112676056338
dmel-FBgn0026404	0.0378111789572569	0.0557538750587131	0.0501174260216065	0.0128698919680601
dmel-FBgn0026409	0.0672464601451879	0.0610651908287214	0.0430963846762021	0.0288650902034069
dmel-FBgn0026411	0.129094412331406	0.0269749518304432	0	0
dmel-FBgn0026415	0.0308199432121061	0.0330120429499244	0.00388920921225835	0.056031809923739
dmel-FBgn0026417	0.0562796208530806	0.0627962085308056	0.0805687203791468	0.0278436018957347
dmel-FBgn0026418	0.0576062639821029	0.0662085863428146	0.0196548418024928	0.0160328113348248
dmel-FBgn0026427	0.0941217634709588	0.0619314205738279	0.0223932820153954	0.0209937018894332
dmel-FBgn0026428	0.0449786231567927	0.0195445423610505	0.0349882209231306	0.0712852281650816
dmel-FBgn0026430	0.0618878005342831	0.0365093499554764	0.0200356188780053	0.0102404274265361
dmel-FBgn0026431	0.102362204724409	0.0556102362204725	0.0383858267716535	0.0127952755905512
dmel-FBgn0026432	0.0939012584704743	0.0667957405614714	0.031945788964182	0.0164569215876089
dmel-FBgn0026433	0.111745513866232	0.0848287112561175	0.0277324632952691	0.0195758564437194
dmel-FBgn0026438	0.174242424242424	0.0208333333333334	0	0
dmel-FBgn0026439	0.0240106093390103	0.00411809869477212	0.00132616737628254	0.0791512528791792
dmel-FBgn0026441	0.0969321990203658	0.0556844547563805	0.0306780097963393	0.0190770817220933
dmel-FBgn0026479	0.207500475918523	0.175138016371597	0.086426803731201	0.0380734818199124
dmel-FBgn0026533	0.0534603421461897	0.0473691031622603	0.0277345775012961	0.0220969414204252
dmel-FBgn0026562	0.0560102870990875	0.0253962758723015	0	0.147852320779446
dmel-FBgn0026563	0.37567385444744	0	0.00741239892183288	0.0151617250673854
dmel-FBgn0026565	0.021405750798722	0	0.110223642172524	0
dmel-FBgn0026566	0.0562746645619574	0.0453038674033148	0.0234411996842936	0.0179952644041042
dmel-FBgn0026570	0.111747851002865	0.150429799426934	0.244985673352436	0.0687679083094556
dmel-FBgn0026573	0.091430914309143	0.059040590405904	0.030750307503075	0.022960229602296
dmel-FBgn0026575	0.0818128310771042	0.0474789091622523	0.0249166176182068	0.0255051991367471
dmel-FBgn0026576	0.042261765394521	0.0252868180753922	0.0210723483961601	0.0283306017326153
dmel-FBgn0026577	0.0917705735660851	0.0608478802992519	0.0301745635910224	0.027930174563591
dmel-FBgn0026582	0.0458945858730728	0.0613122983148082	0.0186446755109358	0
dmel-FBgn0026592	0.374269005847953	0	0	0
dmel-FBgn0026593	0.0228898426323319	0	0.0921951994913367	0.0171673819742489
dmel-FBgn0026597	0.0810700428833978	0.0669797835409433	0.0275678987134981	0.0165407392280988
dmel-FBgn0026598	0.0873058382431708	0.0899839314408141	0.0107123727905731	0.0048205677557579
dmel-FBgn0026602	0.0402118950156514	0.022393450517698	0.00770527329641225	0.00361184685769323
dmel-FBgn0026616	0.0681818181818181	0.0495867768595041	0	0
dmel-FBgn0026619	0.0331165637466528	0.0115306847368709	0.107820099458987	0.000929012514345047
dmel-FBgn0026620	0.0484403875231001	0.126673013384107	0.0182001456011647	0.00705605644845158
dmel-FBgn0026630	0.0746423387932822	0.0455110926809039	0.0191789342732739	0.021978021978022
dmel-FBgn0026634	0.0633887683779224	0.0400096408773198	0.0349481802844059	0.017353579175705
dmel-FBgn0026666	0.0814529444138691	0.0436617134470739	0.0366905155017428	0.0196294257934324
dmel-FBgn0026679	0.0648315827598697	0.0597609561752988	0.042013763129301	0.015574067366896
dmel-FBgn0026702	0.0729751403368083	0.0425020048115478	0.020850040096231	0.0200481154771451
dmel-FBgn0026713	0.056804321310333	0.0592437706917579	0.0317128419585294	0.0153336818261021
dmel-FBgn0026718	0.0427088482451804	0.00158180919426594	0.0930301532377658	0.013049925852694
dmel-FBgn0026721	0.0201595387592307	0.00916163171820087	0	0.0584054022035304
dmel-FBgn0026722	0.0923326133909287	0.0772138228941685	0.0345572354211663	0.0237580993520519
dmel-FBgn0026737	0.0596982287338727	0.0487644872075224	0.0262409796632408	0.0172753116116335
dmel-FBgn0026738	0.171134941912422	0.180518319928508	0.0603217158176943	0.0768543342269882
dmel-FBgn0026741	0.0467455621301776	0.0414201183431953	0.0307692307692308	0
dmel-FBgn0026749	0.0215176903140257	0.0550901090952927	0.0404436140075946	0.0135615695256464
dmel-FBgn0026751	0.101550387596899	0.0891472868217054	0.0286821705426357	0.0131782945736434
dmel-FBgn0026753	0.0206418733942636	0.0528155666933412	0.0198921787474202	0.00323042580971234
dmel-FBgn0026755	0.0055614406779661	0	0.0966631355932206	0
dmel-FBgn0026760	0.0114514743773261	0	0.0386487260234755	0
dmel-FBgn0026761	0.124765581908439	0.0751241036955323	0.0341974627688912	0.0212906784335356
dmel-FBgn0026777	0.0306808782908597	0.0738619516534279	0.0254841679801495	0.0134989622185115
dmel-FBgn0026778	0	0	0	0
dmel-FBgn0026787	0.0654182579770851	0.0542072194160405	0.0608599236171	0.00837747936429717
dmel-FBgn0026869	0.0277214956713943	0.0513906796831829	0.00580217351261742	0.0153803647080494
dmel-FBgn0026872	0.0309779825908858	0.0463389656938044	0.0606758832565284	0.00998463901689708
dmel-FBgn0026873	0.0640337423312882	0.0709355828220857	0.0297162576687117	0.0247315950920246
dmel-FBgn0026876	0.0993377483443709	0.045253863134658	0.0242825607064018	0
dmel-FBgn0026878	0.0330578512396694	0	0.021763085399449	0.210743801652893
dmel-FBgn0026879	0.0268482855800845	0.0684828558008455	0.037426021606388	0.0130953499295444
dmel-FBgn0027052	0.0381125226860254	0.0725952813067151	0.0339243333798688	0.0402764204942063
dmel-FBgn0027053	0.0570467396750412	0.0669959201202491	0.0338558442488012	0.021329897645122
dmel-FBgn0027054	0.0489550204452521	0.0736597001363016	0.0336778736937756	0.0212971376646979
dmel-FBgn0027055	0.0556169429097607	0.0622467771639043	0.0693922651933702	0.0480294659300183
dmel-FBgn0027057	0.0586986068637444	0.0742439687393815	0.035338090383962	0.0270981991165477
dmel-FBgn0027066	0.0651728415035324	0.0579463948659872	0.0208973736720056	0.0338132988189613
dmel-FBgn0027070	0.0491877256317689	0.0315884476534295	0	0.0907039711191335
dmel-FBgn0027073	0.00552599263200983	0	0.0229226361031519	0.0184199754400328
dmel-FBgn0027074	0.51063829787234	0	0	0
dmel-FBgn0027079	0.0474444444444444	0.0427777777777777	0.028	0.0142222222222222
dmel-FBgn0027080	0.0501591671685452	0.0786802030456853	0.0301557257162523	0.0333390690871547
dmel-FBgn0027081	0.0548780487804878	0.0662565331010453	0.0236280487804879	0.0176393728222996
dmel-FBgn0027082	0.0481077613855035	0.0461834509300834	0.0429762668377164	0
dmel-FBgn0027083	0.052863436123348	0.0308370044052863	0.0161527165932452	0
dmel-FBgn0027084	0.0497874601487779	0.0634962805526036	0.0207757704569606	0.0163655685441021
dmel-FBgn0027085	0.07124148768989	0.0780513357778943	0.0644316396018858	0.0214772132006287
dmel-FBgn0027086	0.0664762114053402	0.0630699923085374	0.0286781672343698	0.0273596308098011
dmel-FBgn0027087	0.030347153038547	0.0467468771553375	0.0206912407081002	0.00659054333665416
dmel-FBgn0027088	0.0644652848924266	0.0588698873039641	0.0304200488612184	0.0254551186066673
dmel-FBgn0027090	0.0609891777081016	0.0667543238596136	0.0312531607160918	0.0287245878426216
dmel-FBgn0027091	0.163755458515284	0.174672489082969	0.0890829694323144	0.0694323144104804
dmel-FBgn0027093	0.0533139599865877	0.064043813568794	0.0334190231362468	0.0300659438918073
dmel-FBgn0027094	0.0604300173683894	0.0592321974007307	0.0208420674372642	0.0173084985326705
dmel-FBgn0027095	0.0531663443533782	0.0509561960892654	0.0152254658194431	0.0278417288270866
dmel-FBgn0027101	0.0332572164646642	0.0560337256279642	0.0268751097839452	0.0356578253996136
dmel-FBgn0027106	0.0178390913956116	0	0.115716239519534	0.00166498186359041
dmel-FBgn0027107	0.519480519480519	0	0	0
dmel-FBgn0027108	0.036072788409237	0.0448004747070168	0.00754091875587205	0.00341195668298472
dmel-FBgn0027109	0.0484247374562428	0	0.130105017502917	0
dmel-FBgn0027111	0.177883272828819	0.0268081541468864	0	0
dmel-FBgn0027259	0.109561752988048	0.0637450199203186	0.0448207171314741	0
dmel-FBgn0027279	0.0530726256983239	0.0311673037341958	0.0491032049397235	0.058659217877095
dmel-FBgn0027280	0.0361060089215429	0.0360535292574128	0.0430858042508529	0.0590396221464183
dmel-FBgn0027287	0.0490460493457198	0.0248726400958945	0.0622315453001699	0.0156827489761262
dmel-FBgn0027291	0.149064106294249	0.215885947046843	0.0748714964600911	0.0665308893414801
dmel-FBgn0027296	0.056140350877193	0.0538011695906433	0.0222222222222223	0.0181286549707602
dmel-FBgn0027329	0.0606011320018216	0.0760523062910676	0.0296662546353523	0.00969357881725327
dmel-FBgn0027330	0.074384494499738	0.0471451021477213	0.0319539025667888	0.00471451021477213
dmel-FBgn0027334	0.0570805308125797	0.0610798036720596	0.0438102163243046	0
dmel-FBgn0027335	0.0516390029151049	0.0552085192456422	0.0746028913082277	0.0193943720625856
dmel-FBgn0027338	0.0451881213854051	0.062655143284164	0.0330885697576191	0.0283709142894275
dmel-FBgn0027339	0.0490528851417934	0.0442351910653675	0.0136866308989379	0.0192707763057046
dmel-FBgn0027341	0.0388488858616327	0.114041062566897	0.000340566313126399	0
dmel-FBgn0027342	0.0496284501061571	0.0581210191082803	0.0751061571125266	0.00716560509554141
dmel-FBgn0027343	0.0831447963800905	0.0282805429864254	0.0277149321266968	0
dmel-FBgn0027348	0.0165599658557405	0.0030729833546735	0.0830559112249252	0.00580452411438328
dmel-FBgn0027356	0.044824636441403	0.0915312232677503	0.00615911035072711	0.0267750213857997
dmel-FBgn0027358	0	0	0	0
dmel-FBgn0027359	0.0739456961294049	0.0290294627383016	0.0166811091854419	0.0523541305603698
dmel-FBgn0027360	0	0	0	0
dmel-FBgn0027363	0.0387128289674544	0.0388349514563107	0.0885998656652622	0.0259204982597545
dmel-FBgn0027364	0.485714285714286	0	0	0
dmel-FBgn0027375	0.0644783118405627	0.108440797186401	0.0345838218053927	0.0184642438452521
dmel-FBgn0027376	0.340478564307079	0	0	0.00199401794616151
dmel-FBgn0027378	0.066679626749611	0.0878693623639193	0.0291601866251944	0.0248833592534992
dmel-FBgn0027453	0.0665452739612647	0.0407217348121172	0.0273133587154445	0.00794570435358385
dmel-FBgn0027490	0.0859977949283352	0.0562293274531422	0.0352811466372658	0.0154355016538038
dmel-FBgn0027491	0.187648456057007	0.0261282660332541	0	0
dmel-FBgn0027492	0.051647373107747	0.0450030824029043	0.0303445441468594	0.0179464346873073
dmel-FBgn0027493	0.0628485729015325	0.0432113230538501	0.0512724375497961	0.00913905422505506
dmel-FBgn0027494	0.351659751037344	0	0	0
dmel-FBgn0027495	0.114161365918982	0.0729829260127216	0.0239370605959157	0.0152326749246736
dmel-FBgn0027496	0.0530585508414794	0.0561826060667137	0.0396553461654741	0.028066109039605
dmel-FBgn0027497	0.0628497632371933	0.0865260439087387	0.041182379107476	0.0127708423016215
dmel-FBgn0027498	0	0	0	0
dmel-FBgn0027499	0.190209077001529	0.166241713411525	0.0795512493625701	0.0407955124936258
dmel-FBgn0027500	0.163330664531625	0.0360288230584468	0.0216172938350681	0
dmel-FBgn0027503	0.0887681159420289	0.0566123188405797	0.0317028985507246	0.0208333333333333
dmel-FBgn0027504	0.0972721505603719	0.0714738845421867	0.0408120109959822	0.0183971241277226
dmel-FBgn0027505	0.156413520011314	0.0370527506717579	0.0606703436571914	0.0302644604723519
dmel-FBgn0027506	0.0543123805240077	0.0952434499044191	0.0619588440346341	0.0110199032947262
dmel-FBgn0027507	0.0466862553052563	0.0414626183480248	0.030035912504081	0.0281858744150615
dmel-FBgn0027508	0.0503274087932647	0.0602432179607107	0.0579981290926097	0.0121608980355473
dmel-FBgn0027509	0.113234591495461	0.0664118490205448	0.0298614429049212	0.0152890587673196
dmel-FBgn0027512	0.229636048526863	0.0467937608318891	0.0184142114384748	0.016681109185442
dmel-FBgn0027513	0.281292059219381	0.0403768506056528	0	0
dmel-FBgn0027514	0.0767311291328759	0.0467872738615097	0.034934497816594	0.0143480973175296
dmel-FBgn0027515	0.0636305934623928	0.138606791494764	0.0137258013329102	0.0246747064423993
dmel-FBgn0027518	0.0659340659340659	0.0714285714285715	0.0544455544455544	0.036963036963037
dmel-FBgn0027521	0.131434830230011	0.0460021905805038	0.0219058050383352	0
dmel-FBgn0027524	0.0742552245442419	0.0542463317029791	0.0294945901882318	0.0198606788202164
dmel-FBgn0027525	0.0316226136437678	0.0650913276719588	0.0187867862650131	0.0199813218078753
dmel-FBgn0027526	0.059881638374085	0.110263198878679	0.0358978352281577	0.0194673726833827
dmel-FBgn0027527	0.569767441860465	0	0	0
dmel-FBgn0027528	0.0724536226811341	0.0679033951697583	0.0418270913545677	0.0015750787539377
dmel-FBgn0027529	0.0435366993922393	0.0698340345956054	0.0524777933613838	0.0372253389434315
dmel-FBgn0027532	0.0565644881434355	0.0718334297281666	0.0685945633314056	0.0283400809716599
dmel-FBgn0027535	0.0555845511482255	0.0446242171189979	0.0349686847599165	0.0649791231732777
dmel-FBgn0027537	0.102283818075347	0.0853015811048216	0.0304509076712863	0.0124926800702713
dmel-FBgn0027538	0.0444155361456979	0.0596543393421297	0.0314068017097194	0.0537074893142539
dmel-FBgn0027539	0.0918670964542524	0.022687825440119	0.0747582444830151	0.0119018100669477
dmel-FBgn0027546	0.102272727272727	0.0873205741626795	0	0
dmel-FBgn0027547	0.0287258747536249	0.0326288468668891	0.0290185976621198	0.0406884842807799
dmel-FBgn0027548	0.072913283533615	0.0578109775901268	0.0256576810652809	0.0157518674894446
dmel-FBgn0027549	0.0689345962001906	0.0543630555399876	0.0450596872723197	0.0229221543462422
dmel-FBgn0027550	0.15632183908046	0	0.0459770114942528	0
dmel-FBgn0027552	0.0275109170305677	0.00315034310667499	0.0167186525265128	0.121490954460386
dmel-FBgn0027553	0.0647155812036273	0.0490519373454246	0.0469909315746084	0.0210222588623248
dmel-FBgn0027554	0.0999595032397409	0.0631749460043197	0.0276052915766738	0.0304400647948163
dmel-FBgn0027556	0.0516990345630894	0.0207199336962121	0.0126335595726094	0.00197119369218018
dmel-FBgn0027558	0.0683843471522667	0.0771018984889579	0.0203409531189461	0.0164664858581945
dmel-FBgn0027559	0.0635103926096997	0.0550423402617398	0.0623556581986143	0.0238645111624327
dmel-FBgn0027560	0.0490731939163497	0.00100998098859316	0	0.186608840304182
dmel-FBgn0027561	0.0617898832684826	0.0505058365758754	0.0289494163424124	0.0634241245136187
dmel-FBgn0027562	0.638888888888888	0	0	0
dmel-FBgn0027563	0	0	0	0
dmel-FBgn0027564	0.0416738123820957	0.0318984736751844	0.0519636425998971	0.0368718916137884
dmel-FBgn0027565	0.0617168980697596	0.136302065695903	0.0782255333559093	0.0346258042668472
dmel-FBgn0027567	0.0591973946843156	0.0776867317995588	0.0204853450992751	0.0346149805651855
dmel-FBgn0027568	0.0947330897424471	0.0644327600035648	0.0275376526156314	0.0327065323946171
dmel-FBgn0027569	0.0429708632815518	0.0324600046371435	0.0555684365097767	0.0508540072648581
dmel-FBgn0027570	0.0235373390956829	0.0840652446675031	0.00123146986384126	0.0112458757377201
dmel-FBgn0027571	0.0358233823937795	0.00441235459286001	0.0160449257922182	0.090345274460798
dmel-FBgn0027572	0.0218732043669795	0.0324075847538786	0.0472706378088489	0.0285385941390538
dmel-FBgn0027574	0.0742223591007083	0.0809978441638435	0.0425007699414844	0.0274099168463197
dmel-FBgn0027575	0.156202143950995	0.0290964777947932	0	0
dmel-FBgn0027578	0.0327900849028984	0.00169155199895904	0.0112878566084383	0.376467909306789
dmel-FBgn0027579	0.045044524112409	0.0327281137966926	0.0874869897074129	0.0573609344281254
dmel-FBgn0027580	0.0378946829742592	0.0972058748272863	0.00529655595926513	0.0584796069801956
dmel-FBgn0027581	0.000994733762434173	0	0	0
dmel-FBgn0027582	0.116649738260802	0.0485975466833346	0.0228924134698023	0.0253144776935698
dmel-FBgn0027583	0.0466571326421166	0.0370039327851269	0.0357525920629246	0.0180550589917769
dmel-FBgn0027584	0.0111290782840293	0.0278702558736802	0	0
dmel-FBgn0027585	0.0364113685652324	0.13577217212647	0.00239698664536012	0
dmel-FBgn0027586	0.0985556499575191	0.198810535259133	0.175870858113849	0
dmel-FBgn0027587	0.0579150579150579	0.0640926640926643	0.0260617760617761	0.0189189189189189
dmel-FBgn0027588	0.0769473435158653	0.06832461421173	0.0351744262467467	0.0286548016509372
dmel-FBgn0027589	0.117647058823529	0	0	0
dmel-FBgn0027590	0.0287132853443905	0.0263464635589525	0.028651000560563	0.0458682943756839
dmel-FBgn0027592	0.080636412945218	0.0616525040679807	0.0300126559392515	0.018622310612909
dmel-FBgn0027594	0.0328669431417387	0.0311615828843843	0.0918956629588	0.0126739273671563
dmel-FBgn0027596	0.0553787396562699	0.0359007001909612	0.0117122851686824	0.00967536600891151
dmel-FBgn0027597	0.050120660850195	0.0603304250974567	0.0378689437534806	0.0165212548728421
dmel-FBgn0027598	0.0530575539568345	0.0763639088729017	0.0489358513189449	0.013189448441247
dmel-FBgn0027599	0.0872462890033323	0.074522871857013	0.040896697970312	0.0212056952438655
dmel-FBgn0027600	0.0803208314505196	0.139855399909625	0.00372797107998192	0
dmel-FBgn0027601	0.0281849483521889	0.0643999016232171	0.0249262174126906	0.0501598622725038
dmel-FBgn0027602	0.0671296296296296	0.0486111111111111	0.0308641975308641	0.00925925925925926
dmel-FBgn0027603	0.204469273743017	0.157914338919925	0.0666666666666667	0.0562383612662942
dmel-FBgn0027605	0.0346840876096699	0.0711670769424983	0.0404595089313892	0.0183046140251215
dmel-FBgn0027607	0.0548603746907035	0.0454577589254153	0.0317426652527395	0.015553199010251
dmel-FBgn0027608	0.0335452953644825	0.0641415537738457	0.00101373145332228	0
dmel-FBgn0027609	0.0857210513852713	0.0821690741179259	0.0274686242008051	0.029126213592233
dmel-FBgn0027610	0.034303739239009	0.0411382006965894	0.0318722481435238	0.0159689820595387
dmel-FBgn0027611	0.020495409493135	0.0107416200421696	0.00923912141185064	0.148240997459864
dmel-FBgn0027615	0.201544593921276	0.0224215246636771	0.0211758844045839	0.00672645739910313
dmel-FBgn0027616	0.0698371235402582	0.0772894898586355	0.0224339274738783	0.0169022741241549
dmel-FBgn0027617	0.046953046953047	0.0539460539460539	0	0
dmel-FBgn0027619	0.0551355741596901	0.0701924278395602	0.031488191928027	0.0295514182181682
dmel-FBgn0027620	0.104746835443038	0.0607594936708861	0.0373417721518987	0.0161392405063291
dmel-FBgn0027621	0.0308620078041859	0.0215797564148044	0.0507863308501832	0.0454061724015608
dmel-FBgn0027654	0.10668185269552	0.248291571753987	0.00493545937737282	0.118451025056948
dmel-FBgn0027655	0.0599267083423152	0.0495796507868076	0.0489329596895883	0.0319034274628153
dmel-FBgn0027657	0.0245768606538372	0.0133317876188268	0.0187804312543473	0.0384882912126131
dmel-FBgn0027660	0.0445060018467222	0.129455216989843	0.00304709141274238	0.00618651892890119
dmel-FBgn0027779	0.041877053026748	0.0632754575316754	0.0344626935710934	0.0140591271703426
dmel-FBgn0027780	0.0872794800371401	0.0714948932219128	0.0362116991643454	0.0362116991643454
dmel-FBgn0027783	0.114396509936985	0.0353853611245758	0.0198739699466796	0.00387784779447407
dmel-FBgn0027784	0.0570142535633909	0.0495123780945236	0.0423855963990998	0.0165041260315079
dmel-FBgn0027785	0.0486021740916186	0.0636893841899181	0.0360614441006544	0.0210289970154158
dmel-FBgn0027786	0.0770108125370683	0.0739997262648844	0.0220812993293489	0.0488160956248004
dmel-FBgn0027788	0.150259067357513	0	0	0
dmel-FBgn0027790	0.0324979201331114	0.126871880199667	0.00218386023294509	0
dmel-FBgn0027791	0.0551640340218713	0.0500607533414338	0.0668286755771568	0.0199270959902795
dmel-FBgn0027793	0.0577897938492734	0	0	0.112200067590402
dmel-FBgn0027794	0.0707836764174792	0.0689779703864211	0.0353918382087397	0.0101119537739256
dmel-FBgn0027795	0.261047835990888	0.0177676537585421	0	0
dmel-FBgn0027835	0.0478063309022872	0.0452098209171789	0.0182901218068654	0.0525984191836267
dmel-FBgn0027836	0.0475761217948717	0.0361578525641025	0.0268429487179487	0.0100160256410256
dmel-FBgn0027841	0.0683629675045984	0.0551808706315144	0.0239117106069896	0.0125689760882894
dmel-FBgn0027843	0.0655505219617885	0.244238723655702	0.0193027378373054	0.0011818002757534
dmel-FBgn0027844	0.00198228013927672	0.0158754783328162	0.00749819009204674	0.000482642120867376
dmel-FBgn0027864	0.0560398505603985	0.0846824408468244	0.0504358655043587	0.0410958904109589
dmel-FBgn0027865	0.0378305582761998	0.0247306562193927	0.00232615083251714	0.11422624877571
dmel-FBgn0027866	0.0739061159455815	0.0693712464762839	0.0270866527760755	0.0252481921804143
dmel-FBgn0027868	0.076437587657784	0.0591397849462365	0.0273492286115007	0.0114539504441327
dmel-FBgn0027872	0.0528425655976676	0.049198250728863	0.0251457725947522	0.00728862973760934
dmel-FBgn0027873	0.0421263791374122	0.0448010698762955	0.0254095620193915	0.018555667001003
dmel-FBgn0027885	0.079413404227949	0.0623472406843618	0.0293726684104455	0.0322456155396424
dmel-FBgn0027889	0.130493971217425	0.0394788020225593	0.0122520420070012	0.00486192143134967
dmel-FBgn0027903	0.126856435643564	0.0643564356435644	0.0303217821782178	0
dmel-FBgn0027929	0.0807730426164519	0.0619425173439049	0	0.0232903865213083
dmel-FBgn0027932	0.0542432443921724	0.0345892788822604	0.0437006702469853	0.0788567541908149
dmel-FBgn0027945	0.0397100157674642	0.00702680468910676	0.00440460684170837	0.127390827449099
dmel-FBgn0027948	0.0783228511530398	0.0669182389937107	0.0349685534591195	0.0174423480083857
dmel-FBgn0027949	0.205043859649123	0.0380116959064328	0.0109649122807018	0
dmel-FBgn0027950	0.0791024909678648	0.0779615896558283	0.026050579958167	0.0195854725232934
dmel-FBgn0027951	0.0608275241736001	0.064987632111536	0.0239487294805487	0.0320440746570722
dmel-FBgn0028292	0.0430167597765363	0.0438547486033519	0.0432960893854749	0.0139664804469274
dmel-FBgn0028325	0.0351533283470456	0.0636748940413863	0.0202443280977312	0.0239840438793318
dmel-FBgn0028327	0.0517504554630952	0.0546719845060481	0.0185960247509315	0.040113578544816
dmel-FBgn0028331	0.0510620038618323	0.0626279963332097	0.0880809814515027	0.0170076651518403
dmel-FBgn0028336	0.0376960674695715	0.0719739322109701	0.0176021467590966	0.015174264447497
dmel-FBgn0028341	0.115919140871762	0.173720783322805	0.0928616550852812	0.0799115603284902
dmel-FBgn0028342	0.00784447476125514	0.0108927353342428	0.00547834242837654	0.0034106412005457
dmel-FBgn0028343	0.0789936426349251	0.069660489652374	0.0262410388205059	0.032192614635466
dmel-FBgn0028360	0.0913834438020026	0.0946269919616417	0.0121280496403892	0.0176279791284727
dmel-FBgn0028369	0.0937499999999999	0.046875	0	0
dmel-FBgn0028370	0.223529411764706	0	0	0
dmel-FBgn0028371	0.0360949081180649	0.127011973159072	0.00114030086399719	0.000526292706460243
dmel-FBgn0028372	0.154300479881875	0.0428202288667405	0.0236249538575119	0.00996677740863787
dmel-FBgn0028374	0.283018867924528	0	0	0
dmel-FBgn0028375	0.0396039603960396	0.0408640864086409	0.0145814581458146	0.0131413141314131
dmel-FBgn0028379	0.313825448613377	0	0	0
dmel-FBgn0028380	0.0485530105609656	0.0244136606775477	0.0153614044712659	0.0105609655739954
dmel-FBgn0028381	0.0331782600217288	0	0.171044934117057	0.00885867899824497
dmel-FBgn0028382	0.0660522273425501	0.0639400921658986	0.0435867895545315	0.0240015360983103
dmel-FBgn0028387	0.0703001579778831	0.0703001579778831	0.0347551342812006	0.018957345971564
dmel-FBgn0028394	0.0382571732199787	0.0621270334341534	0.0813373661407669	0.00580397286029593
dmel-FBgn0028396	0.0675450980392157	0.00373333333333333	0	0.494305882352942
dmel-FBgn0028397	0.109148264984227	0.01198738170347	0.00694006309148266	0.0056782334384858
dmel-FBgn0028398	0.0406497745997201	0.0575159334680554	0.0596922120317115	0.035286802424996
dmel-FBgn0028399	0.038989386374178	0.0592207579602193	0.0710076123434558	0.0172437314125126
dmel-FBgn0028400	0.176553672316384	0.0240112994350282	0	0
dmel-FBgn0028402	0.0776435789992605	0.0631008134089228	0.0443677594281488	0.03179689425684
dmel-FBgn0028406	0.0198532585239534	0.0215796288303842	0.0189900733707381	0.0142425550280535
dmel-FBgn0028407	0.0804749340369392	0.025065963060686	0	0
dmel-FBgn0028408	0.151111111111111	0	0.0222222222222223	0
dmel-FBgn0028410	0.334593572778828	0	0	0
dmel-FBgn0028411	0.0634207689543659	0.117499101688825	0.0503054257994969	0.0167085878548329
dmel-FBgn0028412	0.40505535826196	0	0	0.00229789011907249
dmel-FBgn0028418	0	0	0	0
dmel-FBgn0028421	0.0461661983139302	0.0708550782818147	0.0399437976716178	0.0114411882778001
dmel-FBgn0028422	0.0472843450479233	0.248562300319489	0	0
dmel-FBgn0028424	0.0138266068759343	0	0.0306427503736921	0
dmel-FBgn0028425	0.0520398912058024	0.0297370806890299	0.0313689936536718	0.00398912058023572
dmel-FBgn0028426	0.0503384094754654	0.076565143824027	0.0207275803722504	0.0126903553299492
dmel-FBgn0028427	0.036466649497811	0.0680916816894155	0.0382693793458667	0.0112799381921195
dmel-FBgn0028429	0.0675718345437322	0.0554678454899485	0.0256815072097674	0.0239974739501105
dmel-FBgn0028430	0.101802240623478	0.130053580126644	0	0.0482221139795422
dmel-FBgn0028434	0.0565006075334143	0.0382746051032807	0.0176184690157959	0
dmel-FBgn0028436	0.0684365781710915	0.071386430678466	0.0353982300884956	0.0330383480825959
dmel-FBgn0028467	0.0806063181753791	0.0480237994050149	0.0334324975208953	0.0375407281484629
dmel-FBgn0028468	0.0482684850915897	0.112047065115657	0.0303516512902795	0.0072202166064982
dmel-FBgn0028471	0.0756205056831363	0.0677337044769194	0.0352586406866156	0.0183252145673857
dmel-FBgn0028473	0.0350577461901182	0.069098005269672	0.0158621684624555	0.0234022035429812
dmel-FBgn0028474	0.0747345221398516	0.0695251452614709	0.0316569825686236	0.0172310158284913
dmel-FBgn0028475	0.0853031860226105	0.0494110206340421	0.0324136295359318	0.0258518459957309
dmel-FBgn0028476	0.0888510223953264	0.0501460564751704	0.0374878286270691	0.0233690360272639
dmel-FBgn0028479	0.0434499138452941	0.0590509011316537	0.0240068923764728	0.0699250221208028
dmel-FBgn0028480	0.0489835120858012	0.0409796702417161	0.0363374419721466	0.0461021290219305
dmel-FBgn0028481	0.172340425531915	0	0	0
dmel-FBgn0028482	0.127906976744186	0.135658914728682	0.0180878552971576	0.0568475452196383
dmel-FBgn0028484	0.120532882216113	0.097695072954113	0.0226263480651301	0.021991964474519
dmel-FBgn0028487	0.134416543574594	0.0500369276218611	0.04006646971935	0.00886262924667651
dmel-FBgn0028490	0.0362983060790497	0.0823983769646305	0.00207768081933954	0.0825083718315367
dmel-FBgn0028491	0.0197594501718213	0.0180152035822139	0.0283505154639175	0
dmel-FBgn0028494	0.0349005334795832	0.0627212444533081	0.0249289524854166	0.00189460038889166
dmel-FBgn0028496	0.0685579196217494	0.0189125295508274	0.0425531914893617	0
dmel-FBgn0028497	0.140571982549685	0.116820164808531	0.190984003877848	0.0426563257392147
dmel-FBgn0028499	0.0709714950552647	0.0721349621873181	0.0186154741128564	0.012216404886562
dmel-FBgn0028500	0.0681283107710417	0.0544437904649793	0.0392878163625662	0.0266333137139494
dmel-FBgn0028504	0.0526315789473683	0.0400457665903891	0.0148741418764302	0.017162471395881
dmel-FBgn0028506	0.0647231673368388	0.0841323847819363	0.00896999690689762	0.00417568821527992
dmel-FBgn0028507	0.0576028622540249	0.0513416815742397	0.0302325581395349	0.0214669051878354
dmel-FBgn0028509	0.0371090298639336	0.0346350945396714	0.0687400600812864	0.0147552571125641
dmel-FBgn0028513	0.434054431263084	0	0	0.00255873458943941
dmel-FBgn0028514	0.133382461311717	0.0184229918938836	0	0.423728813559323
dmel-FBgn0028515	0.0395668264573657	0.0597352276396513	0.023769901393408	0.0192245597476466
dmel-FBgn0028516	0.189001848428835	0	0	0
dmel-FBgn0028518	0.0233782319244466	0	0.127496516488621	0
dmel-FBgn0028519	0.0364547926580557	0.000764785859959212	0	0.154600045320643
dmel-FBgn0028520	0.378226711560044	0	0	0
dmel-FBgn0028523	0.0687721369539552	0.0779220779220779	0	0.00944510035419129
dmel-FBgn0028526	0.106896551724138	0	0	0.339655172413793
dmel-FBgn0028527	0.0422280086040982	0.065662855202083	0.00724555643609192	0
dmel-FBgn0028530	0.0467314964883847	0.0588870880605079	0.0380875202593193	0.0421393841166937
dmel-FBgn0028531	0.599378881987578	0	0	0
dmel-FBgn0028532	0.0256561679790026	0	0.149409448818898	0
dmel-FBgn0028533	0.019835758625343	2.24911160091764e-05	0.15249960640547	0
dmel-FBgn0028534	0.0141441000163273	0	0.108690784409768	0
dmel-FBgn0028538	0.0902157073054461	0.0464783696818019	0.0457633178405434	0.0249076391371708
dmel-FBgn0028539	0.0574117940406433	0.0572871213065702	0.0642064580476249	0.0832813863608028
dmel-FBgn0028540	0.0676656151419559	0.0222397476340694	0.113722397476341	0.0470031545741325
dmel-FBgn0028541	0.0630601534113847	0.0495761001211143	0.0341542188130803	0.0381913605167542
dmel-FBgn0028542	0.0698349834983498	0.0246864686468647	0	0.153003300330033
dmel-FBgn0028543	0.029953713258056	0.00297768212506265	0	0.109584598602553
dmel-FBgn0028544	0.055218350042056	0.0966150628566235	0	0
dmel-FBgn0028546	0.030594291672097	0.0976150136843478	0.0174964160041705	0.0160302358920891
dmel-FBgn0028550	0.04628358501667	0.0768778191802317	0.0337321043341832	0.00706020788389881
dmel-FBgn0028552	0.0201639344262295	0.0175409836065574	0.0334426229508197	0.00901639344262293
dmel-FBgn0028554	0.140848071595994	0.0916258256978477	0.0298316641806947	0.0093756658853612
dmel-FBgn0028560	0.354100589034889	0	0	0.00181241504304486
dmel-FBgn0028561	0.474285714285715	0	0	0
dmel-FBgn0028562	0.0610687022900764	0.0865139949109413	0.0687022900763359	0.0610687022900764
dmel-FBgn0028563	0.0528196214754731	0.0579374275782156	0.0311896485129395	0.074835843955195
dmel-FBgn0028567	0.380484931775793	0	0	0
dmel-FBgn0028569	0.641860465116279	0	0	0
dmel-FBgn0028570	0.318693693693694	0	0	0
dmel-FBgn0028572	0.0956473005791147	0.00504390061647675	0.0797683541939098	0.0560433401830749
dmel-FBgn0028573	0	0	0	0
dmel-FBgn0028577	0.0566107094718784	0.0721725278764858	0.0346771229016052	0.0272638157088591
dmel-FBgn0028579	0.148722627737226	0.0525547445255475	0.0408759124087592	0.0162408759124088
dmel-FBgn0028581	0	0	0	0
dmel-FBgn0028582	0.0271260060469276	0.0459268406932675	0.0422646169569476	0.0066643955201635
dmel-FBgn0028583	0.95	0	0	0
dmel-FBgn0028622	0.0319366725808653	0.110550020472226	0.00141940767026068	0
dmel-FBgn0028644	0.142857142857143	0	0	0
dmel-FBgn0028645	0.517241379310345	0	0	0
dmel-FBgn0028646	0.0361609907120744	0.0282352941176471	0.013374613003096	0.125015479876161
dmel-FBgn0028647	0.0711991434689507	0.0642398286937902	0.0438972162740899	0.0246252676659528
dmel-FBgn0028648	0.0559908818920074	0.0937455477988316	0.0363299615329819	0.0212280951702522
dmel-FBgn0028658	0.289156626506024	0.216867469879518	0	0
dmel-FBgn0028662	0.0343498641377893	0.0601257943338421	0.037424355601745	0.010663289056326
dmel-FBgn0028663	0.0226086381957139	0.0324758275884854	0.025978459573156	0.0102526264784265
dmel-FBgn0028664	0.0422150059818835	0.100153819859853	0.0464877798666894	0.0329003589130062
dmel-FBgn0028665	0.038210695925727	0.0597866953119007	0.0355098595872017	0.0102202102355559
dmel-FBgn0028667	0.317939609236235	0	0	0
dmel-FBgn0028669	0.42429737080689	0	0	0
dmel-FBgn0028670	0.0501220093680756	0.0920820127338509	0.0215129161641377	0.00367430510756458
dmel-FBgn0028671	0.0437400318979267	0.058213716108453	0.0480063795853269	0.0723285486443381
dmel-FBgn0028675	0.0667726550079491	0.187599364069952	0.0222575516693164	0
dmel-FBgn0028683	0.0645378151260504	0.0514285714285714	0.0164705882352941	0.0317647058823529
dmel-FBgn0028684	0.0347340163260835	0.11166383608174	0.0350517723114007	0.0137073357804197
dmel-FBgn0028685	0.0795569768348803	0.306001871928867	0.0916270181733092	0.0274354574526168
dmel-FBgn0028686	0.0403171990390603	0.142817421478779	0.057356081501913	0.0122341845359908
dmel-FBgn0028687	0.08051745939111	0.275907012936485	0.114560840385176	0.0304445092889797
dmel-FBgn0028688	0.039298109465606	0.121267973010843	0.0378538015477808	0.0135700273771799
dmel-FBgn0028689	0.0446696953135675	0.0979556633419867	0.0463605000683154	0.0187013253176663
dmel-FBgn0028690	0.0363426460401756	0.126760563380282	0.0351419995382128	0.013364119141076
dmel-FBgn0028691	0.029966820567737	0.107710268068746	0.0286852869406456	0.0122360128504468
dmel-FBgn0028692	0.0402087013345042	0.113642165021085	0.0406477501301831	0.0128447298828863
dmel-FBgn0028693	0.03171147185903	0.10447525467324	0.0475728483918641	0.0113714562909649
dmel-FBgn0028694	0.0303590413519466	0.11548804469429	0.0372938830249251	0.00985331211651646
dmel-FBgn0028695	0.042849088517196	0.121198033610619	0.0419489807020842	0.0117014015964549
dmel-FBgn0028697	0.0340694217555806	0.0511349718658088	0.0292567392534086	0.0312427858224119
dmel-FBgn0028699	0.0633172746042671	0.100481761871989	0	0
dmel-FBgn0028700	0.0831781502172564	0.0968342644320298	0.0335195530726257	0.0155183116076971
dmel-FBgn0028703	0.0349680432645035	0.0433874139626351	0.133235004916421	0.00620698131760079
dmel-FBgn0028704	0.163701067615658	0.0355871886120996	0	0
dmel-FBgn0028707	0.0559772296015181	0.0559772296015181	0.0265654648956357	0
dmel-FBgn0028708	0.0519882940265107	0.0700636942675161	0.0246169736615597	0.0290927870545705
dmel-FBgn0028717	0.0492502742898941	0.0676581738388395	0.0425454102157746	0.0335243203705961
dmel-FBgn0028734	0.0728762093072523	0.0644728479627144	0.0240096038415366	0.0144763787868088
dmel-FBgn0028737	0.0270374662031672	0.0447225440968199	0.01492811467319	0.0248298356293721
dmel-FBgn0028738	0	0	0	0
dmel-FBgn0028740	0	0.61764705882353	0	0
dmel-FBgn0028741	0	0	0	0
dmel-FBgn0028743	0.0473618612380557	0.0577482343165767	0.0648109680099709	0
dmel-FBgn0028744	0.0653710247349823	0.0618374558303886	0.032243816254417	0.0128091872791519
dmel-FBgn0028746	0.0378845025563658	0.0222110468527366	0.0253960271561478	0.0232168301064454
dmel-FBgn0028789	0.14859693877551	0.0682397959183674	0	0
dmel-FBgn0028833	0.0552312528064661	0.101136402887638	0.0342993333563607	0.02182998860143
dmel-FBgn0028836	0.0562669990933817	0.0602901178603808	0.0438576609247507	0.0192656391659111
dmel-FBgn0028837	0.0664560187544592	0.0786871878503719	0.0451533992457447	0.0271124248292733
dmel-FBgn0028838	0.378260869565217	0	0	0
dmel-FBgn0028841	0	0	0	0
dmel-FBgn0028844	0.608000000000001	0	0	0
dmel-FBgn0028847	0.325864276568502	0	0	0
dmel-FBgn0028848	0.374500399680256	0	0	0
dmel-FBgn0028850	0.262127280818869	0	0	0
dmel-FBgn0028852	0.290143964562569	0	0	0
dmel-FBgn0028855	0.0462164492831735	0.351271962919047	0	0
dmel-FBgn0028856	0.32067094227923	0	0	0
dmel-FBgn0028857	0.34284332688588	0	0	0
dmel-FBgn0028858	0.166465621230398	0	0	0
dmel-FBgn0028862	0.16793893129771	0	0	0
dmel-FBgn0028863	0.140740740740741	0	0	0
dmel-FBgn0028868	0.386234357224118	0	0	0
dmel-FBgn0028870	0.605935991417844	0	0	0.00250312891113892
dmel-FBgn0028872	0.145808019441069	0	0	0
dmel-FBgn0028875	0.210526315789474	0	0	0
dmel-FBgn0028878	0.119718309859155	0.0845070422535212	0	0
dmel-FBgn0028879	0.1256038647343	0	0	0
dmel-FBgn0028880	0.299128101945004	0	0	0
dmel-FBgn0028884	0.255900621118013	0	0	0
dmel-FBgn0028886	0.0243370147477019	0.105746974406455	0.000661331922491898	0
dmel-FBgn0028887	0.240585774058577	0	0	0
dmel-FBgn0028888	0.168539325842697	0	0	0
dmel-FBgn0028892	0.358541525995949	0	0	0
dmel-FBgn0028893	0.353942144072604	0	0	0
dmel-FBgn0028894	0.0261075614606694	0.0188719163881014	0.0522997503490881	0.015486819278128
dmel-FBgn0028895	0.0769944341372914	0.0640074211502783	0.0278293135435993	0
dmel-FBgn0028896	0.583333333333333	0	0	0
dmel-FBgn0028897	0.277316293929713	0.0434504792332268	0.0287539936102236	0
dmel-FBgn0028899	0.470588235294118	0.0784313725490196	0	0.022875816993464
dmel-FBgn0028900	0.0997652582159623	0	0	0
dmel-FBgn0028901	0.348670756646217	0	0	0.00102249488752556
dmel-FBgn0028902	0.311254980079681	0	0	0
dmel-FBgn0028903	0.353745215965009	0	0	0
dmel-FBgn0028906	0.172995780590718	0	0	0
dmel-FBgn0028913	0.622668579626973	0	0	0
dmel-FBgn0028916	0.0336395568765199	0.00702512834369088	0.155768711159146	0.0113482842475007
dmel-FBgn0028919	0.0254147546770208	0.0388280974232263	0.0180021178962231	0.00882456759618779
dmel-FBgn0028920	0.0133223667637368	0	0.083307302425409	5.54206426779256e-05
dmel-FBgn0028926	0.0694704049844238	0.0632398753894079	0.0274143302180685	0.0102803738317757
dmel-FBgn0028931	0.0412451361867705	0.0404669260700388	0.0202334630350195	0
dmel-FBgn0028932	0.0339996582948915	0.0285323765590296	0.0490346830685119	0.0136682043396549
dmel-FBgn0028935	0.329388560157791	0	0	0
dmel-FBgn0028936	0.0307022703211387	0.00270556405128808	0	0.196094577108576
dmel-FBgn0028939	0.0156733066826722	0.00078140040542224	0	0.138160651393498
dmel-FBgn0028940	0.00783779178735729	0	0.0114159141250639	0.00749701823138526
dmel-FBgn0028941	0.409028727770178	0	0	0
dmel-FBgn0028942	0.341888175985334	0	0	0
dmel-FBgn0028943	0.61764705882353	0	0	0
dmel-FBgn0028945	0	0	0.0533065124465678	0
dmel-FBgn0028947	0	0	0	0
dmel-FBgn0028949	0	0	0.00436585898275485	0
dmel-FBgn0028950	0.00787877709996978	0	0.0144414605082967	0
dmel-FBgn0028952	0.163886162904809	0.0245338567222767	0	0
dmel-FBgn0028953	0.0442053409385532	0.0627430645579466	0.0279362198599949	0.0185377236193933
dmel-FBgn0028955	0	0	0	0
dmel-FBgn0028956	0.109833533550712	0.192551913506092	0.0756821692122876	0.0906126651793376
dmel-FBgn0028962	0.0561115082201573	0.0739814152966405	0.0250178699070765	0.0192994996426019
dmel-FBgn0028963	0	0	0	0
dmel-FBgn0028965	0.0622406639004149	0.0673822839617535	0.0356305249864695	0.0170485296770702
dmel-FBgn0028968	0.0501939443061425	0.0485150234469982	0.0329415851328664	0.0328257974874081
dmel-FBgn0028969	0.0498128078817734	0.0503645320197044	0.0353497536945813	0.0215960591133005
dmel-FBgn0028970	0.0519381032633675	0.0309483683162249	0.0683315458863185	0.0156273939022522
dmel-FBgn0028974	0.072262118491921	0.0341113105924595	0.0166068222621184	0.0125673249551167
dmel-FBgn0028978	0.0341260853152133	0.0520951302378256	0.0287655719139298	0.00989052472631182
dmel-FBgn0028979	0.100132625994695	0.0331564986737401	0	0
dmel-FBgn0028980	0.101163478603826	0.0585683297180044	0.0311575626109249	0.0222835732597121
dmel-FBgn0028982	0.169115931887101	0.161651504548635	0.114765570328901	0.0510846745976207
dmel-FBgn0028983	0.0388919464318474	0.0283827344917053	0.127735408968211	0.0146762062006971
dmel-FBgn0028984	0.0579198907601274	0.127844788347747	0.00568957669549385	0.00341374601729631
dmel-FBgn0028988	0.0351609058402862	0.0150689596458369	0.00221351949599864	0.289375106419207
dmel-FBgn0028990	0.0441984095602126	0.0543034137340187	0.00456921927859058	0.0369491674355256
dmel-FBgn0028991	0	0	0	0
dmel-FBgn0028992	0.0345489443378119	0.0535407616931003	0.0250530356601676	0.0395494494393373
dmel-FBgn0028993	0.140164899882215	0	0	0
dmel-FBgn0028996	0.252767527675277	0.011070110701107	0	0
dmel-FBgn0028997	0.202	0.01425	0.009	0.05925
dmel-FBgn0028999	0.153383458646617	0	0	0
dmel-FBgn0029002	0.0290103872397757	0.0242948411491156	0.0201877526185406	0.0644965013690295
dmel-FBgn0029003	0.230917254650417	0.151699807568955	0.116741500962155	0
dmel-FBgn0029006	0.0880054832076765	0.0519533927347497	0.0408498971898561	0.0301576422206991
dmel-FBgn0029067	0.0474505723204995	0.0474505723204995	0.031009365244537	0.0305931321540062
dmel-FBgn0029079	0.0691691269506536	0.0436524673133699	0.0217207929143821	0
dmel-FBgn0029082	0.128865979381443	0.142038946162657	0	0
dmel-FBgn0029084	0.333333333333333	0	0	0
dmel-FBgn0029088	0.0669666490206458	0.0569084171519323	0.048438327157226	0.0222339862361038
dmel-FBgn0029091	0.0736887732986564	0	0.218465539661899	0
dmel-FBgn0029092	0.0278681090885535	0.0422880093282373	0.0287620651681026	0.0602578221156959
dmel-FBgn0029093	0.0254923208834545	0.0241196037413873	0.0540666221662399	0.0783761440473229
dmel-FBgn0029094	0.0440282169788374	0.0626368280223791	0.0289467282899538	0.0102164923376307
dmel-FBgn0029095	0.0874861572535993	0.0978959025470651	0.0095238095238095	0.0026578073089701
dmel-FBgn0029105	0.127596439169139	0	0	0
dmel-FBgn0029113	0.0937254285264978	0.0686428683755308	0.0218587828274886	0.0150180846044976
dmel-FBgn0029114	0.0813810110974105	0.0608302507192765	0.00411015207562679	0.0160295930949445
dmel-FBgn0029117	0.0808936825885978	0.137519260400616	0.0412172573189523	0.0327426810477658
dmel-FBgn0029118	0.0173150216848469	0.00790182678407148	0.016148639768695	0.0674365882507555
dmel-FBgn0029121	0.0471573380343763	0.0566328779197884	0.0445130013221683	0.0271044513001322
dmel-FBgn0029123	0.0867792661619102	0.0931857891671522	0.00553290623179964	0
dmel-FBgn0029128	0.0455536181342633	0.00806451612903224	0.00828247602441153	0.00632083696599826
dmel-FBgn0029131	0.047725321888412	0.0844635193133047	0.0163090128755365	0.0133905579399142
dmel-FBgn0029133	0.0844393592677345	0.0489702517162471	0.0290617848970252	0.0148741418764302
dmel-FBgn0029134	0.0302937136128738	0.12478576568326	0.0267285929220907	0.0103748282854713
dmel-FBgn0029147	0.0588412794206397	0.0497887748943875	0	0.00844900422450211
dmel-FBgn0029148	0.0549902576315219	0.0523922927040484	0.0267373890452479	0.0122320848668543
dmel-FBgn0029152	0.0603430460839017	0.0638561686298822	0.027898326100434	0.0180822483984294
dmel-FBgn0029153	0	0	0	0
dmel-FBgn0029154	0	0	0	0
dmel-FBgn0029155	0.0506037496027962	0.0469494756911344	0.0253415951700031	0.00119161105815062
dmel-FBgn0029157	0.0793782727952788	0.0689053279029174	0.0361565954617239	0.00930928434876568
dmel-FBgn0029158	0.0856650057493293	0.0661172863165964	0.0291299348409353	0.0435032579532388
dmel-FBgn0029161	0	0	0	0
dmel-FBgn0029167	0.149946062567422	0.0740740740740741	0	0.0075512405609493
dmel-FBgn0029170	0.0358620689655173	0.0634482758620689	0	0
dmel-FBgn0029172	0	0	0	0
dmel-FBgn0029173	0.080379746835443	0.0753164556962026	0.0481012658227848	0.0284810126582279
dmel-FBgn0029174	0.0901963244056953	0.0938970080913254	0.0333688766229693	0.0245875933011354
dmel-FBgn0029175	0.145808019441069	0.109356014580802	0.0972053462940463	0.11543134872418
dmel-FBgn0029176	0.0562813553634922	0.075455819717822	0.0227490434415538	0.038681762340551
dmel-FBgn0029501	0.431864754098361	0	0	0
dmel-FBgn0029502	0.0466228332337119	0.10569834628412	0.0446304044630403	0.015142458657103
dmel-FBgn0029503	0.0716366752356467	0.0682090831191089	0.0195372750642673	0.02382176520994
dmel-FBgn0029504	0.0408479834539814	0.046535677352637	0.0330920372285419	0.0312823164426059
dmel-FBgn0029506	0.134442663409918	0.307482889346869	0.0140447294099687	0.0310663308144416
dmel-FBgn0029507	0.0175599980288122	0.00179049558946729	0.0422819784154935	0.0417727548992231
dmel-FBgn0029508	0.00390668601406408	0.00200915280723295	0	0
dmel-FBgn0029512	0.0867269309943614	0.0707061666517497	0.0228228765774635	0.0132462185626063
dmel-FBgn0029514	0.0527009222661396	0.04655248133509	0.0324989020641195	0.0127360562143171
dmel-FBgn0029523	0.196078431372549	0.163398692810457	0.130718954248366	0
dmel-FBgn0029524	0.122977346278317	0.226537216828479	0.15210355987055	0
dmel-FBgn0029525	0.22962962962963	0.154074074074074	0.0933333333333333	0.0340740740740741
dmel-FBgn0029526	0.134883720930232	0.162790697674419	0.137209302325582	0.0558139534883721
dmel-FBgn0029529	0.0381925766541151	0.0394477317554241	0.0502062040523579	0.0155997848305541
dmel-FBgn0029531	0	0	0	0
dmel-FBgn0029539	0.601134215500945	0	0	0
dmel-FBgn0029552	0.412280701754386	0	0	0
dmel-FBgn0029573	0	0	0	0
dmel-FBgn0029580	0	0.0607940446650123	0	0
dmel-FBgn0029584	0.108925243321599	0.186995237109132	0.0370677158832057	0.100020708221164
dmel-FBgn0029589	0.447368421052632	0	0	0
dmel-FBgn0029590	0.448979591836735	0	0	0
dmel-FBgn0029594	0.0412087912087912	0.06390977443609	0.0438114517061885	0.0172064777327935
dmel-FBgn0029596	0.592592592592593	0	0	0
dmel-FBgn0029603	0.188717948717949	0	0	0.0256410256410256
dmel-FBgn0029608	0.0096520193040386	0.00914401828803657	0.0303784607569215	0.000914401828803657
dmel-FBgn0029629	0.0410987446391055	0.0929974128800373	0.0357682357230914	0.0227284565832653
dmel-FBgn0029639	0	0	0	0
dmel-FBgn0029646	0	0	0	0
dmel-FBgn0029648	0.0204469805040418	0.0219923918212078	0.026866381359962	0.069662387066096
dmel-FBgn0029656	0.314569536423841	0	0	0
dmel-FBgn0029657	0.163793103448276	0	0	0
dmel-FBgn0029658	0.361760660247593	0	0	0
dmel-FBgn0029659	0.311300121506683	0	0	0.00291616038882139
dmel-FBgn0029660	0.340369393139842	0	0	0
dmel-FBgn0029661	0.306122448979592	0	0	0
dmel-FBgn0029662	0.0460746102449887	0.0765590200445433	0	0
dmel-FBgn0029663	0.11965811965812	0	0	0
dmel-FBgn0029664	0.0496399176954732	0.0565843621399177	0.0401234567901235	0.0465534979423868
dmel-FBgn0029665	0.0653479335923701	0.0349699752737549	0.0243730130695867	0.0141292829388909
dmel-FBgn0029666	0.210699588477366	0.126748971193416	0.0559670781893005	0.0872427983539094
dmel-FBgn0029667	0.302003081664099	0	0	0
dmel-FBgn0029669	0.553191489361702	0	0	0
dmel-FBgn0029672	0.0604462474645031	0.0470588235294118	0.0162271805273833	0.00973630831643002
dmel-FBgn0029676	0.110319181902696	0.190579485590331	0.0560892469786178	0.121784939572358
dmel-FBgn0029679	0.430769230769231	0	0	0
dmel-FBgn0029685	0.0637992831541221	0.0449820788530466	0.0887096774193549	0.0397849462365592
dmel-FBgn0029686	0.105882352941176	0.2	0.123529411764706	0.0823529411764705
dmel-FBgn0029687	0.0431948548583348	0.0512775942986268	0.0256387971493134	0.0170056202560983
dmel-FBgn0029688	0.0669835304520835	0.0605725654913232	0.031723223167901	0.0294020117165911
dmel-FBgn0029689	0.0370508982035928	0.030314371257485	0.0243263473053893	0.0389221556886228
dmel-FBgn0029690	0	0	0	0
dmel-FBgn0029693	0.0621436716077537	0.0533067274800456	0.0467502850627138	0.023660205245154
dmel-FBgn0029694	0.491379310344827	0	0	0
dmel-FBgn0029700	0.436559139784946	0	0	0
dmel-FBgn0029701	0.536585365853659	0	0	0
dmel-FBgn0029702	0.373123123123123	0	0	0
dmel-FBgn0029703	0.433936955063716	0	0	0
dmel-FBgn0029705	0.377503852080123	0	0	0
dmel-FBgn0029706	0.0429165429165429	0.0779625779625779	0.0228690228690228	0.0328185328185328
dmel-FBgn0029707	0	0	0	0
dmel-FBgn0029708	0.154205607476636	0.0303738317757009	0	0
dmel-FBgn0029709	0.030312192909517	0.0381737092750775	0.0222490992012498	0.0250207876634666
dmel-FBgn0029710	0.0435630689206762	0.0405288253142609	0.012570437798006	0.0394451668833984
dmel-FBgn0029711	0.046158256880734	0.0487385321100918	0.0226490825688073	0.0177752293577982
dmel-FBgn0029712	0.0138584974471189	0.0102115244347192	0	0
dmel-FBgn0029713	0.0661157024793388	0.0462809917355372	0.0330578512396694	0.0165289256198347
dmel-FBgn0029714	0.0586666666666667	0.0598518518518518	0.0349629629629629	0.0154074074074074
dmel-FBgn0029715	0.0469940119760479	0.0607904191616766	0.0241437125748503	0.0301796407185629
dmel-FBgn0029717	0.336316181953766	0	0	0
dmel-FBgn0029718	0.0664172123479888	0.0754599314000622	0.0428749610227627	0.0400685999376364
dmel-FBgn0029719	0.160839160839161	0.076923076923077	0.125874125874126	0
dmel-FBgn0029720	0.099378881987578	0.0403726708074534	0	0
dmel-FBgn0029722	0.365554799183118	0	0	0
dmel-FBgn0029723	0.0463439752832131	0.11740473738414	0	0
dmel-FBgn0029724	0.398763523956723	0	0	0
dmel-FBgn0029725	0.568788501026694	0	0	0
dmel-FBgn0029726	0.602439024390244	0	0	0
dmel-FBgn0029727	0.51063829787234	0	0	0
dmel-FBgn0029728	0.315598548972188	0	0	0.00241837968561064
dmel-FBgn0029729	0.574358974358974	0	0	0
dmel-FBgn0029730	0.356595744680852	0	0	0
dmel-FBgn0029736	0.0691755153029358	0.0708931917551529	0.0324797001873829	0.0252966895690194
dmel-FBgn0029737	0.0694657388843023	0.0632150017690767	0.0475291897629437	0.0324330699374927
dmel-FBgn0029740	0.32716049382716	0	0	0
dmel-FBgn0029745	0.345403899721448	0	0	0
dmel-FBgn0029746	0	0	0	0
dmel-FBgn0029747	0.39976553341149	0	0	0
dmel-FBgn0029750	0.353639240506329	0.0122626582278481	0	0
dmel-FBgn0029751	0.389502762430939	0	0	0
dmel-FBgn0029752	0.298654708520179	0	0	0.00179372197309417
dmel-FBgn0029753	0.417622523461939	0	0	0
dmel-FBgn0029754	0.14054054054054	0	0	0
dmel-FBgn0029755	0.0646518745218057	0.0631216526396328	0.0325172149961744	0.0103289977046672
dmel-FBgn0029756	0.0698739977090493	0.0790378006872852	0.0269186712485682	0.0223367697594502
dmel-FBgn0029761	0.0849256900212313	0.110403397027601	0.0169851380042463	0
dmel-FBgn0029762	0.161207450224791	0.0308285163776493	0.358381502890173	0
dmel-FBgn0029763	0.0577686982181365	0.0407445238905914	0.0308705027806151	0.0124843945068664
dmel-FBgn0029765	0	0	0.0172917134516056	0.0291938019312822
dmel-FBgn0029766	0.0237488298408584	0.0651544610066969	0.0289191330020883	0.0109454885864477
dmel-FBgn0029768	0.125714285714286	0.0514285714285714	0.0914285714285714	0
dmel-FBgn0029769	0	0	0	0
dmel-FBgn0029770	0.391176470588235	0	0	0
dmel-FBgn0029771	0.027542112381655	0.0315996557235952	0.0303700971351285	0.00209024960039346
dmel-FBgn0029778	0.0691076624636275	0.0720174587778855	0.0259456838021339	0.0186711930164889
dmel-FBgn0029783	0	0.0087227414330218	0.0105919003115264	0
dmel-FBgn0029785	0.0345303699747524	0.0373494853369586	0.0198976743056904	0.0274021654690231
dmel-FBgn0029789	0.056432201123295	0.0730141749130784	0.0510831773201391	0.0181866809307302
dmel-FBgn0029791	0.0911901081916539	0.0765069551777434	0.0104327666151468	0
dmel-FBgn0029795	0.0521720148439204	0	0.317616240995416	0
dmel-FBgn0029798	0.070806100217865	0.047930283224401	0.0337690631808278	0.0185185185185185
dmel-FBgn0029799	0.0592105263157895	0	0	0.36842105263158
dmel-FBgn0029800	0.0177674777906528	0.0208574739281576	0.0125531093086134	0.0071456160679799
dmel-FBgn0029801	0.0352466279413211	0.0205769420104362	0.0377079846411343	0.0346559023333661
dmel-FBgn0029804	0.189134808853119	0.225352112676056	0	0
dmel-FBgn0029809	0.635658914728681	0	0	0
dmel-FBgn0029810	0.151757188498403	0	0	0
dmel-FBgn0029812	0.431292517006804	0	0	0
dmel-FBgn0029813	0	0.171339563862928	0.121495327102804	0
dmel-FBgn0029814	0.202	0.014	0	0
dmel-FBgn0029816	0.587786259541985	0	0	0
dmel-FBgn0029817	0.352150537634409	0	0	0
dmel-FBgn0029818	0.0769968051118212	0.0512779552715655	0.051437699680511	0.0384984025559105
dmel-FBgn0029819	0.0857476387562346	0.05911068661785	0.0279104319218932	0.0248328557784145
dmel-FBgn0029820	0.0426409397208823	0.0723938579371801	0.0698162536362632	0.0116360422727105
dmel-FBgn0029821	0.0247892910262767	0.158899355478433	0	0
dmel-FBgn0029822	0.0738552437223043	0.0649926144756278	0.0305268340718858	0.0137863121614968
dmel-FBgn0029823	0.0332284408481306	0.0202667266052296	0.0213531130591144	0.159961039934068
dmel-FBgn0029824	0.0422535211267605	0.0558350100603621	0.0508048289738431	0.0216297786720321
dmel-FBgn0029825	0.180952380952381	0.116190476190476	0.0819047619047618	0.083809523809524
dmel-FBgn0029826	0.016850135187331	0.00308999613750482	0.0554268057164929	0
dmel-FBgn0029827	0.00448047791764455	0	0.0174240807908399	0
dmel-FBgn0029828	0.0244935923935511	0	0.0204630012401819	0.160706903679206
dmel-FBgn0029830	0.0215924426450742	0.01889338731444	0.0200501253132832	0.0204357046462309
dmel-FBgn0029831	0.028051431478655	0.00134128856204616	0.00136441422690903	0.198926969150363
dmel-FBgn0029833	0.0410862103775491	0.0427013930950939	0.0162527760952958	0.0173632142136079
dmel-FBgn0029834	0.046656298600311	0.0046656298600311	0.0139968895800933	0
dmel-FBgn0029835	0.0206642066420664	0.00118081180811808	0.0738007380073802	0
dmel-FBgn0029837	0.14021164021164	0.0264550264550264	0	0
dmel-FBgn0029838	0.0145642753972075	0.0858509870004814	0.00421280693307655	0
dmel-FBgn0029839	0	0	0	0
dmel-FBgn0029840	0.173033707865169	0.157303370786517	0.121348314606742	0.0516853932584269
dmel-FBgn0029843	0.0245315161839864	0.0660988074957409	0.0611584327086884	0
dmel-FBgn0029848	0.0195993031358885	0	0.0119773519163763	0
dmel-FBgn0029849	0.0540412420004741	0.0391087935529747	0.0765584261673385	0.0241763451054752
dmel-FBgn0029851	0.0322314049586777	0.0801652892561983	0	0
dmel-FBgn0029853	0.0492653414001728	0.0803802938634399	0.0357821953327571	0.0350907519446845
dmel-FBgn0029854	0.0750663129973474	0.0862068965517238	0.0320954907161803	0.0856763925729445
dmel-FBgn0029856	0.456928838951311	0	0	0
dmel-FBgn0029857	0.0554581673306773	0.0670916334661354	0.0463745019920319	0.0210358565737052
dmel-FBgn0029858	0.0443092962641182	0.0781928757602085	0.0243266724587315	0
dmel-FBgn0029859	0.0317740511915269	0	0	0
dmel-FBgn0029860	0.022206756927749	0.0310641528533469	0.0459951916993546	0.00936353283563203
dmel-FBgn0029861	0.0982839313572543	0.0729329173166926	0.0280811232449298	0.0105304212168487
dmel-FBgn0029863	0.00687108133642533	0.0111655071716911	0	0
dmel-FBgn0029864	0.124137931034483	0	0.0344827586206897	0
dmel-FBgn0029866	0.0755656108597285	0.112669683257918	0	0.0968325791855203
dmel-FBgn0029867	0.0373576665106848	0.0524879114022772	0.0303384807362347	0.0111527062860708
dmel-FBgn0029868	0.0295055035321176	0.0401182848693938	0.0224412682766552	0.0105799244291112
dmel-FBgn0029870	0.0469714700778822	0.0698519026673661	0.0661393809773616	0.0158185706791494
dmel-FBgn0029873	0.0790912915439628	0.113798906184266	0.0359697097181321	0.0124106015986538
dmel-FBgn0029874	0.0393590104020242	0.0542592071970762	0.0503233061568738	0.0168681473151532
dmel-FBgn0029877	0.333984375	0	0	0
dmel-FBgn0029878	0.0279011906877554	0.0287305254428056	0.00965582607665421	0.0511818020259463
dmel-FBgn0029879	0	0.561643835616438	0	0
dmel-FBgn0029880	0.375	0	0	0
dmel-FBgn0029881	0.0672	0.04032	0.02496	0.00288
dmel-FBgn0029882	0.073113491394873	0.0483210976050067	0.0285232880009628	0.0236490552413046
dmel-FBgn0029885	0.0352674447896549	0.0504660340918632	0.028129985725082	0.0157863800487027
dmel-FBgn0029887	0.0453289110005528	0.0462502303298323	0.0186106504514465	0.0119771512806339
dmel-FBgn0029888	0.0319017021756285	0.0307180701161087	0.020178108443242	0.015049036185323
dmel-FBgn0029890	0.347574221578567	0.0224475018102824	0	0
dmel-FBgn0029891	0.0472972972972973	0.0876833976833977	0.0703088803088803	0.0114671814671815
dmel-FBgn0029892	0.0642648490749757	0.0623174294060369	0.041869522882181	0.0574488802336905
dmel-FBgn0029893	0.0628262826282626	0.0684068406840686	0.0381638163816382	0.0171017101710171
dmel-FBgn0029894	0.0634573304157548	0.0585339168490152	0.0328227571115974	0.0164113785557987
dmel-FBgn0029895	0.0970873786407766	0.0126960418222554	0.0560119492158327	0
dmel-FBgn0029896	0.0545722241782159	0.0471465608296258	0.00108824376660372	0.0358160227891048
dmel-FBgn0029897	0.041471847217649	0.0388651081110745	0.028139062671496	0.0176380199758534
dmel-FBgn0029898	0.050112	0.183936	0	0.00064
dmel-FBgn0029899	0.240384615384615	0.141826923076923	0.0853365384615385	0.0336538461538461
dmel-FBgn0029903	0.0592003704847176	0.0402130287125657	0.0504013584439643	0.0270916949675826
dmel-FBgn0029905	0.0781512605042017	0.084453781512605	0.0365546218487395	0.00966386554621849
dmel-FBgn0029906	0.0784508440913605	0.0387288977159881	0.0635551142005958	0.0744786494538233
dmel-FBgn0029909	0	0	0	0
dmel-FBgn0029911	0.0432211496651883	0.0587007565875293	0.0905296112705453	0.0236542308026785
dmel-FBgn0029912	0.0643137254901959	0.0550980392156863	0.0490196078431372	0.0170588235294118
dmel-FBgn0029913	0.0255713600767141	0.0429918491289756	0.0731980182195942	0.0231740450695221
dmel-FBgn0029914	0.0484419263456091	0.0566572237960339	0.0606232294617565	0.0318696883852691
dmel-FBgn0029915	0.0474637681159421	0.0333333333333334	0.0289855072463769	0.0152173913043478
dmel-FBgn0029922	0.145454545454546	0	0	0
dmel-FBgn0029924	0.0333374263261297	0.00822691552062869	0.00337671905697445	0.112721021611002
dmel-FBgn0029925	0.0494505494505495	0.0639616793462946	0.058748943364328	0.0487461256692025
dmel-FBgn0029928	0.101176470588235	0.0494117647058823	0	0
dmel-FBgn0029929	0.050115397296406	0.0520936366633694	0.0265413781734257	0.0344543356412793
dmel-FBgn0029930	0.0317286652078775	0.0262582056892779	0.038293216630197	0
dmel-FBgn0029932	0.0398927783033743	0.0573951434878586	0.0168716493219805	0.0367391989908546
dmel-FBgn0029935	0.0660740740740741	0.0571851851851852	0.164740740740741	0.0411851851851852
dmel-FBgn0029936	0.0589406610911987	0.0653126244524094	0.0450019912385504	0.0199123855037834
dmel-FBgn0029937	0.0477304227304228	0.0610706860706861	0.0347366597366598	0.0183645183645184
dmel-FBgn0029939	0.0881174899866489	0.00667556742323099	0.0160213618157543	0
dmel-FBgn0029940	0.312226010716026	0	0	0
dmel-FBgn0029941	0.0528100775193798	0.0574127906976744	0.0291505167958656	0.0157461240310078
dmel-FBgn0029942	0.0627948113207547	0.0689858490566038	0.027122641509434	0.0318396226415095
dmel-FBgn0029943	0.0477255779269201	0.0476190476190476	0.0803238521359326	0.0257803345051667
dmel-FBgn0029944	0.0587810166225006	0.102625873283546	0.0224042399421826	0.0187906528547338
dmel-FBgn0029945	0.266608391608392	0.0183566433566433	0	0
dmel-FBgn0029946	0.36068237205524	0	0	0
dmel-FBgn0029947	0.283988691852994	0	0	0
dmel-FBgn0029949	0.446673706441394	0	0	0
dmel-FBgn0029951	0.401709401709401	0	0	0
dmel-FBgn0029952	0.591848789131719	0	0	0
dmel-FBgn0029955	0.228971962616822	0	0	0
dmel-FBgn0029957	0.0656370656370656	0.0754650754650755	0.0396630396630397	0.0217620217620218
dmel-FBgn0029958	0.0521044219499201	0.0758657432072455	0.0309003729355355	0.0210974960042621
dmel-FBgn0029959	0.0345880736046423	0.0548217148965411	0.0477208521035351	0.012445598228602
dmel-FBgn0029962	0.529411764705883	0	0	0
dmel-FBgn0029963	0.364732479276563	0	0	0
dmel-FBgn0029964	0.621276595744681	0	0	0
dmel-FBgn0029968	0	0	0	0
dmel-FBgn0029969	0.0186115934082671	0.0184288281702154	0.0158396539644826	0.0108136099180602
dmel-FBgn0029970	0.121985815602837	0.0496453900709221	0	0
dmel-FBgn0029974	0.120879120879121	0	0	0.043956043956044
dmel-FBgn0029975	0.0446386617799078	0.0138144911192557	0.0387181655859411	0.0384362371957522
dmel-FBgn0029976	0.0397369142230748	0.0198684571115374	0.0871471636064675	0.00383666758015895
dmel-FBgn0029979	0.0914946012502368	0.0519037696533434	0.0208372797878386	0.0310664898655048
dmel-FBgn0029980	0.0382842252956505	0.0324714371617559	0.0326718781318901	0.0354780517137703
dmel-FBgn0029986	0.148601398601398	0	0	0
dmel-FBgn0029987	0.596774193548387	0	0	0
dmel-FBgn0029989	0.383693045563549	0	0	0
dmel-FBgn0029990	0.0536218914845516	0.00229101625578641	0	0.41021974916568
dmel-FBgn0029992	0.0796651363759114	0.0707534431541993	0.038347285984337	0.0369970294355928
dmel-FBgn0029993	0.598409542743538	0	0	0
dmel-FBgn0029994	0.0259915210586791	0	0.0867308530448909	0.0200483378897738
dmel-FBgn0029996	0.0295284754705269	0.0541577068877607	0.0490367775831874	0.022944423507504
dmel-FBgn0029997	0.0739910313901345	0.039611360239163	0.0194319880418535	0.0171898355754858
dmel-FBgn0029999	0.0627044711014176	0.0534351145038168	0.0365321701199563	0.0119956379498364
dmel-FBgn0030000	0.0850785340314136	0.0536649214659685	0.0287958115183247	0
dmel-FBgn0030001	0	0	0	0
dmel-FBgn0030003	0.0486656200941914	0.0775510204081634	0.0441130298273156	0.0317111459968603
dmel-FBgn0030004	0.1528	0.0268	0.0208	0.0104
dmel-FBgn0030005	0.0240060015003751	0	0.125281320330082	0
dmel-FBgn0030006	0.0230149597238205	0.0397008055235903	0.0322209436133487	0.016542002301496
dmel-FBgn0030007	0.0520884042449615	0.0618245545711227	0.0354395871872261	0.0332976341154708
dmel-FBgn0030008	0.0829268292682927	0.0609756097560976	0.0260162601626017	0.0146341463414634
dmel-FBgn0030010	0.152652005174644	0.0582147477360931	0.03751617076326	0
dmel-FBgn0030011	0.0589270008795074	0.0114335971855761	0	0
dmel-FBgn0030012	0.0690362269309639	0.0423786739576214	0.0348598769651401	0
dmel-FBgn0030013	0.0336854586612051	0.00722216233696239	0.0042039452409184	0.103589522474938
dmel-FBgn0030014	0.377019748653501	0	0	0
dmel-FBgn0030015	0.501030927835052	0	0	0
dmel-FBgn0030017	0.0964230171073096	0.068429237947123	0.0544323483670297	0.0373250388802488
dmel-FBgn0030018	0.0614973262032084	0.0532849503437739	0.0672268907563023	0.0242551566080978
dmel-FBgn0030025	0.0763759711128134	0.115548747127695	0.0440967283072545	0.0184921763869132
dmel-FBgn0030026	0.158823529411765	0.164705882352941	0.0800000000000001	0.125882352941177
dmel-FBgn0030027	0.0736278447121819	0.036144578313253	0.0187416331994645	0
dmel-FBgn0030028	0.0141784820683903	0.0496246872393661	0	0
dmel-FBgn0030029	0.00728273183363003	0.00550250849652048	0	0.0288072503641366
dmel-FBgn0030030	0.0582580833090592	0.0381590445674338	0.0119429070783572	0.0422371103990679
dmel-FBgn0030033	0.370229007633588	0	0	0
dmel-FBgn0030034	0.238022813688212	0.168060836501901	0.0532319391634981	0.0243346007604564
dmel-FBgn0030035	0.074618952948973	0.0499668654738239	0.0576540755467197	0.0275679257786613
dmel-FBgn0030037	0.0619335347432024	0.0380664652567976	0.0190332326283988	0.0229607250755287
dmel-FBgn0030038	0.0421379663982143	0.0304648146472416	0.0396042590414141	0.0356528820921183
dmel-FBgn0030039	0.0673000791765637	0.0424914225389285	0.0427553444180522	0.0126682501979414
dmel-FBgn0030040	0.0286786082715934	0.000431398293163275	0.0972146675419677	0.0222826596642596
dmel-FBgn0030041	0.0203294470167274	0.000398460349210651	0	0.122343265621638
dmel-FBgn0030048	0.118971061093247	0.157096922370234	0.159853008727607	0.0620119430408819
dmel-FBgn0030049	0.0402717127607957	0.0560407569141193	0.0181950509461426	0.00800582241630276
dmel-FBgn0030050	0	0	0	0
dmel-FBgn0030051	0.0448006221108567	0.126107054909924	0	0.111375124206161
dmel-FBgn0030052	0.03715916296766	0.077869372225745	0.0545339251743818	0.000697526949904883
dmel-FBgn0030053	0.0593814840430786	0.0840826005335442	0.0309257978460625	0.0195632842604486
dmel-FBgn0030054	0.0852272727272727	0.0752840909090909	0.0321969696969697	0.00852272727272727
dmel-FBgn0030055	0.0386706948640483	0.0358509566968781	0.0429003021148036	0.0269889224572004
dmel-FBgn0030056	0.0421997326713767	0.0427089300490103	0.0451912672649736	0.0389535993889631
dmel-FBgn0030057	0.0549579831932773	0.0974789915966384	0.0549579831932773	0.0877310924369747
dmel-FBgn0030058	0.370186335403727	0	0	0
dmel-FBgn0030060	0.0496618013527946	0.0729797080811679	0.0105019579921681	0.017621929512282
dmel-FBgn0030061	0.0556642361728613	0.0579761693046418	0.0298772897030055	0.014227280810955
dmel-FBgn0030063	0.0628153380423815	0.0787083753784057	0.037840565085772	0.020686175580222
dmel-FBgn0030065	0.0347808999803498	0.136667321674199	0.000687757909215955	0
dmel-FBgn0030066	0.0429252782193958	0.0359300476947536	0.00953895071542129	0.00890302066772654
dmel-FBgn0030067	0.0480396380870314	0.0644118914261094	0.0260663507109004	0.012063765618268
dmel-FBgn0030073	0.0609532849684725	0.00176283137839853	0.0149840667163875	0.263204285036273
dmel-FBgn0030077	0.0553191489361702	0.0588652482269504	0.0120567375886525	0
dmel-FBgn0030081	0.262443438914028	0.138009049773756	0.0904977375565609	0
dmel-FBgn0030082	0.0591133004926108	0.052603800140746	0.0197044334975369	0.00721323011963408
dmel-FBgn0030085	0.459183673469387	0	0	0
dmel-FBgn0030086	0.0613090800656031	0.0839421499925451	0.02707618905621	0.0124645892351275
dmel-FBgn0030087	0.157009345794393	0.171339563862928	0.0940809968847355	0.0903426791277259
dmel-FBgn0030088	0.0658578856152513	0.0511265164644714	0.0415944540727903	0.0239745811669555
dmel-FBgn0030089	0.0450145208131656	0.0353339787028074	0.0390448531784446	0.00976121329461116
dmel-FBgn0030090	0.0499153976311338	0.00676818950930627	0	0.102368866328257
dmel-FBgn0030091	0.0927536231884058	0.0605072463768116	0.0289855072463769	0.0159420289855073
dmel-FBgn0030092	0.0606758832565284	0.0410906298003072	0.0234254992319508	0
dmel-FBgn0030093	0.101870576339737	0.0897371081900911	0.028943377148635	0.00910010111223458
dmel-FBgn0030096	0.0639211723092471	0.0603840323395654	0.0361293582617484	0.0141485598787267
dmel-FBgn0030097	0.0201052559163457	0	0.176041380022015	0
dmel-FBgn0030098	0.0226164960167336	0	0.160082764141564	0
dmel-FBgn0030099	0.0466949666464524	0.0667070952092177	0.0297149787750152	0.014251061249242
dmel-FBgn0030100	0.0193069306930693	0.0311881188118812	0.0158415841584159	0
dmel-FBgn0030101	0.0682898717764011	0.073188301397493	0.0142630744849445	0.0141190030255007
dmel-FBgn0030102	0.0357396030245747	0.101902173913044	0	0
dmel-FBgn0030104	0.593023255813953	0	0	0
dmel-FBgn0030105	0.0176781370559162	0.00108454828563903	0	0.191205862758161
dmel-FBgn0030109	0.0736540790487724	0.062534404932291	0.0319277771661345	0.0361114169327314
dmel-FBgn0030114	0.046800122353261	0.071236787547157	0.103762362777419	0.0176052747850321
dmel-FBgn0030116	0.569789674952199	0	0	0
dmel-FBgn0030120	0.464684014869889	0	0	0
dmel-FBgn0030121	0.220949263502455	0.148936170212766	0.0785597381342063	0.0392798690671031
dmel-FBgn0030122	0.0748801180376245	0.066396163777204	0.0280339358170416	0.0195499815566212
dmel-FBgn0030136	0.145428493833172	0.200634944418951	0.0883490508611084	0.0798269355035071
dmel-FBgn0030137	0.0410752038659015	0.0685593476291151	0.040169133192389	0.0223497432799759
dmel-FBgn0030141	0.0553933199488957	0.0532943967877351	0.0480014601204598	0.0118634787369958
dmel-FBgn0030148	0.00701246015647638	0	0.0432917994784121	0
dmel-FBgn0030151	0.0363352715926819	0.051765706991916	0.0145794922705999	0.0205077294000851
dmel-FBgn0030156	0.0244554048499795	0.0760378133990955	0.00349362926428278	0
dmel-FBgn0030157	0.00881971054881718	0	0	0.0735187003198531
dmel-FBgn0030158	0.0759956156375594	0.116550968213372	0.0157106320789185	0.0175374497625137
dmel-FBgn0030159	0.0721212121212121	0.0969696969696972	0	0
dmel-FBgn0030160	0.0302144959636289	0.0727129659312797	0.000699443359659604	0.0806035613324396
dmel-FBgn0030163	0	0	0	0
dmel-FBgn0030164	0	0	0	0
dmel-FBgn0030170	0.0574712643678161	0.0143678160919541	0	0
dmel-FBgn0030174	0.135678391959799	0.0703517587939699	0	0.0452261306532663
dmel-FBgn0030177	0.169811320754717	0.184775536759922	0.108653220559532	0.0383864671437867
dmel-FBgn0030178	0.0316268037161494	0.0438821901561573	0.015022731765171	0.0217434275548528
dmel-FBgn0030183	0.0200937418626855	0.0253016231229928	0.0545525562017186	0.0245204409339467
dmel-FBgn0030186	0	0	0	0
dmel-FBgn0030187	0	0	0	0.0852272727272727
dmel-FBgn0030189	0.0353547753498649	0.0363368524429167	0.0206236189540879	0.00883869383746624
dmel-FBgn0030191	0.54823221300742	0	0	0.00611086861632475
dmel-FBgn0030195	0.590322580645162	0	0	0
dmel-FBgn0030196	0.0859854829704075	0.0999441652707985	0.0407593523171412	0.0731434952540481
dmel-FBgn0030200	0.543010752688173	0	0	0
dmel-FBgn0030206	0.078184591914569	0.0705568268497331	0.040045766590389	0.0141113653699466
dmel-FBgn0030207	0.278969957081545	0	0	0
dmel-FBgn0030208	0.0706297822248381	0.0835131776862207	0.0196193839513439	0.0262899744948009
dmel-FBgn0030215	0.55909090909091	0	0	0
dmel-FBgn0030217	0.059726962457338	0.0443686006825939	0.0187713310580205	0.0170648464163822
dmel-FBgn0030218	0.061503416856492	0.020501138952164	0	0
dmel-FBgn0030222	0	0	0	0
dmel-FBgn0030224	0.432307692307693	0	0	0
dmel-FBgn0030228	0.288993923024984	0.12221471978393	0.0898041863605671	0.0263335584064821
dmel-FBgn0030230	0.141914191419142	0	0.0495049504950495	0
dmel-FBgn0030234	0.0288511886061368	0.0277515970258666	0.0981778196669808	0
dmel-FBgn0030237	0.0307176332096928	0.0231437265397685	0.162228194478378	0.000577482619994225
dmel-FBgn0030239	0.0475624256837099	0.0289338089575902	0.0413793103448276	0.0630994847403883
dmel-FBgn0030240	0.075610473668726	0.0644307149161517	0.0394233598117093	0.0126507796410709
dmel-FBgn0030241	0.359081419624217	0.0862908837856646	0.0334029227557412	0
dmel-FBgn0030242	0.47398190045249	0.0656108597285067	0.0180995475113122	0
dmel-FBgn0030243	0.0689745607133491	0.0689745607133491	0.0257015473380541	0.017046944662995
dmel-FBgn0030244	0.440528634361233	0	0	0
dmel-FBgn0030245	0.0353588147070854	0.0692632822796892	0.0764895696041449	0.027587147207199
dmel-FBgn0030246	0.0890862217129765	0.0796333428816958	0.0458321397880263	0.0246347751360642
dmel-FBgn0030247	0.371667936024371	0	0	0
dmel-FBgn0030251	0.032393335584825	0.0488573680063042	0	0.0960824045930429
dmel-FBgn0030257	0.0227703984819734	0.038899430740038	0	0
dmel-FBgn0030258	0.0864864864864864	0	0	0
dmel-FBgn0030259	0	0	0	0
dmel-FBgn0030260	0.116666666666667	0	0	0
dmel-FBgn0030261	0.0129191863661353	0.00787978742899031	0	0.0352757925600146
dmel-FBgn0030262	0	0	0	0
dmel-FBgn0030263	0	0	0	0
dmel-FBgn0030266	0.0432872253864931	0.0276647681041497	0.0177379983726607	0.00716029292107406
dmel-FBgn0030268	0.0835061262959471	0.0504241281809613	0.0265786993402451	0.00876531573986805
dmel-FBgn0030269	0.0456852791878173	0.0597856739988718	0.0399041173152848	0.0111393119007332
dmel-FBgn0030270	0	0	0	0
dmel-FBgn0030271	0.0437881873727086	0.145621181262729	0	0
dmel-FBgn0030272	0.11897887858988	0.0913235070657954	0	0
dmel-FBgn0030274	0.0557694551394236	0.111305565278264	0.0555361101388404	0.0213510675533777
dmel-FBgn0030276	0.0378253417832516	0.0518155366893857	0.0338793893738291	0.015146079955359
dmel-FBgn0030277	0.578572923205692	0	0	0
dmel-FBgn0030278	0.581462708182476	0	0	0
dmel-FBgn0030280	0.288129364204336	0	0	0
dmel-FBgn0030283	0.250706499798143	0	0	0
dmel-FBgn0030286	0.0374845105328377	0.0326827757125155	0.0670693928128871	0.00882899628252788
dmel-FBgn0030289	0.0487591751135967	0.041069556099266	0.0300594197832925	0.0260398462076197
dmel-FBgn0030290	0.457652303120358	0	0	0
dmel-FBgn0030291	0.0737051792828685	0.0723771580345285	0.0365205843293492	0
dmel-FBgn0030292	0.0330349531116795	0.0509910485933504	0.0385230179028133	0.00777919863597613
dmel-FBgn0030293	0.0561816652649283	0.0479394449116905	0.0282590412111018	0.0131202691337258
dmel-FBgn0030294	0.0351085481682497	0.0259497964721845	0.0188263229308006	0.0140773405698779
dmel-FBgn0030296	0.303779069767442	0	0	0
dmel-FBgn0030300	0.0165316400262754	0.0321874315743376	0.0568206700240858	0.00175169695642654
dmel-FBgn0030301	0.0581534772182255	0.0734412470023982	0.0296762589928058	0.0278776978417267
dmel-FBgn0030304	0.054183266932271	0	0	0
dmel-FBgn0030305	0.0592194955691889	0.0677402862985685	0.0271813224267211	0.034423994546694
dmel-FBgn0030306	0.0369136766665136	0.0427252262599348	0.00925713235631918	0.0207424082326458
dmel-FBgn0030307	0.5	0	0	0
dmel-FBgn0030309	0.0255965885219729	0.0937631291488111	0.0165427275018906	0.0053461893958491
dmel-FBgn0030310	0.0512912912912912	0.0166966966966967	0	0.195315315315315
dmel-FBgn0030311	0	0	0	0
dmel-FBgn0030313	0.332263242375602	0	0	0
dmel-FBgn0030314	0.170249355116079	0.180567497850387	0.100601891659501	0.0361134995700774
dmel-FBgn0030316	0.180094786729858	0.171800947867299	0.114928909952607	0.033175355450237
dmel-FBgn0030317	0	0	0	0
dmel-FBgn0030318	0.0497050831731725	0.0706474915501358	0.0769434687520711	0.0105374776327126
dmel-FBgn0030319	0.362058993637942	0	0	0
dmel-FBgn0030320	0.221272047033672	0.15820416889364	0.0491715660074827	0.036878674505612
dmel-FBgn0030321	0.0612655800575264	0.0685522531160114	0.0354745925215723	0.0265580057526366
dmel-FBgn0030323	0.0296951819075713	0.0281219272369715	0.0157325467059981	0.00727630285152408
dmel-FBgn0030326	0.0128951133963871	0.0651212357186555	3.13051508712615e-05	0.0183369921228414
dmel-FBgn0030327	0.0505736714975847	0.0600845410628021	0.00951086956521739	0.028834541062802
dmel-FBgn0030328	0.0513892303909515	0.059257437914925	0.0240963855421686	0.01332677649373
dmel-FBgn0030329	0.0290083280845405	0.0125621107145356	0.16417057410129	0.00544708050481723
dmel-FBgn0030330	0.0552067946824224	0.0568685376661744	0.0395125553914327	0.017725258493353
dmel-FBgn0030331	0.128526645768025	0	0	0
dmel-FBgn0030332	0	0.440677966101694	0	0
dmel-FBgn0030334	0.0148391127772571	0.00624804748516087	0	0.0156201187129022
dmel-FBgn0030336	0.0531690140845072	0.0755281690140844	0.0283450704225352	0.0288732394366197
dmel-FBgn0030341	0.0421455938697318	0.0397711942150991	0.0182397064378609	0.0241757055744428
dmel-FBgn0030342	0.0771982677461873	0.0353982300884956	0.0190171342496705	0.015627942007155
dmel-FBgn0030343	0.0816762530813477	0.0261298274445357	0.112571898110107	0.0568611339359078
dmel-FBgn0030344	0.0542222222222222	0.036	0.0228148148148148	0.0214814814814815
dmel-FBgn0030345	0.0438996579247434	0.0359179019384264	0.0379133409350057	0.0230900798175599
dmel-FBgn0030346	0.0480382775119618	0.0533971291866029	0.0398086124401914	0.00822966507177032
dmel-FBgn0030347	0.0149935856318153	0	0.073444515715202	0.0156350224502887
dmel-FBgn0030349	0.064168086314594	0.0859360212000756	0.0374787052810903	0.0194964982017793
dmel-FBgn0030350	0.153159851301115	0.235192069392813	0.0874845105328376	0.0397769516728625
dmel-FBgn0030351	0.25609756097561	0.111973392461197	0.0676274944567626	0.0598669623059867
dmel-FBgn0030352	0.0527867885579476	0.0625184311412563	0.0359775877322324	0.00973164258330876
dmel-FBgn0030354	0.0799406626009562	0.0730179660458218	0.0328003955826603	0.0212625679907697
dmel-FBgn0030356	0.575714285714286	0	0	0
dmel-FBgn0030357	0.0155000096657581	0.117864254093449	0.0127858647953759	0.000564480272187748
dmel-FBgn0030358	0.164705882352941	0	0	0
dmel-FBgn0030359	0.354469854469855	0	0	0
dmel-FBgn0030360	0.0710088148873653	0.0930460333006856	0.0386875612144955	0
dmel-FBgn0030361	0.0933333333333333	0.0444444444444445	0.0266666666666667	0
dmel-FBgn0030362	0.0155054065072963	0.0150797578418074	0.00120002153884813	0.0323800683602013
dmel-FBgn0030364	0.0516873348241513	0.102358202886766	0.046198414311852	0.0221081520634275
dmel-FBgn0030365	0.0786699107866991	0.0897539875642068	0.0475804271424709	0.0410921870775885
dmel-FBgn0030366	0.0819652414456672	0.0603764507787601	0.0367430392687474	0.024114498767214
dmel-FBgn0030367	0.0217161525896031	0.00787931200153742	0.17257615066782	0
dmel-FBgn0030369	0.0561403508771929	0.0385964912280702	0.287719298245614	0
dmel-FBgn0030370	0.269187986651836	0	0	0
dmel-FBgn0030374	0.348066298342541	0	0	0
dmel-FBgn0030376	0.594771241830067	0	0	0
dmel-FBgn0030377	0.0433682688832671	0	0	0
dmel-FBgn0030384	0.332758620689655	0	0	0
dmel-FBgn0030386	0.335955056179775	0	0	0
dmel-FBgn0030391	0.0488984416980118	0.0650188070929608	0.0338527673293928	0.0116424861185743
dmel-FBgn0030394	0.0256296671307429	0.0249968358435642	0	0
dmel-FBgn0030395	0.147540983606558	0	0	0
dmel-FBgn0030396	0.110659787023822	0.0341420573059612	0.347348775935888	0
dmel-FBgn0030398	0.319672131147541	0	0	0
dmel-FBgn0030400	0.0747230095336254	0.0337541870651894	0.0334965215150734	0.00927595980417418
dmel-FBgn0030403	0.0569584203531422	0.0611353711790391	0.0451870134801595	0.0155686348965255
dmel-FBgn0030406	0.069391961525249	0.061834421161113	0.0371006526966678	0.0350395053246307
dmel-FBgn0030407	0.0218216318785579	0.0180265654648956	0.0294117647058822	0.0151802656546489
dmel-FBgn0030409	0.338880484114977	0	0	0
dmel-FBgn0030410	0.0513784461152882	0.0795739348370927	0.0476190476190476	0.018796992481203
dmel-FBgn0030411	0.0255646562422437	0.0191114420451725	0.0302804666170266	0.00694961528915363
dmel-FBgn0030412	0.0595047923322684	0.0838658146964856	0.0409345047923323	0.0455271565495208
dmel-FBgn0030418	0.0270827959762703	0.0585504255867939	0.0131545009027599	0.0113489811710085
dmel-FBgn0030420	0.162790697674419	0.151162790697674	0.0910852713178297	0.0620155038759692
dmel-FBgn0030421	0.119856887298748	0	0	0
dmel-FBgn0030425	0.0226502586053148	0	0	0.0581416087034067
dmel-FBgn0030429	0.357894736842106	0	0	0
dmel-FBgn0030431	0.0403159901934077	0.0569327158812313	0.0269681285753201	0.0310542086624898
dmel-FBgn0030432	0.0506607929515419	0	0	0
dmel-FBgn0030433	0.0572164948453608	0.0597938144329896	0.0389175257731958	0.020360824742268
dmel-FBgn0030434	0.0697757847533634	0.0986547085201792	0.037847533632287	0.0197309417040359
dmel-FBgn0030435	0.0479487986570138	0.039030531948379	0.0360927499737699	0.0266498793410975
dmel-FBgn0030440	0.585062240663901	0	0	0
dmel-FBgn0030441	0.24293059125964	0	0	0
dmel-FBgn0030443	0.570938215102975	0.0083905415713196	0	0
dmel-FBgn0030447	0.017939027462837	0.0238347190728144	0.0312925170068027	0.0131015369110607
dmel-FBgn0030449	0.382405745062837	0	0	0
dmel-FBgn0030451	0.00147081591577644	0.000928936367858802	0.00100634773184703	0.00526397275119988
dmel-FBgn0030452	0	0	0.00319148936170213	0
dmel-FBgn0030455	0.481132075471699	0	0	0
dmel-FBgn0030456	0.0902547065337765	0.0780730897009966	0.0243632336655592	0.046234772978959
dmel-FBgn0030457	0.0435540069686411	0.033734558124802	0.0153626860943934	0.0118783655369021
dmel-FBgn0030460	0.0584358523725834	0.0852372583479789	0.0369068541300527	0.0250439367311072
dmel-FBgn0030462	0.575152041702867	0	0	0
dmel-FBgn0030465	0.0509675660943036	0.0436086127010084	0.0103570455164895	0.0188062142273099
dmel-FBgn0030466	0.247524752475247	0.141442715700141	0.0579915134370581	0.0282885431400283
dmel-FBgn0030467	0.0789473684210526	0.0539473684210525	0.038157894736842	0.0144736842105263
dmel-FBgn0030468	0.0797027165556127	0.0773962070732959	0.0307534597642234	0.00794464377242436
dmel-FBgn0030474	0.0588014981273408	0.0617977528089888	0.0310861423220974	0.0153558052434457
dmel-FBgn0030478	0.0427222785215212	0.0570163742066244	0.042428929542909	0.0121073123899941
dmel-FBgn0030479	0.204359673024523	0.170494355780459	0.0439859867652784	0.0626702997275205
dmel-FBgn0030480	0.0815807327001355	0.0401967435549525	0.0335820895522388	0.0172998643147897
dmel-FBgn0030481	0.0564568462037638	0.0402336145360156	0.0154120700843608	0.0146009085009734
dmel-FBgn0030482	0.0293728016079667	0.109405691836828	0.00283221415193459	0.00283221415193459
dmel-FBgn0030483	0.462686567164179	0	0	0
dmel-FBgn0030484	0.0436772046589018	0.0313114506126153	0.136313215348157	0.0447990722533153
dmel-FBgn0030485	0.133550488599349	0.0950054288816503	0.0124864277958741	0.00922909880564604
dmel-FBgn0030486	0.107709332349686	0.0619697528587237	0.033198081888602	0.0228697897454814
dmel-FBgn0030492	0	0.0750853242320818	0	0
dmel-FBgn0030493	0.129793510324484	0.0722713864306783	0	0
dmel-FBgn0030494	0.0335069654754694	0.126953361599031	0	0
dmel-FBgn0030495	0.0213004484304933	0.0369955156950673	0	0
dmel-FBgn0030499	0.0316400262754543	0.0210203634771185	0.109262097657105	0.00777315524414277
dmel-FBgn0030500	0.15983606557377	0.0614754098360656	0.0430327868852459	0
dmel-FBgn0030501	0.27565982404692	0.208211143695015	0	0
dmel-FBgn0030502	0.0605515587529976	0.045263788968825	0.0322741806554757	0.0762390087929656
dmel-FBgn0030503	0.0382009631866786	0.0315892580197535	0.107991184393111	0.0159170679944494
dmel-FBgn0030504	0.0749446902654867	0.0583517699115044	0.0320796460176992	0.0129977876106195
dmel-FBgn0030505	0.0713899405083829	0.0708491076257436	0.0207319271678384	0.05390301063638
dmel-FBgn0030506	0.0767878077373975	0.0457209847596717	0.0357561547479484	0.0228604923798359
dmel-FBgn0030507	0.0650953984287316	0.0493827160493828	0.0224466891133558	0
dmel-FBgn0030508	0.214765100671141	0	0	0
dmel-FBgn0030509	0.105527638190955	0	0.418760469011725	0
dmel-FBgn0030510	0.0215682322112478	0.0370892965127998	0.0199556541019956	0.0151179197742391
dmel-FBgn0030511	0.0124472104912203	0.0140031118026228	0.0155590131140253	0.00689042009335406
dmel-FBgn0030512	0.056420233463035	0.0536964980544747	0.0443579766536965	0.0264591439688716
dmel-FBgn0030514	0.153957879448075	0.138344226579521	0.14960058097313	0.0395787944807553
dmel-FBgn0030518	0.0484589041095891	0.0368150684931506	0.0383561643835616	0.0738013698630136
dmel-FBgn0030519	0.011525256704642	0.00781089608949841	0.0215091800927959	0.0246329068346131
dmel-FBgn0030520	0.0748502994011976	0.0685296074517631	0.02228875582169	0.0302727877578177
dmel-FBgn0030521	0.0202428283620674	0.019968264722138	0.0872630997165219	0.00939221594251992
dmel-FBgn0030522	0.0373499333036905	0.039795464650956	0.0393508225878168	0.022009782125389
dmel-FBgn0030524	0.484042553191489	0	0	0
dmel-FBgn0030525	0.108055009823183	0	0	0
dmel-FBgn0030528	0.0595238095238095	0.0883699633699633	0.0512820512820512	0.0361721611721611
dmel-FBgn0030529	0.0392406068790213	0.0361029470172373	0.0219239018190484	0.00448804511875447
dmel-FBgn0030530	0.0714672441797509	0.0896950009023644	0.0514347590687601	0.0124526258798051
dmel-FBgn0030536	0.361295681063123	0	0	0
dmel-FBgn0030538	0.444444444444445	0	0	0
dmel-FBgn0030539	0.0431795878312071	0.0688349922893594	0	0
dmel-FBgn0030541	0	0	0	0
dmel-FBgn0030542	0	0.46829268292683	0	0
dmel-FBgn0030544	0.209882680453371	0.311692185325114	0	0
dmel-FBgn0030545	0.0238336713995943	0.0191007437457742	0.0154665314401623	0.0335953346855984
dmel-FBgn0030552	0.0565224598044092	0.052875849494447	0.0316592076910327	0.0261892922260898
dmel-FBgn0030554	0.0291423813488759	0.0260893699694699	0.0208159866777685	0.00999167360532889
dmel-FBgn0030555	0.0483905350671499	0.0948625026646769	0.0607546365380516	0.018759326369644
dmel-FBgn0030556	0.0606002676352513	0.0803861594341425	0.0369910151022749	0.0190212196520742
dmel-FBgn0030558	0.0582406959884002	0.272716288061865	0	0
dmel-FBgn0030563	0.468468468468468	0	0	0
dmel-FBgn0030566	0.469964664310954	0	0	0
dmel-FBgn0030571	0.0566885585896992	0.0489111648807467	0.0257518147251988	0.0141721396474248
dmel-FBgn0030572	0.0464697946334881	0.0394243741567981	0.0322290511167741	0.0151401588967171
dmel-FBgn0030573	0.0499419279907084	0	0	0
dmel-FBgn0030574	0.0476387096774194	0.197935483870967	0.0147612903225806	0
dmel-FBgn0030575	0.0221310012493307	0.00517579867927896	0	0.117437087274674
dmel-FBgn0030576	0.43167701863354	0.105590062111801	0	0
dmel-FBgn0030577	0.51388888888889	0	0	0
dmel-FBgn0030578	0.227477477477478	0	0	0
dmel-FBgn0030581	0.0537546163315552	0.0451374640951991	0.0471891670086171	0.0131308986458761
dmel-FBgn0030582	0.0619922630560929	0.0499032882011605	0.0400386847195358	0.00870406189555126
dmel-FBgn0030584	0.0467441041886659	0.0565997888067582	0.0352692713833157	0.0175994368180218
dmel-FBgn0030586	0.0121013618341665	0.0538527840027582	0.00296500603344251	0
dmel-FBgn0030587	0	0	0	0
dmel-FBgn0030590	0	0.0891089108910891	0	0
dmel-FBgn0030592	0	0.387096774193549	0	0
dmel-FBgn0030593	0.0109671929658693	0.0155526141628061	0.0444833128486339	0.00813084995745485
dmel-FBgn0030594	0.00585968916838372	0.00309452865885886	0.00627331428615198	0.0499184239351067
dmel-FBgn0030595	0.0199072503110508	0.104626173509784	0	0
dmel-FBgn0030597	0.02867677181483	0.0253994264645637	0.146661204424416	0
dmel-FBgn0030598	0.0119367353028946	0.0119367353028946	0	0
dmel-FBgn0030599	0.577656675749319	0	0	0
dmel-FBgn0030600	0.0581342947273547	0.00135196034249662	0.18386660657954	0
dmel-FBgn0030603	0.0307299820258596	0.0350785643880095	0.106511277323592	0.0064359018959819
dmel-FBgn0030605	0.15330426031533	0.160013418316001	0.151626970815163	0.0570278430057028
dmel-FBgn0030607	0.026255707762557	0	0	0.065296803652968
dmel-FBgn0030608	0.0253886162616438	0.00628838412036086	0.0184537627457318	0.0528047956275161
dmel-FBgn0030610	0.080583697369644	0.0921089320568825	0.0261176689283391	0.00548378102054095
dmel-FBgn0030611	0.0391849529780565	0.0636363636363637	0.0567398119122257	0.0188087774294671
dmel-FBgn0030612	0.0351351351351351	0.0302702702702703	0.0183783783783783	0
dmel-FBgn0030613	0.051851851851852	0.00444444444444444	0.00888888888888889	0.0562962962962964
dmel-FBgn0030614	0.277443609022556	0	0	0
dmel-FBgn0030615	0.0682030520087201	0	0	0.334786670819059
dmel-FBgn0030616	0.0277653600067056	0.0366293202201671	0.0123861445614819	0.0184107038082199
dmel-FBgn0030617	0.240802675585284	0.207357859531773	0.0334448160535117	0
dmel-FBgn0030620	0.366197183098592	0	0	0
dmel-FBgn0030622	0.434782608695652	0	0	0
dmel-FBgn0030623	0.518053375196233	0	0	0
dmel-FBgn0030624	0.352102102102101	0	0	0
dmel-FBgn0030625	0.247689463955638	0.0394331484904497	0.0326555760936538	0.0117067159581023
dmel-FBgn0030628	0.0540448674371176	0.0428280081577158	0.0159755268524813	0.00475866757307954
dmel-FBgn0030629	0.403892944038929	0.0608272506082725	0	0
dmel-FBgn0030630	0.122565864833906	0.229095074455899	0.088774341351661	0.0572737686139748
dmel-FBgn0030631	0.0757109915449655	0.051498847040738	0.0292083013066872	0.014988470407379
dmel-FBgn0030634	0.0515021459227468	0	0.0686695278969957	0
dmel-FBgn0030638	0.0453141091658084	0.0486096807415036	0.0185375901132853	0.031513903192585
dmel-FBgn0030640	0	0	0	0
dmel-FBgn0030641	0	0	0	0
dmel-FBgn0030642	0.069277108433735	0	0	0
dmel-FBgn0030645	0.125714285714286	0.260571428571429	0.12	0
dmel-FBgn0030647	0.456521739130434	0	0	0
dmel-FBgn0030648	0.0673454545454544	0.0938181818181818	0.0327272727272727	0.0110545454545454
dmel-FBgn0030653	0.143579766536965	0.0893644617380027	0.204798962386511	0.0605706874189366
dmel-FBgn0030654	0.0486163051608079	0.0545998504113687	0.0246821241585639	0.0149588631264024
dmel-FBgn0030655	0.17687074829932	0.180272108843537	0.120748299319728	0.0476190476190476
dmel-FBgn0030657	0.185567010309278	0.153166421207658	0.073637702503682	0.0706921944035346
dmel-FBgn0030658	0.0578728782954136	0.0594077284218128	0.0275370169736368	0.0365655471289274
dmel-FBgn0030659	0.0960378983634797	0.0783807062876831	0.0361757105943153	0.0111972437553833
dmel-FBgn0030660	0.27461139896373	0.0120898100172712	0	0
dmel-FBgn0030661	0.277691107644306	0	0	0.0390015600624025
dmel-FBgn0030662	0.0460907335907337	0.057915057915058	0.0246138996138996	0.093388030888031
dmel-FBgn0030663	0.4625	0	0	0
dmel-FBgn0030664	0	0	0	0
dmel-FBgn0030665	0.228571428571428	0.333333333333334	0	0
dmel-FBgn0030666	0.246153846153847	0.230769230769231	0	0
dmel-FBgn0030667	0.319672131147541	0	0	0
dmel-FBgn0030668	0.042443255213139	0.0182690533308729	0.0230669865288799	0.0365381066617457
dmel-FBgn0030669	0.0293347302252489	0.034049240440021	0.011748858789194	0.0376412482227045
dmel-FBgn0030670	0.0377057886351567	0.0493450168171359	0.040272614622057	0.0215082315454063
dmel-FBgn0030671	0.0579802080690179	0.0843694493783305	0.0450393301192589	0.0196650596295357
dmel-FBgn0030672	0.0589231699939504	0.0632788868723533	0.0348860657390603	0.00923573301068764
dmel-FBgn0030673	0.202702702702703	0.0930930930930932	0.054054054054054	0
dmel-FBgn0030674	0.0669830654729803	0.0479991370941645	0.0524215295005933	0.0348398231043039
dmel-FBgn0030675	0.0386007237635706	0.0462404503417772	0.0273421793325292	0.0237233614796945
dmel-FBgn0030676	0	0	0	0
dmel-FBgn0030678	0.0429174484052533	0.0546435272045029	0.0318949343339587	0.0295497185741088
dmel-FBgn0030679	0.0384587493050351	0.0708018081171892	0.0492639415987816	0.0556213589886146
dmel-FBgn0030680	0.0761660248181429	0.0641848523748395	0.029097133076594	0.0607616602481814
dmel-FBgn0030683	0.0552631578947368	0.0505263157894737	0.0247368421052632	0.00999999999999999
dmel-FBgn0030684	0.178041543026706	0	0	0
dmel-FBgn0030685	0.0617732558139534	0.0415282392026577	0.0922965116279069	0.0180647840531562
dmel-FBgn0030686	0.0489276139410187	0.0646782841823058	0.0393766756032171	0.0288203753351206
dmel-FBgn0030687	0.0635263612791703	0.0406222990492653	0.0730337078651685	0.0129645635263613
dmel-FBgn0030688	0.0278352715245919	0	0.110839645791102	0
dmel-FBgn0030691	0.344026548672567	0	0	0
dmel-FBgn0030692	0.0724608590927337	0.0690485748695306	0.0347250100361301	0.0156563629064633
dmel-FBgn0030693	0.116039678083474	0.152536028448437	0.130825379000561	0.102564102564103
dmel-FBgn0030694	0.0341753343239227	0.0526250619118377	0.0480435859336304	0.0205547300643883
dmel-FBgn0030695	0.0355638745905476	0.0908750584932149	0.0493214787084699	0.0185306504445484
dmel-FBgn0030696	0.375722543352601	0	0	0
dmel-FBgn0030697	0.476437079233558	0	0	0.00233039875712066
dmel-FBgn0030699	0.0449337227589306	0.0783344566764024	0.0650790084625179	0.0161012506552835
dmel-FBgn0030700	0.0244604316546763	0.0398081534772183	0.0268585131894485	0.022062350119904
dmel-FBgn0030701	0.0659472422062349	0.0649194929770468	0.0330592668722165	0.0609797875984928
dmel-FBgn0030703	0.0402863961813842	0.0842322991249007	0.0451073985680191	0.0573110580747814
dmel-FBgn0030704	0.0576697892271663	0.0734777517564403	0.0509367681498829	0.0398126463700234
dmel-FBgn0030706	0.199335548172758	0	0	0
dmel-FBgn0030710	0.120448179271709	0.0364145658263305	0.0177404295051354	0
dmel-FBgn0030711	0.131133671742809	0.210659898477157	0.0795262267343485	0.0820642978003383
dmel-FBgn0030716	0.108543417366947	0.0525210084033613	0.0133053221288515	0.0133053221288515
dmel-FBgn0030717	0.148601398601398	0.176573426573427	0.104458041958042	0.0668706293706293
dmel-FBgn0030718	0.0283164353446862	0.0384552285329921	0.023591560849165	0.0148308560553861
dmel-FBgn0030719	0.0475915277256047	0.0593810500765741	0.0260062993036091	0.025515069205652
dmel-FBgn0030720	0.074706782253952	0.0563488016318205	0.0354411014788373	0.0135135135135135
dmel-FBgn0030721	0.385185185185185	0	0	0
dmel-FBgn0030722	0.225142857142857	0	0	0
dmel-FBgn0030723	0.547619047619048	0	0	0
dmel-FBgn0030724	0.0259954435716958	0.0443911727702404	0.0160665102519637	0.0356183481247237
dmel-FBgn0030725	0.263888888888889	0	0	0
dmel-FBgn0030731	0.121270378345125	0.136188864964626	0.214011073515841	0.0645186096585667
dmel-FBgn0030734	0.0476419788757264	0.0508202510513982	0.0231147067321583	0.0251693473305724
dmel-FBgn0030735	0.0312584757255222	0.048820179007323	0.0581773799837266	0.0267154868456739
dmel-FBgn0030737	0	0	0	0
dmel-FBgn0030738	0.0459216441875401	0.0634232498394349	0.0354849068721901	0.0152536929993577
dmel-FBgn0030739	0.0534635053463505	0.0506741050674105	0.0381218038121803	0.0390516039051604
dmel-FBgn0030740	0.0676962378077101	0.100673478866698	0.0192754296330701	0.0289131444496052
dmel-FBgn0030742	0.169879518072289	0.0204819277108434	0	0
dmel-FBgn0030743	0.0249731150675111	0.0210299916357988	0.0241366949456327	0
dmel-FBgn0030744	0.0637536491195029	0.0489688294566342	0.017139090309822	0.0155381862698936
dmel-FBgn0030745	0.0354480236320158	0.0765227176818119	0.0087916725277817	0.00534533689689126
dmel-FBgn0030746	0.0232277526395174	0	0.0693815987933635	0
dmel-FBgn0030747	0.0289713223059607	0	0.133405109131839	0.000391504355485954
dmel-FBgn0030748	0.0210767468499427	0	0.0943871706758306	0.00171821305841924
dmel-FBgn0030749	0.0350370659383536	0.0395630120952009	0.00663285212641435	0.0325399921966445
dmel-FBgn0030752	0.0262496271359781	0.0311075126773767	0.047556142668428	0.0113350662632633
dmel-FBgn0030753	0.0950952798412772	0.309878650855904	0.0607207124071426	0.0312831633830111
dmel-FBgn0030756	0.0245006897378996	0.000449829064955317	0.220701133569244	0
dmel-FBgn0030757	0.398340248962656	0.0829875518672199	0	0
dmel-FBgn0030759	0.0250242169841783	0.0469809493057798	0.026154342912496	0.0238940910558605
dmel-FBgn0030761	0.155660377358491	0.170754716981132	0.125471698113207	0.0509433962264151
dmel-FBgn0030763	0.0382961686424008	0.112555921109892	0	0
dmel-FBgn0030764	0.478095238095238	0	0	0
dmel-FBgn0030766	0.0660264105642257	0.0552220888355342	0.018407362945178	0.00320128051220489
dmel-FBgn0030768	0.103584347254193	0.0762906938507072	0.0601775731667214	0.0325550805656034
dmel-FBgn0030769	0.0287891617273497	0.157493649449619	0.0138300874964719	0.017499294383291
dmel-FBgn0030770	0.340178571428571	0	0	0
dmel-FBgn0030774	0.0093121811135584	0	0.0390609752697466	0
dmel-FBgn0030775	0.0113742618110236	0	0.0583353838582678	0
dmel-FBgn0030776	0.00537221795855719	0	0.0316836406629192	0
dmel-FBgn0030777	0.0625359898652539	0	0.335529194978694	0
dmel-FBgn0030778	0.0718954248366015	0.0245098039215686	0.0261437908496732	0
dmel-FBgn0030780	0.34468085106383	0	0	0
dmel-FBgn0030786	0.0470194986072425	0.0678551532033426	0.0316434540389972	0.0308635097493036
dmel-FBgn0030787	0.0903832248734635	0.0643528561099061	0.0397686189443239	0.0339840925524223
dmel-FBgn0030788	0.0297902344438569	0.0488277807156708	0.0490040542922615	0.0164815794112462
dmel-FBgn0030789	0.0635245901639344	0.0584016393442623	0.0271516393442623	0.0133196721311475
dmel-FBgn0030790	0.0498588899341486	0.0503292568203198	0.0432737535277516	0.0159924741298213
dmel-FBgn0030791	0.0260604499398935	0.033101494075219	0.0306113687102869	0.0145972866220161
dmel-FBgn0030792	0.0415521652610632	0.0623045579456078	0.0319814270823463	0.0235478063110017
dmel-FBgn0030793	0.068788501026694	0.0518480492813141	0.0305441478439425	0.0200205338809035
dmel-FBgn0030794	0.0818414322250638	0.0843989769820972	0.0294117647058824	0.0191815856777494
dmel-FBgn0030795	0	0	0	0
dmel-FBgn0030796	0.0301598837209302	0.0548691860465118	0.0136264534883721	0.00181686046511628
dmel-FBgn0030797	0.0808881839809675	0.0380650277557494	0.0103092783505155	0.0457309014010045
dmel-FBgn0030798	0.0454642475987193	0.196798292422625	0	0
dmel-FBgn0030799	0.0710027100271003	0.0791327913279133	0.121409214092141	0.0428184281842818
dmel-FBgn0030800	0.0576131687242798	0.0620027434842249	0.0463648834019204	0.0290809327846365
dmel-FBgn0030801	0.0443935926773455	0.071395881006865	0.0279176201372997	0.0183066361556064
dmel-FBgn0030802	0.0378497430459255	0.0581613508442777	0.0150093808630394	0.0217799167958235
dmel-FBgn0030803	0.148366606170599	0.0471869328493649	0.0122504537205082	0.0195099818511796
dmel-FBgn0030805	0.107977437550363	0.112812248186946	0.0104754230459307	0
dmel-FBgn0030806	0.102141680395387	0.0565623283909939	0.0175727622185613	0
dmel-FBgn0030808	0.0502226179875334	0.043633125556545	0.0477292965271594	0.0377560106856634
dmel-FBgn0030809	0.0469617330647935	0.0668074863683253	0.0534459890946603	0.0253475462985705
dmel-FBgn0030812	0.0725023786869648	0.0584205518553756	0.0304471931493815	0.0159847764034253
dmel-FBgn0030813	0.0740740740740742	0.0696296296296298	0.0222222222222222	0
dmel-FBgn0030814	0.347861178369654	0	0	0
dmel-FBgn0030816	0.0295146812718697	0.176023124904914	0.0060094325270044	0
dmel-FBgn0030817	0.00645161290322581	0	0.0129032258064516	0
dmel-FBgn0030823	0.389570552147239	0	0	0
dmel-FBgn0030828	0.0582655826558266	0.150135501355014	0.021680216802168	0
dmel-FBgn0030833	0.0713012477718361	0.0320855614973262	0.0276292335115864	0.0187165775401069
dmel-FBgn0030834	0.051429889298893	0.0560424354243543	0.0350553505535056	0.0124538745387454
dmel-FBgn0030836	0.0206650758260295	3.35699079345275e-05	0.131118465407608	0
dmel-FBgn0030837	0.0202938721871235	0	0.12727286459297	0
dmel-FBgn0030838	0.0412822517591869	0.0667187907219182	0.0663539223351576	0.0161063330727131
dmel-FBgn0030839	0.0867178924259055	0.0548847420417125	0.0208562019758507	0
dmel-FBgn0030840	0.426294820717131	0	0	0
dmel-FBgn0030841	0	0	0	0
dmel-FBgn0030846	0.294989775051124	0	0	0
dmel-FBgn0030847	0.0278981747146083	0.060924241499298	0.036444661498077	0
dmel-FBgn0030850	0.0432446951383292	0.0276658608648939	0.0303518667741069	0.013430029546065
dmel-FBgn0030851	0.0439429928741092	0.0451306413301663	0.0290973871733967	0.0163301662707838
dmel-FBgn0030853	0.0479031990717719	0.0569644731753136	0.0355268246864467	0.0201668600475165
dmel-FBgn0030854	0.073165529010239	0.0723122866894198	0.0355162116040956	0.0129052901023891
dmel-FBgn0030855	0.0682331676457297	0.078626299141437	0.0343425214640759	0.0135562584726615
dmel-FBgn0030858	0.0658711217183771	0.0656324582338902	0.0365155131264916	0.035799522673031
dmel-FBgn0030863	0.0528666264333132	0.0350030175015088	0.0236572118286059	0.0141219070609535
dmel-FBgn0030864	0.176239181746656	0.0629425649095201	0.019669551534225	0.018095987411487
dmel-FBgn0030869	0.0560073653521561	0.0928341261316558	0.049409237379162	0.0128893662728249
dmel-FBgn0030870	0.0683893352812273	0.0878378378378379	0.00255661066471877	0
dmel-FBgn0030871	0.077927548441449	0.0543386689132266	0.0362257792754844	0.0219039595619208
dmel-FBgn0030872	0.0429622953282259	0.0383055430374042	0.0760102148114768	0.0120174252666366
dmel-FBgn0030873	0.0584195216548158	0.0492081447963801	0.0698125404007757	0.0184227537168714
dmel-FBgn0030874	0.0603636363636363	0.0730909090909091	0.0498181818181819	0.0163636363636364
dmel-FBgn0030876	0.0129122155132373	0.0126892707849512	0.00682768230376219	0.0502647468648398
dmel-FBgn0030877	0.0267701260911736	0.0226964112512124	0.0128031037827352	0.00620756547041709
dmel-FBgn0030878	0.0346740638002775	0.0410144640380424	0.029126213592233	0.0073310877749158
dmel-FBgn0030880	0	0	0	0
dmel-FBgn0030881	0.24025974025974	0	0.0746753246753247	0
dmel-FBgn0030883	0.122631578947368	0.0505263157894737	0.023421052631579	0.0189473684210526
dmel-FBgn0030884	0.13373253493014	0.0439121756487026	0.0199600798403194	0
dmel-FBgn0030886	0	0	0	0
dmel-FBgn0030887	0.039202657807309	0.0551495016611296	0.0119601328903654	0
dmel-FBgn0030890	0.0479031990717719	0.0293386374937842	0.0651417205370463	0.0218796618597713
dmel-FBgn0030891	0.0626959247648903	0.0812434691745039	0.0517241379310345	0.018025078369906
dmel-FBgn0030892	0.0872164108137481	0.0839559842412716	0.0561065072680344	0.0317891590816465
dmel-FBgn0030893	0.0232511923688394	0.010731319554849	0.0526629570747217	0.00437201907790143
dmel-FBgn0030894	0.0630641925777333	0.0729689067201605	0.0381143430290871	0.0295887662988967
dmel-FBgn0030895	0	0	0	0
dmel-FBgn0030897	0.256880733944954	0.091743119266055	0.110091743119266	0
dmel-FBgn0030898	0.603550295857989	0	0	0
dmel-FBgn0030900	0.466019417475729	0	0	0
dmel-FBgn0030904	0	0	0	0
dmel-FBgn0030905	0.599290780141844	0	0	0
dmel-FBgn0030912	0.143396226415095	0.222641509433962	0.113207547169811	0
dmel-FBgn0030913	0.5	0	0	0
dmel-FBgn0030914	0.0416666666666666	0.0979166666666668	0	0
dmel-FBgn0030915	0.0864646464646464	0.0711111111111111	0.0496969696969697	0.012929292929293
dmel-FBgn0030918	0.459915611814346	0	0	0
dmel-FBgn0030925	0.0239462431276726	0.0200366524129505	0	0.0992058643860722
dmel-FBgn0030926	0.012724064270456	0	0	0.0780161604903874
dmel-FBgn0030927	0.0451100685673042	0.0627932154456875	0.00685673042223024	0.0725369902562252
dmel-FBgn0030928	0.0134962898297687	0	0.0778611959842864	0
dmel-FBgn0030929	0.0177996801670964	0	0.0686824842531249	0
dmel-FBgn0030930	0.0883194427167559	0.0628187585520586	0.00957830575942283	0.0164199527304391
dmel-FBgn0030932	0.01572259315098	0.0101766099504631	0.0416217962524231	0.017499461555029
dmel-FBgn0030933	0.409237379162191	0	0	0
dmel-FBgn0030936	0.501694915254237	0	0	0
dmel-FBgn0030937	0.257142857142857	0	0	0
dmel-FBgn0030940	0.443548387096774	0	0	0
dmel-FBgn0030941	0.0513864649990304	0.104712041884817	0.0230754314523948	0.00717471398099669
dmel-FBgn0030943	0.0499724416681977	0.0468491640639353	0.0253536652581297	0.00826749954069447
dmel-FBgn0030944	0.0351565140964099	0.0701778108309107	0.059766073963897	0.0139949969576094
dmel-FBgn0030945	0.112778535698045	0.0677580718508413	0.0381991814461119	0
dmel-FBgn0030946	0.0724614395886888	0.064910025706941	0.0491645244215938	0.0216902313624679
dmel-FBgn0030949	0	0	0	0
dmel-FBgn0030951	0.331288343558282	0	0	0
dmel-FBgn0030952	0.398818316100443	0	0	0
dmel-FBgn0030954	0.231155778894472	0.130653266331658	0	0
dmel-FBgn0030955	0.0273811635331678	0.0275363604114934	0.0548510109968074	0.0192813645500769
dmel-FBgn0030956	0.184172661870504	0.148201438848921	0.0575539568345325	0.097841726618705
dmel-FBgn0030958	0.0712250712250712	0.285307285307286	0.134717134717134	0
dmel-FBgn0030959	0.241694352159469	0.112956810631229	0.048172757475083	0.0838870431893689
dmel-FBgn0030960	0.12049062049062	0.115440115440116	0.22005772005772	0.0472582972582973
dmel-FBgn0030961	0.165354330708661	0	0	0
dmel-FBgn0030963	0.0617193240264512	0.0404114621601763	0.014695077149155	0
dmel-FBgn0030964	0.151933701657459	0.294659300184163	0.0395948434622467	0
dmel-FBgn0030966	0.0894110466890449	0.0353982300884956	0.0286847726579188	0.329264571254196
dmel-FBgn0030968	0.0350355313171377	0.00842835894893407	0.00473750895168844	0.118272461852036
dmel-FBgn0030969	0.0948359857096459	0.0643065930496914	0.0282559272491068	0.0211107502435856
dmel-FBgn0030970	0.0674232309746329	0.0587449933244325	0.0420560747663551	0.0253671562082778
dmel-FBgn0030973	0.05958736113115	0.054104746789785	0.0483335737988748	0.0105323907084115
dmel-FBgn0030974	0.070552147239264	0.0637713916693576	0.0432676783984501	0.0114627058443655
dmel-FBgn0030975	0.368304190951984	0	0	0
dmel-FBgn0030976	0.0148769574944072	0.0691834451901566	0.000615212527964207	0
dmel-FBgn0030979	0.328205128205128	0	0	0
dmel-FBgn0030982	0.584821428571429	0	0	0
dmel-FBgn0030983	0.096866096866097	0	0	0
dmel-FBgn0030984	0.0396893874029335	0	0.171699741156169	0
dmel-FBgn0030989	0.41688654353562	0	0	0
dmel-FBgn0030990	0.0496141124586549	0.0509922822491731	0.0474090407938258	0.0177324513046674
dmel-FBgn0030991	0.0617046158079384	0.0533122377381853	0.0304051730068101	0.0186420857123203
dmel-FBgn0030992	0	0	0.17557251908397	0
dmel-FBgn0030993	0.0848000788837943	0.0233693240644875	0.355815214711828	0.0529507469309274
dmel-FBgn0030994	0.161073825503356	0	0.190156599552572	0.0671140939597315
dmel-FBgn0030995	0.19811320754717	0.17688679245283	0.122641509433962	0
dmel-FBgn0030996	0.0522231087256111	0.0692681511568869	0.0632479872343513	0.0178428954812505
dmel-FBgn0030997	0.106796116504855	0.0218446601941748	0.0218446601941748	0
dmel-FBgn0030998	0.139028475711893	0	0.0519262981574538	0
dmel-FBgn0030999	0.111136607006272	0.00130029065320484	0	0.0018357044515833
dmel-FBgn0031000	0.0101553824997978	0	0.0694331075764595	0
dmel-FBgn0031001	0.0595744680851064	0.251063829787234	0	0
dmel-FBgn0031002	0.038500506585613	0	0.0155352921310368	0.158392434988179
dmel-FBgn0031003	0.0863282697295295	0.0637273064097814	0.056687662097073	0.0218599481289367
dmel-FBgn0031004	0.0424013999192355	0	0.186364248216449	0
dmel-FBgn0031005	0.176470588235294	0	0	0
dmel-FBgn0031006	0.199103139013453	0.147982062780269	0.117488789237668	0.0412556053811658
dmel-FBgn0031008	0.0613830613830614	0.0704480704480705	0.0334110334110334	0.0157990157990158
dmel-FBgn0031010	0.744186046511628	0	0	0
dmel-FBgn0031011	0.0308757987434893	0.0321108306932287	0.0273854910594426	0.0200289964022982
dmel-FBgn0031012	0.0311418685121107	0.0325929233173345	0.0504520593816275	0.0147337872530416
dmel-FBgn0031016	0.0672335376705555	0.042713070990706	0.0579394898160965	0.0126557247379869
dmel-FBgn0031020	0.0944230333257766	0.0693720244842439	0.03162548175017	0.0138290637043754
dmel-FBgn0031021	0.0458448013802735	0.0648646428131289	0.0382450807213572	0.00862670993714825
dmel-FBgn0031022	0.0621085594989562	0.0574112734864301	0.0443632567849686	0
dmel-FBgn0031023	0.080363549390098	0.0574025352786414	0.0471179143745515	0.0444869648409471
dmel-FBgn0031026	0.644067796610169	0	0	0
dmel-FBgn0031030	0.0430164164691422	0.0396804494776579	0.0282679308225791	0.0130805021508208
dmel-FBgn0031031	0	0	0	0
dmel-FBgn0031033	0.0824468085106378	0	0.803191489361703	0
dmel-FBgn0031034	0.15131757674545	0	0.780494430861179	0
dmel-FBgn0031036	0.0416821044831419	0.0552056317154501	0.0276028158577251	0.0179696183771767
dmel-FBgn0031037	0.0202658962478834	0.0947032766355615	0.00208340989464222	0.0116693569132742
dmel-FBgn0031038	0	0	0	0
dmel-FBgn0031039	0	0	0	0
dmel-FBgn0031040	0.0438983986747653	0.0516289342904473	0.0278851463279956	0
dmel-FBgn0031041	0	0	0	0
dmel-FBgn0031043	0.0424852897177621	0.064426049665902	0.01894883813703	0.01495960905555
dmel-FBgn0031044	0.0595344673231871	0.0523724261414503	0.0273052820053715	0.00940017905102954
dmel-FBgn0031045	0.379213483146067	0	0	0
dmel-FBgn0031047	0.0462814645308924	0.0342391304347826	0.0149313501144165	0.00941075514874145
dmel-FBgn0031048	0.0661211853162316	0.0813799203892082	0.0341662980981866	0.0134896063688633
dmel-FBgn0031049	0.176132686084142	0.151618122977346	0.0555016181229774	0.130663430420712
dmel-FBgn0031050	0.0305503394482161	0.0410949010544562	0.0313447927199192	0.00975010833453705
dmel-FBgn0031051	0.0875787063537493	0.0500858614768174	0.0309101316542645	0.0188895248998283
dmel-FBgn0031052	0.169671603348358	0.0444301352221507	0.0186735350933676	0.00901481004507405
dmel-FBgn0031053	0.111455108359133	0.0541795665634674	0	0
dmel-FBgn0031054	0.0418526785714286	0.0535714285714286	0.0263671875	0.0209263392857143
dmel-FBgn0031055	0.0261485826001955	0.0119745845552297	0	0.0613391984359726
dmel-FBgn0031057	0.0549034075664073	0.0672457740810303	0.0388717467131741	0.0181110812986316
dmel-FBgn0031058	0	0.164556962025317	0	0
dmel-FBgn0031059	0.0495438817238125	0.0438817238125197	0.0300408933626927	0.0171437558980811
dmel-FBgn0031060	0.0579091740323072	0.0539469673879915	0.0259067357512953	0.00731484303565986
dmel-FBgn0031061	0.0819797439327345	0.0686030957385822	0.0363080450984139	0.0114656984521307
dmel-FBgn0031062	0.0446107784431138	0.070059880239521	0.0272455089820359	0.0170658682634731
dmel-FBgn0031064	0.210317460317461	0.0198412698412699	0	0
dmel-FBgn0031065	0.175257731958763	0	0	0
dmel-FBgn0031066	0.0209658195547663	0.0306128162671083	0.0188140433394927	0.00988697175493749
dmel-FBgn0031068	0.103512014787431	0.048675292667899	0.0335797905113986	0.00739371534195934
dmel-FBgn0031069	0.0273195517505395	0.0381429665204983	0.0399874712883692	0.0173661863993874
dmel-FBgn0031070	0.0191474493361286	0.00377358490566038	0.00237596086652691	0
dmel-FBgn0031077	0.0768136557610242	0.0512091038406828	0.031294452347084	0.00711237553342816
dmel-FBgn0031078	0.065907438817543	0.0518536467167434	0.0191422340683305	0.00775381633147567
dmel-FBgn0031080	0.0186230451195399	0.117706273593385	0	0
dmel-FBgn0031081	0.0489766081871345	0.0633528265107213	0.0294834307992202	0
dmel-FBgn0031082	0.267052023121387	0	0	0
dmel-FBgn0031085	0.317525773195877	0	0	0
dmel-FBgn0031089	0.0463643273372181	0.163858626805168	0.00272358753483658	0
dmel-FBgn0031090	0.0402744873784821	0.0352912343762765	0.0218936361408382	0.0159300710726248
dmel-FBgn0031091	0.13009540329575	0.0242844752818734	0.01040763226366	0
dmel-FBgn0031092	0.0383978939450922	0.0434373824746145	0.0273787138021812	0.130782248965776
dmel-FBgn0031093	0.242615012106537	0.168523002421307	0.089588377723971	0.0372881355932204
dmel-FBgn0031094	0.0717109992810928	0.0664989216391084	0.037922358015816	0.0174335010783609
dmel-FBgn0031097	0.0789767487015192	0.127954953643027	0.00092228532595505	0
dmel-FBgn0031098	0.0621403912543153	0.0618527042577676	0.0267548906789413	0.0152474108170311
dmel-FBgn0031099	0.0506312638292335	0.044513861772745	0.128595600676819	0.010282441754523
dmel-FBgn0031101	0.375680580762251	0	0	0
dmel-FBgn0031103	0.306643952299829	0	0	0
dmel-FBgn0031106	0.050236326806212	0.0553679945982446	0.0387575962187711	0.00702228224172855
dmel-FBgn0031107	0.112713675213675	0.0544871794871795	0.0534188034188034	0.0288461538461538
dmel-FBgn0031108	0.412325285895806	0	0	0
dmel-FBgn0031114	0.0472737819025521	0.0693155452436195	0.0452436194895591	0.0147911832946636
dmel-FBgn0031115	0.0456709575030858	0.0520190442602715	0.0333274554752248	0.0179862458120261
dmel-FBgn0031116	0.107317073170732	0	0	0
dmel-FBgn0031117	0.200418410041841	0.0711297071129707	0.167782426778243	0.0832635983263598
dmel-FBgn0031118	0.0679098246590592	0.0400779293069858	0.062900083495686	0.0114110770943502
dmel-FBgn0031119	0.0872005988023953	0.108158682634731	0.0217065868263473	0.00523952095808384
dmel-FBgn0031126	0.0442235173123072	0.0524511484401783	0.0562221460404524	0.0581076448405897
dmel-FBgn0031127	0.541854185418542	0	0	0.0216021602160216
dmel-FBgn0031128	0.400536193029491	0	0	0
dmel-FBgn0031129	0.259916887041934	0	0	0.0011333585190782
dmel-FBgn0031130	0.32994923857868	0	0	0
dmel-FBgn0031132	0.292358803986711	0	0	0
dmel-FBgn0031134	0.186604886267903	0	0	0
dmel-FBgn0031139	0.581538461538462	0	0	0
dmel-FBgn0031141	0	0	0.566326530612245	0
dmel-FBgn0031142	0.270746018440906	0	0	0
dmel-FBgn0031143	0.0516189582355702	0.0775728260477205	0.0881132007363824	0.0369274085839079
dmel-FBgn0031144	0.140945584299732	0.213202497769848	0.0918822479928634	0.0419268510258698
dmel-FBgn0031145	0.131001116486788	0.225530331224414	0.06810569408262	0.0595459620394492
dmel-FBgn0031146	0	0	0	0
dmel-FBgn0031148	0.0521121883656508	0.0308171745152354	0.0309903047091413	0.0145429362880886
dmel-FBgn0031149	0.0850799779371207	0.0801847766133481	0.0199944842801986	0.0145477109762824
dmel-FBgn0031150	0.043646408839779	0.0397790055248619	0.0198895027624309	0.0220994475138121
dmel-FBgn0031155	0.308873720136519	0	0	0
dmel-FBgn0031157	0.363067292644757	0	0	0
dmel-FBgn0031161	0.0682363698708423	0.102754600525774	0.0483483826723054	0.0171448165504629
dmel-FBgn0031163	0.50682382133995	0	0	0
dmel-FBgn0031164	0.447368421052632	0	0	0
dmel-FBgn0031168	0.329076620825148	0	0	0
dmel-FBgn0031169	0.302083333333333	0.0208333333333333	0	0
dmel-FBgn0031170	0.0317185697808535	0.00454953223119313	0.139753940792003	0.00115340253748558
dmel-FBgn0031171	0.143861546782044	0	0	0
dmel-FBgn0031174	0.0538036700516657	0.0512203812577945	0.0416889363976483	0.0189738107963656
dmel-FBgn0031178	0.717435451116913	0	0	0
dmel-FBgn0031182	0.0370776656428258	0	0.119789381307591	0.0623080298376481
dmel-FBgn0031183	0.0524746571258199	0.0381633870005963	0.0250447227191413	0.0174915523752733
dmel-FBgn0031184	0.00495915985997666	0	0.0072928821470245	0
dmel-FBgn0031187	0.0504496600131607	0.0661329238868173	0.0151348980039482	0.00767712217591576
dmel-FBgn0031188	0.0976878612716763	0.0689788053949902	0.0315992292870906	0.0150289017341041
dmel-FBgn0031189	0.0556213017751479	0.0646942800788955	0.0315581854043393	0.0122287968441814
dmel-FBgn0031190	0.0300154275782608	0.0915695119807839	0.0307965707813385	0.00470638779854317
dmel-FBgn0031191	0.189767441860465	0.0483720930232557	0.0213953488372093	0.00837209302325581
dmel-FBgn0031194	0.0260234210789711	0.0225202682414173	0.0200180162145931	0.0161145030527475
dmel-FBgn0031195	0.102511880515954	0.163611676849966	0.0488798370672098	0.0135777325186694
dmel-FBgn0031201	0.461206896551725	0	0	0
dmel-FBgn0031208	0.554609929078013	0	0	0
dmel-FBgn0031209	0	0	0.16988416988417	0
dmel-FBgn0031213	0.0338983050847458	0.0397740112994351	0.0335593220338983	0.0372881355932203
dmel-FBgn0031214	0.363013698630138	0.198630136986301	0	0
dmel-FBgn0031216	0.0625191073066339	0.0533476001222866	0.0346988688474473	0.0307245490675634
dmel-FBgn0031217	0.0652818991097921	0.0443249258160238	0.0274480712166172	0.0595326409495549
dmel-FBgn0031219	0	0.0542797494780794	0	0.402922755741127
dmel-FBgn0031220	0.0234023402340234	0.0376109039475376	0.000803651793750803	0.125691140542625
dmel-FBgn0031224	0.066541545811295	0.118580447022693	0.0784849001876811	0.0377068759597338
dmel-FBgn0031227	0.0922541340295909	0.0635335073977371	0.0174064403829417	0
dmel-FBgn0031228	0.0244432731585189	0.0425286599024904	0.0311635261562788	0.019501910660166
dmel-FBgn0031229	0.0488629956775041	0.0556286412328509	0.0434128923134749	0.0356136064649501
dmel-FBgn0031231	0.05724147849849	0.0559470732058106	0.0576729469293831	0.0240184093197181
dmel-FBgn0031232	0	0.0401554404145077	0	0
dmel-FBgn0031233	0.0467816091954024	0.0802298850574714	0.0539080459770114	0.017816091954023
dmel-FBgn0031235	0.606815203145478	0	0	0
dmel-FBgn0031238	0.0633663366336634	0.077887788778878	0.0297029702970297	0.0188118811881188
dmel-FBgn0031239	0.193965517241379	0.0258620689655173	0	0
dmel-FBgn0031240	0.379712746858169	0	0	0.00179533213644524
dmel-FBgn0031244	0.070539419087137	0.0308609958506224	0.0420124481327801	0.00907676348547721
dmel-FBgn0031245	0.0221211060553027	0.00987049352467623	0.0245012250612531	0.0621631081554077
dmel-FBgn0031247	0.327479829140958	0.157570004746085	0.0526815377313716	0.0346464167062173
dmel-FBgn0031248	0.0266149899956372	0	0.402476267846128	0
dmel-FBgn0031249	0.00356539987330886	0	0.013899751218252	0
dmel-FBgn0031250	0.0102166546873395	0.00580141698326317	0.0188931101755827	0.0157613718040866
dmel-FBgn0031251	0.0574398249452954	0.219274252370533	0.00774981765134937	0.000729394602479943
dmel-FBgn0031252	0.0840236686390533	0.076923076923077	0.0366863905325443	0
dmel-FBgn0031253	0.05570269822877	0.133587154444628	0.0476742261215031	0.0187882800860785
dmel-FBgn0031254	0	0	0	0
dmel-FBgn0031255	0.464285714285714	0	0	0
dmel-FBgn0031256	0.028369984891724	0.0503049633484417	0.0176263219741481	0.0279782888478541
dmel-FBgn0031257	0.240282685512368	0	0	0
dmel-FBgn0031258	0.0454824830977259	0.0282728948985863	0.0245851259987707	0.0983405039950829
dmel-FBgn0031260	0.0472399479586147	0.0376370732916176	0.0184313239576234	0.0257418995105632
dmel-FBgn0031261	0	0	0	0
dmel-FBgn0031263	0.0120083174493155	0.0059781666955467	0.00272049904695893	0
dmel-FBgn0031264	0.0342530030030031	0.163194444444444	0	0
dmel-FBgn0031265	0.123644811564275	0.0604026845637583	0.0294269488900361	0.0172947857511615
dmel-FBgn0031266	0.0772385509227616	0.0707450444292549	0.0287081339712919	0.0266575529733424
dmel-FBgn0031267	0.0214310645724258	0.0709249563699826	0.0185689354275742	0.00663176265270507
dmel-FBgn0031268	0.0716958833957062	0.098975773094347	0.0114240693322829	0.0182194209178649
dmel-FBgn0031270	0.0338213023725391	0.0540131246845028	0.0413932357395254	0.0307925290257445
dmel-FBgn0031275	0.211920529801325	0.105960264900662	0	0
dmel-FBgn0031276	0.758196721311475	0	0	0
dmel-FBgn0031277	0.806862635520286	0	0	0
dmel-FBgn0031279	0.164179104477612	0	0	0
dmel-FBgn0031281	0.0566711289602856	0.0495314591700134	0.0298973672467648	0.0142793395805444
dmel-FBgn0031282	0.0128413524057217	0.0110533159947985	0.012516254876463	0.0157672301690507
dmel-FBgn0031283	0	0	0	0
dmel-FBgn0031284	0.0410923276983095	0.0678803641092328	0.0392717815344603	0.0179453836150845
dmel-FBgn0031285	0.0353536079067963	0.0285587048024019	0.107856516929796	0.0136041717544641
dmel-FBgn0031286	0.0510271703114645	0.0957587806494367	0.0417495029821074	0.025844930417495
dmel-FBgn0031287	0.178939617083947	0.153902798232695	0.0883652430044182	0.0589101620029456
dmel-FBgn0031288	0.112994350282486	0	0	0
dmel-FBgn0031289	0.155515370705244	0	0.0904159132007235	0
dmel-FBgn0031292	0.448105436573312	0	0	0
dmel-FBgn0031294	0.08482845451684	0.010701920050362	0.109379918161788	0
dmel-FBgn0031295	0.294328193832599	0	0	0
dmel-FBgn0031296	0.161252900232019	0	0	0
dmel-FBgn0031298	0.0209903593339176	0.0454425942156003	0.0194127957931639	0.0146801051709027
dmel-FBgn0031299	0.0206738131699847	0.00612557427258806	0	0
dmel-FBgn0031301	0.286127167630057	0	0	0
dmel-FBgn0031304	0.0755338361840008	0.0535429724848614	0.0532242643153086	0.0256028896207373
dmel-FBgn0031306	0.0718703976435935	0.027098674521355	0.0786450662739323	0
dmel-FBgn0031307	0.090316849274504	0.0296120817293456	0.0372125160398777	0
dmel-FBgn0031308	0.051939513477975	0.081525312294543	0.0302432610124917	0.0177514792899408
dmel-FBgn0031309	0.0843920145190562	0.0653357531760435	0.0190562613430127	0
dmel-FBgn0031310	0.0323325635103927	0.0408232577095502	0.0249966037223204	0.020241814970792
dmel-FBgn0031312	0.0219740196673546	0.0212455991258953	0.0163894621828336	0.00437052324875562
dmel-FBgn0031313	0.035306898424769	0.018794133623031	0.0291146116241173	0.0849538294405216
dmel-FBgn0031314	0.0648421052631579	0.080421052631579	0.032	0.016421052631579
dmel-FBgn0031315	0.0521754510081358	0.0916165546515742	0.0311284046692607	0.0412097629996463
dmel-FBgn0031317	0.0366542870983369	0.0450508638785726	0.0757306636525108	0.0164702082996932
dmel-FBgn0031318	0.150908530951648	0.224822913458577	0.0748383122882662	0.0529719741299662
dmel-FBgn0031319	0.215325670498084	0.172413793103448	0.0620689655172414	0.0528735632183908
dmel-FBgn0031320	0.0559696245253834	0.0523133173955843	0.0554071157361833	0.0517508086063846
dmel-FBgn0031321	0.0398803589232304	0.0314057826520439	0.0239282153539382	0
dmel-FBgn0031322	0.0451966085853529	0.14433540289739	0.0238333667133988	0.0102810601508779
dmel-FBgn0031323	0.622583926754832	0	0	0
dmel-FBgn0031324	0	0	0.577181208053691	0
dmel-FBgn0031327	0.248136315228967	0.24174653887114	0.0212992545260916	0.00958466453674121
dmel-FBgn0031331	0.148346738159071	0	0	0
dmel-FBgn0031332	0.610119047619048	0	0	0
dmel-FBgn0031333	0.59601259181532	0	0	0
dmel-FBgn0031335	0.428770949720671	0	0	0
dmel-FBgn0031337	0.386806596701649	0	0	0
dmel-FBgn0031343	0.32077342588002	0	0	0
dmel-FBgn0031344	0.0301446945337621	0.0385852090032154	0.0454180064308682	0.0172829581993569
dmel-FBgn0031345	0.643497757847534	0	0	0
dmel-FBgn0031347	0.397411099538759	0	0	0.00223181074244904
dmel-FBgn0031351	0.2	0.144642857142857	0.105357142857143	0.0392857142857143
dmel-FBgn0031356	0.0410381184103813	0.0368207623682075	0.0600162206001623	0.0131386861313869
dmel-FBgn0031357	0.0774555042847726	0.0379037574159525	0.0326301911667766	0
dmel-FBgn0031359	0.0463454845209746	0.0356292361238323	0.0720827990474445	0.0174940465286683
dmel-FBgn0031360	0.0375258923840263	0.0385375018064454	0.0582879714822486	0.0291439857411244
dmel-FBgn0031361	0.0353662937567666	0.0624323348971491	0.0458318296643811	0.0295922049801515
dmel-FBgn0031364	0.614678899082569	0	0	0
dmel-FBgn0031365	0.324444444444444	0	0	0
dmel-FBgn0031367	0.320813079982324	0	0	0
dmel-FBgn0031372	0.307692307692308	0	0	0
dmel-FBgn0031373	0	0	0	0
dmel-FBgn0031374	0.206179066834804	0.156368221941992	0.118537200504414	0.0208070617906683
dmel-FBgn0031375	0.130801687763713	0	0	0
dmel-FBgn0031377	0.0268411340379131	0.0251635631605435	0.0120785103170609	0.00520046971984565
dmel-FBgn0031378	0.204914232730644	0.123319425127492	0.115438108484006	0.0463606861381548
dmel-FBgn0031379	0.17953216374269	0.153508771929824	0.0891812865497078	0.0619883040935672
dmel-FBgn0031381	0.0535408687148562	0.0117117012235584	0.134009336763799	0.0873837270218983
dmel-FBgn0031384	0.0314199395770393	0.0105740181268883	0.00936555891238669	0.103625377643504
dmel-FBgn0031388	0.308392315470173	0	0	0
dmel-FBgn0031389	0.0243940335612181	0.0174021131137352	0	0.00528278433809818
dmel-FBgn0031390	0.0811802232854866	0.067145135566188	0.0309409888357257	0.027591706539075
dmel-FBgn0031391	0.0572875033306688	0.0554223288036237	0.0410338395949906	0.0367705835331735
dmel-FBgn0031392	0.157214273401138	0.0306843647646957	0.016031718669195	0.0093087398724358
dmel-FBgn0031393	0.112554112554113	0	0	0
dmel-FBgn0031395	0.0194371917609516	0.0226283724978242	0.0158108500145053	0.00986364955033364
dmel-FBgn0031397	0.0484194681384846	0.0260913196186653	0.00777722027094829	0.149523331660813
dmel-FBgn0031398	0.059044551798175	0.0606548577563071	0.0268384326355341	0.0144927536231884
dmel-FBgn0031399	0.0626212735932262	0.0911977421061914	0.0373963662021521	0.0356323866643147
dmel-FBgn0031401	0.0802503477051459	0.0724617524339362	0.0292072322670376	0.00445062586926288
dmel-FBgn0031403	0.0586988207234664	0.0588313237047833	0.0258380813568305	0.0178879024778057
dmel-FBgn0031407	0.316742081447964	0	0	0
dmel-FBgn0031410	0.380974917179366	0	0	0
dmel-FBgn0031412	0.0191417588452185	0	0.00729583431395622	0.00831568212128342
dmel-FBgn0031413	0.0853391684901532	0.0787746170678337	0.0579868708971555	0
dmel-FBgn0031414	0.150602409638554	0.0180722891566265	0.0301204819277109	0
dmel-FBgn0031417	0.0145819594049974	0	0	0.0570821425954424
dmel-FBgn0031418	0.0268246244975671	0.0464142162047811	0.0339750370213667	0.0061772794584303
dmel-FBgn0031419	0	0	0	0
dmel-FBgn0031420	0.0567605919318873	0.0818974255017233	0.0362862355564565	0.0190553415771336
dmel-FBgn0031422	0.0698224852071007	0.0520710059171599	0	0
dmel-FBgn0031423	0.622222222222222	0	0	0
dmel-FBgn0031424	0.171322160148976	0	0	0
dmel-FBgn0031426	0.183160196828869	0.082558775287042	0	0
dmel-FBgn0031428	0.0262206148282097	0.0289330922242314	0.0176311030741411	0.0262206148282097
dmel-FBgn0031430	0	0	0	0
dmel-FBgn0031431	0.367816091954023	0	0	0
dmel-FBgn0031432	0.0390703698373867	0.00129515038134984	0.0213699812922723	0.19715066916103
dmel-FBgn0031434	0.118195956454121	0.0357698289269051	0.0279937791601866	0
dmel-FBgn0031435	0.235602094240838	0.293193717277487	0	0
dmel-FBgn0031436	0.040766966809453	0.052189876737477	0.031879243523618	0.02127225573331
dmel-FBgn0031437	0.0298785233309647	0.0441241159949921	0.0320779616282611	0.0115724291950056
dmel-FBgn0031440	0.358578052550233	0	0	0
dmel-FBgn0031441	0.459821428571429	0	0	0
dmel-FBgn0031442	0.320987654320987	0	0	0
dmel-FBgn0031443	0.253079507278835	0	0	0
dmel-FBgn0031444	0.311569301260023	0	0	0
dmel-FBgn0031446	0	0	0	0
dmel-FBgn0031449	0.0127017334130305	0.0440824865511059	0.00709802749551704	0.00463239689181113
dmel-FBgn0031450	0.0353581678847235	0.0406840843861881	0.111045359055537	0.0204456016806225
dmel-FBgn0031451	0.356919223544145	0	0	0
dmel-FBgn0031452	0.052405498281787	0.0624284077892326	0.0423825887743414	0.0154639175257732
dmel-FBgn0031453	0.205865834633386	0.187519500780032	0.0872386895475819	0.0251482059282371
dmel-FBgn0031454	0	0	0	0
dmel-FBgn0031455	0	0	0	0
dmel-FBgn0031456	0.0634517766497462	0.0664128595600676	0.0287648054145517	0.0241116751269036
dmel-FBgn0031457	0.0380650277557494	0.0594766058683585	0.0400475812846947	0.0122918318794607
dmel-FBgn0031458	0.0557510148849797	0.0690121786197564	0.0635994587280108	0.0250789354984213
dmel-FBgn0031459	0.046106848536516	0.0494695462726153	0.027564649048025	0.0239651416122004
dmel-FBgn0031460	0.238963531669866	0	0	0
dmel-FBgn0031461	0.0369648318042813	0.041743119266055	0.0155963302752294	0.112767584097859
dmel-FBgn0031462	0.420470262793915	0	0	0.00899031811894881
dmel-FBgn0031463	0.25207468879668	0	0	0
dmel-FBgn0031464	0.155276381909548	0.321608040201005	0.0050251256281407	0
dmel-FBgn0031465	0.478632478632479	0	0	0
dmel-FBgn0031466	0.0891472868217052	0.0697674418604651	0	0
dmel-FBgn0031468	0.0513853904282116	0.124937027707809	0	0
dmel-FBgn0031469	0.170786516853932	0.0584269662921349	0	0
dmel-FBgn0031470	0.00334011960809263	0	0	0.0218539254358061
dmel-FBgn0031471	0.0343024855544346	0.00293497202604788	0	0.240667706135926
dmel-FBgn0031473	0.0597701149425288	0.0229885057471264	0.0206896551724138	0
dmel-FBgn0031474	0.0581658007680146	0.0513892026202848	0.0854980799638581	0.0103907838265191
dmel-FBgn0031476	0.273979107312441	0	0.0087844254510921	0
dmel-FBgn0031478	0.0304706286499485	0.0550326348333906	0.040226726210924	0.0306767433871522
dmel-FBgn0031479	0.0504024530471445	0.0592180912226907	0.0394787274817938	0.0270218474511307
dmel-FBgn0031483	0.38515196811161	0.0637767812655706	0.012954658694569	0.00498256103637269
dmel-FBgn0031484	0.0915283099191144	0.0468284376330354	0.0398041719880801	0.00446998722860792
dmel-FBgn0031485	0.0550996483001173	0.0659437280187573	0.0480656506447832	0.0310668229777257
dmel-FBgn0031488	0.202160493827161	0.299382716049383	0.0138888888888889	0
dmel-FBgn0031489	0.0168070680090404	0.0105609204848983	0.0342716252311485	0.0436819395931785
dmel-FBgn0031490	0.00777047220561865	0	0	0
dmel-FBgn0031491	0.03420112302195	0.0268844648630253	0.0354772843287392	0.0654245363280585
dmel-FBgn0031492	0.0767284991568296	0.0550871275997751	0.0295109612141653	0.0188308038223721
dmel-FBgn0031493	0.0621074668527563	0.068248429867411	0.0318213538032101	0.0274947662247034
dmel-FBgn0031494	0.192139737991266	0.161572052401747	0.0807860262008732	0.0807860262008732
dmel-FBgn0031495	0.0787365529869538	0.0585946440833143	0.043030441748684	0.0299839780270085
dmel-FBgn0031496	0.464980544747082	0	0	0
dmel-FBgn0031497	0.0509431426139164	0.0624131905551324	0.0298400465970698	0.0172498767865943
dmel-FBgn0031498	0.168988269794722	0.0788123167155426	0.0278592375366569	0.0197947214076246
dmel-FBgn0031500	0.0508593475973342	0.0610312171168011	0.0403367239565065	0.0157839354612417
dmel-FBgn0031501	0.21784847667835	0	0	0
dmel-FBgn0031504	0.638935108153078	0	0	0
dmel-FBgn0031505	0.0266566621909802	0.0421372719374457	0.0249585340810363	0.0212858384013901
dmel-FBgn0031512	0.0945357833655706	0	0	0
dmel-FBgn0031513	0.241469816272966	0	0	0
dmel-FBgn0031514	0.0514890367622995	0.00229082578815316	0.197774626377223	0
dmel-FBgn0031515	0.0086740331491713	0.00842541436464091	0.0246961325966851	0.029696132596685
dmel-FBgn0031516	0.0332388307752467	0.0425261511389187	0.0545507869781992	0.0595366115944862
dmel-FBgn0031517	0.103898713826366	0	0.00301446945337621	0
dmel-FBgn0031518	0.0266051011433597	0.00329815303430079	0.161829375549692	0
dmel-FBgn0031519	0.172413793103448	0	0	0
dmel-FBgn0031520	0.15450643776824	0	0	0
dmel-FBgn0031522	0.126790830945559	0	0	0
dmel-FBgn0031523	0.0885416666666666	0	0	0
dmel-FBgn0031526	0.35952023988006	0	0.0263868065967016	0.00629685157421289
dmel-FBgn0031528	0.0345294515910629	0.129316181448883	0	0
dmel-FBgn0031529	0.0608458133182631	0.0693227842139963	0.0101723650748799	0.0244890270321183
dmel-FBgn0031530	0.0332986472424558	0.0160547049204697	0.0526237550170953	0
dmel-FBgn0031531	0.360805860805861	0	0	0
dmel-FBgn0031533	0.0584339696143358	0	0.094663030775224	0
dmel-FBgn0031534	0.0443817683527127	0.0371444536093446	0.0547055849719288	0.0702977409999202
dmel-FBgn0031535	0.11399692937564	0.22146878198567	0.115532241555783	0.018935516888434
dmel-FBgn0031536	0.143416544297602	0.180127263827705	0.109642682329907	0.0729319627998042
dmel-FBgn0031538	0.0773169482846902	0.00529100529100528	0	0.414917221368834
dmel-FBgn0031540	0.0986460348162476	0.059961315280464	0.0290135396518375	0
dmel-FBgn0031542	0.0256650102309266	0.101140017538731	0	0
dmel-FBgn0031544	0.0488232202300999	0.0692051626467325	0.041231092682357	0.039887870116218
dmel-FBgn0031545	0.351708074534162	0	0	0.00146652864044168
dmel-FBgn0031546	0.357758620689655	0	0	0
dmel-FBgn0031547	0.585714285714286	0	0	0
dmel-FBgn0031548	0.036986301369863	0.124200913242009	0.0296803652968036	0
dmel-FBgn0031549	0.159270998415214	0.0570522979397781	0.0134706814580032	0
dmel-FBgn0031554	0	0	0	0
dmel-FBgn0031558	0.0453911398290818	0.017973672818227	0	0.13750420882169
dmel-FBgn0031559	0.0129367670172893	0	0	0.0455204932898078
dmel-FBgn0031560	0.0416010219288908	0	0	0.128252075793059
dmel-FBgn0031561	0.0523552123552124	0	0	0.167644787644788
dmel-FBgn0031562	0.0563968161522035	0	0	0
dmel-FBgn0031563	0.0201825013419216	0.00944712828770797	0	0.123027375201288
dmel-FBgn0031564	0.0215584415584416	0.0766233766233766	0	0
dmel-FBgn0031566	0.0379065995048237	0.053359515068727	0.0524203876035176	0.0306497054554769
dmel-FBgn0031568	0.0466132556445739	0.190094683175528	0	0
dmel-FBgn0031571	0.0782122905027933	0.0527622594661701	0.11628388164701	0.00848334367887443
dmel-FBgn0031573	0.116856950973808	0.0631296171927467	0.0355943586299531	0.0228341168569509
dmel-FBgn0031574	0.334192218500386	0.00541097655243494	0.00334965215150734	0.00128832775057975
dmel-FBgn0031575	0.25	0.0316037735849056	0.00660377358490567	0.00707547169811321
dmel-FBgn0031579	0.0193559341219084	0	0.079178221744298	0
dmel-FBgn0031580	0.0105689523700199	0	0.058945072605177	0
dmel-FBgn0031585	0.593619246861925	0	0	0.00418410041841004
dmel-FBgn0031589	0.0435497624558411	0.0730905104153977	0.0295407479595566	0.0516506273602145
dmel-FBgn0031590	0.0689137773967098	0.0544986871014415	0.0622689030598574	0.0344033010020899
dmel-FBgn0031592	0.456790123456791	0	0	0
dmel-FBgn0031596	0.482456140350877	0	0	0
dmel-FBgn0031597	0.0749185667752442	0.0716612377850163	0.0214983713355049	0.0143322475570032
dmel-FBgn0031598	0.0617312072892938	0.0455580865603645	0.0400911161731207	0.0965831435079724
dmel-FBgn0031600	0.0462592804111936	0.0396916047972586	0.0456881781838949	0.01956025128498
dmel-FBgn0031601	0.0470036921329167	0.0610621982391365	0.0410394774211872	0.0489917637034934
dmel-FBgn0031602	0.0875912408759124	0.0802919708029197	0.0218978102189781	0
dmel-FBgn0031603	0.0443112211651243	0.0690733741691647	0.0325817802684739	0.0172031799817542
dmel-FBgn0031604	0.0495246517797922	0.0435551625027636	0.0260888790625691	0.018129560026531
dmel-FBgn0031606	0.0641727493917274	0.102798053527981	0.0450121654501216	0.0167274939172749
dmel-FBgn0031607	0.0698140721837405	0.0721837404301859	0.0464819540648924	0.0291651476485599
dmel-FBgn0031608	0.0851485148514852	0.074059405940594	0.0304950495049505	0.00950495049504951
dmel-FBgn0031609	0.0780933062880324	0.0588235294117647	0.055104800540906	0.0331304935767411
dmel-FBgn0031610	0.348441926345609	0.13314447592068	0	0
dmel-FBgn0031611	0.0603484912877178	0.0599235019124522	0.0395240118997025	0.0484487887802805
dmel-FBgn0031613	0.475578406169666	0	0	0
dmel-FBgn0031619	0.0639952153110048	0.308612440191387	0	0
dmel-FBgn0031620	0.385521885521885	0	0	0
dmel-FBgn0031621	0.0623556581986143	0	0	0
dmel-FBgn0031622	0.16030534351145	0	0	0
dmel-FBgn0031623	0.212765957446808	0	0	0
dmel-FBgn0031626	0.327686606670196	0	0	0
dmel-FBgn0031627	0.116429495472186	0.0827943078913323	0.0219922380336352	0
dmel-FBgn0031628	0.0629978276611151	0.0963070238957277	0.0362056480811007	0.0202751629254164
dmel-FBgn0031629	0.0286817565120233	0.141867874836547	0	0
dmel-FBgn0031630	0.02945301542777	0.0203366058906031	0	0
dmel-FBgn0031631	0.0820846905537459	0.0254071661237785	0.0214983713355049	0.00716612377850163
dmel-FBgn0031632	0.175182481751825	0.0346715328467154	0	0
dmel-FBgn0031633	0.0444420704022221	0.0319427381015971	0.0274557983013728	0.0104161102505208
dmel-FBgn0031634	0.0534759358288769	0.0534759358288769	0	0
dmel-FBgn0031635	0.0382991556091676	0.0572225572979493	0.0708685162846803	0.0179433051869722
dmel-FBgn0031636	0.0387479106518766	0	0.0937547485184624	0
dmel-FBgn0031637	0.0442733846512713	0.0747375787263821	0.0257989269885701	0.0120830417541404
dmel-FBgn0031638	0.0852998484520457	0.0681965793461788	0.0179692574150249	0.0112578480190517
dmel-FBgn0031639	0.0416346891788181	0.057367613200307	0.0299309286262471	0.0180353031465848
dmel-FBgn0031640	0.0502428658166362	0.0604128718882819	0.0456891317547054	0.0315725561627201
dmel-FBgn0031643	0.0522767462422636	0.0712864721485411	0.0361405835543767	0.0256410256410256
dmel-FBgn0031644	0.38542665388303	0	0	0
dmel-FBgn0031645	0.0418363481390283	0.116346244909556	0.022445307320769	0.0247656028032958
dmel-FBgn0031646	0.0332805071315373	0.158478605388273	0	0
dmel-FBgn0031649	0.0928936367858802	0.111472364143056	0.00882489549465861	0
dmel-FBgn0031651	0.0607685433422699	0.0825141495382784	0.0417039022937146	0.0333631218349717
dmel-FBgn0031652	0.0654596100278551	0.0431754874651811	0.0710306406685237	0
dmel-FBgn0031653	0.0194352207432218	0	0.277879479109519	0
dmel-FBgn0031654	0.0393819665285408	0	0.428696476181298	0.000401529022517748
dmel-FBgn0031655	0.0773067331670823	0.0689941812136327	0.0191188694929343	0.0141313383208645
dmel-FBgn0031657	0.112423447069116	0.0603674540682415	0.0363079615048119	0.0135608048993875
dmel-FBgn0031659	0.143779445123015	0.0560111673355435	0.0389111847845053	0.0259989530622928
dmel-FBgn0031660	0.0494047986183926	0.0658730648245235	0.050761734410658	0.0298525874298402
dmel-FBgn0031661	0.0558778264472593	0.0356339528826801	0.0394222800994436	0.0213093405942938
dmel-FBgn0031662	0.0330464283470503	0.0296538292391782	0.0236853678456996	0.0190362505497267
dmel-FBgn0031663	0.0364878616077918	0.0446285797354265	0.0277656636138974	0.0151184765227504
dmel-FBgn0031664	0.0801028057399874	0.059327479117584	0.0381237952452345	0.0154208609980724
dmel-FBgn0031668	0	0	0	0
dmel-FBgn0031670	0.0456935882701215	0.0474697872044021	0.0402953366071118	0.0291853864103367
dmel-FBgn0031673	0.0481540930979133	0.0553772070626003	0.0148475120385233	0.00581861958266452
dmel-FBgn0031675	0.10917537746806	0	0	0
dmel-FBgn0031676	0.0601503759398496	0.039136302294197	0.0505108926161557	0.0445344129554656
dmel-FBgn0031677	0.493273542600897	0	0	0
dmel-FBgn0031678	0.188003581020591	0.137869292748433	0.0957923008057297	0.0483437779767234
dmel-FBgn0031681	0.058013856812933	0.0538568129330253	0.0154272517321016	0.02364896073903
dmel-FBgn0031682	0.0385467128027682	0.0161937716262976	0.164913494809689	0.00525951557093425
dmel-FBgn0031683	0.0911680911680913	0.0535968660968659	0.0450498575498575	0.0211894586894587
dmel-FBgn0031684	0.0365034965034965	0.0232634032634032	0.018041958041958	0.0139393939393939
dmel-FBgn0031688	0.0694626474442987	0.0288335517693316	0.0150720838794233	0.0465268676277851
dmel-FBgn0031689	0.0279887249212402	0.00315038965345714	0.0127342065992373	0.179970154203283
dmel-FBgn0031690	0.307351638618246	0	0	0.0141718334809567
dmel-FBgn0031692	0.0187136342192169	0.0226450699795565	0.00864915867274728	0
dmel-FBgn0031693	0.0774253731343283	0.00715174129353232	0.113339552238806	0.354322139303483
dmel-FBgn0031694	0.04503582395087	0	0.0921187308085976	0.370522006141249
dmel-FBgn0031695	0.0775159656463332	0.0526315789473685	0.4232547896939	0.0063862585333627
dmel-FBgn0031696	0.0931186868686868	0.0754419191919192	0.0432449494949495	0.0202020202020202
dmel-FBgn0031697	0.141129032258065	0	0	0
dmel-FBgn0031698	0.195995145631068	0.145631067961165	0.0800970873786407	0.0624999999999999
dmel-FBgn0031700	0	0.675324675324675	0	0
dmel-FBgn0031702	0.0169524176459257	0	0.0153149682142169	0.0673280678096706
dmel-FBgn0031703	0.0140556768558952	0	0.0229257641921397	0.00968886462882097
dmel-FBgn0031707	0.284122562674095	0	0	0
dmel-FBgn0031708	0.0553076923076924	0.0704615384615384	0.0418461538461538	0.0273846153846155
dmel-FBgn0031710	0.0366075865496107	0.0450554911379824	0.0351167798575451	0.0278283915852244
dmel-FBgn0031711	0.0840321141837645	0.0508474576271186	0.044870651204282	0.0222123104371097
dmel-FBgn0031713	0.0525605331983465	0.080401586096347	0.0344216654011643	0.0229477769341095
dmel-FBgn0031715	0.286995515695067	0	0	0
dmel-FBgn0031716	0.151376146788991	0	0	0
dmel-FBgn0031717	0.0147801592954737	0.0172246325195882	0.022696367286149	0.0515120119147835
dmel-FBgn0031720	0.443897637795275	0	0	0
dmel-FBgn0031721	0.411032028469751	0	0	0
dmel-FBgn0031722	0.395241749808135	0	0	0
dmel-FBgn0031723	0.457328051854519	0	0	0
dmel-FBgn0031724	0.349894736842105	0	0	0.00168421052631579
dmel-FBgn0031725	0.46875	0	0	0
dmel-FBgn0031728	0.368786996147702	0	0	0.00197312787747816
dmel-FBgn0031729	0.634615384615385	0	0	0
dmel-FBgn0031730	0.541666666666667	0	0	0
dmel-FBgn0031732	0.0882557331480194	0	0.390548992355802	0
dmel-FBgn0031733	0.393142857142858	0	0	0
dmel-FBgn0031734	0.0480905233380482	0.0905233380480906	0.00990099009900991	0
dmel-FBgn0031735	0.0711892797319932	0.0711892797319932	0	0
dmel-FBgn0031736	0.048602038149987	0.0279592370002613	0.016200679383329	0.00522602560752548
dmel-FBgn0031737	0.170075125208681	0.210976627712855	0	0
dmel-FBgn0031738	0.139928698752228	0.120320855614973	0.164884135472371	0.0320855614973262
dmel-FBgn0031739	0.0681818181818182	0.0702959830866807	0.0248414376321354	0.00951374207188161
dmel-FBgn0031740	0.0869109947643979	0.0858638743455498	0.0415357766143107	0.0104712041884817
dmel-FBgn0031741	0.0357588357588359	0.0798336798336799	0.0593555093555093	0.0650727650727652
dmel-FBgn0031745	0.0450885668276973	0.0611916264090176	0.0241545893719807	0
dmel-FBgn0031747	0.0876279322525133	0	0.00763819702321651	0.0136159164326903
dmel-FBgn0031749	0.440453686200378	0	0	0
dmel-FBgn0031751	0.389882352941176	0	0	0
dmel-FBgn0031752	0.0406205021589636	0.0712458020150328	0.0674876059491443	0.0283064129217975
dmel-FBgn0031753	0.592592592592593	0	0	0
dmel-FBgn0031757	0.393072289156627	0	0	0
dmel-FBgn0031758	0	0	0	0
dmel-FBgn0031759	0.0838145778055252	0.0538473544560637	0.0419853285469018	0.0243483689714375
dmel-FBgn0031760	0.0482695810564663	0.0761991499696418	0.0163934426229508	0
dmel-FBgn0031762	0.060093896713615	0	0.141784037558686	0
dmel-FBgn0031764	0.0669481302774427	0.0382991556091676	0.0189987937273824	0
dmel-FBgn0031766	0.0928495197438634	0.100320170757737	0.113127001067236	0.0426894343649946
dmel-FBgn0031768	0.0336780324203465	0.0427613191727222	0.0335382895472331	0.0131358300726663
dmel-FBgn0031769	0.0902630364559299	0.0655283802491925	0.0161513613290263	0.00664513151822796
dmel-FBgn0031770	0.117903930131004	0.0829694323144104	0	0
dmel-FBgn0031771	0.042602205362902	0.076112663943238	0.041557883097337	0.0256780415885985
dmel-FBgn0031772	0.0907361825911836	0.0563884537927948	0.030879391362721	0.0138733497426717
dmel-FBgn0031773	0.0584075432163436	0.0686223153483499	0.0502881089575694	0.0214772132006286
dmel-FBgn0031774	0.14306622758873	0.0486644712769849	0.0281741675814124	0.013172338090011
dmel-FBgn0031776	0.0375744762636941	0.0811551028252931	0.0220545838939074	0.00864885642898328
dmel-FBgn0031777	0.0598835597449404	0.0706958691433324	0.0291100637649016	0.0166343221513723
dmel-FBgn0031779	0.0710399032648127	0.0619709794437728	0.0300785973397823	0.0193470374848851
dmel-FBgn0031781	0.0318331503841932	0.0360671161988396	0.0562647012701898	0.00809157911243532
dmel-FBgn0031782	0.0811965811965811	0.0555555555555555	0.0333333333333333	0
dmel-FBgn0031784	0.402907580477674	0	0	0
dmel-FBgn0031785	0.381578947368421	0	0	0.0011441647597254
dmel-FBgn0031786	0.319900497512438	0	0	0
dmel-FBgn0031791	0.0426651831564532	0.137110578568983	0.0242211571379665	0.0425368024649092
dmel-FBgn0031799	0.0489296636085627	0.0703363914373089	0.0545753940249353	0.0159962361797225
dmel-FBgn0031800	0	0	0	0.149315068493151
dmel-FBgn0031801	0.0330806340454858	0	0.0613370089593384	0
dmel-FBgn0031804	0.236151603498542	0	0.12536443148688	0
dmel-FBgn0031805	0.0440331844288449	0.0127632418634333	0.0293554562858966	0.0851946394384173
dmel-FBgn0031808	0.0397708122682844	0	0	0.223795079204583
dmel-FBgn0031813	0.0206574024585783	0.00887226082308928	0.0421966862640299	0.0571084981293426
dmel-FBgn0031814	0.067425320056899	0.0391180654338549	0.0268847795163585	0.127880512091039
dmel-FBgn0031815	0.0418351038826736	0.0423991726990692	0.0566889160477578	0.0537745604963806
dmel-FBgn0031816	0.0547523109741645	0.160701588054041	0.00296278739037687	0.023702299123015
dmel-FBgn0031817	0.188455008488964	0.0356536502546689	0.0226372382569326	0
dmel-FBgn0031818	0.0613885260725411	0.0646036370943433	0.0465186375967044	0.0238119160052246
dmel-FBgn0031820	0.0916748285994123	0.0640548481880509	0.0389813907933398	0.0207639569049951
dmel-FBgn0031821	0.0265832681782643	0.0237685691946834	0	0.0301798279906176
dmel-FBgn0031822	0.0979202772963603	0.0698440207972269	0.0405545927209705	0.0195840554592721
dmel-FBgn0031824	0.0334766843747364	0.0131545661522894	0.0355004637827809	0.100851673834219
dmel-FBgn0031826	0.340934371523915	0	0	0
dmel-FBgn0031829	0.54	0	0	0
dmel-FBgn0031830	0.0251462332089004	0.0388877458040622	0.0303489021486729	0.00983216248787514
dmel-FBgn0031831	0	0	0	0
dmel-FBgn0031832	0.0548947849954254	0.0526075022872827	0.021043000914913	0.015096065873742
dmel-FBgn0031834	0.0374379792512404	0.0374379792512404	0.0261614794767704	0.0148849797023004
dmel-FBgn0031835	0.0851900393184798	0.0445609436435123	0.0419397116644824	0
dmel-FBgn0031836	0.0355805243445692	0.0417898679282475	0.0296668637886851	0.0199093238714764
dmel-FBgn0031837	0	0	0	0
dmel-FBgn0031842	0.0643504316187487	0.0693443675536848	0.0436612684597275	0.0315331383320253
dmel-FBgn0031844	0.244712990936556	0	0	0
dmel-FBgn0031848	0.105781057810578	0.0356703567035671	0	0
dmel-FBgn0031849	0.314905017048222	0	0	0.00170482221139795
dmel-FBgn0031850	0.0320823961169646	0.0581271457322127	0.00224931928495324	0.00165739315733396
dmel-FBgn0031851	0.0507497116493657	0.0360438292964245	0.023356401384083	0.0103806228373702
dmel-FBgn0031853	0.374389785955689	0	0	0.00225309800976343
dmel-FBgn0031855	0.0250347705146036	0.116056250965847	0.00139082058414465	0
dmel-FBgn0031856	0.557755775577557	0	0	0
dmel-FBgn0031857	0.0311284046692607	0.0544747081712062	0	0
dmel-FBgn0031858	0.363573407202216	0	0	0
dmel-FBgn0031859	0.470927601809955	0	0	0
dmel-FBgn0031860	0.0436382754994742	0	0.0720294426919032	0.175604626708728
dmel-FBgn0031861	0.241210139002453	0	0	0
dmel-FBgn0031865	0.0334044957930428	0.0707857172757337	0.0995018627820336	0
dmel-FBgn0031866	0.193798449612403	0.0232558139534884	0	0
dmel-FBgn0031868	0.0626029654036244	0.0604848199576371	0.0315368321958108	0.0256530948458461
dmel-FBgn0031869	0.0897832817337461	0.194014447884417	0.0113519091847265	0
dmel-FBgn0031871	0.0830553318762224	0.0448636834234442	0.0284136661681813	0.0113884734844127
dmel-FBgn0031872	0.0868610467244112	0.14602903501281	0.00378187141637183	0.00219592533853849
dmel-FBgn0031873	0.0513253012048193	0.0373493975903615	0.0180722891566265	0.0144578313253012
dmel-FBgn0031874	0.0505359877488514	0.0505359877488514	0.0275650842266462	0
dmel-FBgn0031875	0.0962373371924746	0.0593342981186685	0.0238784370477569	0
dmel-FBgn0031876	0.0614942528735633	0.0632183908045978	0.0580459770114943	0.0281609195402298
dmel-FBgn0031877	0.0375651220180971	0.0584041678091582	0.0353715382506169	0.0287907869481766
dmel-FBgn0031878	0.289861479516652	0.0195991747715885	0.00604185086943709	0.002210433244916
dmel-FBgn0031879	0.109035906878864	0.0932526634223332	0.0139418650532684	0.00210443246087071
dmel-FBgn0031881	0.072139303482587	0.0507462686567164	0.0487562189054727	0.0223880597014925
dmel-FBgn0031882	0.0608391608391608	0.0323426573426574	0.0520979020979021	0.0108391608391609
dmel-FBgn0031883	0.0589861209127263	0.0695130557515878	0.0338155728063985	0.0222300635144672
dmel-FBgn0031885	0.0719910011248593	0.0725534308211473	0.0227784026996625	0.015185601799775
dmel-FBgn0031886	0.0900951315053162	0.0537213206491326	0.0246222719641858	0
dmel-FBgn0031887	0	0	0.534883720930233	0
dmel-FBgn0031888	0.0750323415265201	0.113842173350582	0.0135834411384217	0
dmel-FBgn0031893	0.0531713900134953	0.130364372469636	0.0375168690958165	0.0206927575348628
dmel-FBgn0031894	0.0412213740458016	0.0610687022900764	0.00559796437659034	0.00559796437659034
dmel-FBgn0031895	0.077772664519098	0.0515416474919466	0.0174873446847676	0.0124252185918086
dmel-FBgn0031896	0.0963482811942429	0.0807660283097418	0.0333055786844296	0.0164148923516118
dmel-FBgn0031897	0.0526957794584045	0.0745710335854274	0.0248027974302676	0.108075140278117
dmel-FBgn0031902	0.0819793205317578	0.0398818316100443	0.00960118168389955	0
dmel-FBgn0031904	0.0429340068079498	0.0498517623805863	0.0484242890084551	0.019325793345778
dmel-FBgn0031905	0.339816315505133	0	0	0
dmel-FBgn0031906	0.0403458213256484	0.0184438040345822	0.0945244956772335	0
dmel-FBgn0031907	0.0274683122081388	0.117469979986658	0	0.000425283522348232
dmel-FBgn0031908	0.0181138150230694	0.0968225722121832	0.00132087067391922	0.000215558755813207
dmel-FBgn0031909	0.0610075237160614	0.0449787373241741	0.0443245011449133	0.0160287863918875
dmel-FBgn0031910	0.0219684993266585	0	0.183453363780081	0.000737748111716143
dmel-FBgn0031912	0.0640090494207591	0.0444669813160666	0.0177087802785037	0.0262901275500254
dmel-FBgn0031913	0.015839999233162	0.000603884993457913	0.0177906436167918	0.128090716945684
dmel-FBgn0031914	0.0296920821114369	0.0702895894428153	0.0656158357771261	0
dmel-FBgn0031918	0.0416666666666667	0.0446428571428572	0	0
dmel-FBgn0031920	0.387633769322236	0	0	0
dmel-FBgn0031925	0	0.351351351351351	0	0
dmel-FBgn0031926	0.05736301369863	0.0839041095890411	0	0.0128424657534246
dmel-FBgn0031929	0.0199089073578438	0	0.178006291966005	0
dmel-FBgn0031930	0	0	0.0471399827536646	0
dmel-FBgn0031936	0	0	0	0.533333333333333
dmel-FBgn0031937	0.072270227808327	0.00844461901021208	0	0.455616653574234
dmel-FBgn0031939	0.0500293714509496	0.105737223418837	0.129919718034071	0.19727824554533
dmel-FBgn0031940	0.390804597701148	0	0	0
dmel-FBgn0031941	0.29003984063745	0	0	0
dmel-FBgn0031945	0.0474910394265233	0	0.166666666666667	0
dmel-FBgn0031946	0.351524879614767	0	0	0
dmel-FBgn0031947	0.0724428399518651	0.0736462093862817	0.0262334536702768	0.01323706377858
dmel-FBgn0031948	0.0134726422875997	0.000962331591971406	0.00556777563926313	0.0719686554852901
dmel-FBgn0031950	0.0494647832249865	0.0314775893249915	0.0417420206266191	0.0251722958111345
dmel-FBgn0031951	0.0261367407899104	0.0250580816461999	0.0124460670428145	0.00796548290740126
dmel-FBgn0031952	0.104249011857708	0.0475955204216074	0.0223978919631094	0.0166337285902504
dmel-FBgn0031954	0.431147540983607	0	0	0
dmel-FBgn0031955	0.222222222222222	0	0	0
dmel-FBgn0031957	0.0466417910447761	0	0	0
dmel-FBgn0031959	0.0508280982295831	0.170759565962307	0	0
dmel-FBgn0031961	0.093915343915344	0.0449735449735448	0	0
dmel-FBgn0031968	0.0126913664560924	0.0014227989300552	0.0351146775937625	0.0566843093733993
dmel-FBgn0031969	0.0280470075115095	0.0107220741458687	0.0685122364913981	0.016779743154834
dmel-FBgn0031970	0.00464499004644989	0	0	0.0789648307896483
dmel-FBgn0031971	0.0340207198385006	0.128343839033032	0.000316914018057761	0.199459344685193
dmel-FBgn0031972	0.0520938446014128	0.0430121089808276	0.0221997981836529	0.0881685166498486
dmel-FBgn0031973	0.0365308151093439	0.0962557985420808	0	0.0714877402253149
dmel-FBgn0031974	0.0454395785314455	0.0214027000329273	0.112281857095819	0.057951926243003
dmel-FBgn0031975	0.0738177623990773	0.0570934256055363	0.00865051903114187	0
dmel-FBgn0031976	0.0583873957367933	0.114921223354958	0	0
dmel-FBgn0031977	0.032063399738258	0.0378798894866948	0.0185037080122147	0.010506034608114
dmel-FBgn0031979	0.0723785166240409	0.0626598465473146	0.0340153452685422	0.0161125319693095
dmel-FBgn0031980	0.0419431892081173	0.0568253822680963	0.0386582681629454	0.0359986493471845
dmel-FBgn0031981	0.0978077571669477	0.0758853288364249	0.0143338954468802	0.0493254637436762
dmel-FBgn0031985	0.0585385547032701	0.0545014129995963	0.0503296999058002	0.0170905665455524
dmel-FBgn0031986	0.27682119205298	0	0	0
dmel-FBgn0031987	0.0286808214410024	0.0674556213017752	0.0425339366515838	0.033553776540202
dmel-FBgn0031988	0.0482893178175737	0.0340045989826494	0.123824123754442	0.00696815552923141
dmel-FBgn0031990	0.0859960552268244	0.0677186061801447	0.0689020381328074	0.0586456278763972
dmel-FBgn0031992	0.0275055245027948	0.055972962433381	0.0268295853373196	0.0480696737293643
dmel-FBgn0031995	0.0194815155698727	0.0229329651787084	0.00582911489492253	0.0549163982205861
dmel-FBgn0031996	0.0653027485017567	0.0593097747468484	0.0266584004959703	0.0413308534821243
dmel-FBgn0031997	0.127287515250101	0.0410736071573811	0.0300935339568931	0.0292801952013014
dmel-FBgn0031998	0.0213127615062761	0.0155596234309624	0.00588389121338912	0.0641997907949792
dmel-FBgn0031999	0	0	0	0
dmel-FBgn0032000	0.0540762206790968	0.0669254743288315	0.0551697741812018	0.0394226037508885
dmel-FBgn0032001	0.0411927877947296	0.0312760055478501	0.0323162274618585	0.0484049930651873
dmel-FBgn0032002	0.00330881347589488	0.00535973091963138	0.00437529054663786	0.000984440372993519
dmel-FBgn0032003	0.381253594019552	0	0	0
dmel-FBgn0032004	0.342507645259939	0	0	0.0173292558613659
dmel-FBgn0032005	0.0304112384241093	0.0290378276565688	0.0513263223983676	0.0386517030293518
dmel-FBgn0032006	0.0331296013335185	0.0518822058619252	0.0200722322544798	0.069315182664259
dmel-FBgn0032008	0.0428030303030304	0.110984848484849	0	0
dmel-FBgn0032010	0.0151798035554834	0.0237843980842601	0	0
dmel-FBgn0032013	0.0506454816285998	0.0685203574975174	0	0
dmel-FBgn0032014	0.0516631280962491	0.0702406227883933	0.06033262561925	0.0362703467799009
dmel-FBgn0032015	0.0549002245343285	0.050030043325638	0.0172670061035388	0.0312134341102432
dmel-FBgn0032016	0.0557348827200344	0.0692920163546372	0.022164837529589	0.0148482892188509
dmel-FBgn0032017	0.0700472711645896	0.0442629995702621	0.0326600773528147	0.0244950580146111
dmel-FBgn0032018	0.0481674577853863	0.0405415920940005	0.0672321220138511	0.0252898607112286
dmel-FBgn0032020	0.0379403794037941	0.0486573047548658	0.0282089184528209	0.0188470066518847
dmel-FBgn0032021	0.123734533183352	0.0359955005624298	0	0
dmel-FBgn0032022	0.0219444709474287	0.0754698979105048	0	0
dmel-FBgn0032023	0	0	0	0
dmel-FBgn0032024	0	0	0	0
dmel-FBgn0032025	0.0794721407624633	0.51336405529954	0.00263929618768328	0
dmel-FBgn0032026	0.0597014925373133	0.030654420206659	0.0619977037887485	0.325717566016073
dmel-FBgn0032029	0.0467387182404246	0.0405764125900645	0.0268297307546454	0.161073189230186
dmel-FBgn0032030	0.0654582074521653	0.0914976262408286	0.0507840598475041	0.0353905912818299
dmel-FBgn0032031	0.0673499267935578	0.108345534407028	0.0385553928745729	0.0214738897022939
dmel-FBgn0032032	0.0627450980392157	0.0950980392156863	0.034967320261438	0.0562091503267974
dmel-FBgn0032033	0.0761154855643045	0.0931758530183726	0.0295275590551181	0
dmel-FBgn0032034	0.0485036119711042	0.0564155486756106	0.0154798761609907	0
dmel-FBgn0032036	0.0466998147606514	0.0424100614214683	0.0198888563907575	0.0888173929999026
dmel-FBgn0032039	0.436950146627566	0	0	0
dmel-FBgn0032040	0	0	0	0
dmel-FBgn0032042	0.0424929178470255	0.0538243626062323	0.0664148567831287	0.0220333648095687
dmel-FBgn0032047	0.232170343766034	0.0277065161621344	0.00538737814263725	0.0110312981015905
dmel-FBgn0032048	0.0196040372670808	0	0.0813276397515529	0
dmel-FBgn0032049	0.000372096845623183	0	0.00300188559505819	0
dmel-FBgn0032050	0.0914598108747043	0.0722517730496454	0.0335401891252955	0.0122635933806147
dmel-FBgn0032051	0.0609009009009009	0.0609009009009009	0.0255855855855856	0.0122522522522522
dmel-FBgn0032052	0.198454513523006	0.118018967334036	0.107130312609765	0.0667369160519846
dmel-FBgn0032053	0.0829658664053567	0.0439327127225217	0.0310305405846807	0.0135554466764658
dmel-FBgn0032054	0.0913964768955831	0.0556548378861374	0.0342098544804698	0.0196579014551953
dmel-FBgn0032057	0	0	0	0
dmel-FBgn0032059	0.0388284394097481	0.0888358920852585	0.0104337457147116	0.0100611119391862
dmel-FBgn0032061	0.312135079690705	0.00946820261953606	0	0.00110462363894587
dmel-FBgn0032065	0.483247422680412	0	0	0
dmel-FBgn0032066	0.060483870967742	0	0.0372983870967741	0
dmel-FBgn0032067	0.0552763819095477	0	0.0351758793969848	0
dmel-FBgn0032068	0.114609571788413	0	0.237195633921074	0
dmel-FBgn0032069	0.0937329700272481	0	0.214713896457766	0
dmel-FBgn0032072	0.161383285302594	0	0	0
dmel-FBgn0032074	0.00496257874616364	0	0.0176696519913132	0
dmel-FBgn0032075	0.0293584148432982	0.00164585052909399	0.160660712608796	0.00019275726917317
dmel-FBgn0032076	0.0710430088803761	0.00116083347843752	0.0431249637239538	0.294445411805676
dmel-FBgn0032077	0.094991364421416	0.0690846286701207	0	0
dmel-FBgn0032078	0.0308761096101891	0.0102920365367297	0.0897980187829668	0.0104206869934388
dmel-FBgn0032079	0.0490677134445534	0.0117762512266928	0.102060843964671	0.0176643768400393
dmel-FBgn0032080	0	0	0	0
dmel-FBgn0032084	0.0624036979969184	0	0.0554699537750386	0
dmel-FBgn0032085	0.109422492401216	0	0.563829787234043	0
dmel-FBgn0032087	0.0410449570798106	0	0.102297159669571	0
dmel-FBgn0032088	0.0042092603728202	0	0.0160925464593534	0
dmel-FBgn0032089	0	0	0	0
dmel-FBgn0032090	0.409879839786381	0	0	0
dmel-FBgn0032094	0.484536082474227	0	0	0
dmel-FBgn0032100	0.144736842105263	0	0	0
dmel-FBgn0032101	0.04858272465322	0.0731756349259533	0.022984654560075	0.0645982711251089
dmel-FBgn0032104	0.265714285714286	0	0	0
dmel-FBgn0032105	0.117619819402639	0.165779115536004	0.020375086825654	0
dmel-FBgn0032109	0.372521246458923	0	0	0
dmel-FBgn0032110	0.391830559757942	0	0	0
dmel-FBgn0032111	0.482781456953642	0	0	0
dmel-FBgn0032115	0.348220064724919	0	0	0
dmel-FBgn0032116	0.0489604292421193	0.100603621730382	0	0.0100603621730382
dmel-FBgn0032117	0.206476530005942	0.017825311942959	0.0127748068924539	0.0674390968508615
dmel-FBgn0032120	0.0516109785202862	0.0460918854415274	0.0890513126491646	0.030727923627685
dmel-FBgn0032123	0.0834929145921103	0.0445550874505297	0.00651091535810034	0.124090386824971
dmel-FBgn0032124	0.0364927749204017	0.00391868723977469	0.183076169483223	0
dmel-FBgn0032129	0.0408428478603918	0.120022277917015	0.0156873665645595	0.000556947925368978
dmel-FBgn0032130	0.0334081276489654	0.0134629768137622	0.0680628272251309	0.0107205185739217
dmel-FBgn0032131	0.035337552742616	0	0.0221518987341772	0
dmel-FBgn0032132	0.132791327913279	0.0460704607046069	0	0
dmel-FBgn0032135	0.106330669944683	0.02519975414874	0.0365703749231715	0.0172095881991396
dmel-FBgn0032136	0.110881542699725	0.00275482093663911	0	0.399449035812672
dmel-FBgn0032138	0.0419077058953412	0.079907264296754	0.0199381761978362	0.0230072863766836
dmel-FBgn0032139	0.0226256983240224	0.0505586592178771	0	0
dmel-FBgn0032140	0.0159892591236421	0.051507384352496	0.00274624679604541	0
dmel-FBgn0032143	0.169354838709677	0	0	0
dmel-FBgn0032144	0.037396786702406	0	0.207038728919139	0
dmel-FBgn0032147	0.00247341083353945	0.00302992827108583	0.00237035204880864	0.00601863302827933
dmel-FBgn0032149	0.00713812068494753	0.00936146975075086	0.00448570425556812	0.00230136131372626
dmel-FBgn0032150	0.119186046511628	0.0474806201550386	0.0387596899224805	0
dmel-FBgn0032151	0.175084175084175	0	0	0
dmel-FBgn0032153	0.0469579420171498	0.046549612086566	0.032666394446713	0
dmel-FBgn0032154	0.0837155963302751	0.0837155963302751	0.0538990825688075	0
dmel-FBgn0032156	0.0440260409348508	0.118308275958971	0.0318954615708866	0.00426209545220364
dmel-FBgn0032157	0.0947136563876652	0.0587371512481644	0.0374449339207049	0.0168869309838473
dmel-FBgn0032160	0.0339476594176189	0.0638039071138961	0.0156653151492813	0.0606339845189826
dmel-FBgn0032161	0.0236438075742068	0.0176049129989764	0.0214943705220061	0.030603889457523
dmel-FBgn0032162	0.033213644524237	0.109643498332906	0.0183380353936907	0.0301359322903308
dmel-FBgn0032163	0	0	0	0
dmel-FBgn0032166	0.0419811320754717	0.030188679245283	0.0160377358490565	0.00471698113207546
dmel-FBgn0032167	0.00567761046655146	0.00187607998025179	0.0149098987904222	0.00691187361145397
dmel-FBgn0032168	0.0454029511918275	0.072077185017026	0.02894438138479	0.0187287173666288
dmel-FBgn0032169	0.0790378006872852	0.0933562428407789	0.0389461626575029	0.0292096219931272
dmel-FBgn0032170	0.0309585174275896	0.0449803632793324	0.0449189985272459	0.0138070692194403
dmel-FBgn0032171	0.0432998153088446	0.0529447978657911	0.032628770777755	0.0137492304535194
dmel-FBgn0032172	0.0389579910819058	0.0296878666979582	0.0141985449425018	0.0471720253461629
dmel-FBgn0032175	0.520599250936329	0	0	0
dmel-FBgn0032176	0.389671361502348	0	0	0
dmel-FBgn0032178	0	0.0443458980044346	0.0798226164079823	0
dmel-FBgn0032181	0	0.120588235294118	0	0
dmel-FBgn0032187	0.018060572381217	0	0.0750208391219783	0
dmel-FBgn0032188	0.5	0	0	0
dmel-FBgn0032189	0.0936768149882904	0.0608899297423888	0.0431582469053195	0.0284376045500167
dmel-FBgn0032191	0.0519835841313268	0.0559898377955833	0.0688880203244088	0.0280437756497948
dmel-FBgn0032192	0.060924369747899	0.088235294117647	0	0
dmel-FBgn0032193	0.0673000791765636	0.063143309580364	0.0253365003958828	0.0308788598574822
dmel-FBgn0032194	0.0585339168490153	0.0774070021881838	0.0314551422319475	0.0265317286652079
dmel-FBgn0032195	0.065863453815261	0.0353413654618475	0.0208835341365462	0
dmel-FBgn0032196	0.0508962868117798	0.0552710200597525	0.020273154075971	0.030089628681178
dmel-FBgn0032197	0.0491483321504613	0.0693754435770048	0.0342441447835344	0.0408090844570618
dmel-FBgn0032198	0.045422473099312	0.0465161404127712	0.0212383136355618	0.042917622155583
dmel-FBgn0032200	0.038885148781473	0.0715228221354517	0.0184462097751447	0.018392352228356
dmel-FBgn0032202	0.0143574344296908	0.0383021317192949	0.0491249472153146	0.00835171022380707
dmel-FBgn0032204	0.045639771801141	0.0706329801684326	0.0483564248845422	0.0244498777506113
dmel-FBgn0032205	0.0386100386100386	0.0440797940797941	0.0186615186615186	0.0173745173745174
dmel-FBgn0032208	0.0628940568475453	0.0580878552971577	0.0419121447028423	0.0364341085271318
dmel-FBgn0032209	0.0467562828755115	0.0859146697837522	0.0613676212741087	0
dmel-FBgn0032210	0.100715810624137	0.0699485118673868	0.0454602536732389	0.0205952530453347
dmel-FBgn0032213	0.0345071602823144	0.0347864950930185	0.00290508203132274	0.115030075047952
dmel-FBgn0032214	0.0816902631807522	0.0746113089550943	0.0370885086424043	0.0274038043950317
dmel-FBgn0032216	0.0406634959085404	0.0975155829960711	0.0409589081563321	0.0126288735930992
dmel-FBgn0032217	0.0779881897780492	0.0479535736102627	0.0389940948890248	0.0409285277947465
dmel-FBgn0032218	0.0273837667454689	0.0861570790648805	0.0296821644339376	0.00879957972156555
dmel-FBgn0032219	0.185185185185185	0	0	0.0443984357027835
dmel-FBgn0032221	0.153679653679654	0	0	0
dmel-FBgn0032222	0.235225277940316	0.152135751901697	0.0971328262141602	0.0433001755412522
dmel-FBgn0032223	0.0667428571428571	0.0692571428571428	0.0299428571428571	0.0214857142857143
dmel-FBgn0032224	0.0315958435414379	0.051871251161612	0.0366646954464815	0.0149531131198783
dmel-FBgn0032225	0.0603674540682413	0	0	0
dmel-FBgn0032229	0.0873228648027576	0.0584705732158815	0.0291714541044299	0.0294267841184732
dmel-FBgn0032230	0.0571452131607158	0.10777603694236	0.0023913581264946	0
dmel-FBgn0032231	0.0987654320987654	0.0717225161669608	0.0848030570252791	0.0258671369782481
dmel-FBgn0032233	0.12532637075718	0	0	0
dmel-FBgn0032234	0.0316613304873711	0.0252579153326219	0.031305585200996	0.0227676983279971
dmel-FBgn0032235	0.0201330830916226	0	0.113632485923904	0
dmel-FBgn0032236	0.0615671641791045	0.083955223880597	0.0287846481876333	0.0246979388770434
dmel-FBgn0032240	0	0	0	0
dmel-FBgn0032242	0.0537903225806451	0.067016129032258	0.0333064516129032	0.0275806451612903
dmel-FBgn0032243	0.138627187079408	0.192462987886945	0.0861372812920591	0.0713324360699867
dmel-FBgn0032244	0.0325662179765523	0.0180199739470256	0.00911854103343465	0
dmel-FBgn0032246	0.033490790032741	0.0602334358051536	0.0388643123141136	0.0210442128414686
dmel-FBgn0032247	0.0423897581792319	0.0349928876244666	0.0176386913229019	0.0324324324324324
dmel-FBgn0032248	0.12530443253775	0.0439600584510471	0.0183877252800779	0.0163175840233804
dmel-FBgn0032249	0.067977067977068	0.157248157248157	0.045045045045045	0.0221130221130221
dmel-FBgn0032250	0.0711818879508827	0.0754029163468918	0.0356868764389869	0.0285878741366078
dmel-FBgn0032251	0.0581005586592179	0.0539106145251396	0.0567039106145252	0
dmel-FBgn0032252	0.0452196382428942	0.0645994832041345	0.0348837209302325	0
dmel-FBgn0032253	0.0589349610608293	0.013681330246264	0.0806146074510631	0.27194274889497
dmel-FBgn0032256	0.0523055746730901	0.0536820371644873	0.0275292498279421	0.0233998623537508
dmel-FBgn0032258	0.0945037564254645	0.0771055753262159	0.0523922499011467	0.0389482008699091
dmel-FBgn0032259	0.059427105600684	0.0555793073963232	0.0423257802479692	0.019666524155622
dmel-FBgn0032261	0.114228456913828	0.0778223112892452	0.0323981295925183	0.0220440881763527
dmel-FBgn0032262	0.0320483046911287	0	0	0.197863446353925
dmel-FBgn0032264	0.0190892886080051	0.0035650623885918	0.0197698914276454	0.0953816237238697
dmel-FBgn0032268	0.350391644908617	0	0	0
dmel-FBgn0032269	0.366112347780542	0	0	0.00274977085242896
dmel-FBgn0032271	0.178637200736648	0	0	0
dmel-FBgn0032276	0.371966019417476	0	0	0
dmel-FBgn0032280	0.203711143474112	0.141415155928288	0	0
dmel-FBgn0032281	0.132191582002903	0.396981132075471	0	0
dmel-FBgn0032282	0.464469618949536	0.0597322348094747	0	0
dmel-FBgn0032283	0.261916496514821	0.311553897064001	0	0
dmel-FBgn0032284	0.100130718954248	0.490576351752822	0	0
dmel-FBgn0032285	0.361786085150571	0.132917964693665	0	0
dmel-FBgn0032286	0	0	0	0
dmel-FBgn0032287	0.0610763454317898	0.0267834793491865	0	0.18648310387985
dmel-FBgn0032289	0	0.5	0	0
dmel-FBgn0032290	0.0448634590377113	0.0464889466840052	0.0383615084525358	0.0121911573472042
dmel-FBgn0032291	0.303381642512077	0	0	0
dmel-FBgn0032292	0.0735788914467859	0.0801310430316983	0.0363910040729591	0.0373649725517975
dmel-FBgn0032293	0.0475356225181034	0.0948376547535624	0.0234758234057463	0.0155337537958421
dmel-FBgn0032294	0.302013422818792	0	0	0
dmel-FBgn0032295	0.121277514026759	0.0535174794993525	0.0155373327578766	0
dmel-FBgn0032296	0.0807511737089202	0.0727699530516432	0.0431924882629109	0.0291079812206573
dmel-FBgn0032297	0.0469827219337816	0.0303004511022215	0.00365988594774022	0.0435781768661163
dmel-FBgn0032298	0.0622263194284397	0.0428670200507029	0.0315740954136898	0.0133671352846278
dmel-FBgn0032304	0.198866945518081	0	0	0
dmel-FBgn0032305	0.0634594081341984	0.0572875454977053	0.044785567336604	0.0276942554201615
dmel-FBgn0032312	0.367021276595745	0	0	0
dmel-FBgn0032313	0.423076923076923	0	0	0
dmel-FBgn0032314	0.393083573487032	0	0	0.00172910662824207
dmel-FBgn0032318	0.473684210526315	0	0	0
dmel-FBgn0032321	0.0564497846293358	0.0627975515756065	0.0276581274087509	0.0315121287689866
dmel-FBgn0032322	0.111627906976744	0.00612592172433352	0	0.453545093590471
dmel-FBgn0032329	0	0	0	0
dmel-FBgn0032330	0.0404419889502762	0.0558011049723756	0.0346961325966852	0.0158011049723757
dmel-FBgn0032336	0.0161345691726743	0	0.099553724682458	0
dmel-FBgn0032337	0.33495145631068	0	0	0
dmel-FBgn0032338	0.198884758364312	0	0	0
dmel-FBgn0032339	0.0808377732867905	0.0303141649825464	0.0551166636046298	0.0459305530038581
dmel-FBgn0032340	0.0770686857760952	0.0740941049215794	0.0247431043807463	0.0243374797187669
dmel-FBgn0032341	0.0642641576424643	0.0628439552636251	0.0305343511450382	0.0695899165631104
dmel-FBgn0032343	0.0412371134020619	0.0077319587628866	0.043384879725086	0.179123711340206
dmel-FBgn0032345	0.334415584415584	0	0	0
dmel-FBgn0032346	0.0591739475774424	0.0405083399523431	0.0293884034948372	0
dmel-FBgn0032348	0.0870744200060258	0.0801446218740584	0.0298282615245556	0.0123531184091594
dmel-FBgn0032350	0.0293264013325594	0.0585770890644322	0.00961562728718169	0.0713474497135504
dmel-FBgn0032354	0.0545454545454545	0.0400673400673401	0.0117845117845118	0
dmel-FBgn0032358	0.0340195489542948	0.0844209031835308	0.0910282313110905	0.051984928739147
dmel-FBgn0032360	0.278047749841538	0	0	0.00147897739277414
dmel-FBgn0032361	0.150442477876106	0.181818181818182	0.117457763475463	0.0547063555913114
dmel-FBgn0032363	0.0599875350576502	0.0786849485821127	0.0401994390775943	0.0165160486132752
dmel-FBgn0032364	0.295728368017525	0	0	0
dmel-FBgn0032365	0.628318584070797	0	0	0
dmel-FBgn0032366	0	0	0	0
dmel-FBgn0032368	0.126106194690266	0	0	0
dmel-FBgn0032369	0.293768545994065	0	0	0
dmel-FBgn0032370	0.370226032735776	0	0	0
dmel-FBgn0032371	0.615655853314527	0	0	0
dmel-FBgn0032372	0.305125725338491	0	0	0
dmel-FBgn0032373	0.0121277854466575	0	0.047189903372116	0
dmel-FBgn0032374	0.314854299928927	0	0	0
dmel-FBgn0032375	0.312276519666269	0	0	0
dmel-FBgn0032376	0.368016759776537	0	0	0
dmel-FBgn0032377	0.037202380952381	0	0	0
dmel-FBgn0032378	0.0770593445527015	0.0938883968113375	0.0284420824721976	0.0316897943115834
dmel-FBgn0032381	0.0603174603174603	0.457142857142857	0	0
dmel-FBgn0032382	0.0425480575886752	0.187002332502212	0.00249336443336282	0.179602670312877
dmel-FBgn0032385	0.618243243243243	0	0	0
dmel-FBgn0032387	0.165775401069518	0	0	0
dmel-FBgn0032388	0.0789852983568754	0.0761026232343615	0.0348803689824157	0.0257999423464976
dmel-FBgn0032390	0.117218171620864	0.0751542344363433	0.0291643297812675	0
dmel-FBgn0032391	0.0466122056703508	0.055261893320519	0.0365209034118212	0.0148966842864007
dmel-FBgn0032393	0.0446670276123443	0.0530590146183	0.0288756542140409	0.0304096733441616
dmel-FBgn0032394	0.0256282243301714	0.0255727519831364	0.0309535696455317	0.0216896876906861
dmel-FBgn0032395	0.154696132596685	0.0828729281767956	0.0994475138121547	0.153314917127072
dmel-FBgn0032397	0.203201004236623	0.02290914796799	0.0196139965479366	0.00470735917150479
dmel-FBgn0032398	0.152780153977759	0.142686056458512	0.102651839178785	0.118733960650128
dmel-FBgn0032399	0.303571428571428	0.107142857142857	0.107142857142857	0
dmel-FBgn0032400	0.0229497415719005	0.0642892571003829	0.0410100041586131	0.017173276006184
dmel-FBgn0032401	0.106038291605302	0.0500736377025035	0.144329896907217	0.0265095729013255
dmel-FBgn0032402	0.0464692482915718	0.0123006833712984	0.0555808656036447	0
dmel-FBgn0032404	0	0	0	0
dmel-FBgn0032405	0.0166559897501601	0.020900064061499	0.0013613068545804	0.00200192184497117
dmel-FBgn0032407	0.0456443914081145	0.038335322195704	0.0246867541766109	0.0149910501193317
dmel-FBgn0032408	0.0551703346397347	0.0575821525474827	0.0286403376545071	0.00904431715405488
dmel-FBgn0032409	0.0557699052963873	0.0612065941774815	0.0666432830585762	0.0217467555243774
dmel-FBgn0032414	0.181490384615385	0.0588942307692307	0	0
dmel-FBgn0032415	0.0252641249425815	0	0	0
dmel-FBgn0032419	0.351398601398602	0	0	0
dmel-FBgn0032420	0.0589125772675667	0.0722845969471427	0.0147596820991548	0.0372145830705185
dmel-FBgn0032421	0.0643467826608669	0.0823458827058647	0.0182990850457477	0.0344982750862457
dmel-FBgn0032422	0.0153324625241027	0.0796479442682093	0	0
dmel-FBgn0032424	0.607250755287009	0	0	0
dmel-FBgn0032428	0.278366111951589	0	0	0
dmel-FBgn0032429	0.0417153168453455	0.0455365672433924	0.0228213565438913	0.0470933729611152
dmel-FBgn0032430	0.0536135535063264	0.0609049967831868	0.0298091357495175	0.017585245550075
dmel-FBgn0032431	0.323008849557523	0	0	0
dmel-FBgn0032433	0.015663169995689	0	0.0866863055036643	0.0010058916510993
dmel-FBgn0032434	0.250535331905782	0	0	0
dmel-FBgn0032435	0.0250758341759353	0	0.0957532861476238	0
dmel-FBgn0032436	0	0	0	0
dmel-FBgn0032439	0.142599277978339	0	0	0
dmel-FBgn0032442	0	0	0	0
dmel-FBgn0032444	0.0692735845712057	0.0775693976672457	0.0311624773992271	0.0077640302052682
dmel-FBgn0032445	0.0687055782898989	0.101550721516261	0.0450139995692439	0.0175533060521215
dmel-FBgn0032446	0.0929752066115703	0.0640495867768596	0.0568181818181817	0
dmel-FBgn0032447	0.248333333333333	0	0	0
dmel-FBgn0032448	0.490254872563718	0	0	0
dmel-FBgn0032449	0.113744075829384	0.028436018957346	0.0805687203791469	0.0266587677725119
dmel-FBgn0032450	0.079559363525092	0.0636474908200734	0.0379436964504283	0.02203182374541
dmel-FBgn0032451	0.0449124726477025	0.0420678336980306	0.0821115973741794	0.0221553610503282
dmel-FBgn0032453	0.0446605103393733	0.0516852364448373	0.0352166732571934	0.0298899769719243
dmel-FBgn0032454	0.0985786934411267	0.0638935976007301	0.0222975616116834	0.0136914852001565
dmel-FBgn0032455	0.068103604419489	0.0579605143995655	0.0249954718348125	0.0273501177322948
dmel-FBgn0032456	0.0548812664907651	0.0658575197889182	0.0303957783641161	0.0430606860158311
dmel-FBgn0032457	0.463186077643908	0	0	0
dmel-FBgn0032464	0.450827653359299	0	0	0.00243427458617332
dmel-FBgn0032465	0.0528724990999332	0.0660906238749164	0.0248418453942293	0.0234017384148537
dmel-FBgn0032467	0.0449515142143977	0.107265136621678	0.0307039826820702	0.0246294537341786
dmel-FBgn0032470	0	0	0	0
dmel-FBgn0032471	0.390049751243782	0	0	0
dmel-FBgn0032472	0	0	0	0
dmel-FBgn0032473	0.236625514403292	0	0	0
dmel-FBgn0032474	0.079967689822294	0.101928513731826	0.0602281906300485	0.0073202746365105
dmel-FBgn0032475	0.0515920999596937	0.0536074163643693	0.0209592906086256	0.0193470374848851
dmel-FBgn0032476	0.0506933744221881	0.0722650231124806	0.0465331278890602	0.011402157164869
dmel-FBgn0032477	0.0402118950156512	0.0323862268239827	0.0705514086202744	0.0355164941006501
dmel-FBgn0032478	0.0210526315789473	0	0	0
dmel-FBgn0032479	0.0534049935369754	0.0480304782638274	0.0295938499217634	0.0266684808490374
dmel-FBgn0032480	0.0495536527600655	0.0638549826926581	0.0417198032428494	0.0451812716341774
dmel-FBgn0032481	0.28739061256961	0.0230708035003978	0.0123309466984885	0.0101431980906921
dmel-FBgn0032482	0.0599284821851708	0.0138727327560209	0.00454525871354099	0.0512687949679031
dmel-FBgn0032483	0.37211093990755	0	0	0.0184899845916795
dmel-FBgn0032484	0.0335195530726257	0	0	0
dmel-FBgn0032485	0.072481151473612	0.0586017820424949	0.0354694996572995	0.021418779986292
dmel-FBgn0032486	0.217090069284065	0.15242494226328	0.0692840646651271	0.0577367205542725
dmel-FBgn0032487	0.125	0.0646701388888889	0.03515625	0.0169270833333333
dmel-FBgn0032488	0.0860748084722846	0.080892293826048	0.0292924740874267	0.0236593059936908
dmel-FBgn0032492	0.379659211927583	0	0	0
dmel-FBgn0032495	0.115123346442617	0.058276725062567	0	0
dmel-FBgn0032499	0.0389528795811519	0.0318324607329843	0.0393717277486911	0.016544502617801
dmel-FBgn0032503	0.237774030354131	0	0	0
dmel-FBgn0032506	0.176	0	0	0
dmel-FBgn0032509	0.0494342116131164	0.0825142479557281	0.0383662344098456	0.0313455026018006
dmel-FBgn0032511	0.0489344621223179	0.0420376587359509	0.0286819442417165	0.0168223616990221
dmel-FBgn0032512	0.0977026670187481	0.0660153155532084	0.0242936361235807	0.0139952468972802
dmel-FBgn0032513	0.115433190199545	0.0361202323819146	0.0169234655215963	0.0154079312957817
dmel-FBgn0032514	0.0726658677415839	0.0737553110360607	0.0107854886153176	0.012855430874823
dmel-FBgn0032515	0.0756124721603562	0.0306236080178174	0.0079064587973274	0.00378619153674832
dmel-FBgn0032516	0.0561122244488978	0.0537074148296593	0.0392785571142285	0.0169672678690715
dmel-FBgn0032517	0.0746003552397869	0.0467732386027235	0.0296033155713441	0.0201302545885139
dmel-FBgn0032518	0.0375818120437492	0.0536737827565804	0.0203282282860037	0.0101024034499907
dmel-FBgn0032519	0.359342915811088	0	0	0
dmel-FBgn0032520	0.483977619532045	0	0	0.00228891149542218
dmel-FBgn0032521	0.10233918128655	0.0577485380116959	0.0109649122807018	0
dmel-FBgn0032522	0.40782122905028	0	0	0
dmel-FBgn0032524	0.0570366779770562	0.0271449345613185	0.0195508159638067	0.109872354176765
dmel-FBgn0032525	0.36904761904762	0	0	0
dmel-FBgn0032530	0.318672199170124	0	0	0
dmel-FBgn0032533	0	0	0	0
dmel-FBgn0032535	0	0.407407407407408	0	0
dmel-FBgn0032536	0.0368589743589744	0.0368589743589744	0	0
dmel-FBgn0032538	0.0518540850165812	0.0963596623454931	0	0
dmel-FBgn0032549	0.027625	0	0	0.1575
dmel-FBgn0032551	0	0	0	0
dmel-FBgn0032553	0.361006289308176	0	0	0
dmel-FBgn0032554	0.614130434782609	0	0	0
dmel-FBgn0032563	0.458069620253164	0	0	0
dmel-FBgn0032577	0.320733104238259	0	0	0
dmel-FBgn0032585	0	0	0	0
dmel-FBgn0032586	0.050361688490065	0.0494460214266093	0.0405335286756402	0.0181607300918719
dmel-FBgn0032587	0.108641975308642	0.152674897119342	0.118518518518518	0.103703703703704
dmel-FBgn0032588	0.266472868217054	0	0	0
dmel-FBgn0032590	0.380082701585114	0	0	0.00241212956581667
dmel-FBgn0032593	0.0898203592814371	0	0.149700598802395	0
dmel-FBgn0032595	0	0	0	0
dmel-FBgn0032596	0.0348299799539684	0.117677630113594	0.0375955898730417	0.0127422228821739
dmel-FBgn0032597	0.0468882303132939	0.0711261642675699	0.057895850973751	0.0318585944115156
dmel-FBgn0032598	0.317307692307692	0.221153846153846	0	0
dmel-FBgn0032600	0.0401969766376546	0.0344709115895556	0.0111085661933119	0.0120247366010078
dmel-FBgn0032601	0.0367771594483426	0.247721590450843	0.00129042664731027	0
dmel-FBgn0032602	0.0183406113537118	0.0454148471615719	0.0751091703056769	0
dmel-FBgn0032603	0.0261261261261261	0.0302702702702703	0.0154954954954955	0.0780180180180179
dmel-FBgn0032609	0.450278440731902	0	0	0
dmel-FBgn0032612	0	0.176470588235294	0	0
dmel-FBgn0032613	0.0363805970149254	0.0261194029850746	0	0.0690298507462688
dmel-FBgn0032614	0.0748613678373381	0.417744916820703	0.0231053604436229	0
dmel-FBgn0032615	0.0285275681207624	0.13585774593834	0.018293462965332	0.0637073045925547
dmel-FBgn0032618	0	0	0	0
dmel-FBgn0032620	0.0763701707097933	0.0269541778975741	0.0377358490566038	0
dmel-FBgn0032624	0.331792975970425	0	0	0.00184842883548983
dmel-FBgn0032625	0.325065274151436	0	0	0
dmel-FBgn0032626	0.408491107286288	0	0	0
dmel-FBgn0032629	0.0814814814814813	0.042962962962963	0	0.0103703703703704
dmel-FBgn0032631	0.300970873786407	0.359223300970873	0	0
dmel-FBgn0032632	0.353480475382004	0	0	0
dmel-FBgn0032633	0.0645484949832776	0.0311036789297659	0.0418060200668897	0.00267558528428094
dmel-FBgn0032634	0.0889916209188099	0.184917653857266	0.0569199653279399	0.0390060676105172
dmel-FBgn0032635	0.0862770633241089	0.05567312388084	0.0424873840143252	0.00683705030115579
dmel-FBgn0032636	0.303515215110179	0	0	0
dmel-FBgn0032637	0.354054685674223	0	0	0.013788268286983
dmel-FBgn0032638	0.0394912985274431	0.00223114680946006	0	0.396009965789082
dmel-FBgn0032639	0.0407693349586889	0.00227549776513612	0	0.427929026141135
dmel-FBgn0032640	0.065296955581434	0.059890201297621	0.0299866910663783	0.0144734653135917
dmel-FBgn0032642	0.0253151635788291	0.0401163680906446	0.0360332771908334	0.0543051089674884
dmel-FBgn0032643	0.0566808322755118	0.0584469341575142	0.0233456592527181	0.0225729896793421
dmel-FBgn0032644	0.0515703761147732	0.0348972469949593	0.0279177975959674	0.0197751066304769
dmel-FBgn0032645	0.156308851224106	0	0	0
dmel-FBgn0032646	0.152369124952235	0.0487199082919373	0.0199656094764998	0.0140427970959113
dmel-FBgn0032647	0.223903177004538	0	0	0
dmel-FBgn0032648	0.586092715231788	0	0	0
dmel-FBgn0032649	0.282412060301508	0	0	0
dmel-FBgn0032650	0.373646209386281	0	0	0
dmel-FBgn0032651	0.111251580278129	0	0	0
dmel-FBgn0032652	0.031767451013466	0	0	0.358241263950971
dmel-FBgn0032654	0.44494584837545	0	0	0
dmel-FBgn0032656	0.052355257401196	0.0688347673909872	0.0249380195420738	0.00904185503864666
dmel-FBgn0032658	0.465020576131687	0	0	0
dmel-FBgn0032660	0.528813559322034	0	0	0
dmel-FBgn0032663	0.0697674418604651	0	0	0
dmel-FBgn0032664	0.419847328244275	0	0	0
dmel-FBgn0032665	0.013071104387292	0	0.109147755925366	0
dmel-FBgn0032666	0.120481927710843	0.0485578678349762	0.0102227090178897	0
dmel-FBgn0032668	0.133333333333333	0	0	0.364705882352941
dmel-FBgn0032669	0.176901627650606	0	0	0
dmel-FBgn0032670	0.0930232558139533	0	0.134883720930232	0.151162790697675
dmel-FBgn0032671	0.0840695354801937	0.0769449985750926	0.0390424622399544	0.0376175548589342
dmel-FBgn0032677	0.384984984984985	0	0	0.0018018018018018
dmel-FBgn0032679	0.0793933987511154	0.0613291703835862	0.0379125780553078	0.0138269402319358
dmel-FBgn0032680	0.532	0	0	0
dmel-FBgn0032681	0.0571931368235812	0.120545534535856	0.0149582050153981	0
dmel-FBgn0032682	0.0494637223974765	0.104227129337539	0	0
dmel-FBgn0032683	0.0655873806558739	0.133665421336654	0.0116230801162308	0.00207555002075551
dmel-FBgn0032684	0.0161618931943737	0.0305410805939741	0.058613799318262	0.0162402538886494
dmel-FBgn0032685	0.0362336228823728	0.106541248740222	0	0
dmel-FBgn0032688	0.0639886242445788	0.0625666548169215	0.0284393885531461	0.0188410949164593
dmel-FBgn0032689	0.0553597817437763	0.0477435489371376	0.0711606229396384	0.0155166534045697
dmel-FBgn0032690	0.159848961611076	0.182504719949654	0.0862177470106987	0.0604153555695406
dmel-FBgn0032691	0.0850152905198776	0.0825688073394495	0.0305810397553517	0.0226299694189602
dmel-FBgn0032693	0.0521238524972773	0.00637933717130856	0	0.312120740625486
dmel-FBgn0032694	0.0513486062521161	0.05778128879359	0.0343076402211939	0.0203137343414964
dmel-FBgn0032698	0.102449888641425	0.0378619153674832	0	0
dmel-FBgn0032699	0.110660486674392	0.0343762070297412	0.0204712244109695	0.00772499034376205
dmel-FBgn0032700	0.0462195428284351	0.0462195428284351	0.0163275558904798	0.0379301682994223
dmel-FBgn0032701	0.0768132495716733	0.0708166761850371	0.131067961165049	0.02170188463735
dmel-FBgn0032702	0.0563479074117372	0.0734159457563715	0.0507364975450081	0.0212765957446808
dmel-FBgn0032703	0.0869839268830759	0.0740624015127641	0.041128269776237	0.0527891585250553
dmel-FBgn0032704	0.0370205774617539	0.0606550312432664	0.0421784098254687	0.0295060331825038
dmel-FBgn0032705	0.170393215111797	0.046260601387818	0.0316114109483424	0
dmel-FBgn0032706	0.311926605504587	0	0	0
dmel-FBgn0032707	0.310734463276836	0	0	0
dmel-FBgn0032709	0.683982683982684	0	0	0
dmel-FBgn0032713	0.0451189923080893	0.0742346807082752	0.00144545970781064	0.189819833772134
dmel-FBgn0032715	0.0607918528525408	0.0221344695001559	0.271121271952614	0.179465863036475
dmel-FBgn0032717	0.118546293625613	0.0442745889818285	0.038794346697433	0.0112489183732333
dmel-FBgn0032719	0.156934306569343	0	0	0.072992700729927
dmel-FBgn0032720	0.0558176100628931	0.0461215932914046	0.0214884696016771	0
dmel-FBgn0032721	0.0388754766363575	0.112429773696442	0.0237584892037635	0.0137632273640035
dmel-FBgn0032723	0.135858234885337	0.0382209867963864	0.0250173731758165	0.0138985406532314
dmel-FBgn0032724	0.0512104283054004	0.0605214152700185	0.0182495344506518	0.0176908752327747
dmel-FBgn0032725	0.0209521557965661	0.0747658027719496	0.0220160170217796	0.0240255326694051
dmel-FBgn0032726	0.0118956450707102	0.00740286925001275	0.0315004850155716	0.0735181497932302
dmel-FBgn0032727	0.0331250964059849	0.0981220114144684	0.0568795310812895	0.00327780348604041
dmel-FBgn0032728	0.0774818401937046	0.0684019370460049	0.0447941888619855	0.0338983050847458
dmel-FBgn0032729	0.0410621589245309	0.0148409423665646	0.0391987222148276	0.0555037934247305
dmel-FBgn0032730	0.104950495049505	0.0316831683168317	0.0376237623762376	0
dmel-FBgn0032731	0.0293815248339134	0.0597121164188548	0.0121401455235685	0.00889750079088896
dmel-FBgn0032732	0.0547392035894561	0.0512619181155355	0.0329781267526641	0.025350532809871
dmel-FBgn0032733	0.0359682141363447	0	0.199677361534325	0
dmel-FBgn0032734	0.0241343126967471	0	0.159496327387198	0
dmel-FBgn0032740	0.568380213385063	0	0	0
dmel-FBgn0032741	0.222222222222222	0	0	0
dmel-FBgn0032744	0.0699179974104445	0.0461804056970221	0.0388433318946914	0.0120845921450151
dmel-FBgn0032746	0.0450804102823857	0.0660377358490567	0.018298087881474	0.0233633025199443
dmel-FBgn0032748	0.159669016242722	0.0821330064357952	0.0395341710082746	0.0190009193993258
dmel-FBgn0032749	0.578947368421053	0	0	0
dmel-FBgn0032750	0.0793650793650793	0.0793650793650793	0.0382819794584502	0
dmel-FBgn0032751	0	0	0	0
dmel-FBgn0032752	0.0730434782608696	0.0278260869565217	0	0
dmel-FBgn0032753	0	0	0	0
dmel-FBgn0032754	0.491525423728814	0	0	0
dmel-FBgn0032755	0	0	0	0
dmel-FBgn0032763	0.0727636849132176	0.0921228304405874	0.0260347129506008	0.0527369826435246
dmel-FBgn0032768	0.343421052631579	0	0	0
dmel-FBgn0032769	0.349385749385749	0	0	0
dmel-FBgn0032770	0.0382854002564572	0	0.108994321304268	0.0635647554497162
dmel-FBgn0032771	0.288424591738713	0	0	0
dmel-FBgn0032772	0.0386654193950733	0.0929217337075148	0	0
dmel-FBgn0032773	0.0229988921202049	0.00124290264506301	0	0.149491067719152
dmel-FBgn0032774	0.0247895788918486	0.109871065823357	0.00183938409442467	0.00702511756545326
dmel-FBgn0032775	0.0681287914139057	0.0328978068128791	0.0387307512832477	0
dmel-FBgn0032779	0.011311946372995	0.00532678956188653	0.0420756523820923	0.00598515681110844
dmel-FBgn0032780	0.0355731225296443	0.0289855072463768	0.0619235836627142	0.0764163372859023
dmel-FBgn0032781	0.0834706205381659	0.103239978034047	0.0296540362438221	0.0214168039538715
dmel-FBgn0032782	0.0367068694284216	0.0256948085998951	0.0403775563712638	0.0125852123754588
dmel-FBgn0032783	0.00498083219072672	0.0143968436074657	0	0
dmel-FBgn0032785	0.0123562865676528	0.031954502679923	0	0.0542530993003559
dmel-FBgn0032787	0.0278896808180973	0.0207623179423613	0.0692593740316083	0.0359466997211032
dmel-FBgn0032790	0.040295232395771	0.0460801915020946	0.0381009375623379	0.0456812288051067
dmel-FBgn0032791	0.0517144463181563	0.0365373805508713	0.0196739741427769	0.0309162450815064
dmel-FBgn0032793	0.0624447717231222	0.0636229749631811	0.0418262150220913	0.0250368188512518
dmel-FBgn0032796	0.0655555555555556	0.0622222222222222	0.0559259259259259	0.0266666666666667
dmel-FBgn0032797	0.0892608089260808	0	0	0
dmel-FBgn0032798	0.0420888542478566	0.0872954014029618	0.00506625097427903	0
dmel-FBgn0032799	0.0468546380760574	0.0557990759388698	0.0320459661177585	0.036133159578249
dmel-FBgn0032800	0.0863636363636363	0.0196969696969697	0.0242424242424242	0
dmel-FBgn0032801	0.0280665280665281	0.0100485100485101	0.0433125433125434	0
dmel-FBgn0032803	0.131320224719101	0.0926966292134832	0.0203651685393259	0
dmel-FBgn0032805	0.0265855221012172	0.0307495195387572	0.0301089045483665	0.0171364509929533
dmel-FBgn0032809	0.202995008319468	0	0.307820299500832	0
dmel-FBgn0032810	0	0	0	0.0699588477366255
dmel-FBgn0032811	0.21875	0.1796875	0.0625000000000001	0.0435267857142857
dmel-FBgn0032812	0.0807560137457044	0.0790378006872852	0.0353951890034364	0.00584192439862543
dmel-FBgn0032813	0.0687121866897148	0.0350043215211755	0.0367329299913569	0.033275713050994
dmel-FBgn0032814	0.0786602385181424	0.0657193605683837	0.0296878964729764	0.0147170768840396
dmel-FBgn0032815	0.0694343287205632	0.071133770332605	0.0405438213158534	0.0291332847778587
dmel-FBgn0032816	0.0480895915678524	0.0676328502415461	0.0452349582784366	0.0458937198067633
dmel-FBgn0032817	0.103410936654034	0.061180292365999	0.0395235517054683	0.0173253925284245
dmel-FBgn0032818	0.109208972845336	0.0950413223140496	0.0507674144037781	0.0265643447461629
dmel-FBgn0032819	0.0736457699330492	0.097991479001826	0.0316494217894096	0.0121728545343883
dmel-FBgn0032820	0.0476043549169128	0.0372459999118438	0.00722880945034602	0.093710054216071
dmel-FBgn0032821	0.102828443034629	0.0594766058683585	0.0158604282315623	0.0171821305841925
dmel-FBgn0032822	0.0444694624261188	0.0500985083028426	0.0458767238952997	0.0168871376301717
dmel-FBgn0032824	0.0284423333140243	0	0	0.127092625847188
dmel-FBgn0032827	0.476190476190476	0	0	0
dmel-FBgn0032833	0.0264194050165273	0.0335528874197939	0.0278047832004667	0.00957612288547541
dmel-FBgn0032835	0	0	0	0
dmel-FBgn0032840	0.114728682170543	0	0.0852713178294572	0
dmel-FBgn0032843	0.081236520488857	0.076923076923077	0.173975557153127	0
dmel-FBgn0032845	0.0563268544228481	0.0757635858786194	0.0579135263784212	0.0317334391114637
dmel-FBgn0032846	0.0813761164406219	0.0654978498180615	0.0691366192523983	0.0585511081706914
dmel-FBgn0032847	0.0706850019277727	0.0792957203444289	0.040868782932785	0.0314869554041897
dmel-FBgn0032848	0.165432098765432	0.0366255144032922	0.0135802469135803	0
dmel-FBgn0032849	0.0492932862190813	0.0457597173144876	0.0226148409893993	0.0120141342756184
dmel-FBgn0032850	0.0310344827586207	0.00279146141215107	0.0694581280788177	0
dmel-FBgn0032851	0.452380952380954	0	0	0
dmel-FBgn0032856	0.24	0.18	0	0
dmel-FBgn0032857	0.107665805340224	0.0297157622739018	0.0249784668389319	0
dmel-FBgn0032858	0.0943789035392088	0.106870229007634	0.0707841776544067	0.0187369882026371
dmel-FBgn0032859	0.0442695214105794	0.0391372795969773	0.0485831234256927	0.015743073047859
dmel-FBgn0032863	0.287988422575977	0.141823444283647	0.0448625180897249	0.0419681620839363
dmel-FBgn0032864	0.0280705996131528	0.0293762088974855	0.002321083172147	0.0524419729206963
dmel-FBgn0032867	0.445723684210526	0	0	0
dmel-FBgn0032869	0.230479774223895	0	0	0.00215024862249697
dmel-FBgn0032870	0.0451480504250953	0.0765171503957784	0.0348871298739373	0.0152447962474348
dmel-FBgn0032871	0.0164066702528241	0.0262237762237762	0.0162049488972566	0.0176169983862291
dmel-FBgn0032873	0.0575163398692811	0.0588235294117647	0.0339869281045752	0.0261437908496732
dmel-FBgn0032876	0.0413793103448276	0.0610837438423645	0.0221674876847291	0.0573070607553364
dmel-FBgn0032877	0.197093551316984	0.0871934604904632	0.0217983651226158	0.0272479564032698
dmel-FBgn0032878	0.391447368421053	0	0	0
dmel-FBgn0032879	0.203125	0	0	0
dmel-FBgn0032880	0.0618048533872599	0.0554010785305021	0.0422143579373104	0.0318924839905628
dmel-FBgn0032881	0.0268150503444621	0.0324324324324324	0.0239533651298357	0.0599894011658719
dmel-FBgn0032882	0.0551732925586135	0.0545361875637106	0.0289245667686035	0.0156727828746177
dmel-FBgn0032883	0.203368838246223	0.0490463215258855	0.0339360911567996	0.022046073817191
dmel-FBgn0032884	0.020082872316067	0.0667631786925083	0.0153335943097297	0.00330898374314013
dmel-FBgn0032886	0.0923244026068066	0.0412744388124547	0.0340333091962346	0.0318609703113685
dmel-FBgn0032889	0.0103402579465069	0.0146704742706759	0.011142841144521	0.0113481531254083
dmel-FBgn0032891	0	0	0	0
dmel-FBgn0032894	0.263665594855305	0	0	0
dmel-FBgn0032895	0.0949227373068434	0.0364238410596027	0	0
dmel-FBgn0032896	0	0	0	0
dmel-FBgn0032897	0.0191137946635537	0.0707188060301732	0.00020108024777555	0.000754050929158312
dmel-FBgn0032899	0.0363279857397504	0.148877005347593	0.00442067736185382	0
dmel-FBgn0032900	0.0134088913720169	0.0351983398515444	0.00255407454705084	0.0282145422619523
dmel-FBgn0032901	0.0032275912947252	0.0067318332718554	0.00129103651789008	0.00184433788270011
dmel-FBgn0032906	0.068254234445749	0.0342109676337414	0.0224719101123596	0
dmel-FBgn0032907	0.0729215048769159	0.0204366000928937	0.0227589410125406	0.0102183000464468
dmel-FBgn0032908	0.268817204301076	0.096774193548387	0.0376344086021504	0.064516129032258
dmel-FBgn0032910	0.0593026215321965	0.0962076864342071	0	0
dmel-FBgn0032911	0.561797752808989	0	0	0
dmel-FBgn0032913	0.192911668484187	0	0	0
dmel-FBgn0032915	0.122226264096035	0.0534739905420153	0.0236449618042925	0.0105492906511459
dmel-FBgn0032916	0	0	0	0
dmel-FBgn0032919	0.0564876957494406	0.0599552572706936	0.0238255033557047	0.0155480984340045
dmel-FBgn0032921	0.0371338912133891	0.0290271966527197	0.0193514644351465	0.00627615062761506
dmel-FBgn0032922	0.0246289349208938	0.016962975044854	0.016962975044854	0.0143532865764149
dmel-FBgn0032923	0.0496481626270525	0.046422986708366	0.0730551211884285	0.035086004691165
dmel-FBgn0032924	0.0650172612197929	0.0611814345991559	0.0372075182201765	0.0230149597238205
dmel-FBgn0032925	0.078188023580515	0.0611231771641328	0.0304064536146448	0.0114799875892026
dmel-FBgn0032929	0.140861466821886	0.030267753201397	0.0209545983701979	0
dmel-FBgn0032934	0.116801998750781	0.0249843847595252	0.079950031230481	0.216739537788883
dmel-FBgn0032935	0.0268523774178055	0.0184691961751735	0.116840588569183	0.0435750775007641
dmel-FBgn0032938	0.0421850260122143	0.034268265098394	0.0453517303777427	0.0230717032345623
dmel-FBgn0032940	0.0524990744168826	0.0328026656793781	0.04435394298408	0.107367641614217
dmel-FBgn0032943	0.0818643561398267	0.0543770540782791	0.0283836271287721	0.0113534508515088
dmel-FBgn0032945	0.00984435280031929	0.000665158972994547	0.0089131302381269	0.00106425435679127
dmel-FBgn0032946	0.0824571112340897	0.012174875484228	0.00774764803541782	0
dmel-FBgn0032949	0.0465576631308888	0.0750587668405253	0.115795094189734	0.024861140955767
dmel-FBgn0032955	0.0386622390891841	0.032139468690702	0.0469639468690702	0.0847960151802655
dmel-FBgn0032956	0.0514555743538883	0.0494720261361648	0.0219357097018843	0.0420628901464325
dmel-FBgn0032957	0.0876755070202808	0.0399375975039002	0.00842433697347894	0.00187207488299532
dmel-FBgn0032961	0.0901468867801898	0.0601195892369686	0.0259326660600546	0.0269075783179514
dmel-FBgn0032964	0.379120879120879	0	0	0
dmel-FBgn0032965	0.602272727272727	0	0	0
dmel-FBgn0032966	0.341397849462366	0	0	0
dmel-FBgn0032967	0.362768496420048	0	0	0
dmel-FBgn0032968	0.438669438669439	0	0	0
dmel-FBgn0032969	0.358389261744967	0	0	0
dmel-FBgn0032971	0.420320855614973	0	0	0
dmel-FBgn0032972	0.624561403508772	0	0	0
dmel-FBgn0032973	0.472350230414746	0	0	0
dmel-FBgn0032974	0.0496201329534663	0.0467711301044634	0.0194681861348528	0.0170940170940171
dmel-FBgn0032979	0.0560177938874702	0.0512398055853035	0.0358349122662493	0.0187824367740341
dmel-FBgn0032981	0.130177514792899	0	0.510059171597634	0
dmel-FBgn0032986	0.0155622123182582	0.021041864542997	0.0160736465259005	0.0114707386571199
dmel-FBgn0032987	0.0367661395714592	0.0566220464701059	0.0235637823875108	0.0370755320503214
dmel-FBgn0032988	0.0664330093993946	0.0517763262705115	0.0223036482396049	0.0213477776007647
dmel-FBgn0032997	0.129571984435798	0.168093385214008	0.0935797665369647	0.0902723735408562
dmel-FBgn0033000	0.158716392020815	0.175195143104944	0.0741543798785776	0.0750216825672159
dmel-FBgn0033005	0.0585673851513172	0.078089846868423	0.021119094273895	0.0398432397126061
dmel-FBgn0033010	0.0598120947465927	0.0727802037845704	0.0490935556437741	0.0731771867143045
dmel-FBgn0033015	0.215982721382289	0.15658747300216	0.0669546436285097	0.0417566594672427
dmel-FBgn0033017	0.0541536352341373	0.0744612484469388	0.0331605329677392	0.035688273852877
dmel-FBgn0033019	0.0447400241837969	0.0669891172914148	0.0205562273276904	0.0176541717049577
dmel-FBgn0033020	0.403150041447913	0	0	0
dmel-FBgn0033021	0.0491803278688524	0.0502533532041729	0.0262295081967214	0.022354694485842
dmel-FBgn0033028	0.0406679854625754	0.0397938998021806	0.0355154805170906	0.0327092055021392
dmel-FBgn0033029	0.0595848443166188	0.0692759784919344	0.0360135050643991	0.0271351756908841
dmel-FBgn0033031	0.272169811320754	0	0	0
dmel-FBgn0033032	0.0583195135433942	0.0925373134328358	0.0181315644002211	0.0206191265892758
dmel-FBgn0033033	0.0336906584992344	0.0486764384161014	0.00776635309560273	0.0430977904178516
dmel-FBgn0033038	0.0493973523019166	0.057498518079431	0.0227227820588816	0.0239083185141276
dmel-FBgn0033042	0.332089552238806	0	0	0
dmel-FBgn0033047	0.101123595505618	0	0	0
dmel-FBgn0033048	0.00940766550522648	0	0.0146341463414634	0
dmel-FBgn0033050	0.0334788162657016	0.0533851394507132	0.0457738982329147	0.0111241217798595
dmel-FBgn0033051	0.0335984803514187	0.0341920930784756	0.0755075388816336	0.0311053068977799
dmel-FBgn0033052	0.163679808841099	0.166865790521705	0.0943847072879331	0.107925129430506
dmel-FBgn0033054	0.145408163265306	0	0	0
dmel-FBgn0033055	0.0676622175234573	0.0770450640940927	0.0446676357869699	0.0191621514470728
dmel-FBgn0033056	0.373160173160174	0	0	0
dmel-FBgn0033058	0.5	0	0	0
dmel-FBgn0033059	0.179006560449859	0.184629803186504	0.0862230552952203	0.057169634489222
dmel-FBgn0033060	0.180107526881721	0.188172043010753	0.108870967741935	0.0631720430107528
dmel-FBgn0033061	0.0438709677419353	0	0.0399999999999998	0
dmel-FBgn0033062	0.0708617309308188	0.0719820745028475	0.0330501353748483	0.030342638409112
dmel-FBgn0033063	0.364147909967846	0	0	0
dmel-FBgn0033065	0.0147455208498494	0	0.177104804185825	0.00459806564135088
dmel-FBgn0033069	0.197506561679789	0	0	0
dmel-FBgn0033072	0	0	0	0
dmel-FBgn0033074	0.353930222782682	0	0	0
dmel-FBgn0033075	0.0858660998937303	0.0401700318809777	0.297130712008502	0.0388947927736451
dmel-FBgn0033076	0.291938997821351	0	0	0
dmel-FBgn0033079	0.0130104083266614	0.0242193755004003	0	0.00660528422738191
dmel-FBgn0033081	0.0958397902014543	0.0611515079270473	0.0269400405292645	0.00691381571105017
dmel-FBgn0033085	0.0605239385727189	0.0813008130081301	0	0
dmel-FBgn0033086	0.178960396039604	0.0361386138613862	0.0465346534653466	0.0143564356435643
dmel-FBgn0033087	0.0929519918283963	0.0772897514470548	0.0531154239019408	0.055839291794348
dmel-FBgn0033088	0.0827586206896552	0.0600985221674877	0.039080459770115	0.0200328407224959
dmel-FBgn0033089	0.0757065948855989	0.0568640646029609	0.0185060565275908	0
dmel-FBgn0033090	0.28956228956229	0	0	0
dmel-FBgn0033092	0.0451372731503024	0.0670079106561191	0.0307119590507213	0
dmel-FBgn0033093	0.105729166666667	0.00455729166666668	0.0897135416666668	0.005859375
dmel-FBgn0033095	0	0	0	0
dmel-FBgn0033096	0	0	0	0
dmel-FBgn0033100	0.0326769097597923	0.0373295823414845	0.0394936161004112	0.0239125730361394
dmel-FBgn0033101	0.0853563038371183	0.309710258418168	0.0879665883581312	0.0101801096319499
dmel-FBgn0033104	0.036459582633725	0.0708803070280643	0.0314224034540657	0.0200287838810266
dmel-FBgn0033108	0.48125	0	0	0
dmel-FBgn0033110	0.0203193033381713	0.0145137880986937	0	0
dmel-FBgn0033112	0.182795698924731	0	0	0.298387096774194
dmel-FBgn0033113	0.0944613050075872	0.0155538694992412	0.183232169954476	0.186456752655539
dmel-FBgn0033115	0.135714285714286	0.178571428571429	0.0892857142857143	0.0785714285714285
dmel-FBgn0033117	0.0460599334073252	0.0582685904550499	0.0310765815760266	0.0210876803551609
dmel-FBgn0033121	0.0486226102664461	0.0636760499774199	0.0552461237392743	0.0278488634653018
dmel-FBgn0033122	0.0636604774535809	0.0545661235316408	0.0253884046987496	0.00492610837438424
dmel-FBgn0033124	0.0158002227998515	0	0.0881173412551058	0
dmel-FBgn0033127	0.0430655345090355	0.0779011539298932	0.0304376224689745	0.0612671456564337
dmel-FBgn0033128	0.0453605200945625	0.11539598108747	0.0137411347517731	0
dmel-FBgn0033129	0.0399383870612829	0.169325558367257	0	0
dmel-FBgn0033130	0.0443095851691746	0.147975725330451	0.00224457560894505	0.0573613766730402
dmel-FBgn0033132	0.0515108256007613	0.00844634784677614	0	0.314061384725197
dmel-FBgn0033133	0.0456706021510087	0.0494162486583576	0	0.326725516395418
dmel-FBgn0033134	0.0235850442036009	0.051047081974917	0.00349516844362205	0.0463770669956236
dmel-FBgn0033135	0	0	0	0
dmel-FBgn0033136	0	0	0	0
dmel-FBgn0033137	0.0211067418392003	0.000805420002842656	0	0.133581276353816
dmel-FBgn0033138	0.0340585838394712	0	0.139924655954486	0.00591988929038212
dmel-FBgn0033139	0.0435855897554579	0	0.290326313353391	0.00289284887757464
dmel-FBgn0033141	0.199057714958775	0	0	0
dmel-FBgn0033149	0.43196955280685	0	0	0
dmel-FBgn0033153	0.0292181890706023	0.0699042680494616	0.0332070203430395	0.0204427602712405
dmel-FBgn0033154	0	0.537037037037037	0	0
dmel-FBgn0033155	0.105932203389831	0.0729755178907722	0.0357815442561205	0.0155367231638418
dmel-FBgn0033159	0.0404072542157174	0.0416799236398346	0.00540884505249762	0.00349984091632199
dmel-FBgn0033160	0.0659813280184623	0.0543375642504984	0.0219238434910312	0.0115388649952796
dmel-FBgn0033162	0.027199242644917	0.0187154092630352	0.022028837751238	0.0187518205651034
dmel-FBgn0033166	0.0501603298213468	0.0619560238204305	0.0312643151626203	0.0227897388914338
dmel-FBgn0033168	0.316379955123411	0	0	0
dmel-FBgn0033169	0.0821234119782214	0.0775862068965517	0.0403811252268603	0.0186025408348458
dmel-FBgn0033170	0.0103917871359732	0	0	0.0444165095327886
dmel-FBgn0033174	0.292729439809297	0.00572109654350417	0.00834326579261028	0.00166865315852205
dmel-FBgn0033177	0.257883369330454	0.093304535637149	0.117062634989201	0.0138228941684666
dmel-FBgn0033178	0.0688617454416713	0.0534607895202693	0.0474420251371924	0.0486811825101788
dmel-FBgn0033179	0.125960372017792	0.273486992856181	0.0828952689041649	0.0370669901603989
dmel-FBgn0033183	0.0742196027068327	0.0764025321982099	0.0254311285745471	0.00927745033835406
dmel-FBgn0033184	0.142140168488976	0.0715181932245922	0.0288582183186951	0.0240186413335723
dmel-FBgn0033185	0.0805907172995781	0.0628691983122363	0.0358649789029535	0.0236286919831224
dmel-FBgn0033186	0.0654506437768239	0.0482832618025751	0.0278969957081545	0
dmel-FBgn0033187	0.0717616580310881	0.0474093264248705	0.0466321243523316	0.0233160621761658
dmel-FBgn0033188	0.0294682793427043	0.0833579168095166	0.00782153193592882	0.00933640560343796
dmel-FBgn0033190	0.401632653061224	0	0	0
dmel-FBgn0033191	0.046950779073367	0.0589206480239398	0.039830770818285	0.0189866886802188
dmel-FBgn0033192	0.0715746421267895	0.0102249488752556	0.0572597137014314	0.00817995910020447
dmel-FBgn0033194	0.0512360893270596	0.0365225184853238	0.0611696168496527	0.029875270744641
dmel-FBgn0033195	0.0860585197934597	0.0843373493975902	0.0327022375215146	0
dmel-FBgn0033196	0.0195275590551181	0.0185826771653544	0.054488188976378	0
dmel-FBgn0033199	0.0367432826157333	0.0443509226286824	0.0335059889932017	0.0186144383295565
dmel-FBgn0033203	0	0.605853658536585	0	0
dmel-FBgn0033204	0.0178489702517162	0.0389016018306636	0.03813882532418	0
dmel-FBgn0033205	0.0540540540540543	0.0398385398385399	0.131800631800632	0.134433134433134
dmel-FBgn0033206	0.0513687600644121	0.109178743961353	0.0533011272141705	0.0123993558776168
dmel-FBgn0033207	0.0671389574938255	0.160275575198232	0	0
dmel-FBgn0033208	0.0443301493999511	0.0579230957629195	0.0385745775165319	0.029512613274553
dmel-FBgn0033209	0.0553175497933107	0.0868846298384065	0.0380308154829012	0.040511086057873
dmel-FBgn0033210	0.0614319705818733	0.063811377893143	0.0233614536015574	0.0125459658230586
dmel-FBgn0033212	0.094929762949956	0.0296312554872695	0.28116769095698	0.0341308165057069
dmel-FBgn0033214	0.0681081081081082	0.0632432432432433	0.323243243243243	0
dmel-FBgn0033215	0.0360721442885771	0	0.432364729458918	0
dmel-FBgn0033216	0	0	0.29646017699115	0
dmel-FBgn0033221	0.0648090299471032	0.0022075055187638	0.443708609271523	0.0328210254487901
dmel-FBgn0033222	0.0336719607001478	0	0.473696761577718	0.00958649306052368
dmel-FBgn0033224	0.110684804092547	0.0294151842808976	0.0148819904662249	0.0196488780374375
dmel-FBgn0033225	0.0493755106805183	0.077039803898681	0.0257966616084977	0.028131201120579
dmel-FBgn0033226	0.0329319661319831	0.0479513253627197	0.0481215164021614	0.011615538441901
dmel-FBgn0033229	0.0472651038688775	0.0602248904135695	0.0348770726129217	0.0129597865446922
dmel-FBgn0033232	0.0954041487839772	0.070368383404864	0.0355865522174536	0.0290593705293275
dmel-FBgn0033233	0.135087719298246	0.0701754385964911	0.0210526315789474	0.0131578947368421
dmel-FBgn0033234	0.040930633347695	0	0.0756139595002154	0.0217578629900905
dmel-FBgn0033235	0.125088553790102	0.0614310292480517	0.0234794049185305	0.0226697702661674
dmel-FBgn0033236	0.0446551460467961	0.0408319314879951	0.0386909313350665	0.0311974307998165
dmel-FBgn0033238	0.634146341463415	0	0	0
dmel-FBgn0033240	0.0773480662983425	0.0919494869771113	0.150355169692186	0.0659037095501184
dmel-FBgn0033241	0.055569110650238	0.0467244113700134	0.0146395022569233	0.0127485665487374
dmel-FBgn0033243	0.223874432052871	0.0156959933911607	0	0
dmel-FBgn0033244	0.0667890426433212	0.0519627223948038	0.024569330697543	0.0706015249929399
dmel-FBgn0033246	0.042068595927117	0.034967845659164	0.0131296891747053	0.0136655948553055
dmel-FBgn0033247	0.0761116856256466	0.069079627714581	0.0277145811789039	0.0186142709410548
dmel-FBgn0033248	0.431350114416477	0	0	0
dmel-FBgn0033249	0.540816326530613	0	0	0
dmel-FBgn0033250	0.150943396226415	0.0465408805031445	0	0.0289308176100629
dmel-FBgn0033252	0.0638297872340427	0.0851063829787237	0	0
dmel-FBgn0033257	0.0328435609334487	0.0518582541054451	0	0.0259291270527226
dmel-FBgn0033258	0.192922762844505	0.0207553589656345	0.0197346036066689	0.00748553929908132
dmel-FBgn0033259	0.0583163987930292	0.0585011392327114	0.140033253279143	0.0221688527618696
dmel-FBgn0033260	0.068750845851942	0.0709162268236569	0.0389768574908648	0.024766544863987
dmel-FBgn0033261	0.0336197798884366	0.0830695009799489	0.0505050505050506	0.0202020202020202
dmel-FBgn0033264	0.0866038723181581	0.099162742019885	0.0298273155416012	0.0188383045525903
dmel-FBgn0033265	0.089835876763605	0.0642096170457817	0.0385833573279586	0.0195796141664267
dmel-FBgn0033266	0.0462341536167041	0.0694577607329284	0.0695642910408012	0.0210930009587728
dmel-FBgn0033268	0.147351161296866	0.00123398356942425	0.000709963149531762	0.00184252341188005
dmel-FBgn0033271	0.26060606060606	0	0	0
dmel-FBgn0033272	0.0514473864727672	0.0652352860474688	0.0609137055837563	0.0487721223761833
dmel-FBgn0033273	0.0386089006778662	0.0297671676982022	0.00736811081638668	0.00559976422045387
dmel-FBgn0033274	0.346921797004991	0	0	0
dmel-FBgn0033278	0.643939393939394	0	0	0
dmel-FBgn0033279	0.327997386475008	0	0	0
dmel-FBgn0033280	0.442684766214179	0	0	0
dmel-FBgn0033283	0.496503496503497	0	0	0
dmel-FBgn0033285	0.378090766823161	0	0	0.00198226395409494
dmel-FBgn0033286	0.389381099126862	0	0	0.00141242937853107
dmel-FBgn0033287	0.37952101661779	0	0	0.00151515151515151
dmel-FBgn0033289	0.0280569880255222	0.142994493488331	0	0
dmel-FBgn0033292	0.0282825005407744	0	0.140439108803807	0.0514817218256543
dmel-FBgn0033294	0.0242253521126761	0	0.153521126760564	0
dmel-FBgn0033296	0.0178926441351889	0	0.153081510934394	0.0536779324055666
dmel-FBgn0033297	0.0533734065706292	0	0.410405223339206	0.00611462327702353
dmel-FBgn0033301	0.0389130613250143	0	0.390772514571874	0
dmel-FBgn0033302	0.00705537806176785	0.00173056443024494	0.0170394036208733	0
dmel-FBgn0033303	0.49367088607595	0	0	0
dmel-FBgn0033304	0.0260428161553741	0.0157801809755021	0.107481792098874	0
dmel-FBgn0033308	0	0	0	0
dmel-FBgn0033309	0.0559023066485754	0.0851424694708276	0.0198778833107191	0.0113297150610584
dmel-FBgn0033312	0	0	0	0.115044247787611
dmel-FBgn0033313	0.0713856804775529	0.0768959061848752	0.0170605065169016	0.0176256578714987
dmel-FBgn0033315	0.0479926165205354	0.0632210429164745	0.0239963082602676	0.0152284263959391
dmel-FBgn0033316	0.229906542056075	0.14392523364486	0.0943925233644861	0.0448598130841121
dmel-FBgn0033317	0.053765313824537	0.0732160483074957	0.0307147419148812	0.0161992684201359
dmel-FBgn0033320	0.0105449794699515	0.00347611048898843	0	0.0821901829040685
dmel-FBgn0033321	0.0225718194254446	0.0511285909712722	0	0.0820793433652531
dmel-FBgn0033322	0.41207075962539	0	0	0
dmel-FBgn0033323	0.576023391812865	0	0	0
dmel-FBgn0033324	0.482014388489208	0	0	0
dmel-FBgn0033326	0.5	0	0	0
dmel-FBgn0033327	0.0663265306122448	0	0.122448979591837	0
dmel-FBgn0033330	0.382017728999578	0	0	0
dmel-FBgn0033337	0.0778017906761347	0.0966347638159923	0.0367397344859525	0.0574251312133375
dmel-FBgn0033339	0.05472324954554	0.0526546731022378	0.0221901836645145	0.0411834764621074
dmel-FBgn0033340	0.0422197263630795	0.0916377373902389	0.0350214416989994	0.00903614457831325
dmel-FBgn0033341	0.0474186595504465	0.0849840911423587	0.0293544082931335	0.0223750384891717
dmel-FBgn0033342	0.0672843992248063	0.0653464147286821	0.0228015988372093	0.00866036821705426
dmel-FBgn0033344	0.522522522522522	0	0	0
dmel-FBgn0033347	0.174418604651163	0	0	0
dmel-FBgn0033348	0.0688836104513063	0.0451306413301664	0.0201900237529691	0
dmel-FBgn0033349	0.0657293812125012	0.080325960419092	0.0321482940807738	0.0128951374585833
dmel-FBgn0033350	0.0986502010338886	0.0539919586444571	0.0422171165996554	0.0314474439977025
dmel-FBgn0033351	0.0775241875465144	0.0766559166459936	0.0450260481270156	0.0241875465145125
dmel-FBgn0033352	0.0669352339634335	0.0697242020452433	0.0797954756740006	0.0249457700650759
dmel-FBgn0033354	0.134920634920635	0.050793650793651	0.0428571428571429	0
dmel-FBgn0033355	0.393617021276596	0	0	0
dmel-FBgn0033356	0.10258358662614	0.125	0.0288753799392097	0.230623100303951
dmel-FBgn0033357	0.0338041707831567	0.0390910790099063	0.0225628154121385	0.0118821927318362
dmel-FBgn0033358	0.121293800539084	0	0	0
dmel-FBgn0033359	0.162162162162162	0.216216216216216	0	0
dmel-FBgn0033362	0.476190476190476	0	0	0
dmel-FBgn0033364	0.367114788004136	0	0	0
dmel-FBgn0033365	0.102106969205835	0.170178282009724	0	0
dmel-FBgn0033366	0.0802948021722265	0.00300620636152055	0	0.500096974398758
dmel-FBgn0033367	0.0577322008689186	0.0391796156405339	0	0.00379662609104074
dmel-FBgn0033368	0.538461538461539	0	0	0
dmel-FBgn0033369	0.391752577319588	0	0	0
dmel-FBgn0033371	0.382621951219511	0	0	0
dmel-FBgn0033372	0.0460750853242321	0.0221843003412969	0	0
dmel-FBgn0033373	0.0276541408245166	0.0108719445457862	0.0475373951112732	0.0636993797883984
dmel-FBgn0033374	0.0634755463059312	0	0	0.237252861602497
dmel-FBgn0033375	0.0406746031746031	0.0525793650793651	0.025462962962963	0.0178571428571428
dmel-FBgn0033376	0.0592755214050494	0.0673252835711672	0.0472008781558727	0.0358580314672521
dmel-FBgn0033377	0.103916866506795	0.0309618971489476	0.04396482813749	0.046203037569944
dmel-FBgn0033378	0.0448386646179634	0.0579224286445966	0.0231410345951484	0.0126181496484611
dmel-FBgn0033379	0.056136606189968	0.0529348986125934	0.0303094983991462	0.0123799359658484
dmel-FBgn0033380	0.0439971916686169	0.0606131523519775	0.0257430376784461	0.026913175754739
dmel-FBgn0033381	0.0365537951744849	0.0324117220668944	0.0227814020917469	0.00786993890442165
dmel-FBgn0033382	0.0975896531452086	0.0217519106407995	0.0460513423476386	0.00587889476778365
dmel-FBgn0033387	0.0159235668789809	0.017984263769202	0	0
dmel-FBgn0033388	0.0793650793650794	0.0952380952380953	0	0
dmel-FBgn0033389	0.055921052631579	0.0394736842105263	0	0
dmel-FBgn0033391	0	0	0	0
dmel-FBgn0033392	0.101694915254237	0.0649717514124293	0.0338983050847458	0.0254237288135593
dmel-FBgn0033395	0.115789473684211	0	0.536842105263158	0
dmel-FBgn0033397	0.355263157894737	0.0833333333333332	0.171052631578947	0
dmel-FBgn0033400	0.0433195810853697	0.0591875595049189	0.0345921929546176	0.0245953665503015
dmel-FBgn0033401	0.0715806279936137	0.0612027674294838	0.0497605109100585	0.0263437998935604
dmel-FBgn0033402	0.0428358091645053	0.0760826849013598	0.0414996463098326	0.0192564646702822
dmel-FBgn0033405	0.0632911392405064	0	0	0
dmel-FBgn0033413	0.0406356037407928	0.0368699826202102	0.0347595795746089	0.0413804518745344
dmel-FBgn0033421	0.0397215397215397	0.0454545454545455	0.0597870597870598	0.0176085176085176
dmel-FBgn0033423	0	0	0	0
dmel-FBgn0033426	0.0551142005958292	0.137040714995035	0.0615690168818272	0.0263157894736842
dmel-FBgn0033427	0.118476727785614	0.0571227080394923	0.0275035260930889	0.0204513399153738
dmel-FBgn0033428	0.0598714953271028	0.104921144859813	0.0745473130841121	0.0146028037383178
dmel-FBgn0033429	0.0509320905459388	0.0482689747003995	0.10219707057257	0.0336218375499335
dmel-FBgn0033431	0.0381722558389414	0.0313860770231296	0.0881072216252898	0.0442232652830403
dmel-FBgn0033434	0.0298488569330869	0.0272158788830097	0.0308362237018659	0.00830400769639735
dmel-FBgn0033437	0.0285060851098587	0.00249121947235154	0.0199705954422936	0.173854447439353
dmel-FBgn0033438	0.0569389373513087	0.0900872323552735	0.00919904837430609	0.0299762093576527
dmel-FBgn0033439	0.0309056061332055	0.00138955438428366	0	0.416243411595592
dmel-FBgn0033440	0.192225772097976	0	0	0.169329073482428
dmel-FBgn0033442	0.195728753852928	0	0	0
dmel-FBgn0033443	0.0141370508541135	0.0076575692126448	0.0794227370901237	0
dmel-FBgn0033446	0.0374893934329279	0.121853385101952	0.00573397444138747	0.00959090792214135
dmel-FBgn0033447	0.327225130890052	0	0	0
dmel-FBgn0033448	0.0158238262395787	0.0159335234752084	0.0412735849056604	0
dmel-FBgn0033449	0.130984042553192	0.079122340425532	0.0511968085106384	0.0232712765957447
dmel-FBgn0033450	0.0468384074941452	0.0477751756440281	0.0468384074941452	0.0533957845433255
dmel-FBgn0033451	0.108421411524037	0.0704057279236278	0.112512785543812	0.219399931810433
dmel-FBgn0033453	0.0670178519168863	0.0847234416154521	0.0926251097453907	0.241878841088674
dmel-FBgn0033454	0.0748078060319337	0.0724423418095801	0.0455351862803075	0.00946185688941457
dmel-FBgn0033457	0.0814138780240473	0.0757641605099231	0.0376647834274953	0.042879907286687
dmel-FBgn0033458	0.0646823125357756	0	0	0.344304522037779
dmel-FBgn0033459	0.0539215686274509	0.0112044817927171	0	0.101190476190476
dmel-FBgn0033460	0.0642838090157375	0.0544811949853294	0.0321419045078688	0.041944518538277
dmel-FBgn0033461	0.231225296442688	0	0	0
dmel-FBgn0033463	0.0442229478146302	0.041702468923641	0.0573408947700064	0.041702468923641
dmel-FBgn0033465	0.0271782573940847	0.0304847031465737	0.031320398226873	0.0548651987500908
dmel-FBgn0033466	0.0401919399646426	0.0269148897788361	0.00645813038929177	0.117509109932533
dmel-FBgn0033467	0.508474576271187	0	0	0
dmel-FBgn0033468	0.160876810665299	0.0405076272272784	0.00922958595051917	0.00897320856300473
dmel-FBgn0033471	0.0656691604322528	0.0665004156275976	0.0399002493765586	0.0203657522859517
dmel-FBgn0033473	0.0637958532695375	0.0441254651780968	0.0175438596491228	0.00956937799043062
dmel-FBgn0033474	0.0347185691741189	0.0216991057338243	0.0298527091004735	0.0172277748553393
dmel-FBgn0033475	0.0792051497341169	0.0509375874615169	0.0232297788972852	0.0361041141897565
dmel-FBgn0033476	0.0210098103659974	0.0180828237978891	0.0296915501866574	0.038881791911099
dmel-FBgn0033479	0.109044801352494	0.0422654268808116	0.0540997464074386	0.0202874049027895
dmel-FBgn0033480	0.0660838261763949	0.0745692980200565	0.0305991257392646	0.0128567755206994
dmel-FBgn0033482	0.0683614205465104	0.0478910787394079	0.0279920022850614	0.0343711320575073
dmel-FBgn0033483	0.0372601980746589	0.0112196135466445	0.0103192741879632	0.12445460211926
dmel-FBgn0033484	0.155345211581292	0.0128062360801782	0	0
dmel-FBgn0033485	0.0450879409192499	0.043824701195219	0.0256534836264697	0.016616460985327
dmel-FBgn0033486	0.100201331887874	0.0748025398792009	0.0337618088895772	0.0133188787362552
dmel-FBgn0033490	0.452459016393443	0	0	0
dmel-FBgn0033491	0.0835231586940016	0.0569476082004556	0.0273348519362187	0.0220197418375095
dmel-FBgn0033494	0.0341332230037236	0.0765411667356225	0.0254447662391394	0
dmel-FBgn0033498	0.301050175029171	0	0	0
dmel-FBgn0033499	0.322314049586777	0	0	0
dmel-FBgn0033500	0	0	0	0
dmel-FBgn0033501	0.0434056761268781	0.105175292153589	0	0
dmel-FBgn0033502	0.0250636643881517	0.0635303578608766	0.037394451145959	0
dmel-FBgn0033504	0.0232733994286674	0.043438077634011	0.0342799529490842	0.00831792975970425
dmel-FBgn0033507	0.0767849124382577	0.0561293219577908	0.0327795240233498	0
dmel-FBgn0033512	0	0	0	0
dmel-FBgn0033518	0.0287539936102237	0.115654952076677	0.073482428115016	0.306709265175719
dmel-FBgn0033520	0	0.0812720848056536	0.0989399293286221	0.319787985865724
dmel-FBgn0033521	0.0457875457875458	0.115384615384615	0	0.291208791208791
dmel-FBgn0033523	0.0394770571648295	0.0315303768264547	0.0299923096641887	0
dmel-FBgn0033524	0.113636363636364	0	0	0
dmel-FBgn0033526	0.126404494382023	0.0514981273408239	0.0262172284644195	0
dmel-FBgn0033527	0.053125	0.0546875	0.0228125	0.0146875
dmel-FBgn0033528	0.0659748911094032	0.073917499359467	0.0285677683832949	0.0190878811170894
dmel-FBgn0033529	0.0600131726783154	0.0659408779202665	0.0313432257564605	0.0215024601913913
dmel-FBgn0033538	0.0369540873460246	0.038073908174692	0.0134378499440089	0.0238895110115714
dmel-FBgn0033539	0.0608515773142563	0.08843302878814	0.0437855542147906	0.018272711601448
dmel-FBgn0033540	0.0684691011235955	0.0726825842696629	0.0330056179775281	0.0245786516853932
dmel-FBgn0033541	0.130403539107588	0	0.0357279198760414	0
dmel-FBgn0033542	0.308784965034965	0	0	0.00218531468531468
dmel-FBgn0033543	0.0241419124593261	0.00608796053322137	0.0753297645288829	0.073335432630069
dmel-FBgn0033544	0.0257468996617813	0.00594701240135289	0.0667981961668546	0.012640924464487
dmel-FBgn0033547	0.0532572515454113	0.0271041369472183	0.0180694246314789	0.0128388017118402
dmel-FBgn0033548	0.0327097808658471	0.0193479422768573	0.0121859967931587	0
dmel-FBgn0033549	0.248945147679325	0	0	0
dmel-FBgn0033550	0.0361900271130495	0.03430390192149	0.0425556996345631	0.0357184958151597
dmel-FBgn0033551	0.0516609204837739	0.0600339298418432	0.0424670278553057	0.0381984348492311
dmel-FBgn0033554	0.0383530738860689	0.126903553299492	0	0
dmel-FBgn0033555	0.147599451303155	0.205761316872428	0.0960219478738	0.0565157750342936
dmel-FBgn0033556	0.0672582434203892	0.0569728748613491	0.0551578098215185	0.0205707371180801
dmel-FBgn0033557	0.070948012232416	0.0483180428134556	0.0244648318042813	0.00795107033639143
dmel-FBgn0033558	0.131578947368421	0.336842105263158	0	0
dmel-FBgn0033564	0.0518518518518519	0.055379188712522	0.0225749559082892	0.0465608465608466
dmel-FBgn0033566	0.060431347426863	0.102284860132394	0.0416399743754003	0.0111039931667734
dmel-FBgn0033569	0.0667288847410173	0.0676621558562762	0.0270648623425105	0.0177321511899207
dmel-FBgn0033570	0.0435166127609526	0.0488091737724199	0.0226894050769381	0.0205821817112614
dmel-FBgn0033571	0.049455155071249	0.0506526164531194	0.0216740510118548	0.0114956292659562
dmel-FBgn0033572	0.521739130434783	0	0	0
dmel-FBgn0033573	0	0.268436578171091	0	0
dmel-FBgn0033574	0.144	0.1088	0	0
dmel-FBgn0033578	0	0	0	0
dmel-FBgn0033579	0.0880398671096347	0.0232558139534884	0.0415282392026578	0.204318936877076
dmel-FBgn0033581	0.0737786640079759	0.0719840478564306	0.0303090727816551	0.0151545363908275
dmel-FBgn0033582	0.0262761432116271	0	0.164259127968806	0
dmel-FBgn0033584	0.0207119741100324	0	0.0174757281553398	0
dmel-FBgn0033589	0.0357575757575758	0	0	0
dmel-FBgn0033592	0.0221316249271985	0.0975538730343623	0	0
dmel-FBgn0033593	0.0144368287549247	0.0505963624588483	0	0
dmel-FBgn0033598	0.010765306122449	0.0228571428571428	0	0
dmel-FBgn0033599	0.294117647058824	0	0	0
dmel-FBgn0033600	0	0.00741473059812161	0	0
dmel-FBgn0033602	0.139405204460966	0.368029739776952	0	0
dmel-FBgn0033605	0.0360194557644275	0.0629683186538716	0.0418036019455764	0.050216905481793
dmel-FBgn0033607	0.0781603417944209	0.0570495099271174	0.0263885398341292	0.0168384016084443
dmel-FBgn0033608	0.223543640395082	0.127595242894578	0.0830477726264863	0.0765974601894781
dmel-FBgn0033609	0.0621481160675617	0.0666955391944567	0.032481593763534	0.025119099177133
dmel-FBgn0033610	0.436260623229462	0	0	0.00687980574666128
dmel-FBgn0033615	0.0383325347388597	0.0507906085289889	0.0349784379492094	0.0229995208433158
dmel-FBgn0033616	0.0871993127147767	0.0644329896907216	0.0356529209621994	0.0150343642611684
dmel-FBgn0033623	0.332330827067669	0	0	0
dmel-FBgn0033624	0.0319101391413163	0.0606769359115692	0.0633212168161369	0.0351130709412149
dmel-FBgn0033627	0.0907581627006088	0.0879911455451024	0.0110680686220255	0.020475926950747
dmel-FBgn0033628	0.09009009009009	0.048048048048048	0	0
dmel-FBgn0033629	0	0.137123745819398	0	0
dmel-FBgn0033631	0.035063473292775	0.165272771310927	0.00769373245757762	0.00883354467351505
dmel-FBgn0033633	0.0289608177172061	0.113003975014196	0	0
dmel-FBgn0033635	0.0342676823706333	0.0655030446465991	0.00325419717476518	0.00241599487217415
dmel-FBgn0033636	0.085218537228201	0.0524928618493301	0.0281133318690973	0.00966395783000222
dmel-FBgn0033638	0.0284577868270277	0.04195274397462	0.0796912732610445	0.0158624934892751
dmel-FBgn0033639	0.0359253998075425	0.0490766622370893	0.0936626494982358	0.00856894102552353
dmel-FBgn0033644	0.107287449392712	0	0	0.0263157894736842
dmel-FBgn0033645	0	0	0	0
dmel-FBgn0033648	0	0	0	0
dmel-FBgn0033649	0.0517006802721088	0.093605442176871	0.0497959183673469	0.0174149659863945
dmel-FBgn0033652	0.115819209039548	0.0338983050847458	0	0
dmel-FBgn0033653	0.0424896265560166	0.0487966804979254	0.0544398340248962	0.0313692946058092
dmel-FBgn0033654	0.0410404624277457	0.165606936416185	0.00635838150289017	0
dmel-FBgn0033656	0.0620865904990981	0.0738123872519544	0.0362297053517739	0.0341250751653638
dmel-FBgn0033657	0.227272727272727	0	0	0
dmel-FBgn0033658	0.011234125691957	0.0120481927710844	0	0
dmel-FBgn0033659	0.00348853179508309	0	0.0109050954539211	0
dmel-FBgn0033661	0.229166666666667	0.133333333333333	0.0875	0.04375
dmel-FBgn0033663	0.0585114700550771	0.0827836239698379	0.0221640498763516	0.0578859886370876
dmel-FBgn0033665	0.0627542126670541	0.0438698431144683	0.042417199302731	0.0459035444509007
dmel-FBgn0033667	0.0204247922211961	0.134173502091368	0	0
dmel-FBgn0033668	0.0271383915885195	0.0987496447854505	0	0
dmel-FBgn0033669	0.0644889357218124	0.0521812434141202	0.0341412012644889	0.0206111696522655
dmel-FBgn0033672	0.0347506132461161	0.0291632597437994	0.017988552739166	0.0107658762605614
dmel-FBgn0033673	0.128261466630047	0.043669321614941	0.0244438341115079	0.00823949464432848
dmel-FBgn0033677	0.0333716915995397	0.0268507863444572	0.06578442654392	0
dmel-FBgn0033679	0.0347730782643352	0.169788604925356	0.00067254520998356	0
dmel-FBgn0033680	0.121854679106588	0.0743567995476392	0	0
dmel-FBgn0033683	0.0885985323071416	0.129765527116521	0.0377662430642563	0.13441918739932
dmel-FBgn0033686	0.137785291631445	0.0743871513102282	0.0236686390532544	0.0295857988165681
dmel-FBgn0033687	0.335443037974683	0	0	0
dmel-FBgn0033688	0.0747800586510264	0.0716219264606363	0.0275208662305436	0.029325513196481
dmel-FBgn0033690	0.053816046966732	0.0518590998043052	0.0596868884540118	0.0210371819960861
dmel-FBgn0033691	0.217261904761905	0.133928571428571	0.157738095238095	0
dmel-FBgn0033692	0.116506646971935	0.0819793205317578	0.0317577548005908	0.021602658788774
dmel-FBgn0033693	0	0	0	0
dmel-FBgn0033696	0.143661971830986	0.135211267605634	0.0563380281690141	0.0901408450704228
dmel-FBgn0033697	0.0991735537190082	0.161157024793388	0.0743801652892562	0.169421487603306
dmel-FBgn0033698	0.0596993350679388	0.0740098294304714	0.047123446082683	0.0245735761780862
dmel-FBgn0033699	0.0478211779886556	0.0550982553294443	0.0351595472996586	0.0418801580687653
dmel-FBgn0033702	0.048498845265589	0.268668206312548	0	0
dmel-FBgn0033703	0	0	0	0
dmel-FBgn0033705	0.355887939221273	0	0	0
dmel-FBgn0033706	0.401590457256462	0	0	0
dmel-FBgn0033708	0.0134467075341112	0.00474589677674511	0	0.0773185683211388
dmel-FBgn0033710	0.0593607305936072	0.0401826484018264	0.0141552511415525	0.246118721461187
dmel-FBgn0033712	0.0376729882111738	0.0386981035366479	0.0189646335212712	0.0156330087134802
dmel-FBgn0033713	0.0552344251766217	0.0417469492614001	0.0391779062299294	0.0134874759152216
dmel-FBgn0033715	0.153301886792453	0.152712264150943	0.119693396226415	0.0666273584905661
dmel-FBgn0033716	0.0841025641025641	0.082051282051282	0.0197150997150997	0.0238176638176638
dmel-FBgn0033717	0.0499320125991842	0.0202068882424826	0.0917055371004665	0.0274531403294377
dmel-FBgn0033720	0.106924643584522	0	0.590631364562118	0
dmel-FBgn0033723	0	0.112462006079027	0	0
dmel-FBgn0033724	0.0751496799944945	0.0926295506159247	0	0.123941917280297
dmel-FBgn0033725	0.0166999662043255	0.105483654625717	1.13819629158138e-05	0.0380043741759021
dmel-FBgn0033726	0	0.134969325153374	0	0
dmel-FBgn0033728	0	0.0427046263345196	0	0
dmel-FBgn0033729	0.00646931310120579	0.0139039425552094	0	0
dmel-FBgn0033730	0.0665101721439748	0.100547730829421	0	0
dmel-FBgn0033731	0.0829255730105586	0.111511717744012	0	0
dmel-FBgn0033732	0	0	0	0
dmel-FBgn0033733	0	0	0	0
dmel-FBgn0033734	0.0585506318988962	0.0403135498320269	0.0263957766757319	0.0145576707726764
dmel-FBgn0033735	0.0711937845510235	0.0196473927984461	0.0345136709995518	0.0433288510383982
dmel-FBgn0033737	0.138368580060423	0.056797583081571	0.0220543806646525	0.0126888217522659
dmel-FBgn0033738	0.101966990730274	0.0533574496947772	0.0466877684829302	0.0154872258647977
dmel-FBgn0033739	0.071519470603207	0.0684652583354544	0.0404683125477221	0.01654364978366
dmel-FBgn0033740	0.106090373280943	0.0402750491159137	0.0196463654223969	0
dmel-FBgn0033741	0.0707219532729951	0.0540938749736897	0.0277836245001052	0.00905072616291304
dmel-FBgn0033742	0.0255142405063291	0	0	0.11629746835443
dmel-FBgn0033744	0.0743935309973046	0.0463611859838275	0.0436657681940701	0.061455525606469
dmel-FBgn0033748	0.46551724137931	0	0	0
dmel-FBgn0033749	0.3	0.0898305084745764	0.0508474576271186	0.0457627118644068
dmel-FBgn0033750	0.0883256528417818	0.0629800307219661	0.0529953917050691	0.033794162826421
dmel-FBgn0033751	0.0705474171164225	0.0754818812644564	0.0363145720894372	0.0122590593677718
dmel-FBgn0033752	0.102742529676627	0.116659844453541	0.0352026197298404	0.0192386410151454
dmel-FBgn0033753	0.129175946547884	0.102449888641425	0	0
dmel-FBgn0033754	0.0514520202020202	0.0527146464646465	0.0195707070707071	0.0176767676767677
dmel-FBgn0033755	0.0490656758824173	0.0545295596109714	0.0509233963501255	0.0677521582340729
dmel-FBgn0033756	0.0964187327823694	0.0881542699724521	0	0
dmel-FBgn0033757	0.0433298319327731	0.0535714285714286	0.0396533613445378	0.0438550420168068
dmel-FBgn0033760	0.0207477982887768	0.0293352555865484	0.032312658664243	0
dmel-FBgn0033761	0.0474794841735053	0.0586166471277841	0.0381008206330598	0.022274325908558
dmel-FBgn0033762	0.0544299969761113	0.080889023283943	0.0278197762322346	0.0154218324765649
dmel-FBgn0033763	0.0731707317073171	0.238482384823848	0	0
dmel-FBgn0033766	0.0994680851063829	0.0627659574468085	0.023936170212766	0.0143617021276596
dmel-FBgn0033767	0.226069246435845	0	0	0
dmel-FBgn0033769	0.0510998307952622	0.0741116751269036	0.0578680203045685	0.0240270727580373
dmel-FBgn0033770	0.453159041394335	0	0	0
dmel-FBgn0033773	0	0	0.471698113207547	0
dmel-FBgn0033774	0	0	0	0
dmel-FBgn0033775	0.014456742715157	0	0.0483397334538062	0.00609893833295686
dmel-FBgn0033777	0.0213184718654181	0.00924007624098783	0.0702121488356677	0.00727189856633794
dmel-FBgn0033778	0	0	0	0
dmel-FBgn0033781	0.023397514014136	0.0646356324640507	0.0216914452839385	0.00872532293443822
dmel-FBgn0033782	0.026866381359962	0.00196148359486448	0.0796481217308608	0.0444602948169282
dmel-FBgn0033783	0.0414746543778802	0.0390168970814132	0.0605222734254992	0.0282642089093702
dmel-FBgn0033784	0.0763299061242737	0.0558784085829237	0.0460438086723289	0.0192221725525257
dmel-FBgn0033785	0.130774235523748	0.0500975927130776	0.0104098893949252	0
dmel-FBgn0033787	0.00736289607245516	0	0.0322526860565155	0
dmel-FBgn0033788	0.0494141056820695	0	0.519603507996168	0
dmel-FBgn0033789	0.0496458730591119	0	0.561359302642333	0
dmel-FBgn0033791	0.197916666666667	0	0	0
dmel-FBgn0033792	0.137362637362637	0	0.527472527472527	0
dmel-FBgn0033793	0.383045525902669	0	0	0
dmel-FBgn0033794	0.383696416022488	0	0	0
dmel-FBgn0033798	0.286206896551724	0.168965517241379	0	0
dmel-FBgn0033799	0.0244584206848357	0.0262054507337526	0	0
dmel-FBgn0033802	0.00390015600624025	0.00286011440457619	0.00260010400416016	0.00234009360374415
dmel-FBgn0033806	0.0979347101932045	0.0726182544970019	0.027981345769487	0.0266489007328447
dmel-FBgn0033807	0.0521609538002981	0.10096870342772	0	0
dmel-FBgn0033808	0.189216683621567	0.130213631739573	0.0579857578840285	0
dmel-FBgn0033809	0.0189686319592708	0.00131384463787157	0.0316965018886518	0.117589095089506
dmel-FBgn0033810	0.0538105046343974	0.0530381050463439	0.0238156539649846	0.0297373841400618
dmel-FBgn0033812	0.0509242864225512	0.0399461718252001	0.0852751611303916	0.0569445428146469
dmel-FBgn0033813	0.066449814126394	0.0708643122676582	0.049721189591078	0.0202137546468401
dmel-FBgn0033814	0.0546523694223453	0.048339674852992	0.0632998962296783	0.0884641992390177
dmel-FBgn0033815	0.263157894736842	0	0	0
dmel-FBgn0033816	0.0646186440677965	0.0610875706214689	0.038135593220339	0.02295197740113
dmel-FBgn0033817	0.452054794520548	0	0	0
dmel-FBgn0033818	0.39429444727458	0	0	0
dmel-FBgn0033819	0.338832487309645	0.008248730964467	0.00888324873096447	0.008248730964467
dmel-FBgn0033820	0.0653138217133087	0.00275579527535847	0	0.268284775336369
dmel-FBgn0033821	0.0326893973114929	0.00108608564052346	0.0423929493456779	0.11272144574023
dmel-FBgn0033826	0.0224593507645859	0	0.182889869668929	0
dmel-FBgn0033827	0.0824742268041236	0	0	0
dmel-FBgn0033828	0.441265060240964	0	0	0
dmel-FBgn0033830	0	0	0	0
dmel-FBgn0033834	0.349557522123894	0	0	0.00189633375474084
dmel-FBgn0033836	0.0962288686605983	0.206762028608583	0	0.209362808842653
dmel-FBgn0033842	0.071064467766117	0.0389805097451274	0.0284857571214393	0.016191904047976
dmel-FBgn0033844	0.0479390040505123	0.0250178699070765	0.167452942578032	0.00857755539671195
dmel-FBgn0033845	0.219465648854961	0.030057251908397	0.00906488549618321	0.00572519083969466
dmel-FBgn0033846	0.0571035431716546	0.0557275541795665	0.0309597523219814	0.0147918816649466
dmel-FBgn0033848	0	0	0	0
dmel-FBgn0033853	0.0168013531291111	0.0432249577147152	0.0207479797030633	0.0267242999436196
dmel-FBgn0033856	0.229268292682927	0	0	0
dmel-FBgn0033859	0.168597914252607	0.174971031286211	0.0892236384704518	0.0602549246813441
dmel-FBgn0033860	0.388958594730239	0	0	0
dmel-FBgn0033861	0.643867924528302	0	0	0
dmel-FBgn0033862	0.407282535401214	0	0	0
dmel-FBgn0033863	0.62808145766345	0	0	0
dmel-FBgn0033864	0.62396694214876	0	0	0
dmel-FBgn0033865	0.149368863955119	0	0	0
dmel-FBgn0033866	0.0769230769230769	0.354700854700855	0	0
dmel-FBgn0033868	0.608100711548988	0	0	0.00281491907107671
dmel-FBgn0033871	0.0646728971962617	0.0833644859813084	0.0665420560747663	0.0306542056074766
dmel-FBgn0033872	0.0886075949367088	0.010548523206751	0	0
dmel-FBgn0033873	0.236677115987461	0	0	0
dmel-FBgn0033875	0.018704765485478	0.0165899050662657	0.004840680515086	0.0942757777986654
dmel-FBgn0033876	0.169851380042463	0	0	0
dmel-FBgn0033879	0.0470070768625909	0.0598338903086299	0.0322144682524081	0.0346962846471398
dmel-FBgn0033880	0	0	0	0
dmel-FBgn0033883	0.0471748878923766	0.0502242152466369	0.0312107623318386	0.0356053811659192
dmel-FBgn0033884	0.133421400264201	0.0383091149273447	0.0158520475561427	0.0123293703214443
dmel-FBgn0033885	0.53133514986376	0	0	0
dmel-FBgn0033886	0.0996265784897807	0.277386619537642	0.0976311963741059	0.022291268777971
dmel-FBgn0033887	0.0824842309558466	0.305191654536633	0	0
dmel-FBgn0033888	0.412395309882747	0	0	0
dmel-FBgn0033889	0.0629701866815269	0.0757871273335191	0.0634345685892079	0.0310207114330825
dmel-FBgn0033890	0.13697219361483	0.0473738414006178	0.0226570545829042	0.0401647785787848
dmel-FBgn0033891	0.0542199488491048	0.0629156010230179	0.0281329923273657	0.0225063938618926
dmel-FBgn0033893	0.273119605425401	0	0	0
dmel-FBgn0033897	0.0833333333333335	0.0714798850574715	0.0402298850574713	0.0262212643678161
dmel-FBgn0033899	0.0581210191082803	0.080015923566879	0.0465764331210191	0.0394108280254777
dmel-FBgn0033900	0.182153198210056	0.0458015267175573	0.0163200842326928	0.0168465385627797
dmel-FBgn0033901	0.0895460797799175	0.0775790921595599	0.00894085281980745	0.0103163686382393
dmel-FBgn0033902	0.032302347437671	0.0463996451916072	0.0183423267405147	0.020116368705055
dmel-FBgn0033903	0.0579248886059834	0.0576066199872692	0.0248249522597072	0.0353278166772756
dmel-FBgn0033904	0	0	0.318181818181818	0
dmel-FBgn0033906	0.0307891805622517	0.0330667819321375	0.0248707419660521	0.0269654702332463
dmel-FBgn0033907	0.0756172839506173	0.0636145404663925	0.0452674897119342	0.0209190672153635
dmel-FBgn0033911	0.183760683760684	0	0	0
dmel-FBgn0033912	0.033465113985782	0.034146428923612	0.021135704189788	0.0388424220148395
dmel-FBgn0033913	0.0676686661724069	0.0609287591831232	0.0296555907528477	0.0190065377097796
dmel-FBgn0033915	0.0973773676542013	0.0565808644973288	0.0254978144730452	0.0177270519669742
dmel-FBgn0033916	0.134900117508813	0.0392479435957697	0.0368977673325499	0.0110458284371328
dmel-FBgn0033917	0.0250502834156153	0.0713110257816785	0.00713110257816785	0
dmel-FBgn0033918	0.121009134406264	0.0625489343192693	0.0402783819051761	0.0307090039147456
dmel-FBgn0033919	0.0228654828508878	0.0971315233052035	0.00245120970005427	0.00245120970005427
dmel-FBgn0033921	0.0267260579064588	0	0	0
dmel-FBgn0033924	0.0547945205479452	0.0664637239979707	0.0287924911212583	0.0313292744799594
dmel-FBgn0033925	0.115853658536586	0.0605065666041276	0.0288461538461538	0.0110225140712946
dmel-FBgn0033926	0.0913012013315966	0.175264148212476	0.143276885222174	0.00115790997249964
dmel-FBgn0033928	0.11101243339254	0.260213143872113	0.0896980461811723	0.0150976909413854
dmel-FBgn0033929	0.060036563071298	0.0626691042047532	0.0271297989031079	0.0179890310786106
dmel-FBgn0033931	0	0.516129032258065	0	0
dmel-FBgn0033933	0.229116945107399	0	0	0
dmel-FBgn0033934	0.0572658369982222	0.0750444465238139	0.022550762608777	0.0197436137363151
dmel-FBgn0033935	0.0588235294117647	0.0575719649561952	0.0309762202753442	0.0134543178973717
dmel-FBgn0033936	0.011225666417961	0.0803432137285491	0.000203486400325578	0.00033914400054263
dmel-FBgn0033942	0.0411890228772766	0.172845020098258	0.0101731923973996	0
dmel-FBgn0033943	0	0	0	0
dmel-FBgn0033945	0.0421081601761387	0.058139534883721	0.118480803632861	0.0734140635750654
dmel-FBgn0033948	0.14377406931964	0.252888318356868	0.0603337612323493	0.0487804878048782
dmel-FBgn0033949	0.0235895124333259	0.021410863195853	0	0.0036060401171963
dmel-FBgn0033951	0.0519409513395298	0.0492072170585019	0.0220521232002916	0.00674321122653543
dmel-FBgn0033952	0.473154362416107	0	0	0
dmel-FBgn0033953	0.368374362386339	0	0	0.00140459821098544
dmel-FBgn0033954	0.373025604038947	0	0	0.00122610890732059
dmel-FBgn0033955	0.290055248618785	0	0	0.0220994475138122
dmel-FBgn0033958	0.114285714285714	0	0	0
dmel-FBgn0033960	0.442176870748299	0	0	0
dmel-FBgn0033961	0.0518744765752007	0.0683284890881323	0.0349770924676093	0.017833390807429
dmel-FBgn0033963	0.356223175965666	0	0	0
dmel-FBgn0033968	0.0443562444688782	0.0550832685242297	0	0
dmel-FBgn0033969	0.42537909018356	0	0	0
dmel-FBgn0033970	0.0491759702286019	0.129452418926103	0	0
dmel-FBgn0033971	0.061044460127029	0.0624558927311221	0.0434015525758645	0.0232886379675371
dmel-FBgn0033972	0.0415303655241076	0.0604465936566633	0.0534063433366519	0.0340634333665198
dmel-FBgn0033973	0.0611632270168855	0.050281425891182	0.0596622889305816	0.0739212007504691
dmel-FBgn0033978	0.12550881953867	0.0617367706919945	0.390094979647219	0.0535956580732699
dmel-FBgn0033981	0.0662402923709456	0.0283234353586113	0.483325719506625	0.0927364093193239
dmel-FBgn0033982	0.0277372262773723	0.00924574209245741	0.102676399026764	0
dmel-FBgn0033983	0.202551834130781	0	0	0
dmel-FBgn0033984	0.0755028025057699	0.0801186943620178	0.024398285525882	0.0128585558852621
dmel-FBgn0033987	0.0877573131094258	0.0775731310942577	0.0123510292524377	0
dmel-FBgn0033988	0.0681818181818182	0.0987302171512699	0.0319285977180715	0.00736105999263895
dmel-FBgn0033989	0.118471337579618	0.0359872611464969	0.0226114649681529	0.00700636942675159
dmel-FBgn0033990	0.328290468986384	0.0680786686838124	0.0347957639939486	0.0393343419062027
dmel-FBgn0033993	0.0623145400593472	0.0652818991097924	0.0267062314540059	0
dmel-FBgn0033994	0.0333806818181819	0.0269886363636364	0	0
dmel-FBgn0033995	0.0487919673674303	0.0451835582052086	0.03906495136492	0.0396925007844367
dmel-FBgn0033996	0.0663689368564693	0.0796427242277633	0.0189802754000744	0.0426746061282721
dmel-FBgn0033998	0.0760515287909357	0.0696880335247557	0.0229706658388949	0.0147446841533447
dmel-FBgn0033999	0.00993569022423355	0	0.0946272414849093	0
dmel-FBgn0034000	0.0721954831543873	0.0784894483524621	0.0292484265087004	0.0255460940392447
dmel-FBgn0034001	0.0367835757057314	0.031437125748503	0.0213857998289136	0.0109067579127459
dmel-FBgn0034002	0.0612873421619956	0.0526639975361872	0.0301817061903296	0.0948567908838931
dmel-FBgn0034005	0.0277777777777778	0.0231481481481481	0.0601851851851852	0
dmel-FBgn0034007	0.348360655737704	0	0	0
dmel-FBgn0034008	0.0733575171301895	0.0765820233776702	0.0386940749697702	0.0217654171704958
dmel-FBgn0034009	0.0768251273344654	0.0558149405772496	0.0398981324278438	0.0305602716468591
dmel-FBgn0034010	0.0484180429630187	0.00549264512245589	0.00169293856514051	0.346826680711787
dmel-FBgn0034011	0.025	0.0166666666666667	0	0.308333333333334
dmel-FBgn0034012	0.529411764705883	0	0	0
dmel-FBgn0034013	0.13745704467354	0.0398625429553264	0	0.00274914089347078
dmel-FBgn0034021	0.0550341296928328	0.101962457337884	0	0
dmel-FBgn0034022	0.154981549815498	0.070110701107011	0	0
dmel-FBgn0034025	0.0773522975929979	0.0853391684901532	0.0138949671772429	0.0212253829321663
dmel-FBgn0034027	0.0381218038121803	0.0441655044165505	0.0292887029288703	0.0185960018596001
dmel-FBgn0034029	0.0537873965626991	0.124283895607893	0.0354869509866327	0.0338956078930617
dmel-FBgn0034030	0.104477611940299	0	0	0
dmel-FBgn0034031	0.011376932460355	0	0.0542458114466379	0
dmel-FBgn0034032	0.0298807133577418	0.0251564899019724	0.0523207747726468	0.0523207747726468
dmel-FBgn0034033	0.0895522388059701	0.0742391936421788	0.0306260903275829	0.010467144795503
dmel-FBgn0034035	0.0478231445973381	0.0490638393864201	0.0538010376720054	0.0466952402436274
dmel-FBgn0034045	0.0254010695187166	0.0485739750445632	0.018270944741533	0.0102495543672014
dmel-FBgn0034046	0.0549493374902573	0.0405300077942324	0.00857365549493375	0.00623538581449728
dmel-FBgn0034047	0	0	0	0
dmel-FBgn0034049	0.0868786386027764	0.0600089565606808	0.0309001343484102	0.00671742051052397
dmel-FBgn0034050	0.0667398463227221	0.0603732162458837	0.0555433589462129	0.0278814489571899
dmel-FBgn0034051	0.0680621863141144	0.0438854204921043	0.0215448647325253	0.0251560778553066
dmel-FBgn0034052	0.00655248206361713	0	0.0185480860946378	0.000264380209845312
dmel-FBgn0034053	0.0411160058737151	0	0	0.066079295154185
dmel-FBgn0034054	0.0699450213805742	0.0830788026878436	0.0281001832620648	0.0195479535736102
dmel-FBgn0034057	0.0309871410615876	0.0441361307164265	0.0321956879048632	0.0115053659479841
dmel-FBgn0034058	0.0244639376218324	0.0360623781676412	0.0444444444444445	0.0232943469785575
dmel-FBgn0034059	0.0337002920691979	0.0442597169175465	0.0283082453381263	0.0250505504381038
dmel-FBgn0034060	0.0619396903015485	0.0570497147514263	0.0312415104591144	0.0461831024178213
dmel-FBgn0034061	0.0391195493427916	0.0552889630711454	0.0533590653035677	0.0375547673690799
dmel-FBgn0034062	0.117668756916267	0.0435263740317226	0.0195499815566212	0.00774621910734047
dmel-FBgn0034063	0.0602205258693809	0.0432569974554707	0.0221737549981825	0.0130861504907306
dmel-FBgn0034065	0.183756345177665	0.17258883248731	0.0852791878172589	0.0395939086294416
dmel-FBgn0034066	0.0689816014511532	0.0872246696035242	0.0466960352422907	0.0347240217672972
dmel-FBgn0034067	0.0490729295426452	0.204985578903996	0.00222496909765142	0
dmel-FBgn0034068	0.0587944219523168	0.0797570850202429	0.0912280701754386	0.01889338731444
dmel-FBgn0034069	0.516129032258065	0	0	0
dmel-FBgn0034070	0.103102189781022	0.0465328467153285	0	0
dmel-FBgn0034071	0.05457361516035	0.0565779883381924	0.0453717201166181	0.0870080174927113
dmel-FBgn0034072	0.0598044044184901	0.0680363047913881	0.0421445155843243	0.0123830296207697
dmel-FBgn0034073	0.0466956865848832	0.0514444004748714	0.0241392956074396	0.0213692125049466
dmel-FBgn0034075	0.0299618600557429	0.152156373771454	0.00458412791550535	0.000843479536452985
dmel-FBgn0034076	0.330882352941177	0	0	0
dmel-FBgn0034081	0.105140865524252	0.0726110949753122	0.0177171071739762	0.0331106593087424
dmel-FBgn0034082	0.358539566147266	0	0	0.00336083104185762
dmel-FBgn0034083	0.0565837378640775	0.0358009708737864	0.0590109223300972	0.0163834951456311
dmel-FBgn0034084	0.0426521123913483	0.0485142510612492	0.0280978370729735	0.016777845158682
dmel-FBgn0034085	0.0166659298881571	0.030281596746386	0.0847442641793023	0.00030944697405066
dmel-FBgn0034086	0.0600409836065574	0.0776639344262293	0.0344262295081967	0.0241803278688524
dmel-FBgn0034087	0.211742424242424	0.115530303030303	0.0731060606060606	0.0742424242424242
dmel-FBgn0034091	0.0594681277562476	0.0406922357343312	0.0295336095149004	0.0130295336095149
dmel-FBgn0034093	0.0220022974286472	0.0338428912255899	0.0342847044269682	0.0391446496421314
dmel-FBgn0034094	0.0652173913043478	0.0864509605662285	0.0025278058645096	0.0947927199191102
dmel-FBgn0034095	0.069986541049798	0.294751009421265	0.0174966352624495	0.0174966352624495
dmel-FBgn0034097	0.331197634302612	0	0	0
dmel-FBgn0034098	0.0588235294117648	0	0	0
dmel-FBgn0034099	0.46714172604909	0	0	0
dmel-FBgn0034104	0.332758620689655	0	0	0
dmel-FBgn0034105	0.463925523661753	0	0	0
dmel-FBgn0034109	0.0595290981785873	0.061750333185251	0.0346512661039538	0.0226565970679698
dmel-FBgn0034110	0.0362574388362354	0.101351847770186	0.0494820365880538	0.0119756079641467
dmel-FBgn0034113	0.067110371602884	0.0610094287298947	0.0221852468108707	0.0149750415973378
dmel-FBgn0034114	0.0659737912336196	0.0777225485765928	0.0483506552191596	0.0311793944871215
dmel-FBgn0034117	0.0332663645283371	0.00121478297434939	0	0.174368079241228
dmel-FBgn0034118	0.113586097946288	0.0794628751974725	0.0309636650868878	0.0170616113744076
dmel-FBgn0034120	0.277108433734939	0	0	0
dmel-FBgn0034121	0.363447559709242	0	0	0.00103842159916926
dmel-FBgn0034122	0.234256926952141	0	0	0
dmel-FBgn0034126	0.0262806830309498	0.00907150480256138	0.00733724653148344	0.00773745997865527
dmel-FBgn0034127	0.339706819630338	0	0	0
dmel-FBgn0034128	0.189509306260575	0	0	0
dmel-FBgn0034129	0.304276315789474	0	0	0
dmel-FBgn0034132	0.372018532288509	0	0	0.00142996053308929
dmel-FBgn0034133	0.374006810442679	0	0	0.00141884222474461
dmel-FBgn0034135	0.147435897435897	0	0	0
dmel-FBgn0034136	0	0	0	0
dmel-FBgn0034137	0.0273584905660377	0.0971698113207548	0.0155660377358491	0
dmel-FBgn0034138	0.0329894499163001	0.0573535251294429	0.0287024564955035	0.0461961303383034
dmel-FBgn0034139	0.0655129789864031	0.0766378244746602	0	0.0519159456118665
dmel-FBgn0034140	0.0269502586819058	0.0649071788455686	0.000185980455144896	0.132564614118735
dmel-FBgn0034141	0.0342553334679319	0.0193148933306414	0.0450232182515647	0.0328420485900801
dmel-FBgn0034142	0.0372226472838561	0.0805279265493497	0.0167559296097934	0.0021805661820964
dmel-FBgn0034143	0.105831533477322	0.0388768898488121	0	0
dmel-FBgn0034144	0.373219579206132	0	0	0.00195213650495264
dmel-FBgn0034145	0.211805555555555	0.0164930555555555	0	0
dmel-FBgn0034156	0.597345132743363	0	0	0
dmel-FBgn0034158	0.0508027797747424	0.0311526479750779	0.0141385094656123	0.0680565540378625
dmel-FBgn0034160	0.00249936456833008	0	0.00317715834957214	0
dmel-FBgn0034162	0.0218910921080224	0.0759838758533914	0	0.0018640631917422
dmel-FBgn0034168	0	0	0	0
dmel-FBgn0034172	0.0440348182283667	0.0510752688172043	0.0554275473630311	0.0296979006656426
dmel-FBgn0034173	0.330476900149032	0	0	0
dmel-FBgn0034175	0.436241610738254	0	0	0
dmel-FBgn0034176	0.0658343416565834	0.0524694753052469	0.0332196678033219	0.0224947750522494
dmel-FBgn0034177	0.0736377025036818	0.0817378497790869	0.0412371134020619	0.0331369661266568
dmel-FBgn0034179	0.116296160205769	0.319125482270807	0.0137791659011575	0.0310490538306081
dmel-FBgn0034180	0.0559569968276349	0.0913817412759959	0.0464399013041947	0.0305780754317942
dmel-FBgn0034181	0.0616230985083443	0.127750701521193	0.0423128046078866	0.020934869295525
dmel-FBgn0034182	0.0531034482758621	0.0744827586206897	0.0606896551724137	0.0379310344827586
dmel-FBgn0034184	0.0639775169449496	0.0489337080509175	0.0662919490824931	0.0097536782939329
dmel-FBgn0034186	0.0547845142439737	0.0372534696859021	0.024835646457268	0.00949598246895544
dmel-FBgn0034191	0.0289380646850858	0.0464842215529657	0.0349613722665969	0.0170223909912269
dmel-FBgn0034194	0.0388795617213043	0.0221790227091986	0.0714853759830345	0.0289829460104267
dmel-FBgn0034196	0.37867247007617	0	0	0
dmel-FBgn0034197	0.127280097284151	0	0	0
dmel-FBgn0034198	0.0488888888888889	0.248888888888889	0	0
dmel-FBgn0034199	0.0279121697059918	0.014700409378489	0	0.22528222304925
dmel-FBgn0034200	0.0128356632807	0.000867444433269637	0	0.118550739213517
dmel-FBgn0034201	0	0	0	0
dmel-FBgn0034202	0.54639175257732	0	0	0
dmel-FBgn0034205	0.430942895086321	0	0	0
dmel-FBgn0034206	0.599447513812155	0	0	0
dmel-FBgn0034210	0.0528804815133276	0.0481513327601032	0.0328890799656062	0.0182717110920034
dmel-FBgn0034214	0.059687351965893	0.0705826622453814	0.0303173851255329	0.0355281856939839
dmel-FBgn0034215	0.0405700346642702	0.0165618179483887	0.0172679419694441	0.0847348825266401
dmel-FBgn0034217	0.132054176072235	0.0417607223476297	0	0
dmel-FBgn0034219	0.120366832250669	0.175009552923195	0.0764233855559802	0.100114635078334
dmel-FBgn0034221	0.0360151642796967	0.0187447346251053	0.00737152485256953	0.274431339511373
dmel-FBgn0034223	0.0838095238095238	0.0466666666666667	0.073968253968254	0.013968253968254
dmel-FBgn0034224	0.18695652173913	0	0	0
dmel-FBgn0034225	0	0	0	0
dmel-FBgn0034229	0.0279249090188448	0.0309516088350809	0	0
dmel-FBgn0034230	0.0558577098338969	0.0551227399676613	0.0399823607232103	0.0399823607232103
dmel-FBgn0034231	0.082234559333796	0.0687022900763359	0.0246356696738377	0.0249826509368494
dmel-FBgn0034232	0.0567394094993582	0.0575096277278562	0.0356867779204108	0
dmel-FBgn0034237	0.0542298419501741	0.0835788909724083	0.0189659791052773	0.0415001339405304
dmel-FBgn0034240	0.08384900990099	0.0816831683168317	0.0433168316831683	0.0225866336633663
dmel-FBgn0034242	0.105195307464226	0.0520819904602296	0.0292638906793864	0.0174036354260668
dmel-FBgn0034243	0.0633569217160549	0.0747456877487836	0.036267138434321	0.023109243697479
dmel-FBgn0034245	0.0178420224990928	0.0350489899600822	0.0185980404015967	0.00305431232611589
dmel-FBgn0034246	0.0749210360075807	0.0576121288692356	0.0523057485786481	0.0634238787113075
dmel-FBgn0034247	0.0184331797235023	0	0.0382488479262673	0
dmel-FBgn0034248	0	0	0	0
dmel-FBgn0034249	0.131293188548865	0.0523198420533071	0.0118460019743337	0
dmel-FBgn0034251	0.532385466034754	0	0	0
dmel-FBgn0034253	0.0404386986091539	0.161080816126463	0.000245083021873659	0
dmel-FBgn0034258	0.0545024410825148	0.100837803628473	0.0258423241516485	0.0315683201735881
dmel-FBgn0034259	0.0473839402043475	0.0447781663580883	0.0340122059932798	0.0100116574093122
dmel-FBgn0034261	0.0730580421599769	0.0404273751082876	0.0427375108287611	0.0459139474444123
dmel-FBgn0034262	0.173076923076923	0.0332167832167832	0	0.0279720279720279
dmel-FBgn0034263	0.429191199256275	0	0	0
dmel-FBgn0034264	0.0820758189179241	0.101950680898049	0	0
dmel-FBgn0034265	0.0376296296296296	0.0595555555555555	0.0751111111111111	0.0167407407407408
dmel-FBgn0034266	0	0	0	0
dmel-FBgn0034267	0.0077319587628866	0.00644329896907216	0	0
dmel-FBgn0034269	0.0652729384436702	0.0682926829268293	0.0418118466898955	0.0206736353077817
dmel-FBgn0034270	0.0419675090252708	0.0225631768953069	0.0297833935018051	0.036101083032491
dmel-FBgn0034271	0.0581933989577301	0.067458019687319	0.0373480023161552	0.0411117544875506
dmel-FBgn0034274	0.342372881355932	0	0	0
dmel-FBgn0034275	0.103056532323506	0.0169055991344333	0.0355693805788477	0.032188260751961
dmel-FBgn0034276	0.0439227139968545	0.00123567737587059	0	0.248258818243092
dmel-FBgn0034277	0.0685979971387696	0.0582975679542203	0.0202074391988555	0.0243562231759657
dmel-FBgn0034278	0.358945805493689	0	0	0
dmel-FBgn0034279	0.0281848928974071	0	0.120631341600902	0
dmel-FBgn0034282	0.0459878663003663	0.0434409340659341	0.0160828754578754	0.0335393772893773
dmel-FBgn0034286	0.113095238095238	0	0	0
dmel-FBgn0034288	0.0941844031472143	0	0.0459003944565148	0
dmel-FBgn0034289	0.029331981715616	0	0.211087019776795	0
dmel-FBgn0034290	0.0523545848833422	0.00320573260418631	0.00660003771450121	0.0998234275624433
dmel-FBgn0034291	0.0898042354995997	0	0.423986609417073	0
dmel-FBgn0034292	0.0800722046251831	0	0.45713701849392	0
dmel-FBgn0034293	0.0353227771010962	0	0.219853836784409	0
dmel-FBgn0034294	0.0265739069314206	0	0.0658636719436414	0
dmel-FBgn0034295	0.0108488805970149	0	0.0249347014925373	0
dmel-FBgn0034296	0.0128307538691962	0	0.120688966550175	0
dmel-FBgn0034299	0.0557035601840639	0.0566723177524824	0.0184063937999515	0
dmel-FBgn0034300	0.136032757051865	0.0709736123748863	0.0286624203821656	0.0195632393084622
dmel-FBgn0034301	0.0351729212656365	0.223399558498896	0	0
dmel-FBgn0034304	0.0583333333333333	0.0546296296296296	0.0370370370370371	0.0125
dmel-FBgn0034307	0.0847983453981385	0.0858324715615306	0.046535677352637	0.0258531540847983
dmel-FBgn0034308	0.0381165919282511	0.0504484304932735	0.0297708021923269	0.0107125062282013
dmel-FBgn0034310	0.0754104620084003	0.058991981672394	0.024245895379916	0.0204276441389844
dmel-FBgn0034312	0.0191765757096708	0.027630765001031	0.0286617636950993	0.039452883359681
dmel-FBgn0034313	0.0313906037459454	0.048760071152035	0.0243800355760176	0.0139165009940358
dmel-FBgn0034314	0.0889967637540454	0.0444983818770226	0.0169902912621359	0
dmel-FBgn0034315	0.0696488585004057	0.0852358326573183	0.0672152045428208	0.0206281144976243
dmel-FBgn0034318	0.113626133367629	0	0.394958523567616	0
dmel-FBgn0034325	0.585106382978723	0	0	0
dmel-FBgn0034327	0.603448275862069	0	0	0
dmel-FBgn0034328	0	0	0	0
dmel-FBgn0034329	0	0.71551724137931	0	0
dmel-FBgn0034331	0	0	0	0
dmel-FBgn0034335	0.0750302541347317	0.103025413473175	0.0261395724082291	0.129245663574022
dmel-FBgn0034345	0.0543347639484979	0.0620171673819743	0.0353648068669528	0.0315021459227468
dmel-FBgn0034346	0.0796890184645287	0.0443796566245546	0.0333657272432782	0.0165208940719145
dmel-FBgn0034350	0	0	0	0
dmel-FBgn0034351	0.0910556003223207	0.0862207896857373	0.0398871877518131	0.0169218372280419
dmel-FBgn0034352	0.270638297872341	0	0	0
dmel-FBgn0034354	0.0240228216805966	0.0484460237225365	0.0172664030829288	0.00505480206195887
dmel-FBgn0034356	0.031403799738414	0.00140231651901892	0.00710596928387472	0.163288971589607
dmel-FBgn0034360	0.068148148148148	0.0651851851851854	0.0459259259259258	0
dmel-FBgn0034361	0.0480883602378929	0.0499575191163976	0.026338147833475	0.0188615123194563
dmel-FBgn0034362	0.0575875486381321	0.0571206225680932	0.0236575875486381	0.00980544747081712
dmel-FBgn0034363	0.154811715481172	0	0	0
dmel-FBgn0034364	0	0	0	0
dmel-FBgn0034365	0.0298310863164419	0.0264993026499303	0.0715946071594607	0.00984038431737175
dmel-FBgn0034366	0.0265339966832504	0.0645161290322581	0.0389985556090515	0.0881613438185417
dmel-FBgn0034368	0.0506919568074633	0.0602530732159884	0.0321109192588202	0.0461046826276318
dmel-FBgn0034371	0.0396481229091811	0.0350638086978069	0.0246561764341469	0.038409119068269
dmel-FBgn0034372	0	0	0	0
dmel-FBgn0034379	0.0605033881897387	0.052758954501452	0.0459825750242014	0.0183930300096806
dmel-FBgn0034380	0.0654545454545455	0.0632727272727273	0.0407272727272727	0.0349090909090909
dmel-FBgn0034381	0	0.580645161290323	0	0
dmel-FBgn0034382	0	0	0	0
dmel-FBgn0034383	0.400576368876081	0	0	0
dmel-FBgn0034387	0.0376593279258401	0.114716106604867	0.0617033603707995	0
dmel-FBgn0034389	0.0306258322237017	0.0066577896138482	0.0379494007989348	0.0386151797603195
dmel-FBgn0034390	0.014125068568294	0.0146736149204608	0	0
dmel-FBgn0034391	0.294117647058823	0.147058823529412	0	0
dmel-FBgn0034392	0.0314675380025573	0.0500071032817162	0.0587441397925842	0.00674811763034523
dmel-FBgn0034394	0.0250306431843106	0.0490936068640734	0.0343203664279723	0
dmel-FBgn0034396	0.0584754611903933	0.111381830838845	0.00522102332057083	0
dmel-FBgn0034397	0	0.5	0	0
dmel-FBgn0034398	0.0577078012518796	0.0586374148261949	0.0600367278906905	0.0820865095130456
dmel-FBgn0034399	0.0394747606970466	0.0757179088603452	0.0143172707191361	0.0413564591344187
dmel-FBgn0034400	0.0465996451803667	0.0283264340626849	0.0959787108219988	0.0398580721466588
dmel-FBgn0034401	0.117923788615336	0.0424964716951544	0.0263446761800219	0.0111337619570331
dmel-FBgn0034402	0.0513141426783479	0.0481852315394243	0.0425531914893617	0.0206508135168961
dmel-FBgn0034403	0.0970556161395859	0.02453653217012	0	0
dmel-FBgn0034405	0.064323464959395	0.0669445279938125	0.0535384350964637	0.0726163365273063
dmel-FBgn0034406	0.0211682578790679	0.00845909044245968	0.048906683092085	0.0297710707319577
dmel-FBgn0034407	0.0159673857652455	0	0	0
dmel-FBgn0034408	0.087098087098087	0.0732600732600732	0.00407000407000406	0
dmel-FBgn0034411	0.296296296296297	0	0	0
dmel-FBgn0034416	0.347966690920851	0	0	0.00153609831029186
dmel-FBgn0034417	0.00339795008912655	0.00128119429590018	0.0144273618538324	0
dmel-FBgn0034418	0.054389697004542	0.0450181107342034	0.0588167653653769	0.0307595009486575
dmel-FBgn0034419	0.0808390022675738	0.03140589569161	0.0392290249433105	0.0125850340136054
dmel-FBgn0034420	0.0311958405545927	0.107741190063547	0.00880993645291739	0.00296071634893125
dmel-FBgn0034422	0.0998116760828624	0.0587570621468926	0.0252354048964218	0.0233521657250471
dmel-FBgn0034423	0.237606837606837	0	0	0
dmel-FBgn0034425	0.232439335887612	0.157088122605364	0.0753512132822479	0.0485312899106004
dmel-FBgn0034428	0.0280504908835905	0	0.503506311360449	0
dmel-FBgn0034429	0.053546170943625	0	0.37886441705395	0
dmel-FBgn0034430	0.149038461538462	0.0503663003663004	0.0224358974358975	0.0631868131868132
dmel-FBgn0034432	0.0517220396738469	0.106324287047179	0.0492474950306276	0.102105391262018
dmel-FBgn0034433	0.0653013910355487	0.0486862442040186	0.0108191653786708	0.0131375579598145
dmel-FBgn0034435	0.369965191447041	0	0	0.00124316260566882
dmel-FBgn0034436	0.0322450262720618	0.0134728522028113	0.0705977455427314	0.00673642610140567
dmel-FBgn0034437	0.0506051873198846	0	0.252910662824207	0
dmel-FBgn0034438	0.0628366247755834	0.0594703770197486	0.0181777378815081	0
dmel-FBgn0034439	0.0501369863013699	0.0794520547945206	0.18054794520548	0
dmel-FBgn0034440	0.719298245614035	0	0	0.111111111111111
dmel-FBgn0034442	0.0434782608695652	0.0701581027667983	0.0350790513833992	0.0202569169960475
dmel-FBgn0034443	0.015910605560624	0.0400062115418211	0.00398250415720377	0.00892585618986613
dmel-FBgn0034447	0.0592871830020563	0.0548320767649075	0.0198766278272789	0.0150788211103496
dmel-FBgn0034451	0.0418491484184915	0.12889970262233	0.0176804541768045	0.0183833468505001
dmel-FBgn0034452	0.0755555555555554	0.0444444444444445	0	0
dmel-FBgn0034454	0	0	0	0
dmel-FBgn0034455	0.0764832022873481	0.0416964498451275	0.0209673576364069	0.00929235167977127
dmel-FBgn0034456	0.0929752066115702	0.413223140495868	0	0
dmel-FBgn0034459	0.430398796087284	0	0	0.00300978179082015
dmel-FBgn0034460	0	0	0	0
dmel-FBgn0034461	0.381254964257347	0	0	0
dmel-FBgn0034462	0.206235011990408	0.109112709832134	0	0
dmel-FBgn0034463	0.296732026143791	0	0	0
dmel-FBgn0034464	0.404115586690018	0	0	0
dmel-FBgn0034467	0.364038511579495	0	0	0.00182149362477231
dmel-FBgn0034468	0.140171346977629	0.265519820493642	0	0
dmel-FBgn0034470	0.121616308127851	0.403006658161928	0	0
dmel-FBgn0034472	0.597007354805985	0	0	0
dmel-FBgn0034475	0.0152656621728787	0.0465900079302142	0	0
dmel-FBgn0034476	0.14054866591507	0.0439684329199549	0.00789177001127395	0.00526118000751597
dmel-FBgn0034477	0.505562422744128	0	0	0
dmel-FBgn0034478	0.240622788393489	0	0	0
dmel-FBgn0034479	0.137070183702308	0	0	0.0777202072538861
dmel-FBgn0034480	0.229850746268657	0	0.241791044776119	0.175124378109453
dmel-FBgn0034483	0.355613805155089	0	0	0
dmel-FBgn0034484	0.3125	0.25	0	0
dmel-FBgn0034487	0.211428571428571	0	0	0
dmel-FBgn0034488	0.032413756725393	0.0167739212997152	0.065539613883321	0.038268804726237
dmel-FBgn0034489	0.429629629629629	0.125925925925926	0	0
dmel-FBgn0034490	0.108223872073101	0.187464306110794	0.182038834951456	0
dmel-FBgn0034491	0.158137745286649	0.271258176221624	0.0588687956906503	0.0300115429011158
dmel-FBgn0034493	0.0538302277432713	0.0124223602484472	0	0.0144927536231884
dmel-FBgn0034494	0.0672417606724175	0.134262331342623	0.0157044901570449	0.2211900022119
dmel-FBgn0034495	0.0504077094143811	0.033358042994811	0.0177909562638992	0
dmel-FBgn0034496	0.18259385665529	0.19283276450512	0.100682593856655	0.0273037542662116
dmel-FBgn0034497	0.0210256980754255	0.0396039603960397	0	0
dmel-FBgn0034498	0.230452674897119	0.137860082304527	0.10082304526749	0.0236625514403292
dmel-FBgn0034499	0.157650695517774	0.0314270994332817	0	0
dmel-FBgn0034500	0.0399006622516556	0.0112582781456954	0.0554635761589406	0.00347682119205298
dmel-FBgn0034501	0.0390018234618761	0.0122914837576821	0.0482542040926588	0.116127507260079
dmel-FBgn0034502	0.512461059190033	0	0	0
dmel-FBgn0034503	0.0600731325091415	0.0699982587497823	0.0379592547449068	0.0255963781995473
dmel-FBgn0034504	0.0604324398062887	0.0702544164790941	0.028783848305027	0.0158925039219699
dmel-FBgn0034505	0.327911275415897	0	0	0
dmel-FBgn0034506	0.343883661248931	0	0	0
dmel-FBgn0034507	0.0482122260668974	0	0.0784313725490193	0.131487889273356
dmel-FBgn0034512	0.0128944651434215	0.00830452933518878	0	0.0647753288144724
dmel-FBgn0034513	0.292307692307692	0	0	0
dmel-FBgn0034517	0	0	0	0
dmel-FBgn0034518	0	0	0	0
dmel-FBgn0034519	0	0	0	0
dmel-FBgn0034520	0	0.160493827160494	0	0
dmel-FBgn0034521	0.0758337140246688	0.0607583371402467	0.0137048880767474	0.0169026952946551
dmel-FBgn0034523	0.310595065312046	0.127721335268505	0.0609579100145138	0
dmel-FBgn0034527	0.0435652049707186	0.0389944293672333	0.0519925724896442	0.0107127553206685
dmel-FBgn0034528	0.0713333333333334	0.0586666666666666	0.026	0.0126666666666667
dmel-FBgn0034529	0.064437984496124	0.0450581395348837	0.0402131782945737	0.0324612403100775
dmel-FBgn0034530	0.0564581640942323	0.155970755483347	0.00771730300568644	0
dmel-FBgn0034532	0.243681449690033	0.0743919885550787	0	0
dmel-FBgn0034534	0.0447827325378992	0.0444662467955818	0.0580118365667627	0.024464347881128
dmel-FBgn0034535	0.0787484619441025	0.0261908947090877	0.0365617859026191	0.023905783090174
dmel-FBgn0034537	0.0572697003329633	0.0890122086570479	0.0483906770255272	0.0193118756936737
dmel-FBgn0034538	0.039227895392279	0.00767953507679535	0.136934412619344	0.134495641344956
dmel-FBgn0034540	0.0398992833623862	0.0368003098973465	0.00774743366259924	0.1034282393957
dmel-FBgn0034541	0	0.165492957746479	0	0
dmel-FBgn0034542	0.0524508729636935	0.265614727153189	0.0182628387756593	0.00487009034017581
dmel-FBgn0034543	0.019584353351737	0.0167717068597322	0.0188551487056618	0.0758893692379812
dmel-FBgn0034546	0.392667375132837	0	0	0
dmel-FBgn0034552	0.0454545454545454	0.107438016528926	0	0
dmel-FBgn0034553	0.106884057971014	0.111413043478261	0	0
dmel-FBgn0034554	0.253398058252427	0	0	0
dmel-FBgn0034558	0.0418719211822659	0.0837438423645322	0	0
dmel-FBgn0034560	0.37565445026178	0	0	0
dmel-FBgn0034564	0.0627393465330401	0.0457100953312149	0.0249327792715717	0.0148293000896276
dmel-FBgn0034566	0.326086956521739	0	0	0
dmel-FBgn0034567	0.153846153846154	0	0	0
dmel-FBgn0034569	0.169753086419753	0.0277777777777778	0	0
dmel-FBgn0034570	0.0904079382579934	0.0558618155090041	0.037853730246233	0.018008085262771
dmel-FBgn0034572	0.055506801228609	0.068889863975428	0.0357612988152698	0.0283018867924528
dmel-FBgn0034573	0.037088787566799	0.0713095062999461	0.0922684708535572	0.0129921066823553
dmel-FBgn0034576	0.0350895847732468	0.0492849167951512	0.0303046413950768	0.0182891169121165
dmel-FBgn0034577	0.030628580245723	0.0644974636912456	0.0698786815051981	0.0122861496325727
dmel-FBgn0034578	0.241721854304636	0.241721854304636	0	0
dmel-FBgn0034579	0.0507086614173229	0.03748031496063	0.0274015748031496	0
dmel-FBgn0034582	0.000280210469196864	0	0.00441665072876961	0
dmel-FBgn0034583	0.00797392332586507	0.0109923450336072	0.00084017923823749	0.00325958426686582
dmel-FBgn0034585	0.054248366013072	0.0673202614379083	0.0415032679738562	0.00915032679738564
dmel-FBgn0034588	0.0634042017863882	0	0.313750157252485	0
dmel-FBgn0034590	0.0746851932262266	0.0924880590534086	0.0260529743812419	0.0130264871906209
dmel-FBgn0034592	0.299435028248587	0	0	0
dmel-FBgn0034595	0.210685483870967	0	0	0
dmel-FBgn0034598	0.068388330942133	0.0784313725490197	0.0327594452415112	0.0257054041128647
dmel-FBgn0034599	0.120477137176938	0.0485089463220676	0.036182902584493	0.0139165009940358
dmel-FBgn0034601	0.308381088825215	0.0075214899713467	0	0.0214899713467049
dmel-FBgn0034602	0.0309490493044694	0.00246933904025023	0.0646966828545559	0.0325129640299614
dmel-FBgn0034605	0	0	0	0
dmel-FBgn0034606	0.0679636179888833	0.114957049014654	0.00404244567963618	0
dmel-FBgn0034611	0.0513048635824436	0.0446816923685252	0.0631672597864768	0.0167062079873468
dmel-FBgn0034612	0.0653088332964357	0	0.0509187513836618	0
dmel-FBgn0034614	0.0695305580159432	0.0389725420726306	0.0186005314437555	0.020814880425155
dmel-FBgn0034617	0.116145833333333	0.0885416666666667	0.0380208333333333	0.0260416666666667
dmel-FBgn0034618	0.0272362385321101	0.010177752293578	0.00831422018348622	0.0739678899082568
dmel-FBgn0034623	0.00201897478961568	0.0345369758259036	0	0
dmel-FBgn0034624	0	0	0	0
dmel-FBgn0034626	0.0542570951585977	0.0736644407345578	0.0321368948247078	0.0298414023372287
dmel-FBgn0034627	0.0894308943089431	0.0758807588075882	0.0636856368563687	0.0514905149051492
dmel-FBgn0034628	0.0174357168016907	0.00334624867911236	0.0491957261946694	0.0425619349536222
dmel-FBgn0034629	0.0080096115338406	0.00220264317180616	0.0198237885462555	0.0200240288346015
dmel-FBgn0034631	0.072536268134067	0.063031515757879	0.040520260130065	0.0205102551275638
dmel-FBgn0034634	0.0619554695062923	0.047434656340755	0.0271055179090029	0.0542110358180059
dmel-FBgn0034636	0.136694677871148	0.0352941176470588	0	0
dmel-FBgn0034638	0.0207614667177718	0.0412674076913249	0.00214002810783186	0.026957966015076
dmel-FBgn0034639	0.0383615084525357	0.065182054616385	0.0590052015604681	0
dmel-FBgn0034641	0.0728380024360536	0.0638246041412911	0.0311814859926919	0.0182704019488429
dmel-FBgn0034642	0.0110943015632879	0	0.0136157337367625	0
dmel-FBgn0034643	0.0551772063933285	0.0757470465601113	0.0408617095205003	0.029186935371786
dmel-FBgn0034644	0.046655879180151	0.0457928802588997	0.0488133764832794	0.0299892125134843
dmel-FBgn0034645	0.0363684003668283	0.0436263592296607	0.0314686230839775	0.0110572514083585
dmel-FBgn0034646	0.0680684248039913	0.0604062722736992	0.0265502494654312	0.0167498218104063
dmel-FBgn0034647	0.0171647192637784	0.00346396442973839	0.03008995967325	0.00475648847068556
dmel-FBgn0034649	0	0	0	0
dmel-FBgn0034650	0.0814285714285714	0.0473469387755102	0.0259183673469387	0.023469387755102
dmel-FBgn0034651	0.407792207792208	0	0	0
dmel-FBgn0034654	0.0486944381556109	0.0925024526450832	0.0323560486001057	0.0279035544487209
dmel-FBgn0034655	0.277551020408163	0.0170068027210884	0	0
dmel-FBgn0034657	0.0845963075227333	0.0551116009920088	0.00854229815376134	0
dmel-FBgn0034658	0.369951534733441	0	0	0
dmel-FBgn0034659	0.447570332480819	0	0	0
dmel-FBgn0034661	0.106002554278416	0.0689655172413793	0.0191570881226054	0
dmel-FBgn0034662	0.0165391156462586	0	0.0656887755102041	0
dmel-FBgn0034663	0.0282733243281009	0	0.277516419022777	0
dmel-FBgn0034664	0.0350449151602527	0	0.160585560607741	0
dmel-FBgn0034667	0.261904761904762	0	0	0
dmel-FBgn0034670	0.18848167539267	0	0	0.274869109947644
dmel-FBgn0034671	0.643031784841076	0	0	0
dmel-FBgn0034674	0.0410327339787922	0.0365375749193178	0.0277777777777778	0.0742277547256802
dmel-FBgn0034681	0.333333333333333	0	0	0
dmel-FBgn0034684	0.348986125933831	0	0	0
dmel-FBgn0034687	0.167634252539913	0.0130624092888244	0	0.18577648766328
dmel-FBgn0034688	0.0330527313144564	0.0212091396086148	0.00681462045843809	0.174483437192522
dmel-FBgn0034689	0.163089593211879	0.0439231345145993	0.0262041427501872	0.0160968305465435
dmel-FBgn0034691	0.15767131594906	0.158277744087326	0.101273499090358	0.0733778047301394
dmel-FBgn0034693	0.0143522438611346	0.0898814563928873	0	0
dmel-FBgn0034694	0.0429042904290429	0.0691235790245693	0.0581224789145583	0.0242024202420242
dmel-FBgn0034697	0.0457384114697862	0.0476734981088927	0.0273550883982761	0.0299938429061484
dmel-FBgn0034700	0.465608465608465	0	0	0
dmel-FBgn0034703	0.138666666666667	0.0733333333333333	0.044	0
dmel-FBgn0034704	0.0372993389990557	0.024551463644948	0.0226628895184136	0.00519357884796978
dmel-FBgn0034705	0.0675970344526821	0.0654164849542084	0.0178805058874837	0.0536415176624509
dmel-FBgn0034706	0.0630922491293432	0.0826111606058152	0.0377419616101076	0.0200858508139629
dmel-FBgn0034707	0.0600961538461539	0.0639423076923077	0.0201923076923077	0.0110576923076923
dmel-FBgn0034708	0.0695690030474531	0.0699172834131477	0.0417065737919026	0.0449281671745755
dmel-FBgn0034709	0.0278691219993423	0.0989641565274579	0.0504932587964487	0
dmel-FBgn0034710	0	0	0	0
dmel-FBgn0034712	0.657894736842106	0	0	0
dmel-FBgn0034713	0.579865771812081	0	0	0
dmel-FBgn0034715	0.522727272727273	0	0	0
dmel-FBgn0034716	0.13012729844413	0	0	0
dmel-FBgn0034717	0.0254688905806631	0	0.120285140840196	0
dmel-FBgn0034718	0.113565719360568	0.19404973357016	0.105572824156305	0.0555062166962701
dmel-FBgn0034720	0.17357910906298	0.0537634408602152	0.0138248847926267	0
dmel-FBgn0034721	0.455978975032852	0	0	0
dmel-FBgn0034722	0.0703026481715006	0.0479192938209332	0.0353089533417402	0.0187053383774695
dmel-FBgn0034723	0.0556039308371688	0.0427913919641748	0.035700957830576	0.00124393581291205
dmel-FBgn0034724	0.0319282909845175	0.021038595451515	0.0430402252018669	0
dmel-FBgn0034725	0.0420338983050848	0.0196610169491525	0	0
dmel-FBgn0034726	0.0626041418709831	0.125446322304214	0.0535586765055939	0.0242799333492026
dmel-FBgn0034727	0.069879518072289	0.0869660460021904	0.0365826944140198	0.0153340635268346
dmel-FBgn0034728	0.0662931839402428	0.0376595082477435	0.0199190787426081	0.00964830376595079
dmel-FBgn0034729	0.190735694822888	0.0272479564032697	0.0367847411444142	0
dmel-FBgn0034731	0.548387096774193	0	0	0
dmel-FBgn0034733	0.047119249665029	0.0111656989727557	0.0620812862885217	0.131085305940152
dmel-FBgn0034734	0.0682926829268293	0.0418118466898955	0.0243902439024391	0.0083623693379791
dmel-FBgn0034735	0.084418716835504	0.0993728895320792	0.0371442354076219	0.0347322720694645
dmel-FBgn0034736	0.0117898160382153	0.00325236304502491	0.0340481756276045	0.00528508994816545
dmel-FBgn0034737	0.543103448275862	0	0	0
dmel-FBgn0034739	0.446829268292683	0	0	0
dmel-FBgn0034740	0.438432835820896	0	0	0
dmel-FBgn0034741	0.00613386252931624	0	0.000487100847916291	0.0488363701966444
dmel-FBgn0034742	0.0579399141630901	0.0587063151440835	0.035561005518087	0.0226854690374003
dmel-FBgn0034743	0.0481498229552588	0.0424484269594582	0.0369030524681809	0.0375165607571538
dmel-FBgn0034744	0.034327495042961	0.0529576999339061	0.0761318572372769	0.0230089226701917
dmel-FBgn0034745	0.39670223084384	0	0	0
dmel-FBgn0034748	0.0829875518672199	0.0736514522821576	0.0316390041493775	0.0207468879668049
dmel-FBgn0034750	0.0702828813065035	0.0527850685331001	0.0258092738407699	0.0121026538349373
dmel-FBgn0034753	0.0542119721013247	0.0458413723994556	0.014856692740661	0.0405517915276967
dmel-FBgn0034755	0.0393258426966292	0.120020429009193	0	0
dmel-FBgn0034756	0.0350262697022767	0.0650904845300642	0.0265615878575598	0.343841214244017
dmel-FBgn0034758	0	0	0	0
dmel-FBgn0034759	0	0	0	0
dmel-FBgn0034761	0.169308892742135	0.0927669061184048	0.00978449343571958	0.260341837998514
dmel-FBgn0034763	0.0566854743471985	0.0633775095131873	0.0312294974412807	0.0202073218737698
dmel-FBgn0034769	0.10016694490818	0.151919866444073	0	0
dmel-FBgn0034774	0.608832807570978	0	0	0
dmel-FBgn0034776	0.641833810888252	0	0	0
dmel-FBgn0034783	0.115511551155115	0	0.649064906490649	0
dmel-FBgn0034784	0.0190581829182212	0	0.136331551880609	0
dmel-FBgn0034785	0.288343558282209	0.110429447852761	0	0
dmel-FBgn0034786	0.0554003724394787	0.0339851024208566	0.0665735567970206	0.0755353817504654
dmel-FBgn0034788	0.126146788990825	0	0	0
dmel-FBgn0034789	0.166386554621849	0.0352941176470588	0	0
dmel-FBgn0034791	0.0591239560175449	0.0602054917983537	0.0249354082797572	0.0163432073544433
dmel-FBgn0034792	0.115851302264472	0.0588917226988175	0.0296777185253884	0.0239585748512249
dmel-FBgn0034793	0.0401227092919998	0.0404456284814725	0.0197788003552111	0.0222814240736256
dmel-FBgn0034795	0.0958904109589041	0.0659563673262303	0.0273972602739726	0.0208016235413496
dmel-FBgn0034796	0.0386958287405	0.0364332540465278	0.00319081046585832	0.139699483668852
dmel-FBgn0034797	0.0413390985324947	0.13829926624738	0.000917190775681344	0.00183438155136269
dmel-FBgn0034800	0.270602218700476	0.0392234548335975	0.0063391442155309	0
dmel-FBgn0034802	0.196185830801216	0.19402686710379	0.0610107148568687	0.0325043978890132
dmel-FBgn0034803	0.0431701876394175	0.0393649127411101	0.0383151817346805	0.0212570528801995
dmel-FBgn0034804	0.0426540284360189	0.0763559768299105	0.00605581885202738	0.0605581885202738
dmel-FBgn0034808	0.0557958477508651	0.0635813148788927	0.0986159169550173	0
dmel-FBgn0034814	0.0571614160441703	0.0607340045469308	0.0347515427086717	0.0204611886976291
dmel-FBgn0034816	0.326736592123491	0	0	0.00217692459924797
dmel-FBgn0034817	0.0391582312200319	0.052477357485349	0.0154501864677677	0.00692594565796484
dmel-FBgn0034819	0.0687034167220132	0.319386023171721	0	0
dmel-FBgn0034820	0.605150214592274	0	0	0
dmel-FBgn0034822	0.259767687434002	0	0	0
dmel-FBgn0034824	0.389610389610389	0	0	0
dmel-FBgn0034825	0.37983193277311	0	0	0
dmel-FBgn0034826	0.392702832453193	0	0	0
dmel-FBgn0034827	0.348950410708853	0	0	0.00182537268025555
dmel-FBgn0034829	0.205387205387206	0	0	0
dmel-FBgn0034833	0.468992248062015	0	0	0
dmel-FBgn0034834	0.258289703315881	0	0	0
dmel-FBgn0034835	0.367358384744812	0	0	0
dmel-FBgn0034837	0.230970149253731	0	0	0
dmel-FBgn0034838	0.356857523302264	0	0	0
dmel-FBgn0034839	0.372222222222222	0	0	0
dmel-FBgn0034840	0.404062681369705	0	0	0.00139291932675566
dmel-FBgn0034841	0.331858407079646	0	0	0
dmel-FBgn0034842	0.391466666666667	0	0	0
dmel-FBgn0034844	0.375330064126745	0	0	0.001886080724255
dmel-FBgn0034846	0.0525502318392582	0.00710973724884081	0	0
dmel-FBgn0034849	0.0552620885818773	0.0589191385615603	0.0363673303535148	0.0148313693620479
dmel-FBgn0034850	0.335053592695514	0	0	0
dmel-FBgn0034853	0.088421052631579	0.0589473684210526	0.0168421052631579	0.0126315789473684
dmel-FBgn0034854	0.0545454545454545	0.075211127670144	0.0520615996025833	0.0330849478390462
dmel-FBgn0034856	0.0419035767159439	0.192664192074152	0.000632952131654044	0.000386208080331281
dmel-FBgn0034858	0.0626156693399136	0.105027760641579	0.0249845774213449	0.0306909315237508
dmel-FBgn0034859	0.0344387755102041	0.0379464285714286	0.0188137755102041	0.0121173469387755
dmel-FBgn0034860	0.0224321133412043	0.0949288806431662	0.000534097936695341	0.0121155900376679
dmel-FBgn0034861	0.0458891013384321	0.137667304015296	0	0
dmel-FBgn0034863	0.266942148760331	0	0	0
dmel-FBgn0034869	0.517241379310345	0	0	0
dmel-FBgn0034870	0	0	0	0
dmel-FBgn0034876	0.0474498442027005	0.0993822773738589	0.0186410102224895	0.00781719783523753
dmel-FBgn0034877	0.0323953808203628	0.0478726887729485	0.0283459582178175	0.0102709074635989
dmel-FBgn0034878	0.0855038620441892	0.0741871744206935	0.0305370935872104	0.0118555775103287
dmel-FBgn0034879	0.0669676448457487	0.0842738901429647	0.0388763481314272	0.00928016052169549
dmel-FBgn0034880	0	0	0	0
dmel-FBgn0034882	0.592017738359202	0	0	0
dmel-FBgn0034883	0.0257114602790902	0.0551587737611251	0.0375782881002088	0
dmel-FBgn0034884	0.0175177040626165	0	0.164368244502423	0
dmel-FBgn0034885	0.0208941381849922	0.0160661193093478	0.062382368184174	0.0123291781457135
dmel-FBgn0034887	0	0.0313075506445672	0	0
dmel-FBgn0034893	0.0615079365079363	0.0543650793650793	0.0303571428571428	0.0212301587301587
dmel-FBgn0034894	0.0192296136049516	0.00850309476593954	0.0987921398954389	0.00165254491917553
dmel-FBgn0034897	0.0220314651510269	0.0499809568452817	0.0222658424398675	0.0297073213605602
dmel-FBgn0034898	0.471428571428571	0	0	0
dmel-FBgn0034901	0.592592592592592	0	0	0
dmel-FBgn0034902	0.0285167708200485	0.040938655783701	0.0572886111465374	0.0146664966203291
dmel-FBgn0034903	0.0162141112330513	0.0850591803259343	0	0
dmel-FBgn0034904	0.573089700996678	0	0	0
dmel-FBgn0034907	0.333993399339934	0.00561056105610562	0	0
dmel-FBgn0034908	0.0720268006700167	0.0728643216080402	0.0439698492462312	0.0205192629815745
dmel-FBgn0034909	0.00811209439528025	0.0186209439528024	0.0363200589970502	0.0173303834808259
dmel-FBgn0034911	0	0	0	0
dmel-FBgn0034913	0.0447136881580845	0.0559642290494735	0.0544737727775374	0.0237992211163998
dmel-FBgn0034914	0.0365298760057927	0.0313284603981183	0.0132391879964696	0.0973615883597974
dmel-FBgn0034915	0.187830687830688	0.218033509700176	0.0665784832451501	0.0277777777777778
dmel-FBgn0034918	0.190234622701332	0.195307545973368	0.0786303107165503	0.0323398858592264
dmel-FBgn0034919	0.11000237586125	0.0496555001187931	0.0256593014967926	0.0235210263720599
dmel-FBgn0034920	0.0646170277693011	0.432331400671346	0.0060268538297223	0
dmel-FBgn0034921	0.167306871532224	0.195049082373026	0.114383269312847	0.0281690140845071
dmel-FBgn0034923	0.267175572519084	0.153365718251215	0.0562109646079113	0.0333102012491326
dmel-FBgn0034924	0.19047619047619	0	0	0
dmel-FBgn0034925	0.0589169165637677	0.0573293349797141	0.0493914270594461	0.0280472746516141
dmel-FBgn0034928	0.0659340659340659	0.0722135007849292	0	0
dmel-FBgn0034931	0	0	0	0
dmel-FBgn0034933	0.096195652173913	0.0565217391304348	0.028804347826087	0.0255434782608696
dmel-FBgn0034935	0.0330818340104469	0.00638421358096345	0.125362739408009	0
dmel-FBgn0034936	0.142932675361297	0.198272823405005	0.0884737398660556	0.0831864645752554
dmel-FBgn0034937	0.104024297646165	0.00258162490508732	0	0
dmel-FBgn0034938	0.0498595505617977	0.0423689138576779	0.0316011235955056	0.0170880149812734
dmel-FBgn0034939	0.0858536585365854	0.0721951219512195	0.0351219512195122	0.0191869918699187
dmel-FBgn0034940	0.0797282803003218	0.0557740436181624	0.0282445477297104	0.0117983553807651
dmel-FBgn0034942	0	0	0	0
dmel-FBgn0034943	0.0104712041884817	0	0.00731722702327636	0.0788494291301332
dmel-FBgn0034945	0.0611263736263736	0.0796703296703296	0.0635302197802198	0.0357142857142857
dmel-FBgn0034946	0.0589406001224738	0.0728720146968771	0.0323025107164727	0.0180649112063686
dmel-FBgn0034948	0.0403178736586898	0.0409015399811431	0.0431015130426974	0.0134692228258429
dmel-FBgn0034950	0.10989010989011	0.043956043956044	0	0.043956043956044
dmel-FBgn0034951	0.0228541185527328	0.0129426481909161	0.064424557351809	0.0164068514241725
dmel-FBgn0034956	0.0618131868131868	0.0947802197802198	0	0
dmel-FBgn0034957	0.350657894736843	0	0	0
dmel-FBgn0034958	0.0517974713045504	0.119559517566859	0.0661306298432675	0.0294237604148458
dmel-FBgn0034959	0.0644981929385599	0.0900750625521268	0.0339171531832083	0.0150125104253545
dmel-FBgn0034961	0.0512906469996648	0.0474354676500167	0.100737512571237	0.023131076097888
dmel-FBgn0034962	0.113537906137184	0.0675090252707583	0.0223826714801444	0.0296028880866426
dmel-FBgn0034963	0.051186943620178	0.0905044510385757	0.0289317507418398	0.0336300692383778
dmel-FBgn0034964	0.0814886888834836	0.0491364631476526	0.0255412308440769	0.0175139868645098
dmel-FBgn0034967	0.0439007330503535	0.0572399865596008	0.0311666403801713	0.0572365578862914
dmel-FBgn0034968	0.0246458815208457	0.0368474375394261	0.0187028080974136	0.0421004339265574
dmel-FBgn0034970	0.0555291036781336	0.0785620759433401	0.0369003690036901	0.00904654207832401
dmel-FBgn0034971	0.0155394825143539	0.0171501006636343	0.0333159346804862	0.0104690179703229
dmel-FBgn0034972	0	0.134545454545454	0	0
dmel-FBgn0034973	0.607629427792915	0	0	0
dmel-FBgn0034974	0.0746268656716419	0.0732700135685211	0	0
dmel-FBgn0034975	0.0843137254901959	0.0761904761904763	0.0310924369747899	0.0260504201680672
dmel-FBgn0034976	0.0652699435938759	0.0705076551168412	0.0233682514101531	0.0257856567284448
dmel-FBgn0034978	0.128342245989305	0.0320855614973262	0	0
dmel-FBgn0034982	0.0823923044751148	0.0549979088247595	0.0255123379339189	0.034504391468005
dmel-FBgn0034985	0.041563864110837	0.0958436135889165	0	0.00151831467071551
dmel-FBgn0034986	0.0939328096272772	0.0758816647166972	0.0302523817482868	0.022898211599532
dmel-FBgn0034988	0.0145231563659835	0.0175084718412135	0.0288849443279005	0.00346942068742939
dmel-FBgn0034989	0.0623657563669837	0.10309911015649	0.058760355937404	0.0127339674746855
dmel-FBgn0034996	0.0610119047619049	0	0.0684523809523808	0.276785714285714
dmel-FBgn0034997	0.0291101634002588	0.00424073985337103	0	0.195936556615075
dmel-FBgn0034998	0.466032608695651	0	0	0
dmel-FBgn0034999	0.0343414388096089	0.0016813433933713	0.135705428637481	0.091149828713142
dmel-FBgn0035000	0	0.487499999999999	0	0
dmel-FBgn0035001	0.0583462417939073	0.0531828575643578	0.047650660175555	0.0229401785055692
dmel-FBgn0035003	0.489583333333333	0	0	0
dmel-FBgn0035004	0.621848739495799	0	0	0
dmel-FBgn0035005	0.377049180327869	0	0	0
dmel-FBgn0035006	0.0179640718562874	0	0.0636227544910181	0
dmel-FBgn0035007	0.394437916177047	0	0	0
dmel-FBgn0035008	0.277149321266968	0	0	0
dmel-FBgn0035009	0.257998638529611	0	0	0
dmel-FBgn0035010	0.142857142857143	0	0	0
dmel-FBgn0035014	0.428150331613854	0	0	0
dmel-FBgn0035016	0.0686189353517805	0.0940563345328206	0.0218389378334781	0.0145179302643008
dmel-FBgn0035020	0.043623495171319	0.0722979230056886	0.0411099351766106	0.0395554967588306
dmel-FBgn0035021	0.196850393700787	0.169853768278965	0.0742407199100113	0.0551181102362204
dmel-FBgn0035023	0.0316276137438267	0.0791215719239256	0.0113481139014395	0.00262687821792582
dmel-FBgn0035024	0.0898653585220749	0.09216156977351	0.0329819434297045	0.0389312180356955
dmel-FBgn0035025	0.0650969529085872	0.0595567867036011	0.0281625115420129	0.0235457063711911
dmel-FBgn0035026	0.065598210957883	0.0402534476332464	0.0294446515095043	0.0395080134178158
dmel-FBgn0035027	0.0658737419945105	0.0773101555352241	0.0356816102470265	0.0215004574565417
dmel-FBgn0035028	0.0392386301583588	0.0493798268195647	0.0921288712068025	0.0251969732428427
dmel-FBgn0035032	0.0435921867555979	0.0436829329159011	0.0222781823544091	0.00528596383765511
dmel-FBgn0035033	0.0905599999999999	0.09376	0.02304	0.00799999999999999
dmel-FBgn0035034	0.439008894536213	0	0	0
dmel-FBgn0035035	0.0666959192628346	0.0609916630100921	0.0351031154014919	0
dmel-FBgn0035036	0.149161518093557	0.0538393645189762	0.0220653133274493	0.0123565754633716
dmel-FBgn0035039	0.0369659145463275	0.0268843014882382	0.0331253000480077	0.0129620739318291
dmel-FBgn0035040	0.00684281842818428	0	0.0367547425474255	0.000609756097560975
dmel-FBgn0035041	0.0803357314148681	0	0	0.233812949640288
dmel-FBgn0035042	0	0	0.234265734265734	0
dmel-FBgn0035043	0.0268637532133676	0	0.148157669237361	0
dmel-FBgn0035044	0.0231618957120798	0.0438294334243972	0.0327829908540207	0.0298135170447797
dmel-FBgn0035046	0.0519063180827887	0.0491830065359477	0.0376906318082789	0.0188997821350763
dmel-FBgn0035047	0.291834236754678	0.0137261759048785	0.00830564784053156	0.00734394124847001
dmel-FBgn0035049	0.034741458910434	0.0533240997229917	0.0312788550323176	0.00723299476762081
dmel-FBgn0035050	0.144144144144144	0.117117117117117	0	0
dmel-FBgn0035056	0.181015452538631	0.044150110375276	0	0
dmel-FBgn0035057	0.0945229681978799	0.058303886925795	0	0
dmel-FBgn0035059	0.10626102292769	0.0520282186948854	0.0436507936507937	0.0226337448559671
dmel-FBgn0035060	0.0718072844628862	0.0464499769479021	0.0467957584140156	0.0283540802213001
dmel-FBgn0035063	0.0599358974358974	0.0817307692307692	0.0368589743589743	0.019551282051282
dmel-FBgn0035064	0.0626899696048632	0.0813069908814589	0.0558510638297872	0.0497720364741642
dmel-FBgn0035065	0.035044012622488	0.0291479820627803	0.116010629463544	0.0502408237834248
dmel-FBgn0035069	0.610837438423645	0	0	0
dmel-FBgn0035073	0.180656934306569	0.052007299270073	0.0173357664233577	0
dmel-FBgn0035076	0.0924335378323108	0.0768916155419224	0	0.00777096114519427
dmel-FBgn0035078	0.35	0	0	0
dmel-FBgn0035082	0.0384821309061706	0.0372105474501405	0.122942042564583	0.00595636460982466
dmel-FBgn0035083	0.0424471510569789	0.0923141537169257	0.0421111577768445	0.00355592888142237
dmel-FBgn0035084	0.139455782312925	0.170068027210885	0.0850340136054421	0.14625850340136
dmel-FBgn0035085	0.0647682858738134	0.0605806811836962	0.0524846454494696	0.111111111111111
dmel-FBgn0035086	0.106690777576854	0	0	0
dmel-FBgn0035087	0.179965200099428	0.0961968680089486	0.118568232662192	0.143922445935869
dmel-FBgn0035088	0.0483792262112234	0.0745904496340189	0.034925060996863	0.0322760543743464
dmel-FBgn0035089	0.00343932410480417	0.00954655329203556	0.00026620757195377	0.000792793352971809
dmel-FBgn0035090	0.0416381893696441	0.00220808579990537	0	0.252545432241558
dmel-FBgn0035091	0.0281299293100426	0.006309516854589	0.0473505871355962	0.143161769001578
dmel-FBgn0035092	0.201958384332925	0.0342717258261934	0	0
dmel-FBgn0035094	0.0216661336744484	0.00083946274384394	0.0703949472337704	0.00147905340582027
dmel-FBgn0035097	0	0	0	0
dmel-FBgn0035099	0.0959904858987427	0.055725450220863	0.0611620795107034	0.0402650356778798
dmel-FBgn0035101	0.0369986680479504	0.0170193873020571	0.0913127127423413	0.00325588278821963
dmel-FBgn0035102	0	0	0	0
dmel-FBgn0035103	0.0506937874487543	0.128192999053926	0	0
dmel-FBgn0035104	0	0.0807174887892376	0	0
dmel-FBgn0035106	0.0780072107505736	0.0678466076696165	0.0321206161914127	0.0386758439855785
dmel-FBgn0035107	0.035992431909183	0.0462885554626656	0.0567166806001672	0.0224842698112377
dmel-FBgn0035109	0.163884673748103	0.128983308042489	0.0971168437025798	0.112291350531108
dmel-FBgn0035110	0.0510738875757888	0.0882745863734456	0.0364813482684204	0.0267187339430685
dmel-FBgn0035111	0.0839573044447986	0.053847379321332	0.0261271307949657	0.0267643778875259
dmel-FBgn0035112	0	0	0	0
dmel-FBgn0035113	0.0597269624573378	0.0529010238907851	0.0511945392491468	0
dmel-FBgn0035120	0.0587957124842369	0.0324716267339218	0.0148171500630517	0
dmel-FBgn0035121	0.0847012475377544	0.0729481286933684	0.0278726198292843	0.0489822718319107
dmel-FBgn0035122	0.053715308863026	0.0504327066547299	0.044762757385855	0.0214861235452104
dmel-FBgn0035124	0.309798270893372	0	0	0
dmel-FBgn0035131	0.0547172472147792	0.083345085319419	0.0463968410661403	0
dmel-FBgn0035132	0.0246676891615542	0.0220475460122699	0.0603271983640082	0.00172546012269938
dmel-FBgn0035134	0	0	0	0
dmel-FBgn0035137	0.135022692889561	0.152798789712557	0.154689863842662	0.0718608169440242
dmel-FBgn0035138	0.199042043640235	0	0	0
dmel-FBgn0035139	0.445114595898673	0	0	0
dmel-FBgn0035140	0.0513943304908965	0.0377967273565338	0.0742106476146576	0.0228163171237613
dmel-FBgn0035141	0.0749751737835157	0.0677755710029792	0.0285501489572989	0.0153922542204568
dmel-FBgn0035142	0.0552665245202559	0.0622601279317696	0.0230277185501066	0.0173134328358209
dmel-FBgn0035143	0.366302472685452	0	0	0
dmel-FBgn0035144	0.0338438735177866	0.171195652173913	0.0232213438735178	0
dmel-FBgn0035145	0.0640412219359588	0.0535517114464483	0.0458225984541774	0.0187707029812293
dmel-FBgn0035146	0.0177977703892039	0.00146684920790143	0.0753960492861334	0.00112458439272443
dmel-FBgn0035147	0.0471849165114531	0.0149985295559259	0.0255203738195601	0.0314348266509819
dmel-FBgn0035148	0.0783582089552239	0.130400628436763	0.0263157894736842	0.0113904163393558
dmel-FBgn0035149	0.0943156557637346	0.0552556367100667	0.0409653858367736	0.0111146395681169
dmel-FBgn0035150	0.0842857142857143	0.0552380952380953	0.0252380952380953	0.019047619047619
dmel-FBgn0035151	0.158953722334004	0.0855130784708249	0	0
dmel-FBgn0035152	0.0484261501210654	0.0524616626311541	0.0403551251008878	0.0278450363196126
dmel-FBgn0035153	0.0518038852913968	0.0351526364477335	0.0772432932469936	0.032377428307123
dmel-FBgn0035154	0.0234570628958609	0	0.154477831786714	0
dmel-FBgn0035155	0.0456989247311828	0.0546594982078854	0.0389784946236559	0.0237455197132617
dmel-FBgn0035157	0.198473282442748	0.0725190839694657	0	0
dmel-FBgn0035158	0.0408326661329064	0.0435014678409394	0.0168134507606085	0.011208967173739
dmel-FBgn0035159	0.0592081365782783	0.0552124954594988	0.0243370868143843	0.00944424264438795
dmel-FBgn0035160	0.0450704225352113	0.0362173038229376	0.00885311871227364	0.0419852448021461
dmel-FBgn0035161	0.39921035314762	0	0	0
dmel-FBgn0035162	0.025260147748034	0.0203352132814362	0.0100087377869569	0.00548097545476209
dmel-FBgn0035164	0.136212624584718	0.0564784053156146	0.0238787375415282	0.00851328903654487
dmel-FBgn0035165	0.0287454098953803	0.0626948629319703	0.0370518633707726	0.0239647726310442
dmel-FBgn0035166	0.0710019907100198	0.0856005308560053	0.0537491705374917	0.0325149303251493
dmel-FBgn0035167	0.535714285714286	0	0	0
dmel-FBgn0035168	0.41635687732342	0	0	0
dmel-FBgn0035169	0.029038112522686	0.0146324863883848	0.0143678160919541	0.0775105868118572
dmel-FBgn0035170	0.217391304347826	0	0	0
dmel-FBgn0035171	0.193548387096774	0	0	0
dmel-FBgn0035173	0.0340676954021182	0.139822118859801	0.0282849869574782	0.000219994343002608
dmel-FBgn0035176	0.116275936405282	0	0	0.00565885206143896
dmel-FBgn0035179	0.167924528301887	0	0	0
dmel-FBgn0035181	0.0453268062732301	0.0593781162179312	0.0436950412473938	0.0138700027196084
dmel-FBgn0035186	0.0223687505216593	0	0.00550872214339371	0.0831316250730323
dmel-FBgn0035187	0	0	0	0
dmel-FBgn0035189	0.178971962616823	0.15	0.198130841121495	0.0121495327102804
dmel-FBgn0035192	0.0552147239263804	0.139059304703477	0.0368098159509202	0
dmel-FBgn0035193	0.120395821880154	0.0285871357888949	0.0406816932380429	0
dmel-FBgn0035194	0.0803765387400435	0.120202751629254	0.152787834902245	0.0419985517740767
dmel-FBgn0035195	0.0744413407821228	0.0603351955307263	0.0455307262569832	0.0284217877094973
dmel-FBgn0035196	0.60857908847185	0	0	0
dmel-FBgn0035198	0	0	0	0
dmel-FBgn0035199	0.0482029598308668	0.103171247357294	0	0
dmel-FBgn0035203	0.106122448979592	0.0472789115646259	0.0666666666666667	0.104421768707483
dmel-FBgn0035204	0.0635006995181097	0.00326441784548422	0.00629566298771958	0.228664697652728
dmel-FBgn0035205	0.0823155216284988	0.0938931297709923	0.0297709923664122	0.0203562340966921
dmel-FBgn0035206	0.0336678832116788	0.069434306569343	0.0364051094890511	0.0460766423357665
dmel-FBgn0035207	0.0652306194474869	0.0653523183643666	0.0467932335402214	0.0209930631617379
dmel-FBgn0035208	0.108187134502924	0.204678362573099	0	0
dmel-FBgn0035209	0.190897597977244	0.0625790139064475	0	0
dmel-FBgn0035210	0.164925373134328	0.0828358208955224	0.0343283582089552	0
dmel-FBgn0035211	0.069063119162185	0.0413246532691763	0.0625530710444381	0.0308519671667138
dmel-FBgn0035213	0.0696774193548387	0.0529032258064516	0.0296774193548387	0.0189247311827957
dmel-FBgn0035217	0.351632047477745	0	0	0
dmel-FBgn0035218	0.294847920546244	0	0	0
dmel-FBgn0035227	0.0471272727272727	0.0417454545454546	0.0674909090909093	0.0219636363636364
dmel-FBgn0035228	0.0613197538722682	0.0947910036070444	0.0403140250371313	0.0310842350944196
dmel-FBgn0035229	0.0919724770642204	0.0791284403669725	0.0314220183486239	0.036697247706422
dmel-FBgn0035231	0.252840909090909	0.00631313131313133	0	0.0164141414141414
dmel-FBgn0035232	0.0469214923323415	0.0812542915999085	0.0327019913023575	0.0275234607461662
dmel-FBgn0035233	0.0374787052810903	0.0228279386712096	0.024190800681431	0.026916524701874
dmel-FBgn0035234	0.164473684210526	0	0	0
dmel-FBgn0035235	0.0658823529411765	0.0705882352941177	0.0274509803921568	0.0203921568627451
dmel-FBgn0035236	0.0365016400945915	0.0499656724387826	0.0547333892745442	0.0164390876497064
dmel-FBgn0035237	0.0722235377693585	0.0502012787118163	0.0184702817901965	0.0165758939142789
dmel-FBgn0035238	0.103585657370518	0.0441567065073041	0.0376826029216468	0.0793492695883133
dmel-FBgn0035239	0	0	0	0
dmel-FBgn0035240	0	0	0	0
dmel-FBgn0035241	0.0346320346320346	0.125541125541126	0	0
dmel-FBgn0035243	0.0103484688489968	0	0	0
dmel-FBgn0035244	0.0577068141815439	0.0524264520995725	0.0399798843349258	0.0194870505406085
dmel-FBgn0035245	0.22972972972973	0	0	0
dmel-FBgn0035246	0.161141249748844	0.0120554550934298	0.00502310628892907	0
dmel-FBgn0035247	0.0468319559228652	0.0649557778744381	0.0379875308104973	0.025518341307815
dmel-FBgn0035248	0.0479543930248156	0.0720992622401073	0.0315224681421864	0.028504359490275
dmel-FBgn0035249	0.0513847180513847	0.0477143810477144	0.0413747080413747	0.02002002002002
dmel-FBgn0035251	0.0276043645838988	0.0748330709516313	0.0399543998697139	0.0117528907225449
dmel-FBgn0035252	0.0416179741395559	0.0489312775662533	0.0444075847249972	0.0300825573943529
dmel-FBgn0035253	0.0714985308521057	0.0472925703092208	0.0256051490135721	0.0123128585420456
dmel-FBgn0035254	0.0709728867623604	0.0506379585326954	0.0287081339712919	0.0151515151515152
dmel-FBgn0035260	0.155339805825242	0.0533980582524271	0	0
dmel-FBgn0035262	0.20698051948052	0.0186688311688311	0.0722402597402597	0.0121753246753247
dmel-FBgn0035263	0.421014492753624	0	0	0
dmel-FBgn0035264	0.114942528735632	0.0402298850574712	0.0210727969348659	0
dmel-FBgn0035265	0.0572302315421582	0	0.0952380952380953	0
dmel-FBgn0035266	0.0625928283471251	0.0396774877997031	0.086569064290261	0.0546361128792702
dmel-FBgn0035267	0.107331821617536	0.0831443688586547	0.00680272108843537	0
dmel-FBgn0035268	0.101552739603784	0.0489023737283597	0.0249866143137605	0.0124933071568802
dmel-FBgn0035270	0.0349201824401368	0.114737742303307	0.0205245153933865	0.015963511972634
dmel-FBgn0035271	0.0449458483754513	0.100361010830325	0.0285198555956679	0.0223826714801444
dmel-FBgn0035272	0.060429559519476	0.0702584637786678	0.0462322533673098	0.0234801601747361
dmel-FBgn0035273	0.429567642956764	0	0	0
dmel-FBgn0035281	0.163841807909605	0	0	0
dmel-FBgn0035282	0.0220095693779904	0	0.0373205741626794	0.0267942583732057
dmel-FBgn0035283	0.0538598122939037	0.109579775090894	0.00684873594318086	0.0351737549674475
dmel-FBgn0035285	0.0519661889011393	0.0610069827269387	0.0235942668136714	0.0487320837927233
dmel-FBgn0035286	0.119047619047619	0	0	0
dmel-FBgn0035287	0.0593471810089021	0.0425321463897131	0.0158259149357072	0
dmel-FBgn0035290	0.00978053435114504	0	0	0.089456106870229
dmel-FBgn0035293	0.0401785714285714	0.0833333333333333	0	0
dmel-FBgn0035294	0.0498677748394409	0.0515678126180582	0.0343785417453721	0.0141669814884775
dmel-FBgn0035295	0.105373342637823	0.0628053035589672	0.0195394277739009	0
dmel-FBgn0035298	0.0203748093266507	0.0237524515144912	0.0135105687513619	0.00522989758117237
dmel-FBgn0035299	0.359879032258065	0	0	0
dmel-FBgn0035300	0.0217474408529075	0.118506562460179	0.0028033810474451	0
dmel-FBgn0035308	0.0393073117097306	0.137713029136888	0.0103078614623419	0
dmel-FBgn0035309	0.12753036437247	0.147773279352227	0.334008097165992	0
dmel-FBgn0035311	0.0851703406813625	0.0480961923847694	0	0.404809619238477
dmel-FBgn0035312	0.0102025102025102	0.00639100639100639	0	0.0649110649110649
dmel-FBgn0035313	0.0987654320987652	0	0	0
dmel-FBgn0035316	0.44950213371266	0	0	0
dmel-FBgn0035318	0.0559173272933184	0.0434597961494902	0.0295866364665912	0.0113250283125708
dmel-FBgn0035321	0.0254290063659009	0.0278508164959867	0.0393717132576806	0.0386451702186548
dmel-FBgn0035323	0.056395447596399	0.104127739086122	0.0270086631561067	0.0339731612026499
dmel-FBgn0035325	0.197761194029851	0	0.203980099502488	0
dmel-FBgn0035332	0.439560439560439	0	0	0
dmel-FBgn0035333	0.106909297696901	0.0509904274476352	0.0480523173158942	0.0300445455407071
dmel-FBgn0035334	0.120935076958685	0.228908691123713	0.105427612544845	0.0598310380742969
dmel-FBgn0035335	0.0430054374691053	0.0350963914977756	0.0259515570934256	0
dmel-FBgn0035336	0.0596252129471891	0.0465644520159	0.0215786484951732	0.0119250425894378
dmel-FBgn0035337	0.0478504672897197	0.0807476635514019	0.039626168224299	0.017570093457944
dmel-FBgn0035343	0.049009900990099	0	0	0
dmel-FBgn0035344	0.00350546042874478	0	0	0
dmel-FBgn0035346	0.350644942294637	0.125933469110659	0.0906313645621181	0.00305498981670061
dmel-FBgn0035348	0.0426303755166651	0.0321431712250461	0	0.191056195585261
dmel-FBgn0035355	0.23059866962306	0.14190687361419	0.139689578713969	0
dmel-FBgn0035356	0.0342396777442095	0.0433031218529708	0.0245720040281974	0.0318227593152065
dmel-FBgn0035357	0	0	0	0
dmel-FBgn0035358	0.0452085323145495	0.104000848986522	0	0
dmel-FBgn0035359	0.0677351073480496	0.0581594597318818	0	0
dmel-FBgn0035360	0.0182698379288571	0	0.0866764891601768	0
dmel-FBgn0035370	0.0689076674537095	0.0720765502671803	0.0175531253883435	0.01363862308935
dmel-FBgn0035371	0.0431439209972478	0.0495790836975878	0.0885543143920997	0.00380443581026388
dmel-FBgn0035372	0.0499529731424391	0.0624934684920054	0.0263350402340893	0.0521475598286132
dmel-FBgn0035374	0.0504796710826862	0.0465966194609411	0.0324349017816354	0.01301964367291
dmel-FBgn0035375	0.0498984152783422	0.0299065420560748	0.038927265339293	0.0103210077204388
dmel-FBgn0035379	0.151394422310757	0.0816733067729086	0	0
dmel-FBgn0035380	0.320239680426098	0	0	0
dmel-FBgn0035383	0.0344991446493062	0.0576886523474624	0.0389659760501807	0.0564531457897738
dmel-FBgn0035384	0.353831137140069	0	0	0
dmel-FBgn0035385	0.0448504983388704	0.109634551495017	0	0
dmel-FBgn0035388	0.0606887397684536	0.0719710935771698	0.0768379912985768	0.013273357422019
dmel-FBgn0035390	0.0550407812239916	0.0864450979304222	0.0134272873550463	0.0187538145702714
dmel-FBgn0035392	0.0465899522873982	0.0437833286556273	0.0651136682570867	0.0272242492281785
dmel-FBgn0035393	0.0510260676650027	0.0587909040488076	0.021630615640599	0.0146977260122019
dmel-FBgn0035397	0.0396647858168342	0.0585623184534741	0.0325197823111082	0.00991619645420854
dmel-FBgn0035398	0.0444765414881961	0.21326825381014	0	0
dmel-FBgn0035400	0.0651354964151173	0.0662291894519383	0.0330538340017013	0.00850650139749664
dmel-FBgn0035401	0.0590557524975829	0.0480986142442797	0.0656622623267806	0.0360135352884305
dmel-FBgn0035402	0.0427807486631016	0.0861556743909685	0.024262230144583	0.0161418102594574
dmel-FBgn0035405	0.083929422985217	0.0591320934668574	0.0357653791130186	0.0162136385312351
dmel-FBgn0035407	0.0701754385964913	0.0631578947368421	0.0298245614035087	0.012280701754386
dmel-FBgn0035409	0.0669165885660731	0	0	0
dmel-FBgn0035410	0.0554371002132196	0.142324093816631	0	0.00373134328358208
dmel-FBgn0035411	0.0883224659158269	0.062833432128038	0.0352697095435685	0.0180794309425015
dmel-FBgn0035412	0.270161290322581	0	0	0.0645161290322581
dmel-FBgn0035413	0.139240506329114	0	0	0
dmel-FBgn0035414	0.121951219512195	0.0792682926829269	0.0329268292682927	0.0317073170731707
dmel-FBgn0035415	0.0380442062960483	0.0478231748158071	0.0235766912257201	0.0515740120562624
dmel-FBgn0035416	0.0545862013766609	0.0560268929085963	0.0406595165679526	0.020489835120858
dmel-FBgn0035420	0.0774593338497288	0.0364058869093726	0.0531887425768138	0.0345985024528789
dmel-FBgn0035421	0.159684274438373	0.0843958712811171	0.186804290629427	0.066180935033394
dmel-FBgn0035422	0.0188055323920982	0.0349346716773464	0.0125038431677877	0.0204644537393193
dmel-FBgn0035423	0.0477968118216069	0.0638152960143459	0.0198980955418955	0.039063375606728
dmel-FBgn0035424	0.0863912515188335	0.0910085054678008	0.0349939246658566	0.0269744835965978
dmel-FBgn0035425	0.0657273360687466	0.0796624603236046	0.0552759928776032	0.0188124177440582
dmel-FBgn0035426	0.553225806451612	0	0	0
dmel-FBgn0035427	0.0254090304677112	0.123489622477886	0	0
dmel-FBgn0035429	0.130952380952381	0.30952380952381	0	0
dmel-FBgn0035430	0.172981878088962	0.0939044481054365	0.0164744645799011	0
dmel-FBgn0035431	0.0534108205341083	0.0125916701259167	0.167289331672893	0
dmel-FBgn0035432	0.0563129410152771	0.0584366650681646	0.0539836952798521	0.0123313009522505
dmel-FBgn0035434	0.00908257859853016	0.0556951963169187	0	0.0171531194682938
dmel-FBgn0035435	0.0761904761904762	0.0388888888888888	0.0317460317460317	0.0357142857142857
dmel-FBgn0035436	0	0	0	0
dmel-FBgn0035437	0.0818352059925092	0.0678838951310862	0.0371722846441947	0.0170411985018727
dmel-FBgn0035438	0.0378488356596448	0.0929961884623244	0.0225316073316571	0.132337654260659
dmel-FBgn0035439	0.0222905457340507	0.0176787086856264	0.0122982321291314	0.103766333589546
dmel-FBgn0035440	0.0463493386105613	0.0605145297364859	0.0456202478908447	0.0428080408290803
dmel-FBgn0035443	0.0657318141980719	0.0569675723049957	0.0473269062226118	0.0166520595968449
dmel-FBgn0035444	0.0377598257238812	0.032994463102478	0.0730688935281838	0.0352636833983843
dmel-FBgn0035445	0.0223835450695704	0.00967937084089534	0	0.0157289776164549
dmel-FBgn0035449	0.0399811853245531	0.0138758231420508	0.097052367513327	0.0138758231420508
dmel-FBgn0035452	0.0337613822087322	0.0920849871585337	0.00616390380574364	0.000933924819052066
dmel-FBgn0035455	0.380587058038692	0	0	0
dmel-FBgn0035461	0.118772018117766	0.0252893809763462	0.00390035228988423	0.00566180171112229
dmel-FBgn0035462	0.0846055979643765	0.0629770992366412	0.0178117048346056	0.0190839694656489
dmel-FBgn0035464	0.0568903617785142	0.049065635643929	0.00598361410291817	0.00451072447758445
dmel-FBgn0035469	0.0381280201231217	0.0505063877672602	0.0624875885351162	0.0370027139736545
dmel-FBgn0035470	0.0496134020618557	0.0442439862542955	0.049828178694158	0.0345790378006873
dmel-FBgn0035471	0.0581066108580574	0.0547416800032829	0.0263449464483565	0.0204357995814354
dmel-FBgn0035473	0.0906691089322271	0.0325934705311928	0.0170240275832345	0.0129296412024566
dmel-FBgn0035475	0.0568331143232589	0.0489487516425756	0.0210249671484888	0.0147831800262812
dmel-FBgn0035476	0	0	0	0
dmel-FBgn0035477	0.312883435582822	0	0	0
dmel-FBgn0035479	0.269230769230769	0	0	0
dmel-FBgn0035480	0.0643615200273879	0.0903800068469702	0	0
dmel-FBgn0035481	0.576402321083172	0	0	0
dmel-FBgn0035482	0.0166755366329608	0.0163207379811957	0.0658151499024305	0.00940216427177579
dmel-FBgn0035483	0.0874293170943888	0.0269682470639408	0.019573727707699	0.00761200521966074
dmel-FBgn0035484	0.00747630391809012	0.00316792538902124	0.00638653758426682	0.0353793907445892
dmel-FBgn0035488	0.0503574759092322	0.0753807895554866	0.0259558594964253	0.0150761579110973
dmel-FBgn0035490	0.020873598763046	0.108813297255508	0	0
dmel-FBgn0035491	0.361519764615582	0	0	0
dmel-FBgn0035495	0.0282831371349946	0	0.0454059012383427	0
dmel-FBgn0035496	0.0560614921881528	0.00334196674743085	0	0.458434288578828
dmel-FBgn0035497	0.369758713136728	0.0239142091152815	0.00225201072386059	0.00900804289544237
dmel-FBgn0035498	0.0462307169884545	0.0589405258562142	0.0517124284466867	0.0537983894440672
dmel-FBgn0035499	0.0344199535962877	0.0197041763341067	0.0899593967517403	0.0643677494199536
dmel-FBgn0035501	0.0297938296511342	0.128450524036805	0.000664272007085568	0
dmel-FBgn0035504	0.143835616438356	0	0	0
dmel-FBgn0035505	0.161111111111111	0	0	0
dmel-FBgn0035508	0	0.592592592592592	0	0
dmel-FBgn0035510	0.120336943441636	0.0312876052948255	0	0
dmel-FBgn0035515	0.0297095805051741	0.0196209339416193	0.0160602351544824	0.0640554875560996
dmel-FBgn0035517	0.0235679078822019	0.0279584144472518	0.0903367435695647	0
dmel-FBgn0035518	0.0744416873449131	0.0526054590570719	0.0813895781637718	0.0178660049627792
dmel-FBgn0035519	0.0606955144358845	0.0585355317157463	0.0367197062423501	0.0262077903376772
dmel-FBgn0035520	0.0545638945233266	0.0780933062880323	0.0294117647058824	0.0190669371196754
dmel-FBgn0035521	0.112167300380228	0	0	0
dmel-FBgn0035522	0.13006993006993	0.125874125874126	0.0153846153846154	0
dmel-FBgn0035523	0.0523297491039428	0.0696774193548387	0.0187813620071685	0.0064516129032258
dmel-FBgn0035524	0.0669136878814296	0.0719267654751526	0.0233217088055798	0.0117698343504795
dmel-FBgn0035526	0.0800439456956761	0.0869496978733422	0.0278584320803578	0.0326453739307856
dmel-FBgn0035528	0.0413507925568574	0.0967866988283943	0.0726223294279808	0.0347605099931082
dmel-FBgn0035529	0.0364327223960661	0.0276598122485472	0.087002682163612	0.0125726419311578
dmel-FBgn0035532	0.0943582163094361	0.0667652131066765	0.0209411185020941	0.0128110372012811
dmel-FBgn0035533	0.0465796419145446	0.0467223054426135	0.0578500606319994	0.00998644696483345
dmel-FBgn0035534	0.0453706551830206	0.0319901568748077	0.0282989849277145	0.00784374038757306
dmel-FBgn0035537	0.0535077288941736	0.0582639714625445	0	0
dmel-FBgn0035538	0.0544794188861986	0.00544794188861986	0.123486682808717	0
dmel-FBgn0035539	0.053917553917554	0.14059514059514	0.0229320229320229	0.0245700245700246
dmel-FBgn0035540	0.0316029064168781	0.0485861857655607	0.0730105926639237	0.0223233826490414
dmel-FBgn0035541	0.0328067374910553	0.121814278637089	0.0302196289976331	0.0214674960092475
dmel-FBgn0035542	0.024884442474514	0.0428565398172187	0.0557631017961543	0.00888579328394437
dmel-FBgn0035544	0.0662650602409637	0.3855421686747	0	0
dmel-FBgn0035545	0.0118927125506073	0.0625	0	0
dmel-FBgn0035546	0.0706769055745166	0.368885096700796	0	0
dmel-FBgn0035550	0.0290723223165344	0.177810671415686	0	0
dmel-FBgn0035551	0.204140587385653	0.0359894077997112	0	0
dmel-FBgn0035552	0.356287425149701	0.245508982035928	0	0
dmel-FBgn0035553	0.00774659601264168	0.15459924435045	0	0
dmel-FBgn0035554	0	0	0	0
dmel-FBgn0035557	0.583333333333333	0	0	0
dmel-FBgn0035558	0.0363157894736842	0.0496992481203007	0.0259398496240601	0.0141353383458647
dmel-FBgn0035567	0.68010752688172	0	0	0
dmel-FBgn0035568	0.622875816993465	0	0	0
dmel-FBgn0035569	0.269230769230769	0	0	0
dmel-FBgn0035571	0.295349811478844	0	0	0
dmel-FBgn0035574	0.0282657976763956	0.118872201756871	0.00042504958911873	0.00106262397279683
dmel-FBgn0035575	0.159574468085106	0.138297872340425	0	0.148936170212766
dmel-FBgn0035577	0	0	0.275862068965517	0
dmel-FBgn0035578	0.037062937062937	0	0.143356643356644	0
dmel-FBgn0035581	0.439130434782609	0	0	0.00144927536231884
dmel-FBgn0035582	0.0331905781584581	0	0	0
dmel-FBgn0035583	0.021730053898125	0	0.116450315038336	0
dmel-FBgn0035584	0.355605048255383	0	0	0
dmel-FBgn0035585	0.325429272281275	0	0	0
dmel-FBgn0035586	0.0472624396738226	0.0798801797304044	0.0384423364952571	0.0284573140289566
dmel-FBgn0035587	0.148738379814077	0.0345285524568393	0.0464807436918992	0
dmel-FBgn0035588	0.0251805985552116	0.0279325765393876	0.0410044719642244	0.0565531475748194
dmel-FBgn0035589	0.03315683308119	0.0609556227937468	0.0464573877962683	0.0269793242561776
dmel-FBgn0035590	0.0480725623582767	0.0802721088435374	0.035827664399093	0.0219954648526077
dmel-FBgn0035591	0.131225296442688	0.065612648221344	0.0403162055335968	0.0189723320158103
dmel-FBgn0035592	0	0	0	0
dmel-FBgn0035593	0.0520455095618494	0.0498668603243767	0.0315500685871055	0.0132332768498346
dmel-FBgn0035598	0.403221809169764	0	0	0.00272614622057001
dmel-FBgn0035600	0.0381759571154333	0.0406751421637871	0.0297366800680938	0.0209352022891087
dmel-FBgn0035601	0.050188255238621	0.0737842259851369	0.0232017189378856	0.0300814129984822
dmel-FBgn0035603	0.0534335635920358	0.0789651903020453	0.0248543952322903	0.0127319517811188
dmel-FBgn0035607	0.0209302325581396	0	0.0519933554817275	0
dmel-FBgn0035608	0.340650406504065	0	0	0
dmel-FBgn0035610	0.0561959654178674	0.0129682997118156	0.037463976945245	0
dmel-FBgn0035611	0.466666666666667	0	0	0
dmel-FBgn0035612	0.0207398623455054	0.118167703761659	0	0
dmel-FBgn0035617	0.0976377952755906	0.0645669291338583	0.0307086614173228	0.0299212598425196
dmel-FBgn0035619	0.0129426887106068	0	0.0736226231106775	0
dmel-FBgn0035620	0.0140234205580454	0	0.0807430967182304	0
dmel-FBgn0035621	0	0	0	0
dmel-FBgn0035622	0.056425223312992	0.0435128681347838	0.0320155655788451	0.0390023879013001
dmel-FBgn0035623	0.242424242424243	0.203463203463204	0	0
dmel-FBgn0035624	0.091095890410959	0.0917808219178082	0.0335616438356165	0.0195205479452055
dmel-FBgn0035625	0.0722082283795131	0.0612930310663307	0.00167926112510495	0
dmel-FBgn0035626	0	0	0.3125	0.0791666666666666
dmel-FBgn0035627	0.104477611940298	0.0422885572139304	0	0
dmel-FBgn0035630	0.0653121319199058	0.0622889674126425	0.0237141735374951	0.0212406753042796
dmel-FBgn0035631	0.0331425165464231	0.090983596379034	0.0368305373086141	0.0108157107200954
dmel-FBgn0035632	0.00366880080569743	0.00323717718149773	0.0107186533342925	0.00589885619739586
dmel-FBgn0035636	0	0	0	0
dmel-FBgn0035638	0.3963133640553	0	0	0
dmel-FBgn0035639	0.0550156974136642	0.0856630288533413	0.0395425325160711	0.021453132007774
dmel-FBgn0035640	0.14122533748702	0.0565939771547247	0.0171339563862928	0
dmel-FBgn0035643	0.152173913043478	0	0	0
dmel-FBgn0035644	0.115044247787611	0.0530973451327434	0	0
dmel-FBgn0035645	0.449438202247191	0	0	0
dmel-FBgn0035647	0.33076923076923	0	0	0
dmel-FBgn0035649	0.0289139633286318	0.108251057827926	0	0
dmel-FBgn0035656	0.0803858520900323	0.0498392282958198	0	0
dmel-FBgn0035657	0.189010989010989	0	0	0
dmel-FBgn0035663	0	0	9.77205480680968e-05	0
dmel-FBgn0035665	0.024944709694743	1.17563906563969e-05	0.148938421436509	0
dmel-FBgn0035666	0.0878597957288763	0	0.445253017641598	0
dmel-FBgn0035667	0.0375877604445517	0	0.259211550417207	0
dmel-FBgn0035670	0.0142216722143009	0	0.035768178183001	0
dmel-FBgn0035673	0	0	0	0
dmel-FBgn0035674	0.0329130156016243	0.0641162641590083	0.0359051079290447	0.0183799957255824
dmel-FBgn0035675	0.14859693877551	0.19579081632653	0.100127551020408	0.049107142857143
dmel-FBgn0035676	0.113924050632911	0	0	0
dmel-FBgn0035677	0.139240506329114	0	0	0
dmel-FBgn0035678	0.0184059439378588	0.00996285038838233	0.0146909827760892	0.0221209050996285
dmel-FBgn0035679	0.0385924068767908	0.0168785816618912	0.0432933381088825	0.0399803008595989
dmel-FBgn0035688	0.0371819960861057	0.0544031311154599	0.0313111545988258	0.0172211350293542
dmel-FBgn0035689	0.0628571428571429	0.0314285714285714	0.0302857142857143	0.00971428571428572
dmel-FBgn0035690	0.0547147846332945	0.0593713620488941	0.0341482343810632	0.0178502134264648
dmel-FBgn0035691	0.0942126514131897	0	0	0
dmel-FBgn0035692	0.0545030169095921	0.105579420455392	0.0400268169741514	0.0196161199811288
dmel-FBgn0035693	0.484409799554565	0	0	0.0089086859688196
dmel-FBgn0035695	0.104575163398693	0.189542483660131	0.0326797385620916	0
dmel-FBgn0035696	0.0599750104123282	0.156393169512703	0	0
dmel-FBgn0035699	0.120353982300885	0.0566371681415929	0.00884955752212389	0
dmel-FBgn0035702	0.0532188841201717	0.0892703862660945	0.0274678111587984	0.0360515021459227
dmel-FBgn0035703	0.0522410210745028	0.0620362125259721	0.0501632531908578	0.0359157019887207
dmel-FBgn0035704	0.0956356736242884	0.039089184060721	0.0481973434535104	0.0318785578747628
dmel-FBgn0035707	0.207196361690744	0.0223381487426431	0.0129748528624933	0.00949705724986625
dmel-FBgn0035708	0.105070993914807	0.036105476673428	0.0158215010141988	0
dmel-FBgn0035709	0.364659011014765	0	0	0
dmel-FBgn0035710	0.0528895474752081	0.065883962156617	0	0.0227972187393138
dmel-FBgn0035711	0.0210641665652015	0.0903445756727139	0	0
dmel-FBgn0035713	0.0708571428571427	0.0591168831168832	0.0234805194805195	0.0167272727272727
dmel-FBgn0035714	0.0727753506553231	0.0573695102322372	0.0461025523108762	0.0327661531386526
dmel-FBgn0035715	0.0382254464285714	0.0825427827380953	0.0358537946428571	0.0182756696428571
dmel-FBgn0035718	0	0	0.030067155067155	0
dmel-FBgn0035719	0.0885357548240636	0.0408626560726447	0	0
dmel-FBgn0035720	0.0839980981562681	0.0732473981721168	0.0146600454329336	0.0217919594273337
dmel-FBgn0035721	0.0536585365853658	0.0585365853658537	0.0280487804878048	0.0304878048780488
dmel-FBgn0035722	0.0456880237902135	0.0351446336847796	0.0191943768586105	0.0108137334414706
dmel-FBgn0035724	0.442050087361677	0	0	0
dmel-FBgn0035725	0.13	0.111578947368421	0.0494736842105263	0.04
dmel-FBgn0035726	0.0388286969253294	0.0467349926793558	0.0786920448999514	0.0383992191312836
dmel-FBgn0035727	0.312658227848101	0	0	0
dmel-FBgn0035730	0.419983753046304	0	0	0
dmel-FBgn0035733	0.0309859154929578	0	0	0.0366197183098591
dmel-FBgn0035734	0	0	0	0.00358294518093873
dmel-FBgn0035737	0.0624442462087421	0.274754683318466	0	0
dmel-FBgn0035741	0.511111111111111	0	0	0
dmel-FBgn0035742	0	0	0.0228564962801618	0
dmel-FBgn0035743	0.0062556004293252	0	0.0201073875729199	0
dmel-FBgn0035750	0	0	0	0
dmel-FBgn0035753	0.057065942261733	0.0786538262625823	0.0334311425165087	0.0209509447931581
dmel-FBgn0035754	0.0733282674772036	0.0702887537993921	0.0372340425531915	0.0125379939209726
dmel-FBgn0035755	0.00602718645806619	0.0184662734034368	0	0
dmel-FBgn0035756	0.0638977635782748	0.0351437699680512	0.0383386581469649	0
dmel-FBgn0035760	0.0797636632200886	0.054652880354505	0	0
dmel-FBgn0035761	0.119905493207324	0.0419373892498524	0.0348493797991731	0
dmel-FBgn0035762	0.0582582582582582	0.0598598598598599	0.0292292292292292	0.0232232232232232
dmel-FBgn0035763	0.0380523605414906	0.0496469209658022	0.0764439236485861	0.0210613956643745
dmel-FBgn0035766	0.0694535162203351	0.0809928151534944	0.0459394731112562	0.0169823644676682
dmel-FBgn0035767	0.0206925381453355	0.0429526928168327	0.0313871664460391	0.000836062147286282
dmel-FBgn0035768	0.589970501474926	0	0	0
dmel-FBgn0035769	0.0543694847708511	0.0592086535724452	0.0239111870196413	0.0162254483347566
dmel-FBgn0035770	0.0395602733163561	0.0527470310884749	0.0522301505257053	0.0617357101434657
dmel-FBgn0035771	0.0266718206416699	0.0202661659948092	0.0102711358992766	0.0133635209012093
dmel-FBgn0035772	0.032349537037037	0.0642554012345677	0.0629050925925926	0.0104552469135803
dmel-FBgn0035776	0.344248242756729	0	0	0.00205726041488085
dmel-FBgn0035777	0	0	0	0
dmel-FBgn0035779	0.00602132979537684	0	0.0484768076746441	0
dmel-FBgn0035780	0.0754378087112708	0	0.449932644813651	0
dmel-FBgn0035781	0.0239922482924248	0.000398285588600709	0.212631003263564	0
dmel-FBgn0035782	0.409714285714286	0	0	0
dmel-FBgn0035785	0.031523642732049	0.129597197898424	0	0
dmel-FBgn0035789	0.300561797752809	0.0983146067415732	0	0.0674157303370786
dmel-FBgn0035790	0	0	0	0.0182303245887061
dmel-FBgn0035791	0	0.00550634426621978	0	0
dmel-FBgn0035793	0.0448769665187575	0.0764421137555467	0.0279346510689794	0.0141185962081485
dmel-FBgn0035798	0.0255697015085054	0.067615277629186	0	0.00117684818658393
dmel-FBgn0035799	0.406340057636888	0	0	0
dmel-FBgn0035800	0.407939767282683	0	0	0
dmel-FBgn0035802	0.0639741518578352	0.0394184168012924	0.00678513731825525	0.0455573505654281
dmel-FBgn0035805	0.0523202911737944	0.0768880800727937	0.0304822565969063	0.0313921747042766
dmel-FBgn0035806	0.0547512065235482	0	0.151439507405558	0.253453153602929
dmel-FBgn0035807	0.0713896457765667	0.0645231607629427	0.0347683923705721	0.0277929155313352
dmel-FBgn0035811	0	0	0	0
dmel-FBgn0035812	0.0615976900866217	0.0615976900866217	0.0471607314725697	0.028873917228104
dmel-FBgn0035813	0.0460289974930866	0.279378698989481	0	0
dmel-FBgn0035815	0.0624263839811544	0.329799764428739	0	0
dmel-FBgn0035816	0.185567010309279	0.216494845360825	0	0
dmel-FBgn0035817	0	0.0808290155440416	0	0
dmel-FBgn0035823	0.39026748308089	0	0	0
dmel-FBgn0035824	0.0468419462073134	0.0734360834088849	0.04744635841644	0.0154125113327289
dmel-FBgn0035825	0.0588466065123578	0.0763698182293711	0.0231463318948607	0.0270694389956846
dmel-FBgn0035827	0.0462737000187722	0.068706589074526	0.026562793317064	0.0263750703960954
dmel-FBgn0035829	0.0851095543300043	0.0412878223282158	0.0284692204501416	0.0168430466537487
dmel-FBgn0035830	0.0536368393511251	0.0702947845804989	0.0188383045525903	0.0208442351299494
dmel-FBgn0035831	0.0310548800525797	0.054880052579691	0.025303976339139	0.0118304304962208
dmel-FBgn0035833	0.0423752439364371	0.00501812099247282	0.096180652355729	0.00446055199330917
dmel-FBgn0035838	0.088082901554404	0.0715025906735751	0.039378238341969	0.0269430051813472
dmel-FBgn0035839	0.039656518345043	0.0858704137392661	0.0395003903200625	0.0301327088212334
dmel-FBgn0035842	0.0832157968970382	0.0437235543018334	0.0211565585331453	0.0141043723554302
dmel-FBgn0035844	0.0464171822617133	0.176755975905585	0.00605085993076943	0
dmel-FBgn0035845	0	0.545454545454545	0	0
dmel-FBgn0035848	0.0525256590863353	0.07385791909841	0.0352183537935198	0.0378345743610385
dmel-FBgn0035849	0.0183404160143144	0.0174457615745918	0.0194587340639678	0.0102885260568105
dmel-FBgn0035850	0.0275328347657849	0.0496335156453474	0.0494102764445437	0.0248911708896082
dmel-FBgn0035851	0.0407383831954169	0.0437088903034161	0.0301294292382771	0.011457670273711
dmel-FBgn0035852	0.351231190150478	0	0	0
dmel-FBgn0035853	0.035536044362292	0.0377541589648798	0.0420517560073937	0.0169593345656192
dmel-FBgn0035854	0.0714285714285714	0.0451770451770452	0.0274725274725275	0
dmel-FBgn0035855	0.370093457943926	0	0	0
dmel-FBgn0035856	0.688888888888889	0	0	0
dmel-FBgn0035857	0.591836734693878	0	0	0
dmel-FBgn0035859	0.287569573283859	0.217068645640074	0	0
dmel-FBgn0035861	0.311004784688996	0	0	0
dmel-FBgn0035865	0.0648429584599796	0.276595744680851	0	0
dmel-FBgn0035866	0.0412613575628007	0.049812934259754	0.0376269374665953	0.0494922501336183
dmel-FBgn0035867	0.0718660677827685	0.0841159657002859	0.0371580236831359	0.0347080440996325
dmel-FBgn0035868	0.0671434247119586	0.033373063170441	0.425109257052046	0.00595947556615018
dmel-FBgn0035870	0	0	0	0
dmel-FBgn0035871	0.184531178732	0.125431680458722	0.115853261223692	0.0870528442040789
dmel-FBgn0035872	0.0824151213831408	0.0701424348293469	0.0193496371943026	0.0108393800949565
dmel-FBgn0035875	0.0278015397775877	0.307955517536356	0	0
dmel-FBgn0035876	0.0281397544853636	0.0368271954674221	0.0508026440037772	0.0415486307837583
dmel-FBgn0035877	0.0383916158699604	0.0673724735322425	0.0881189177628061	0.0251844722489573
dmel-FBgn0035878	0.110314311870613	0.0537076594446138	0.0227342081171804	0.00793408605431796
dmel-FBgn0035879	0.0514306857424766	0.0630241736556486	0.0608041440552539	0.0156635421805624
dmel-FBgn0035880	0.0385395537525356	0.0699797160243407	0.0111561866125761	0.0212981744421907
dmel-FBgn0035886	0.116614546842336	0	0.465034148453209	0
dmel-FBgn0035887	0.109366843885935	0	0.388496858385694	0
dmel-FBgn0035888	0.177184466019418	0	0.131067961165049	0.0206310679611651
dmel-FBgn0035890	0.131568703775789	0.0334760607240171	0.0264694433631764	0.0237446477228493
dmel-FBgn0035896	0.031408191440405	0.0301426599171652	0.0686838472158307	0.00333640128854119
dmel-FBgn0035900	0.0597515944947968	0.0412890231621349	0.0214837193689157	0.00973481033903994
dmel-FBgn0035901	0.104490500863558	0.0854922279792746	0.0371329879101899	0.0198618307426598
dmel-FBgn0035902	0.0420693575895396	0.0528709494030699	0.0432063672541216	0.0193291642978965
dmel-FBgn0035903	0.138983050847458	0	0	0
dmel-FBgn0035904	0.0484670580560992	0.120270711024136	0.0656881930854535	0.0745923026744946
dmel-FBgn0035906	0.0861090550209722	0.116827041697508	0.06686405132001	0.0254132741179373
dmel-FBgn0035907	0.0877156299006796	0.135703084161004	0.00470465237846314	0
dmel-FBgn0035909	0.0521556118254464	0.0622184221776448	0.019796770692887	0.0430793515077773
dmel-FBgn0035911	0.0486725663716814	0.0692648059904699	0.0408441116405718	0.0325051055139551
dmel-FBgn0035914	0.518518518518519	0	0	0
dmel-FBgn0035915	0.594682311821245	0.00056172762451629	0	0.00293346648358507
dmel-FBgn0035916	0.0391436534076514	0.0578920699265263	0.0444641499873321	0.0573853559665569
dmel-FBgn0035917	0.0127791941250982	0.111445155290458	0.00123462728686645	6.21322173585388e-05
dmel-FBgn0035918	0.0635179153094462	0.0496742671009771	0.0317589576547231	0.0211726384364821
dmel-FBgn0035922	0.18	0	0	0
dmel-FBgn0035923	0.112846347607053	0.0584382871536524	0.0211586901763224	0.0191435768261965
dmel-FBgn0035924	0.363036303630364	0	0	0
dmel-FBgn0035926	0.0542332027719192	0	0.778146027920056	0
dmel-FBgn0035929	0.473913043478261	0	0	0
dmel-FBgn0035931	0.157754010695187	0	0	0
dmel-FBgn0035934	0.052757793764988	0	0.167865707434053	0
dmel-FBgn0035936	0.031643732218545	0.115078673866342	0	0
dmel-FBgn0035941	0	0	0	0
dmel-FBgn0035942	0.232876712328767	0.0299657534246576	0.011986301369863	0.0102739726027397
dmel-FBgn0035943	0.487734487734488	0	0	0
dmel-FBgn0035944	0.0415406331921759	0.040330711837064	0.0380116959064327	0.029038112522686
dmel-FBgn0035945	0.0628663540445486	0.0760550996483001	0.0423505275498241	0.0417643610785463
dmel-FBgn0035947	0.0521257831032176	0.0527948421628854	0.0294385986253877	0.0270664801411106
dmel-FBgn0035948	0	0	0.117647058823529	0
dmel-FBgn0035949	0	0	0	0
dmel-FBgn0035951	0.0488393126318963	0.060295447693699	0.0289418148929756	0.0177871570696412
dmel-FBgn0035952	0.372609028309105	0	0	0
dmel-FBgn0035953	0.0594582185491277	0.0523415977961433	0.0461432506887053	0.0227272727272727
dmel-FBgn0035954	0.116814159292035	0.0955752212389381	0	0
dmel-FBgn0035955	0.382466281310211	0	0	0
dmel-FBgn0035956	0.156424581005587	0.0754189944134078	0	0
dmel-FBgn0035957	0.37720553171197	0	0	0
dmel-FBgn0035959	0.0325619737384443	0.079373491138197	0.0316198551492669	0.0178413707825473
dmel-FBgn0035960	0.0537190082644629	0.0570247933884297	0.0305785123966941	0
dmel-FBgn0035964	0.0271121851473185	0.176243145273724	0.00184031973231713	0.00462868296310066
dmel-FBgn0035965	0.052021025919884	0.0697843030632589	0.0431393873481965	0.0226572412543049
dmel-FBgn0035968	0.0874519676692725	0.0624089042003445	0.071551609911223	0.265138465615476
dmel-FBgn0035969	0.116541353383458	0	0	0
dmel-FBgn0035970	0.44	0	0	0
dmel-FBgn0035971	0.294117647058824	0	0	0
dmel-FBgn0035975	0.0240264380135763	0.0349231868524472	0.0882458020721686	0
dmel-FBgn0035976	0.0306222173960256	0.0654794223042676	0.018785970246498	0.0271473558475404
dmel-FBgn0035977	0.0124966764158469	0.0311087476734911	0	0
dmel-FBgn0035978	0.0265290616689883	0.0191211852602255	0.00576168165125996	0.0682537672533873
dmel-FBgn0035980	0.0471001757469245	0.0769771528998243	0.0467486818980668	0.0305799648506151
dmel-FBgn0035981	0.061863000711069	0.117326380658924	0.0679663427352453	0.025361460061626
dmel-FBgn0035983	0.0376506024096386	0.0489039491298528	0.0453898929049532	0.0207078313253012
dmel-FBgn0035985	0.0371357935816315	0.333672754139355	0	0
dmel-FBgn0035986	0.0813953488372093	0.0518541797611565	0.0273412947831552	0.00848522941546197
dmel-FBgn0035987	0.0534903518728717	0.0466089670828604	0.0153234960272418	0.0158200908059024
dmel-FBgn0035988	0.373612684031709	0.00198187995469989	0	0.00101925254813137
dmel-FBgn0035989	0.104346461635023	0.0811234897222657	0.0119253099011454	0.00847324650870862
dmel-FBgn0035993	0.225746268656717	0.15205223880597	0.0718283582089553	0.0335820895522388
dmel-FBgn0035995	0.0369952345121645	0.0871164618342949	0.0471950505810551	0.00865312264860798
dmel-FBgn0035996	0.0522598870056498	0.0374293785310735	0.0233050847457627	0.0473163841807909
dmel-FBgn0035997	0.071968772871432	0.0809953647231034	0.0343986338131251	0.0197609172969017
dmel-FBgn0035998	0	0.0175336060783168	0.0119812974868498	0
dmel-FBgn0035999	0.112730806608358	0.0191124068675089	0.0119857466796242	0.00939423388402981
dmel-FBgn0036000	0.0656231186032511	0.0785671282360024	0.040939193257074	0.0213726670680313
dmel-FBgn0036004	0.0654104004348612	0.0784562420728391	0.0409494473636528	0.0315274506251133
dmel-FBgn0036005	0.0614617940199335	0.0576649264356906	0.0363075462743237	0.0182724252491695
dmel-FBgn0036007	0.0487300094073377	0.0380683599874568	0.0119159611163374	0.111947318908749
dmel-FBgn0036008	0.0936708860759496	0.0453164556962024	0.0106329113924051	0.0155696202531646
dmel-FBgn0036014	0.614110101549973	0	0	0
dmel-FBgn0036016	0.608967674661106	0	0	0
dmel-FBgn0036018	0.0679660169915042	0.0689655172413793	0.0289855072463768	0.0109945027486257
dmel-FBgn0036020	0.0612126149191201	0.0487606191085769	0.0329337833119981	0.0167578261375538
dmel-FBgn0036023	0.129312454122828	0	0.46598972351358	0
dmel-FBgn0036024	0.0820315024370002	0	0.488888662138461	0
dmel-FBgn0036028	0.0678285445124823	0.0838436175223742	0.0242581252943947	0.0124823363165332
dmel-FBgn0036029	0.324301439458086	0	0	0.0570138300874964
dmel-FBgn0036030	0.0387975653182063	0.0108070059210799	0.00422342760134156	0.165314065670159
dmel-FBgn0036031	0.377389858686616	0	0	0
dmel-FBgn0036032	0.164423426700619	0.0502000727537286	0.0269188795925791	0.0174608948708621
dmel-FBgn0036035	0.123628383321141	0.060960741282614	0.0251158254084369	0.0187759083150451
dmel-FBgn0036036	0.152348993288591	0.0590604026845637	0.0228187919463087	0.0241610738255034
dmel-FBgn0036038	0.073502722323049	0.0644283121597096	0.0272232304900181	0.0204174228675136
dmel-FBgn0036039	0.0566706021251476	0.0698937426210153	0.0448642266824085	0.0207792207792207
dmel-FBgn0036040	0.0736842105263158	0.154385964912281	0.0327485380116959	0
dmel-FBgn0036043	0.0392020815264527	0.033304423243712	0.0882914137033826	0
dmel-FBgn0036046	0.192460317460317	0	0	0
dmel-FBgn0036052	0.111170212765957	0.0561170212765957	0.0497340425531915	0.0172872340425532
dmel-FBgn0036053	0.0431596091205212	0.0500814332247557	0.0175081433224756	0.0393322475570033
dmel-FBgn0036056	0	0	0	0
dmel-FBgn0036057	0	0	0	0
dmel-FBgn0036058	0.0363723681217299	0.035588807724389	0.0385461163208048	0.0367767863913253
dmel-FBgn0036059	0.0455364455364455	0.0773682773682773	0.0375102375102375	0.00977340977340978
dmel-FBgn0036062	0.025974025974026	0.012987012987013	0.0155380333951762	0
dmel-FBgn0036063	0.0995955510616782	0.0535894843276037	0.0326086956521739	0.0184529828109201
dmel-FBgn0036066	0.0176646706586827	0	0.0802395209580838	0
dmel-FBgn0036070	0.276422764227642	0	0	0
dmel-FBgn0036072	0.473684210526316	0	0	0
dmel-FBgn0036075	0.364144235652615	0	0	0
dmel-FBgn0036082	0.322993599212211	0	0	0
dmel-FBgn0036085	0.168879447689856	0	0	0
dmel-FBgn0036089	0.328677839851025	0	0	0
dmel-FBgn0036090	0.0463026952315135	0.0444598018889658	0.0319050909928588	0.0171619442524764
dmel-FBgn0036093	0.403348554033486	0	0	0
dmel-FBgn0036094	0.187845303867403	0.303867403314917	0	0
dmel-FBgn0036096	0.0717624415727248	0.0596645587022273	0.0306571350013748	0.0206213912565301
dmel-FBgn0036099	0.0350815850815851	0.0524475524475524	0.0124708624708625	0.0571678321678322
dmel-FBgn0036101	0.0392594609311189	0.163354206370814	0.0212904982303294	0.0204192757963517
dmel-FBgn0036104	0.0660261148066026	0.0615915250061591	0.0357230845035723	0.0199556541019956
dmel-FBgn0036105	0.0503959683225341	0.0611951043916486	0.0482361411087112	0.048956083513319
dmel-FBgn0036106	0.158608669293725	0.110980600181873	0	0.00761594422552289
dmel-FBgn0036107	0.0385009682196151	0.10798496411892	0.0709648023692904	0.0339446406196605
dmel-FBgn0036109	0.134020618556701	0.481363996827914	0	0
dmel-FBgn0036110	0	0	0	0
dmel-FBgn0036111	0.0608622147083685	0.0657328019965382	0.0181137543774906	0.013846958901904
dmel-FBgn0036116	0.0271957200178332	0.0138207757467677	0	0
dmel-FBgn0036117	0.0727820844099913	0.0366063738156761	0.0258397932816537	0.0254091300602929
dmel-FBgn0036118	0.0322393822393822	0.0691119691119689	0.0515444015444015	0.0277992277992278
dmel-FBgn0036121	0.0864381520119224	0.0910581222056634	0.0332339791356185	0.0081967213114754
dmel-FBgn0036124	0.0698945724326435	0.0714564623194064	0.0288949629051152	0.0144474814525576
dmel-FBgn0036125	0.389168765743073	0	0	0.0163727959697733
dmel-FBgn0036126	0.0288104089219332	0.0480736735383576	0.0199391686380534	0.0398783372761067
dmel-FBgn0036133	0.091154518024456	0.0644751468953469	0.0309671272034302	0.0438303954263936
dmel-FBgn0036134	0.0645208917761702	0.0735272405138048	0.0180126974752695	0.0106304444116344
dmel-FBgn0036135	0.0629208265614116	0.076851636870211	0.0387740886928256	0.0294868818202925
dmel-FBgn0036136	0.05	0.0804710144927536	0.037572463768116	0.0152898550724638
dmel-FBgn0036141	0.0941622691292874	0.0580474934036937	0.0463390501319261	0.00643139841688654
dmel-FBgn0036142	0.198190435157259	0.016803102111159	0.020249892287807	0.011632916846187
dmel-FBgn0036144	0.117532782904323	0.067508499271491	0.00728508984944148	0.0126274890723652
dmel-FBgn0036145	0	0	0	0
dmel-FBgn0036146	0	0	0	0
dmel-FBgn0036147	0.0264092006247338	0.04969473235837	0.00312366889109754	0.0274504235884329
dmel-FBgn0036152	0.0335242945045619	0.0666242308508383	0.014640356460853	0.0118820284319966
dmel-FBgn0036153	0.375609756097562	0	0	0
dmel-FBgn0036155	0.0730235365117683	0.0805672902836452	0.00452625226312613	0.00814725407362704
dmel-FBgn0036156	0.31810766721044	0	0	0
dmel-FBgn0036157	0	0	0	0
dmel-FBgn0036159	0.412807088199759	0	0	0
dmel-FBgn0036160	0.530695770804912	0	0	0
dmel-FBgn0036161	0.440734557595993	0	0	0
dmel-FBgn0036162	0.381524249422633	0	0	0
dmel-FBgn0036165	0.0741425689307331	0.0566577000672494	0.0208473436449227	0.00201748486886348
dmel-FBgn0036168	0.174757281553398	0	0	0
dmel-FBgn0036169	0	0	0	0
dmel-FBgn0036170	0	0	0	0
dmel-FBgn0036173	0.0237805701932171	0.031617349006891	0.0156735576273477	0.0164842588839346
dmel-FBgn0036179	0.172043010752688	0	0	0
dmel-FBgn0036180	0.115264168097788	0.0398020002020405	0.0431356702697241	0.0173754924739873
dmel-FBgn0036181	0.121552190373175	0	0	0
dmel-FBgn0036183	0.309331373989713	0.0389419544452609	0	0
dmel-FBgn0036184	0.0602129075182967	0.0844976713240187	0.029940119760479	0.0276114437791085
dmel-FBgn0036186	0.148148148148148	0	0	0
dmel-FBgn0036187	0.0344311377245509	0.0261976047904191	0.0175898203592815	0.00561377245508982
dmel-FBgn0036188	0.0476668339187155	0.0727546412443553	0.023331660812845	0.0137982940291018
dmel-FBgn0036191	0.0372604684173172	0.0312278211497515	0.0170333569907736	0.00603264726756565
dmel-FBgn0036192	0.0219849246231156	0.0278475711892797	0.0496231155778894	0.0125628140703518
dmel-FBgn0036193	0.0680441752760955	0.12326327039544	0.0819380121125758	0.0491628072675454
dmel-FBgn0036194	0.0494498545592511	0.0485645630454028	0.0233969900088529	0.0192234728721386
dmel-FBgn0036195	0	0	0	0
dmel-FBgn0036196	0.0480103806228374	0.0719434832756633	0.114475201845444	0.00699250288350634
dmel-FBgn0036198	0.0569744597249508	0.093222003929273	0.0113948919449902	0.0139489194499018
dmel-FBgn0036199	0.0379037574159525	0.040210942649967	0.0304878048780488	0.034278180619644
dmel-FBgn0036202	0.145685997171146	0.0127298444130127	0	0
dmel-FBgn0036204	0.62208398133748	0	0	0
dmel-FBgn0036205	0.0492636517659325	0.0444415482861985	0.134236934706112	0.00377948651114297
dmel-FBgn0036206	0.35048231511254	0	0	0
dmel-FBgn0036207	0.0698573127229488	0.084423305588585	0.0362663495838288	0.0300237812128419
dmel-FBgn0036208	0.0849785407725323	0.0472103004291845	0	0
dmel-FBgn0036210	0.023197715917202	0.0317630264097073	0.0130264097073519	0.0105281941470378
dmel-FBgn0036211	0.027310796868362	0.0306487831522728	0.0143229956909632	0.0287066820416338
dmel-FBgn0036212	0.139100932994063	0.0195080576759966	0	0
dmel-FBgn0036213	0.0470379885759896	0.0545982888927689	0.0311216981367389	0.061365393729266
dmel-FBgn0036214	0.32829131652661	0	0	0
dmel-FBgn0036217	0.31563981042654	0	0	0
dmel-FBgn0036218	0.344589096826688	0	0	0
dmel-FBgn0036220	0	0	0.222222222222223	0
dmel-FBgn0036221	0.400491400491401	0	0	0
dmel-FBgn0036222	0.422851562499999	0	0	0
dmel-FBgn0036224	0.253226797787338	0	0	0
dmel-FBgn0036225	0.0260191720214896	0	0.057990097966923	0
dmel-FBgn0036226	0.0180246405363286	0	0.0361963009791526	0
dmel-FBgn0036227	0.215725234175419	0	0	0
dmel-FBgn0036228	0.174588665447898	0	0	0
dmel-FBgn0036229	0.0529931305201178	0	0.225711481844946	0
dmel-FBgn0036236	0.398130841121495	0	0	0
dmel-FBgn0036237	0.0370436490225833	0.0617245380701598	0.0250825671695081	0.00968490582879585
dmel-FBgn0036239	0.0570272739136108	0.0486754534777503	0.0181391100091348	0.0179433642176693
dmel-FBgn0036240	0.0519290928050052	0.0437956204379562	0.00792492179353495	0.233368091762252
dmel-FBgn0036246	0.59351145038168	0	0	0
dmel-FBgn0036248	0.0742834073475981	0.0750908356883326	0.0375454178441663	0.0551069842551473
dmel-FBgn0036249	0.0541822721598002	0.0714107365792759	0.0339575530586766	0.0239700374531835
dmel-FBgn0036254	0.0981558596073766	0.0559190957763236	0.0214158239143367	0.016656751933373
dmel-FBgn0036255	0.035411688029546	0.0634368889854443	0.0660438844232021	0.0143384749076689
dmel-FBgn0036257	0.0378908320084791	0.0469587234293117	0.0842312901136431	0.0408349525996584
dmel-FBgn0036258	0.0509558968450096	0.0959535469003474	0.0230901014266438	0.0255310116890796
dmel-FBgn0036262	0.0361427905202018	0.00309492517064485	0	0.105375842625175
dmel-FBgn0036263	0.0313068802329815	0.0338551146705497	0.0127411721878413	0.00691663633054241
dmel-FBgn0036264	0.00780404511676005	0.0684447223491498	0	0
dmel-FBgn0036266	0.0924242424242423	0.0287878787878788	0	0
dmel-FBgn0036271	0.0507862303442413	0.209201019974501	0.0182745431364216	0.0093497662558436
dmel-FBgn0036272	0.0812920592193811	0.0600269179004037	0.0592193808882907	0.014535666218035
dmel-FBgn0036273	0.190893169877408	0.259194395796848	0.0245183887915937	0.0525394045534151
dmel-FBgn0036277	0.0635	0.051	0.0268333333333334	0
dmel-FBgn0036278	0.0644028103044495	0.0807962529274004	0	0
dmel-FBgn0036279	0.056338028169014	0.0975081256771398	0.0320693391115926	0.0108342361863489
dmel-FBgn0036282	0.0285977859778597	0.115313653136532	0	0
dmel-FBgn0036285	0.117866004962779	0.117866004962779	0	0
dmel-FBgn0036286	0.0854803416390203	0.0476459377426413	0.0311992658996258	0.0176466436083857
dmel-FBgn0036287	0.0315789473684211	0.0505263157894737	0	0
dmel-FBgn0036288	0.0441656642034714	0.0199346966832789	0.0451967692043306	0.0359168241965974
dmel-FBgn0036289	0	0	0	0
dmel-FBgn0036290	0.0196327212020033	0.0176961602671118	0.00694490818030051	0.00888146911519198
dmel-FBgn0036291	0.0352878747678429	0.0448394799681613	0.0546564075351552	0.0177765985672592
dmel-FBgn0036292	0.0482659992849482	0.0514837325706114	0.0278870218090812	0.0235967107615302
dmel-FBgn0036294	0.0814814814814814	0	0	0
dmel-FBgn0036298	0.0383551029444321	0.0567301306176666	0.0500885543502325	0.010903254372371
dmel-FBgn0036299	0.0747663551401869	0.0757632398753895	0.009595015576324	0.0502180685358254
dmel-FBgn0036300	0.0223414289082763	0.0208677198773874	0.0209266682386229	0.0483966045743929
dmel-FBgn0036301	0.0764784348599377	0.0466874166296132	0.0262338817252113	0
dmel-FBgn0036302	0.0502699055330634	0.060166441745389	0.0728744939271255	0.0130454340980657
dmel-FBgn0036305	0.0817130846032579	0.1022070415134	0.0260115606936416	0.0178665265370468
dmel-FBgn0036306	0.0525995125913891	0.0651909017059302	0.0400081234768481	0.0278229082047116
dmel-FBgn0036309	0.0391355670571144	0.0163443203486788	0.0986107327703624	0.00762734949605013
dmel-FBgn0036310	0.407783417935702	0	0	0
dmel-FBgn0036311	0.384070796460177	0	0	0
dmel-FBgn0036314	0.0654345080932155	0.0761106646768454	0.0320284697508897	0.0184823786017679
dmel-FBgn0036316	0.029019743828699	0.0965085282070174	0.0102511865802649	0.0135237641143452
dmel-FBgn0036317	0.0736265810836323	0.0685293562393808	0.016046818954125	0.03209363790825
dmel-FBgn0036318	0.0455324727712787	0.0631555062525212	0.0536002420330779	0.0180516337232755
dmel-FBgn0036319	0.0954907161803713	0.0636604774535809	0.0424403183023872	0.0318302387267905
dmel-FBgn0036320	0.0820399113082041	0	0.451441241685144	0
dmel-FBgn0036321	0.0368377483443708	0	0.159561258278146	0
dmel-FBgn0036323	0.112396694214876	0.175206611570248	0	0
dmel-FBgn0036324	0	0	0	0
dmel-FBgn0036325	0.40506329113924	0	0	0
dmel-FBgn0036327	0.251811594202899	0	0	0
dmel-FBgn0036328	0.429085673146148	0	0	0
dmel-FBgn0036329	0.376041666666666	0	0	0
dmel-FBgn0036330	0	0	0	0
dmel-FBgn0036331	0.0572207084468665	0.105812897366031	0.0463215258855586	0.0549500454132606
dmel-FBgn0036332	0.062645011600928	0.0278422273781902	0.0580046403712298	0.0290023201856148
dmel-FBgn0036333	0.0731497418244408	0.0623063683304649	0.054905335628227	0.0184165232358004
dmel-FBgn0036334	0.051547224690959	0.0355498101316958	0.0256928173224529	0.00618081926153349
dmel-FBgn0036335	0.0505216913783636	0.0349624748306792	0.0358777228628959	0.0199524071023247
dmel-FBgn0036336	0.0230227518959913	0.0254604550379198	0.0119176598049838	0.00866738894907912
dmel-FBgn0036337	0.0263782866836301	0.0139525021204411	0.0132315521628499	0.108778625954198
dmel-FBgn0036340	0.0821942773829049	0.0617823947512302	0.0225988700564972	0.0120284308365227
dmel-FBgn0036341	0.028158041179744	0.0286032276015582	0.037803746985717	0.0386941198293452
dmel-FBgn0036342	0.0309641097818438	0.0281491907107671	0.0178278207834858	0.00914848698099929
dmel-FBgn0036345	0.351851851851851	0	0	0
dmel-FBgn0036346	0.355932203389831	0	0	0
dmel-FBgn0036348	0.247956403269754	0	0	0
dmel-FBgn0036352	0	0	0	0
dmel-FBgn0036353	0.0632808034620723	0.0225361312974606	0.006287254021393	0.0315995754062219
dmel-FBgn0036354	0.190047286647152	0.0243188471065076	0.00900698040981759	0
dmel-FBgn0036356	0.0435878962536023	0.06664265129683	0.0450288184438041	0.0226945244956772
dmel-FBgn0036360	0.0856123662306777	0.156956004756243	0.0118906064209275	0
dmel-FBgn0036361	0.0318128261235482	0	0	0
dmel-FBgn0036362	0.188834718121266	0	0.0206001510677745	0
dmel-FBgn0036363	0.22119341563786	0	0.081275720164609	0
dmel-FBgn0036364	0.0229709899537193	0.139321593859352	0.00485382097302178	0
dmel-FBgn0036365	0.0990980573543016	0.108117483811286	0.00901942645698427	0.00624421831637372
dmel-FBgn0036366	0.0931703204047218	0.107925801011804	0.03035413153457	0.0206576728499156
dmel-FBgn0036367	0.0251341428974866	0	0.129765602937023	0
dmel-FBgn0036368	0.0431266846361186	0	0.121293800539084	0
dmel-FBgn0036369	0.170305676855895	0.0496724890829694	0	0
dmel-FBgn0036372	0.0387651289247501	0.0365432964976904	0.0730281237209846	0.0165468046541542
dmel-FBgn0036373	0.0611154752553026	0.0956794972505891	0.027808326787117	0.0191673212882954
dmel-FBgn0036374	0.07885657959586	0.0749137506160671	0.0409068506653524	0.0216855593888616
dmel-FBgn0036376	0.0680182463253929	0.0699442473390776	0.0505828687278256	0.0271667511403953
dmel-FBgn0036377	0.0311890838206628	0.0994152046783625	0	0
dmel-FBgn0036381	0.0411898940505297	0.00169519152404238	0.0863895680521599	0.157310513447433
dmel-FBgn0036386	0.0607609312890404	0.0545144804088586	0.0244179443498012	0.0159000567859171
dmel-FBgn0036389	0	0	0	0
dmel-FBgn0036391	0.565217391304348	0	0	0
dmel-FBgn0036393	0.418380743982495	0	0	0
dmel-FBgn0036394	0.585227272727273	0	0	0
dmel-FBgn0036395	0.0794780545670224	0.118623962040332	0	0
dmel-FBgn0036396	0.0973154362416108	0.112975391498882	0.0346756152125279	0.0369127516778524
dmel-FBgn0036397	0.0754614549402823	0.0510314875135722	0.0461454940282301	0.0211726384364821
dmel-FBgn0036398	0.126000592943967	0.0530684850281649	0.0471390453602134	0.0299436703231545
dmel-FBgn0036402	0.0906801007556675	0.0428211586901763	0.0181720043181001	0.0494782295789853
dmel-FBgn0036403	0	0	0	0
dmel-FBgn0036405	0.0719463087248322	0.057986577181208	0.0276510067114094	0.0163758389261745
dmel-FBgn0036406	0.0490931832395247	0.0725453408380237	0.0340838023764853	0.0159474671669794
dmel-FBgn0036410	0.0173306137174097	0.000832535486825126	0	0.214447265814705
dmel-FBgn0036411	0.0150684931506849	0	0.106164383561644	0
dmel-FBgn0036415	0.227906381890267	0	0	0.00191840388796521
dmel-FBgn0036416	0.0774854135682417	0.380825992449377	0	0.000251687449948518
dmel-FBgn0036417	0.0515759312320917	0.357522639167676	0	0.001440326065305
dmel-FBgn0036419	0.042795566502463	0	0.490831964969896	0
dmel-FBgn0036421	0.305936073059361	0	0	0
dmel-FBgn0036422	0.0376036658169027	0	0.165665236051502	0.000419503694859466
dmel-FBgn0036423	0.112730061349693	0	0	0
dmel-FBgn0036426	0.368888888888889	0	0	0
dmel-FBgn0036428	0.0362859178342437	0.0657326050819282	0.0163381619567799	0.106103063405367
dmel-FBgn0036433	0.0869863013698629	0.0636986301369863	0.00804794520547947	0.0148972602739726
dmel-FBgn0036436	0.0643613831700978	0.0857485508694784	0	0
dmel-FBgn0036437	0.404263071597741	0	0	0
dmel-FBgn0036438	0.344155844155844	0	0	0
dmel-FBgn0036439	0.456953642384106	0	0	0
dmel-FBgn0036441	0.533404029692471	0	0	0
dmel-FBgn0036442	0.340399002493766	0	0	0
dmel-FBgn0036443	0.42051683633516	0	0	0
dmel-FBgn0036446	0.0678015849721162	0.0906956266510126	0.023187555033754	0.0311124156149104
dmel-FBgn0036447	0.457943925233645	0	0	0
dmel-FBgn0036448	0.0378642022846875	0.0340991742608994	0.056475420356822	0.0203653788559449
dmel-FBgn0036449	0.0276443485932752	0.0106362121360651	0.0595039701990002	0.0374963238898147
dmel-FBgn0036450	0.0627312775330398	0.0837004405286342	0.0241409691629956	0.0137444933920705
dmel-FBgn0036451	0.0645598806455989	0.0661874406618745	0.0321443103214431	0.0222433202224332
dmel-FBgn0036454	0.0233743109881992	0.131040100013259	0	0
dmel-FBgn0036460	0.0759608824198315	0.0591312258357971	0.0316124630429838	0.017511939959063
dmel-FBgn0036461	0.118669690098261	0.0708616780045352	0.0347694633408919	0
dmel-FBgn0036462	0.0862418374240039	0.0580950236433236	0.0373789687007431	0.0141859941454627
dmel-FBgn0036463	0.0587859424920128	0.0440894568690096	0.0287539936102236	0
dmel-FBgn0036465	0.345188284518828	0	0	0
dmel-FBgn0036466	0	0	0	0
dmel-FBgn0036467	0.503693444136657	0.00300092336103416	0	0
dmel-FBgn0036468	0.449688796680498	0	0	0
dmel-FBgn0036469	0.609868928296068	0	0	0
dmel-FBgn0036470	0.472527472527473	0	0	0
dmel-FBgn0036471	0.1701603202461	0.002741022657806	0	0
dmel-FBgn0036476	0.0802980132450332	0.0823675496688741	0.0318708609271524	0.0190397350993377
dmel-FBgn0036479	0.355704697986578	0	0	0
dmel-FBgn0036480	0.131436978911231	0.0897498773908779	0.0112800392349191	0
dmel-FBgn0036481	0.0754917597022859	0.249867091972355	0	0
dmel-FBgn0036482	0.376511226252158	0	0	0
dmel-FBgn0036483	0.0759089093088293	0.0711146624051138	0.0199760287654815	0.0135836995605273
dmel-FBgn0036484	0.0787072981366459	0.0371700310559007	0.0499805900621119	0.0186335403726708
dmel-FBgn0036485	0.121649484536083	0	0	0
dmel-FBgn0036486	0.165041260315079	0.0247561890472618	0.0105026256564141	0
dmel-FBgn0036487	0.0639735932096826	0.0474693492612387	0.0301791889342974	0.0169757937755423
dmel-FBgn0036488	0.0739447086801427	0.0439209274673008	0.0164239001189061	0.0066884661117717
dmel-FBgn0036489	0.040534951054736	0.0650765200606645	0.00454984144491935	0.0216462153591617
dmel-FBgn0036490	0.408460471567267	0	0	0
dmel-FBgn0036491	0.279761904761905	0	0	0
dmel-FBgn0036492	0.259336099585062	0	0	0
dmel-FBgn0036493	0.0189704009771055	0.00480756737091032	0.00148125048725345	0.125100699046283
dmel-FBgn0036494	0.159722222222222	0	0	0
dmel-FBgn0036496	0.318561335902376	0	0	0
dmel-FBgn0036497	0.495535714285714	0	0	0
dmel-FBgn0036498	0.309226932668329	0	0	0
dmel-FBgn0036499	0.2	0	0	0
dmel-FBgn0036500	0.0612476370510397	0.0754253308128544	0.0313799621928166	0.0151228733459357
dmel-FBgn0036501	0.0351498293083828	0.0565811101277026	0.0172588190668858	0.010494373498546
dmel-FBgn0036502	0.0839763958238765	0.044030866999546	0.00892722045695265	0.0821606899682251
dmel-FBgn0036503	0	0	0	0
dmel-FBgn0036504	0	0	0	0
dmel-FBgn0036505	0.0907816333683842	0.0701717490361024	0.038205397826849	0.0297932001402034
dmel-FBgn0036509	0.0310856878719593	0.0325301900964928	0.0481885942104351	0.0244409776391056
dmel-FBgn0036510	0.0547469771607703	0.0454545454545454	0.0191446484549933	0.0204881325570981
dmel-FBgn0036512	0.155667052618037	0.0472147176122474	0.0303615077833527	0.0303615077833527
dmel-FBgn0036514	0.0786052009456264	0.0537825059101654	0.0301418439716312	0.016548463356974
dmel-FBgn0036515	0.0585346534653465	0.0775445544554455	0.0370693069306931	0.0312079207920791
dmel-FBgn0036516	0.0414959163203898	0.0860581745235708	0.0330133256913598	0.0121793953288437
dmel-FBgn0036518	0.0911844895486213	0.0363526204180551	0.0293850348379279	0.0172674946985762
dmel-FBgn0036519	0.0588235294117647	0.0425657700266036	0.0168489506355306	0.0215784806384865
dmel-FBgn0036520	0.57185628742515	0	0	0
dmel-FBgn0036522	0.115473441108545	0.0560870999670076	0.0204552952820851	0.0224348399868031
dmel-FBgn0036529	0.0468909276248726	0.00968399592252802	0	0.190621814475026
dmel-FBgn0036532	0	0	0	0
dmel-FBgn0036534	0.0805147058823529	0.0668198529411764	0.0358455882352941	0.0326286764705881
dmel-FBgn0036536	0.130718954248366	0.0506535947712419	0.0416666666666667	0.0253267973856208
dmel-FBgn0036537	0.118114063512638	0.21548930654569	0.0887880751782244	0.0695074530136099
dmel-FBgn0036538	0.162327095199349	0.155614320585842	0.156427990235964	0.0299023596419854
dmel-FBgn0036544	0.0174160861304623	0.0012666244458518	0	0
dmel-FBgn0036545	0.0564897530215449	0.0935365212821862	0.0281135049921177	0.0441408302679979
dmel-FBgn0036546	0.0866229822598691	0.0529007511587021	0.032443663097331	0.0150231740450695
dmel-FBgn0036547	0.0398813998162532	0.094587822600852	0.00250563768479078	0.00283972270942956
dmel-FBgn0036549	0.0535340861564199	0.209201171058135	0.0104558762024258	0.0122961104140527
dmel-FBgn0036550	0.0332849259366831	0.138367702584955	0	0
dmel-FBgn0036551	0.0390342634089923	0.0415642619632789	0.0390342634089923	0
dmel-FBgn0036552	0	0	0	0
dmel-FBgn0036553	0.191992921919929	0.0754257907542581	0	0
dmel-FBgn0036556	0.045142555438226	0.0683738120380148	0.0402147131291798	0.0118796198521647
dmel-FBgn0036557	0.0702416918429003	0.0820745216515611	0.0576535750251762	0.0354984894259819
dmel-FBgn0036560	0.0479573712255772	0	0	0
dmel-FBgn0036563	0.443461160275319	0	0	0
dmel-FBgn0036565	0.165694282380397	0.0688448074679114	0.0396732788798132	0.0431738623103849
dmel-FBgn0036566	0.0457072597027692	0.0474179407676682	0.0648989628996045	0.0362985138458248
dmel-FBgn0036568	0.266898954703833	0	0	0
dmel-FBgn0036569	0.0985915492957746	0.0823401950162513	0.0314192849404117	0.0238353196099675
dmel-FBgn0036570	0.0827366746221161	0.0859188544152745	0.0381861575178998	0.0254574383452665
dmel-FBgn0036571	0.0664791613398108	0.0437228330350294	0.0715929429813347	0.0690360521605727
dmel-FBgn0036574	0.0654349499615088	0.056966897613549	0.0331023864511162	0.0107775211701309
dmel-FBgn0036575	0	0	0.0118976799524093	0.0124925639500298
dmel-FBgn0036576	0.01289592760181	0.00995475113122172	0.00769230769230769	0.0128205128205128
dmel-FBgn0036579	0.0474817377931564	0.0603613994617456	0.0472895040369089	0.0326797385620915
dmel-FBgn0036580	0.043321458415798	0.0623653076483266	0.0290715573734441	0.0133702775212209
dmel-FBgn0036581	0.0223680524988996	0.0312112360449762	0.0144051858669121	0.0226881677403865
dmel-FBgn0036587	0.0557022809123649	0.0619447779111644	0	0.00504201680672269
dmel-FBgn0036589	0.189855072463768	0.257487922705314	0.0966183574879227	0
dmel-FBgn0036595	0.0219624512929508	0.0648246546227417	0	0
dmel-FBgn0036596	0.476923076923077	0	0	0
dmel-FBgn0036597	0.10212474297464	0.0335846470185057	0	0
dmel-FBgn0036599	0	0	0	0
dmel-FBgn0036600	0.12396694214876	0	0	0
dmel-FBgn0036601	0.127562642369021	0	0	0
dmel-FBgn0036606	0.152317880794702	0.311258278145695	0	0
dmel-FBgn0036609	0.0860655737704918	0	0	0
dmel-FBgn0036612	0	0	0	0
dmel-FBgn0036614	0.0602925437031751	0.0420977524081341	0.0556546557260079	0.0110595790224759
dmel-FBgn0036615	0.0449000778614067	0.0446405398390864	0.0267324162989878	0.0171295094731378
dmel-FBgn0036617	0	0	0	0
dmel-FBgn0036620	0.0247116968698517	0	0	0.372322899505766
dmel-FBgn0036621	0.0553290623179964	0.0595224228305182	0.029120559114735	0.0255096097845079
dmel-FBgn0036622	0.0122693007538342	0	0.0530283337665713	0
dmel-FBgn0036623	0.0177971421186722	0.0111693682383783	0.0156186537680464	0.0239079865598346
dmel-FBgn0036624	0.0743026977594876	0.0603566529492455	0.0194330132601737	0.0114311842706905
dmel-FBgn0036627	0.0233446519524618	0.0152801358234295	0.0252546689303905	0.00445670628183362
dmel-FBgn0036629	0.0380952380952382	0.0488095238095239	0.0226190476190476	0
dmel-FBgn0036640	0.112407211028632	0.0307529162248144	0.0137857900318134	0
dmel-FBgn0036641	0.0722296532565079	0.0491820146105565	0.0230476386459512	0.0116267105669308
dmel-FBgn0036643	0.0439196645332158	0.0527477378062237	0.0894945928051202	0.0256014124917237
dmel-FBgn0036646	0.174825174825175	0.197552447552448	0.0874125874125876	0.041958041958042
dmel-FBgn0036648	0.0513784461152882	0.075187969924812	0.0369674185463659	0.0297619047619048
dmel-FBgn0036652	0.377328577090765	0	0	0
dmel-FBgn0036654	0.318744053282589	0	0	0
dmel-FBgn0036659	0.0555656934306569	0.147901459854015	0	0
dmel-FBgn0036660	0.0843243243243243	0.0410810810810812	0.0194594594594595	0
dmel-FBgn0036661	0.0403079634833796	0.102199976719823	0.011041455343632	0.00773234448010376
dmel-FBgn0036662	0.0840014577259476	0.0439139941690961	0.0306122448979591	0.0222303206997084
dmel-FBgn0036663	0.045347963666993	0.0772645525530992	0.0286384228378901	0.0430031643408382
dmel-FBgn0036665	0.037410071942446	0.0755395683453237	0	0
dmel-FBgn0036666	0.0818020771822571	0.079613741359547	0.0514085240890618	0.0363680572440863
dmel-FBgn0036667	0.0369762832342286	0.0459298749231085	0.0317134850659559	0.0198209281662224
dmel-FBgn0036668	0.14301759640584	0.169599400973418	0.138899288655935	0.0445526020217148
dmel-FBgn0036670	0.55849889624724	0	0	0
dmel-FBgn0036671	0.0644801427933958	0.0684962070504237	0.0383757251227131	0.0209727800089246
dmel-FBgn0036676	0.224576271186441	0	0	0
dmel-FBgn0036677	0.139130434782609	0	0	0
dmel-FBgn0036678	0.175126903553299	0.106598984771574	0	0
dmel-FBgn0036679	0.651785714285714	0	0	0
dmel-FBgn0036680	0.222222222222222	0.351851851851852	0	0
dmel-FBgn0036681	0	0	0	0.385245901639345
dmel-FBgn0036684	0.0594117647058824	0.122156862745098	0.0288235294117647	0.0386274509803922
dmel-FBgn0036685	0.0720555306762203	0.124540976265114	0.0192118226600985	0.0128526645768025
dmel-FBgn0036686	0.205561072492552	0.160873882820258	0.0913604766633566	0.0436941410129097
dmel-FBgn0036687	0.371550370204173	0	0	0.00157056315907561
dmel-FBgn0036688	0.0584795321637427	0.0898078529657477	0.00793650793650793	0
dmel-FBgn0036689	0.301033591731266	0	0	0
dmel-FBgn0036690	0	0	0	0
dmel-FBgn0036691	0.0600945307224848	0.0898041863605672	0.0455773126266036	0.0330857528696827
dmel-FBgn0036695	0.0549624357453539	0.0373665480427046	0.0280743376828786	0.0326215895610913
dmel-FBgn0036696	0.0462850182704019	0.0621193666260657	0.0414129110840438	0
dmel-FBgn0036697	0.0491803278688524	0.0257611241217799	0.0654673195656802	0.0578028528848201
dmel-FBgn0036698	0.0388059701492536	0.0850746268656715	0	0
dmel-FBgn0036702	0.0873103331355428	0.0741713995083496	0.0347545986267696	0.019242180215309
dmel-FBgn0036703	0.606627017841972	0	0	0
dmel-FBgn0036704	0.454828660436137	0	0	0
dmel-FBgn0036705	0.625	0	0	0
dmel-FBgn0036706	0.422086720867209	0	0	0
dmel-FBgn0036708	0.233396584440228	0	0	0
dmel-FBgn0036710	0.128416856492027	0.0597949886104784	0.0170842824601367	0.0111047835990888
dmel-FBgn0036712	0.301724137931035	0	0	0
dmel-FBgn0036713	0.0160904255319149	0	0.113031914893617	0
dmel-FBgn0036714	0.297971918876755	0.104524180967239	0.0405616224648986	0.0390015600624025
dmel-FBgn0036715	0.0669770773638968	0.0770057306590258	0	0
dmel-FBgn0036717	0.0319988261453547	0.358172398613949	0	0
dmel-FBgn0036723	0.35986793837124	0.00403521643433603	0	0.0029347028613353
dmel-FBgn0036725	0.108108108108108	0	0.0540540540540541	0
dmel-FBgn0036726	0.0379560781601245	0.0639806328895037	0.0303475704651565	0.0240359674909216
dmel-FBgn0036727	0.0322447292269533	0	0.153506958798401	0
dmel-FBgn0036728	0.0227341263193165	0.0255151616686212	0.0125314122968671	0.00492544814876864
dmel-FBgn0036729	0.366332315743567	0	0	0
dmel-FBgn0036730	0.464601769911505	0	0	0
dmel-FBgn0036731	0.24633431085044	0	0	0
dmel-FBgn0036732	0.0462564929249507	0.0546301271717715	0.0406143650367186	0.0352409099050689
dmel-FBgn0036733	0.0835992342054881	0.106253988513082	0.0347798340778557	0.0207402680280792
dmel-FBgn0036734	0.0369837682350524	0.0355455105814671	0.0108896650914321	0.00760221902609408
dmel-FBgn0036735	0.0658520027155465	0.0744512333107041	0.0463905861054537	0.0194614166100928
dmel-FBgn0036740	0.0397682031319119	0.0565557816508892	0.0476201008581793	0.0313191188180129
dmel-FBgn0036741	0.0494014500084303	0.0691283088855169	0.0617096611026808	0.0257966616084977
dmel-FBgn0036742	0.0532521871434005	0.0928109547356408	0.0627615062761506	0.00760745530620007
dmel-FBgn0036745	0.0512085528354508	0.0466377440347073	0.0292066935233964	0.0275023241400681
dmel-FBgn0036746	0.049390774586597	0.0641862489120974	0.0359007832898172	0.023716275021758
dmel-FBgn0036747	0.306666666666667	0	0	0
dmel-FBgn0036749	0.169590643274854	0	0.163742690058479	0.175438596491228
dmel-FBgn0036751	0.354591836734694	0	0	0
dmel-FBgn0036752	0.0572352867985565	0.0162996142839368	0.135498320268757	0.014059972626602
dmel-FBgn0036754	0.0550387596899226	0.0550387596899226	0.0255813953488372	0
dmel-FBgn0036756	0.0254713196951464	0.0565583634175692	0.0412154031287605	0
dmel-FBgn0036759	0.0410536307546273	0.0249169435215947	0.0666824869482676	0.124703369719981
dmel-FBgn0036760	0.0187910346388952	0.00950871632329635	0.0104143083540865	0.0056599501924383
dmel-FBgn0036761	0.0697315276787837	0.0881444523639818	0.0270848182466144	0.0134236160608221
dmel-FBgn0036762	0.050683433570257	0.0438217605248769	0.0259704756697649	0.0260524876981958
dmel-FBgn0036763	0.320351542305704	0.0189557125624677	0.0106841288988454	0.00758228502498709
dmel-FBgn0036764	0.0522720522720523	0.062964062964063	0.0252450252450252	0
dmel-FBgn0036765	0.0337822918966659	0.030470302495032	0.136674762640759	0.0154559505409582
dmel-FBgn0036766	0.0447418221140847	0	0.100621789672884	0
dmel-FBgn0036767	0.292682926829268	0	0.271474019088017	0
dmel-FBgn0036768	0.0482519503033805	0.0618318405085235	0.00433400751227969	0
dmel-FBgn0036769	0.0712324808553676	0.122670134373645	0	0
dmel-FBgn0036770	0.0311284046692608	0.0481143370248428	0.0535767734211315	0.00868003591739001
dmel-FBgn0036771	0.108685334598956	0.0396298054105363	0.011390602752729	0.0109159943046986
dmel-FBgn0036772	0.0677570093457944	0.0475077881619938	0.0408878504672897	0.0116822429906542
dmel-FBgn0036773	0.0507686807293529	0.089560243117626	0.00947443689667503	0
dmel-FBgn0036774	0.0712779417967104	0.0548291859974694	0.0246731336988612	0.013918177983973
dmel-FBgn0036775	0.0602575107296138	0.0621459227467813	0.0296995708154507	0.0173390557939914
dmel-FBgn0036777	0.10655737704918	0	0	0
dmel-FBgn0036778	0.0129905930188485	0.00516867096240653	0	0
dmel-FBgn0036780	0.0834782608695653	0.455652173913043	0	0
dmel-FBgn0036782	0.027042744984007	0	0	0.210235533585345
dmel-FBgn0036784	0.387732132808104	0	0	0
dmel-FBgn0036785	0.32749645054425	0	0	0
dmel-FBgn0036786	0.509090909090909	0	0	0
dmel-FBgn0036787	0.00787601418010039	0.00197309710748876	0.000523975995349713	0.0546736202647717
dmel-FBgn0036789	0.0544464609800363	0.0217785843920145	0.0526315789473685	0
dmel-FBgn0036790	0.0542857142857142	0	0.0228571428571429	0
dmel-FBgn0036799	0	0	0	0
dmel-FBgn0036801	0.0410863509749304	0.0420148560817084	0.0731197771587744	0
dmel-FBgn0036804	0.0691012464465339	0.113054887382462	0.0273343538158758	0
dmel-FBgn0036805	0.040216851335882	0.0682952115596449	0.0452493574375256	0.0229810579062183
dmel-FBgn0036806	0.0301386377335744	0.00502310628892908	0.0702230259192285	0.116937914406269
dmel-FBgn0036807	0.323319027181688	0	0	0
dmel-FBgn0036808	0.38728323699422	0	0	0
dmel-FBgn0036809	0.159259259259259	0	0	0
dmel-FBgn0036811	0.0660770899382613	0.0807608877023192	0.0365426330719172	0.0201902219255798
dmel-FBgn0036812	0.0546341463414635	0.0468292682926829	0.0448780487804877	0
dmel-FBgn0036813	0.0405313864217974	0.0605148276381153	0.0851648351648351	0.0302950474183351
dmel-FBgn0036814	0.0603364606923324	0.067939178259463	0.0321902296991265	0.023778712390812
dmel-FBgn0036815	0.111907386990077	0.0578831312017641	0.0187431091510474	0
dmel-FBgn0036816	0.034654837815359	0.0770723593013585	0.0121430551705018	0.0624064319378985
dmel-FBgn0036817	0	0	0	0
dmel-FBgn0036818	0.0764488286066586	0.0715166461159061	0.0764488286066586	0
dmel-FBgn0036819	0.0430058850158443	0.0660932548664555	0.0574920778632865	0.0393843368039837
dmel-FBgn0036820	0.0193520140105079	0.0269483362521891	0.0535464098073555	0.0475919439579685
dmel-FBgn0036821	0.0457480506822612	0.0139498050682261	0.0128228557504873	0.258010477582846
dmel-FBgn0036822	0	0	0	0
dmel-FBgn0036824	0.0415781083953241	0.00867871059156925	0.0683669854764436	0.0135936946510804
dmel-FBgn0036825	0.0319307440500971	0.0395688812736364	0.0206444431784818	0.0193473183258325
dmel-FBgn0036826	0.0345434543454345	0.0217821782178218	0.0356435643564356	0.0393839383938394
dmel-FBgn0036827	0.0496438112199466	0.0841495992876224	0.0483081032947462	0.0189225289403384
dmel-FBgn0036828	0.0496134020618556	0.0431701030927835	0.0331829896907216	0.0157860824742268
dmel-FBgn0036829	0	0	0	0
dmel-FBgn0036830	0.184182015167931	0	0	0
dmel-FBgn0036831	0.13223602484472	0	0.345776397515528	0
dmel-FBgn0036832	0.581395348837209	0	0	0
dmel-FBgn0036833	0.0303454256868423	0	0.136321240979824	0
dmel-FBgn0036834	0.0646387832699618	0.0703422053231938	0	0
dmel-FBgn0036835	0.151026392961877	0	0	0
dmel-FBgn0036836	0.0207443563148261	0	0.0372178157413056	0.0793166564978646
dmel-FBgn0036837	0.0430155594329963	0.0107286544479213	0.0748554371494079	0.0779846280300519
dmel-FBgn0036838	0.0598970519419748	0.0575573233504913	0.0205896116050539	0.040711277491811
dmel-FBgn0036839	0	0.0448275862068965	0	0
dmel-FBgn0036842	0.0694860694860696	0.0715950715950716	0.0365190365190366	0.0499500499500499
dmel-FBgn0036843	0.0455390334572491	0.177695167286245	0.008364312267658	0.00179677819083024
dmel-FBgn0036844	0.0537597822388568	0.0404899625723036	0.0326641714869003	0.00850629465804696
dmel-FBgn0036846	0.0305544034287295	0.1182427761648	0.02208627125674	0.0242292271533251
dmel-FBgn0036847	0.0547134935304991	0.0626617375231053	0.0279112754158965	0.0279112754158965
dmel-FBgn0036848	0.0327419930944159	0.0347660435766163	0.0172044290987022	0.0701273961185856
dmel-FBgn0036849	0	0	0	0
dmel-FBgn0036850	0.112185686653772	0.0382978723404255	0.0147001934235977	0
dmel-FBgn0036853	0.0580645161290323	0.0350806451612903	0.0266129032258065	0.0153225806451613
dmel-FBgn0036856	0	0	0	0
dmel-FBgn0036857	0.0374106433677522	0.00452740270055599	0.0412629070691024	0.142851469420175
dmel-FBgn0036862	0.0359367789570836	0.11571296723581	0.000980618366405169	0.0376672819566221
dmel-FBgn0036868	0.271523178807947	0	0	0
dmel-FBgn0036874	0.481132075471699	0	0	0
dmel-FBgn0036875	0.0318664909969258	0.0885375494071146	0.00296881862099253	0.0520158102766799
dmel-FBgn0036876	0.106054907860098	0.112072207596841	0	0
dmel-FBgn0036877	0.069446084799811	0.308964214007323	0	0
dmel-FBgn0036880	0.08716136631331	0.478209658421672	0	0
dmel-FBgn0036882	0.314350797266515	0.0220197418375095	0.0144267274107821	0.0075930144267274
dmel-FBgn0036886	0.0956957793564563	0.0848307563727539	0.029251984956122	0.0183869619724196
dmel-FBgn0036887	0.0409532035973782	0.0679335399624003	0.0227122605558661	0.0284030283014074
dmel-FBgn0036888	0.0412144008597529	0.0552928533046749	0.0268135411069317	0.0234282643739924
dmel-FBgn0036889	0.0486910994764398	0.056020942408377	0.0465968586387435	0.0198952879581152
dmel-FBgn0036890	0.145454545454545	0	0	0
dmel-FBgn0036891	0.0572542901716067	0.139469578783151	0.00296411856474259	0.00280811232449298
dmel-FBgn0036892	0.135002454590084	0.0391098019964	0.0229095074455899	0.0206185567010309
dmel-FBgn0036893	0.0649748413913804	0.0553489389630277	0.0503172172391162	0.0251586086195581
dmel-FBgn0036895	0.409296320206584	0	0	0.00193673337637185
dmel-FBgn0036896	0.0522765598650928	0.0477796514896009	0.0575229529698331	0.0294172756230092
dmel-FBgn0036897	0.0760929717764251	0.0542335362479247	0.0201992252351964	0.0166021029330382
dmel-FBgn0036899	0.0845665961945033	0.0295983086680761	0.0961945031712473	0
dmel-FBgn0036900	0.0650753054845126	0.0815572605853936	0.0321113952827508	0.0284171639670361
dmel-FBgn0036906	0.0419075144508671	0	0	0
dmel-FBgn0036908	0.0639964691603221	0.110669756151385	0.0443561734524992	0.0363014454374932
dmel-FBgn0036909	0.0277722277722278	0.0273726273726274	0.0101898101898102	0.0103896103896104
dmel-FBgn0036910	0.14187643020595	0	0	0
dmel-FBgn0036911	0.0486798679867987	0.0928217821782178	0.0445544554455446	0.0408415841584158
dmel-FBgn0036913	0.0847373637264619	0.0589692765113974	0.0574826560951437	0.0198216055500496
dmel-FBgn0036915	0.0797784762760067	0.0733423140248464	0.0327795240233498	0.0229007633587786
dmel-FBgn0036916	0.0956627482772598	0.0680989055533036	0.0405350628293473	0.0182407782732063
dmel-FBgn0036918	0.0462620775635602	0.0369562313549135	0.0190569482167506	0.0102408833875061
dmel-FBgn0036919	0.0527816606094493	0.0691081912216942	0.0242661448140901	0.02762091137825
dmel-FBgn0036920	0.0437578959457908	0.057539910416906	0.0263006776157115	0.0166532674859309
dmel-FBgn0036921	0.0345117582931008	0.0540933395628927	0.0486943882053677	0.0371489383792764
dmel-FBgn0036922	0.0463495910330203	0.058467131172372	0.0163586791881248	0.039382005452893
dmel-FBgn0036924	0.453193350831147	0	0	0
dmel-FBgn0036925	0.466257668711656	0	0	0
dmel-FBgn0036926	0.039026529269897	0.0414382810787108	0.00811225608419205	0.00898925674194258
dmel-FBgn0036927	0.0135402695280066	0.00447084371207766	0.025356070767069	0
dmel-FBgn0036928	0.0672164435787991	0.043553934772699	0.0365919356843893	0.0170734739546641
dmel-FBgn0036929	0.0451842275371687	0.12333548804137	0.0292178409825469	0.040142210730446
dmel-FBgn0036931	0.382198952879581	0.00436300174520069	0.00654450261780105	0.00741710296684119
dmel-FBgn0036932	0.0342337137079301	0.0647118301314459	0.0517116856853965	0.0290336559295103
dmel-FBgn0036934	0.0614250614250614	0.0982800982800981	0	0
dmel-FBgn0036935	0.164772727272727	0.0568181818181818	0	0
dmel-FBgn0036937	0.555555555555556	0	0	0
dmel-FBgn0036939	0.2875	0.120833333333333	0	0
dmel-FBgn0036940	0.167433110367893	0	0.0481814381270904	0
dmel-FBgn0036941	0.388475836431226	0	0	0
dmel-FBgn0036942	0.02005585173902	0.0124397055090124	0.0192942371160193	0.0878395531860876
dmel-FBgn0036945	0.0136699071426627	0	0.0810391307899683	0
dmel-FBgn0036947	0.14480198019802	0	0	0
dmel-FBgn0036948	0.0413460863871285	0	0.190664390449241	0
dmel-FBgn0036949	0.0167446010759239	0	0.0965225523590533	0
dmel-FBgn0036950	0.00894344585708022	0	0.0551512494519948	0
dmel-FBgn0036951	0.100310127259117	0	0.00550743236017538	0
dmel-FBgn0036952	0.0250650477016479	0	0.0854173520351706	0
dmel-FBgn0036953	0.0481240351701457	0	0.177931404792268	0
dmel-FBgn0036956	0	0	0.049966239027684	0
dmel-FBgn0036958	0.0590866728797765	0.0598322460391426	0.0287045666356011	0.0150978564771668
dmel-FBgn0036959	0.0153661464585834	0.0180072028811524	0.00816326530612242	0
dmel-FBgn0036962	0.593275488069414	0	0	0
dmel-FBgn0036964	0.0596990513575402	0.0794896957801766	0.047759241086032	0.0610075237160613
dmel-FBgn0036967	0.0743004181408813	0.0631499946392194	0.0227297094456953	0.014259676208856
dmel-FBgn0036970	0	0	0.60344827586207	0
dmel-FBgn0036973	0.104535790219702	0.0510276399716513	0.0262225372076542	0.0184266477675407
dmel-FBgn0036974	0.0383527596846075	0.0681564964004111	0.024725745629071	0.020290538224203
dmel-FBgn0036975	0.0318820917612234	0.0131351751356685	0.0604341391218551	0.140540207202763
dmel-FBgn0036978	0.0374753451676529	0	0.122945430637738	0
dmel-FBgn0036980	0.062106342463747	0.0574190713344074	0.057858503002783	0.0322249890142084
dmel-FBgn0036984	0.0531914893617022	0	0.0398936170212766	0
dmel-FBgn0036985	0.030196109010098	0.289348512612577	0	0
dmel-FBgn0036986	0.111969111969112	0.0405405405405406	0	0
dmel-FBgn0036987	0.0633656509695291	0.0702908587257618	0.0384349030470914	0.0245844875346261
dmel-FBgn0036988	0.0302898044692738	0.0246159217877095	0.0790851955307263	0.0583973463687151
dmel-FBgn0036990	0.0940085234394585	0.0829781900225618	0.0371020305841063	0.0147906743544748
dmel-FBgn0036991	0.0936440677966102	0.0864406779661017	0.0423728813559322	0.0266949152542373
dmel-FBgn0036992	0.227091633466135	0.270916334661355	0	0
dmel-FBgn0036993	0.0604261264407964	0	0.0922109675165911	0.102689486552567
dmel-FBgn0036994	0.0813084112149533	0.0537383177570093	0.0556074766355141	0.0257009345794392
dmel-FBgn0036995	0.256756756756757	0.168918918918919	0.0337837837837838	0
dmel-FBgn0036996	0.063676760762966	0	0.427791473046464	0
dmel-FBgn0036997	0	0.114068441064639	0	0
dmel-FBgn0036998	0.0432260888597068	0.0333771065878749	0.0155395053622237	0.0090829503173561
dmel-FBgn0036999	0.0276182329219113	0.0381278259806917	0.0375168031284369	0.0254185506537944
dmel-FBgn0037000	0.0328306628966384	0.0326735783851712	0.0772855796418473	0
dmel-FBgn0037001	0.0550151975683891	0.0438449848024317	0.0335866261398177	0.0226823708206687
dmel-FBgn0037007	0.0225500519244616	0.0466089889022771	0.0467464892188896	0.0317082966967358
dmel-FBgn0037008	0.0480497456189938	0.0734878462408141	0.0534200113058225	0.0327868852459017
dmel-FBgn0037009	0.0386029411764706	0.0639824478178369	0.0539611005692599	0.0418643263757115
dmel-FBgn0037010	0.111356340288925	0.0525682182985554	0.0206661316211878	0.0258828250401284
dmel-FBgn0037011	0.0294717936158053	0.0444934280349417	0.0309413013307208	0.0685770266960568
dmel-FBgn0037012	0.0415335463258786	0.0894568690095848	0.0818169190165299	0.00611195999444369
dmel-FBgn0037013	0	0.551181102362204	0	0
dmel-FBgn0037015	0.103125	0	0	0
dmel-FBgn0037016	0.043685032950608	0.0451796997078606	0.0382498811060535	0.00923975813574291
dmel-FBgn0037017	0.0411522633744856	0.0463898241676019	0.0108492330714553	0.0520014964459408
dmel-FBgn0037018	0.0732387816786793	0.0469658219018832	0.0383631713554987	0.0223203906068356
dmel-FBgn0037019	0.0469068660774983	0.0531951053704961	0.0516655336505777	0.0287219578518015
dmel-FBgn0037020	0.0639782403027435	0.0610217596972564	0.0619678334910124	0.0279091769157994
dmel-FBgn0037021	0.0319901568748077	0.0281451860965857	0.0109197170101507	0.00676714856967088
dmel-FBgn0037022	0.0711140466754736	0.0697930427124617	0.0609863496257155	0.0277410832232497
dmel-FBgn0037023	0.291706387035272	0	0	0
dmel-FBgn0037024	0.0494142150481645	0.0239520958083832	0.0803957302785734	0.00984118719083573
dmel-FBgn0037025	0.140642303433001	0.0420819490586934	0.0132890365448505	0
dmel-FBgn0037026	0.0668929712460066	0.0726837060702873	0.0251597444089457	0.0177715654952077
dmel-FBgn0037027	0.0683582089552241	0.0713432835820894	0.0340298507462687	0.0305970149253731
dmel-FBgn0037028	0.198458574181118	0.0423892100192679	0.0260115606936416	0
dmel-FBgn0037030	0	0	0	0
dmel-FBgn0037031	0.0885245901639344	0.0865573770491803	0.0426229508196722	0.0150819672131148
dmel-FBgn0037035	0.410810810810811	0	0	0
dmel-FBgn0037037	0.419689119170985	0	0	0
dmel-FBgn0037040	0.416972236773179	0	0	0.00314300680984809
dmel-FBgn0037042	0.513888888888887	0	0	0
dmel-FBgn0037044	0.0342573221757323	0.0426255230125523	0.0141213389121339	0.00313807531380753
dmel-FBgn0037045	0.0612362796071635	0.0814558058925477	0.0369728480647024	0.0265742345465049
dmel-FBgn0037046	0.140401146131805	0.191977077363897	0	0.203438395415473
dmel-FBgn0037050	0.33969465648855	0	0	0
dmel-FBgn0037051	0.103698460449478	0.0703415324721288	0.0302601309502743	0.0152185453901964
dmel-FBgn0037057	0.0110645611773552	0.00714362444945751	0.0135173846098758	0.0101693701435886
dmel-FBgn0037059	0.470776621297038	0	0	0
dmel-FBgn0037060	0.263157894736842	0.0294736842105263	0	0
dmel-FBgn0037061	0.0446453800508619	0.0426674201751907	0.0310822266176886	0
dmel-FBgn0037063	0.137542517006803	0.168792517006803	0.147959183673469	0.0620748299319728
dmel-FBgn0037064	0.3501303214596	0	0	0.00202722270489429
dmel-FBgn0037065	0.0159454185995426	0	0.104769411673494	0.000129217330628384
dmel-FBgn0037067	0.0474635568513121	0.138309037900875	0.0064139941690962	0
dmel-FBgn0037069	0	0	0	0
dmel-FBgn0037070	0.00160749231199329	0	0	0.00104836455129997
dmel-FBgn0037071	0.0380182002022245	0.0806875631951466	0.0295247724974722	0.013953488372093
dmel-FBgn0037073	0.0679096818337323	0.0629490249743416	0.0302771125555936	0.0232637700992131
dmel-FBgn0037074	0.0482599238716695	0.0702147906470908	0.0630097879282219	0.0117591082109842
dmel-FBgn0037076	0.0594965675057208	0.043020594965675	0.118535469107551	0.0105263157894737
dmel-FBgn0037078	0.137546468401487	0.289962825278811	0	0
dmel-FBgn0037081	0.172825681224337	0.181410974244121	0.070548712206047	0.0619634191862635
dmel-FBgn0037082	0.0687165775401069	0.0406417112299465	0.0088235294117647	0.00828877005347591
dmel-FBgn0037083	0.0357920432803325	0.227221745728046	0.000131952233291548	0
dmel-FBgn0037084	0.0558390435923605	0.0268260679399329	0.0781455022598047	0.0179326432424552
dmel-FBgn0037086	0.386375190645654	0	0	0
dmel-FBgn0037087	0.0435096153846155	0.0512019230769231	0.0307692307692307	0.0176682692307692
dmel-FBgn0037090	0.0231902225007835	0.00407395800689439	0.0492008774678784	0.005640864932623
dmel-FBgn0037092	0.0399281715432555	0.0433083342135841	0.0439421147142707	0.00633780500686595
dmel-FBgn0037093	0.0745728352157546	0.0628439038517233	0.0340283811178685	0.0276571097596293
dmel-FBgn0037094	0.034607274644175	0.0456246705324196	0.0824723247232472	0.0204269899841855
dmel-FBgn0037098	0.0641308129421314	0.0678418183926708	0.0523019830685375	0.0315435463295837
dmel-FBgn0037099	0.24	0.13	0	0
dmel-FBgn0037100	0.19	0	0	0
dmel-FBgn0037101	0.396169958108917	0	0	0
dmel-FBgn0037102	0.0547405596305351	0.0638413474599295	0.0498505840804128	0.0251290410214616
dmel-FBgn0037105	0.0573042776432608	0.059725585149314	0.0411622276029056	0.0242130750605327
dmel-FBgn0037106	0.0464135021097046	0.0492264416315049	0.0154711673699015	0.0109704641350211
dmel-FBgn0037107	0.162393162393162	0	0	0
dmel-FBgn0037108	0.0486950106059209	0.0508161947800425	0.0333855943926958	0.0532140551507884
dmel-FBgn0037109	0.0776194144838211	0.0496918335901387	0.0260015408320493	0.0148305084745763
dmel-FBgn0037110	0.0380199179847686	0.0373755125951963	0.052431165787932	0.0235500878734622
dmel-FBgn0037114	0.0254670726279109	0.222670814286271	0	0
dmel-FBgn0037115	0.440774487471526	0	0	0
dmel-FBgn0037116	0.0464273954560422	0.0584458347053012	0.0760619031939415	0.0233783338821205
dmel-FBgn0037117	0.0922844175491682	0.0741301059001513	0.0426626323751891	0.0223903177004539
dmel-FBgn0037120	0.092154131847725	0.0856545961002786	0.0506035283194058	0.0292479108635098
dmel-FBgn0037121	0.0616914230953523	0.0642069956875899	0.0312649736463824	0.0255150934355534
dmel-FBgn0037122	0	0	0	0.317757009345794
dmel-FBgn0037123	0	0	0	0.106591865357644
dmel-FBgn0037126	0.0213840213840214	0.0187110187110187	0	0.0992574992574993
dmel-FBgn0037127	0.112091581206773	0.144288099212974	0.0522299069878368	0
dmel-FBgn0037128	0.0221680336954112	0.0110840168477056	0.0525382398581246	0
dmel-FBgn0037130	0.115812917594655	0.0590200445434299	0.0968819599109131	0
dmel-FBgn0037133	0	0	0	0
dmel-FBgn0037134	0.0465066893183266	0.0675302612019537	0.0437460182629008	0.036101083032491
dmel-FBgn0037135	0.0716040243615197	0.0490931727177899	0.0262963087587065	0.0274235337662774
dmel-FBgn0037137	0.0837910333375911	0.0462383446161708	0.0279729211904458	0.00804700472601865
dmel-FBgn0037138	0.0492534218166736	0.10006221484861	0.00305889672335131	0
dmel-FBgn0037140	0.019421101774043	0.0285714285714286	0.0253968253968254	0.0582633053221289
dmel-FBgn0037141	0.124203821656051	0.0987261146496817	0.0589171974522291	0.0222929936305733
dmel-FBgn0037142	0.0925039872408292	0.071371610845295	0.0247208931419458	0.0318979266347688
dmel-FBgn0037144	0.0564053537284896	0	0.122370936902486	0
dmel-FBgn0037146	0.0278384279475983	0.00105405812377654	0.029306580334287	0.075873362445415
dmel-FBgn0037147	0.478714859437751	0	0	0
dmel-FBgn0037149	0.15344938749194	0.0219213410702771	0.0225660863958737	0
dmel-FBgn0037150	0.018557168784029	0.0318965517241379	0.0101179673321234	0.0143375680580762
dmel-FBgn0037151	0.0482543918167667	0.0582610629308427	0.028685790527018	0.0902824104958859
dmel-FBgn0037153	0.107701564380265	0.0673886883273163	0	0
dmel-FBgn0037156	0.0418760469011725	0.0417237703669864	0.0258870108116339	0.00776610324349018
dmel-FBgn0037163	0.0390662220104812	0.00309671272034302	0.0543115769414007	0.0900428775607432
dmel-FBgn0037164	0.127046496398166	0.188932547478716	0	0
dmel-FBgn0037165	0	0.568181818181818	0	0
dmel-FBgn0037166	0.0355731225296443	0.0158102766798419	0.0899790746338061	0
dmel-FBgn0037167	0.00586828950228211	0	0	0.0289067594001303
dmel-FBgn0037169	0.323693556570269	0	0	0
dmel-FBgn0037170	0.307291666666667	0	0	0
dmel-FBgn0037171	0.55	0	0	0
dmel-FBgn0037172	0.479681978798587	0	0	0
dmel-FBgn0037174	0.105534105534105	0	0.346203346203346	0
dmel-FBgn0037175	0	0.215909090909091	0	0
dmel-FBgn0037176	0.0716612377850164	0.137622149837134	0.00895765472312701	0
dmel-FBgn0037181	0.119177922682813	0.0452375407545412	0.00506520726595249	0
dmel-FBgn0037182	0.0629727807590354	0.0489429107131311	0.0268959720695675	0.0223055537596172
dmel-FBgn0037184	0.0831509846827134	0.0826039387308533	0.0306345733041576	0.0284463894967177
dmel-FBgn0037185	0.138268156424581	0.195530726256983	0.110335195530726	0.0349162011173184
dmel-FBgn0037186	0.020141952810282	0.0730865144830232	0.00876015090478931	0.0154101924675491
dmel-FBgn0037188	0.0822368421052631	0.0723684210526316	0.0269736842105263	0.00789473684210527
dmel-FBgn0037191	0.441585535465925	0	0	0
dmel-FBgn0037195	0.368852459016394	0	0	0.0193740685543964
dmel-FBgn0037197	0.596774193548387	0	0	0
dmel-FBgn0037199	0.0433412135539795	0.0527974783293932	0.0257420541108484	0.0394886612380701
dmel-FBgn0037200	0	0	0	0
dmel-FBgn0037202	0.0346320346320346	0.0175324675324675	0.00865800865800864	0.00476190476190476
dmel-FBgn0037203	0.0253287255563048	0.0383513149022252	0.0155512474713419	0
dmel-FBgn0037204	0.286282306163022	0	0	0
dmel-FBgn0037205	0.159090909090909	0	0	0
dmel-FBgn0037206	0.0641748942172073	0.0317348377997179	0	0.0275035260930889
dmel-FBgn0037207	0.037208074943924	0.0131943528169943	0.0222984562607204	0.0824647051062144
dmel-FBgn0037213	0.0615839243498819	0.0874704491725769	0.000945626477541372	0.00425531914893617
dmel-FBgn0037215	0.0602931904161412	0.0345208070617907	0.112704918032787	0.0555643127364439
dmel-FBgn0037217	0.105835806132542	0.09891196834817	0	0
dmel-FBgn0037218	0.0442258095329066	0.0452765307097144	0.0362021205463749	0.0144235361543605
dmel-FBgn0037220	0.0916692798160341	0.0896832862966447	0.0482910003135779	0.032194000209052
dmel-FBgn0037222	0.0564306259416517	0.162580468428982	0.0113683057115464	0.0157512669497329
dmel-FBgn0037223	0.0920716112531969	0.38618925831202	0	0
dmel-FBgn0037225	0	0.556818181818181	0	0
dmel-FBgn0037228	0.083745274789183	0.0747310264611807	0	0.0116312881651643
dmel-FBgn0037229	0.540540540540541	0	0	0
dmel-FBgn0037230	0.0140745953553835	0	0	0
dmel-FBgn0037231	0.00148485973378586	0.00100758339078326	0	0
dmel-FBgn0037232	0.067911714770798	0.0449915110356537	0.0407470288624788	0.0203735144312394
dmel-FBgn0037234	0.0558677685950415	0.070082644628099	0.0338842975206612	0.0140495867768595
dmel-FBgn0037235	0.0522032772364924	0.0937223206377325	0.0231399468556244	0.0391386182462357
dmel-FBgn0037236	0.0502577319587629	0.0415592783505155	0.0199742268041238	0
dmel-FBgn0037238	0.175257731958762	0	0	0.0412371134020619
dmel-FBgn0037239	0.037253006223941	0.0143211070155296	0.00555924829294821	0.0787963018913529
dmel-FBgn0037240	0.0930565497494631	0.0855802115644636	0.00938519048755268	0.0342798059333493
dmel-FBgn0037241	0.0431486076647366	0.0530741659773916	0.0682382133995037	0.0303280948442239
dmel-FBgn0037242	0.0167530224525043	0.0174438687392055	0.00949913644214161	0
dmel-FBgn0037244	0.0420639966094511	0.0423818605636786	0.0422759059122696	0.0297732570459843
dmel-FBgn0037248	0.101799034664326	0.0522158841597192	0.025010969723563	0.00921456779289162
dmel-FBgn0037249	0.0585277302508033	0.0690230772440848	0.0220548345365772	0.0247047531611234
dmel-FBgn0037250	0.0118934348239772	0	0	0
dmel-FBgn0037252	0.0853706885159243	0.085502841284525	0.0319809700013215	0.0191621514470728
dmel-FBgn0037254	0.416520210896309	0	0	0
dmel-FBgn0037255	0.07197844495766	0.0794842186297154	0.0280985373364127	0.0130869899923018
dmel-FBgn0037261	0.0613095238095239	0.057034632034632	0.0379329004329005	0.0191558441558442
dmel-FBgn0037262	0.0702341137123746	0.0744147157190636	0.0395484949832777	0.0247491638795987
dmel-FBgn0037263	0.0581162324649299	0.0440881763527054	0	0
dmel-FBgn0037265	0.0373831775700934	0.0627793579845591	0.0398212108898821	0.0457131247460382
dmel-FBgn0037270	0.0461001461469699	0.0726761922329269	0.0338833945826298	0.0191693744058345
dmel-FBgn0037275	0.0422535211267605	0.149931849159473	0	0
dmel-FBgn0037276	0.37757909215956	0	0	0
dmel-FBgn0037279	0.0270152233591215	0.0231469927626654	0.0291365111055653	0.0236461192912403
dmel-FBgn0037282	0.0674595037933158	0.0631535780192743	0.0369079352060693	0.026450686897683
dmel-FBgn0037283	0.45134123518403	0	0	0
dmel-FBgn0037284	0.530701754385964	0	0	0
dmel-FBgn0037288	0.0482406356413167	0.0124858115777526	0	0
dmel-FBgn0037290	0.0630171865054106	0.206874602164226	0	0
dmel-FBgn0037291	0.137404580152672	0	0	0
dmel-FBgn0037293	0.0507687844502466	0.0550236920994102	0.0791993037423847	0.0268832801469877
dmel-FBgn0037295	0.260355029585799	0	0	0
dmel-FBgn0037296	0.276677667766777	0	0	0
dmel-FBgn0037297	0.0812013348164629	0.0776418242491655	0.0315906562847608	0.0173526140155729
dmel-FBgn0037298	0.0325996622074475	0.0370499450416879	0.0256829575614595	0.0384440095439801
dmel-FBgn0037299	0.0428605397693496	0.0636071810724052	0.0576031387468791	0.0219950065390559
dmel-FBgn0037301	0.0780860120358138	0.0375752238367826	0.0494642595038895	0.0245119624247762
dmel-FBgn0037304	0	0	0.188888888888888	0
dmel-FBgn0037305	0.0928079242032732	0.0546942291128338	0.0391903531438415	0.0447889750215331
dmel-FBgn0037307	0.562028047464942	0	0.0399137001078748	0
dmel-FBgn0037310	0.304968287526427	0	0	0
dmel-FBgn0037312	0.0562214422885902	0.0641679358982849	0.0227137275677107	0.0203960002648832
dmel-FBgn0037313	0.0410985586287495	0.0576158940397351	0.0444098169068952	0.0261784183872224
dmel-FBgn0037315	0.0412365221381051	0.0380247763248451	0.0707157604955265	0.0184675384262445
dmel-FBgn0037317	0.0451793199813693	0.03959012575687	0.0293432696786213	0.0153702841173731
dmel-FBgn0037320	0.45181347150259	0	0	0
dmel-FBgn0037323	0.081145584725537	0.0612569610182976	0	0
dmel-FBgn0037325	0.417618270799347	0	0	0
dmel-FBgn0037326	0.513157894736843	0	0	0
dmel-FBgn0037327	0.0553949903660885	0.0394990366088631	0.0360067437379576	0.0148121387283237
dmel-FBgn0037328	0.0572809898777751	0.0596127586334158	0.0282429199783934	0.0307625722596684
dmel-FBgn0037329	0.161100917431193	0.0485626911314983	0.0236085626911315	0.015045871559633
dmel-FBgn0037330	0.0657929226736567	0.0605504587155963	0.0456094364351245	0.0246395806028833
dmel-FBgn0037332	0.0528153644696638	0.0523788738542121	0.0349192492361415	0.0235704932343955
dmel-FBgn0037336	0.179604261796043	0.154642313546423	0.0642313546423135	0.0840182648401826
dmel-FBgn0037338	0.219931271477663	0.164948453608248	0.0962199312714777	0
dmel-FBgn0037339	0.057322783788148	0.0428709833683191	0.04077183917326	0.0450508638785726
dmel-FBgn0037340	0.0484342379958246	0.0724425887265137	0.0576200417536534	0.025678496868476
dmel-FBgn0037341	0.0323241187655405	0.0416849495392716	0.0337867485739359	0.0114085125054849
dmel-FBgn0037342	0.0793381417055582	0.0791260076368263	0.0263046245226983	0.0173949936359779
dmel-FBgn0037344	0.0880118890356672	0.0708388375165125	0.0287318361955086	0.0264200792602378
dmel-FBgn0037345	0.203303684879288	0.0991105463786531	0.0889453621346886	0.116899618805591
dmel-FBgn0037347	0.112126097080423	0.136306645172846	0.0557048181981015	0.045316138276912
dmel-FBgn0037350	0.0309823677581864	0.0236775818639798	0.0204030226700252	0.0758186397984885
dmel-FBgn0037351	0.0574106970870877	0.0687327440446891	0.0271386683218115	0.0179397727029514
dmel-FBgn0037354	0.111571565189672	0.121931781957284	0.182339815109978	0.108702582084794
dmel-FBgn0037356	0.0634920634920633	0.0720551378446115	0.0325814536340852	0.0281954887218045
dmel-FBgn0037358	0.0209784341696736	0.0122793768006489	0.0392996000111885	0.00690889765321249
dmel-FBgn0037359	0.0887588393074858	0.0409656181419166	0.0126798341867837	0.00829066081443548
dmel-FBgn0037360	0.0596637593224625	0.0640879787637467	0.0475287574263684	0.0303375047402351
dmel-FBgn0037363	0.0366930572472595	0.0515377588306943	0.0701126674786845	0.0182704019488429
dmel-FBgn0037364	0.107949790794979	0.109623430962343	0	0
dmel-FBgn0037365	0.355932203389831	0	0	0
dmel-FBgn0037368	0.0909090909090909	0.114478114478114	0.0244107744107744	0
dmel-FBgn0037369	0.0899431307991618	0.0306794372942233	0.0131697096677641	0.0211014666267585
dmel-FBgn0037370	0.0410233104625515	0.0107961914051676	0.00301495283594001	0.216533469301795
dmel-FBgn0037371	0.104670985339243	0.085236958745312	0.0282986703034436	0.0303443573133311
dmel-FBgn0037372	0.171111111111112	0.215555555555555	0.0683333333333334	0.0433333333333334
dmel-FBgn0037374	0.0432227592267135	0.0637082601054482	0.0263620386643234	0.0302614235500879
dmel-FBgn0037375	0.320114942528736	0.0120689655172414	0	0
dmel-FBgn0037376	0.0885351047989922	0.0869316229526973	0.0326423090138587	0.0155766807925782
dmel-FBgn0037377	0.0787454120787455	0.0543877210543877	0.0750750750750751	0.017017017017017
dmel-FBgn0037378	0.0531848081182031	0.0896770568208112	0.0430370541764453	0.00561927742703204
dmel-FBgn0037379	0.0595922634605332	0.0564558285415578	0.0248301097752222	0.0245687401986409
dmel-FBgn0037382	0.0898290350623006	0.0698348304839177	0.0365111561866126	0.0228919153868444
dmel-FBgn0037383	0.0458544388163156	0.0602505998400426	0.0399893361770194	0.0271927486003732
dmel-FBgn0037384	0.07	0.0508823529411765	0.0252941176470588	0.0144117647058823
dmel-FBgn0037385	0.307242990654206	0	0	0
dmel-FBgn0037386	0.0118087557603687	0	0.037442396313364	0
dmel-FBgn0037387	0.0231707317073171	0.0495565410199557	0.00598669623059867	0.00177383592017738
dmel-FBgn0037388	0.626161543959972	0	0	0
dmel-FBgn0037391	0.0313466319044442	0.0709998181046504	0.0398957133329291	0.00733644576486994
dmel-FBgn0037396	0.0387851897184823	0.00152998776009792	0	0.398638310893513
dmel-FBgn0037398	0.561643835616438	0	0	0
dmel-FBgn0037402	0.196842105263158	0	0	0
dmel-FBgn0037405	0.578947368421053	0	0	0
dmel-FBgn0037408	0.0328947368421052	0	0	0
dmel-FBgn0037409	0.0462633451957295	0.0836298932384343	0	0
dmel-FBgn0037410	0.0303468208092485	0.0342003853564547	0	0
dmel-FBgn0037413	0.615384615384615	0	0	0
dmel-FBgn0037416	0.557692307692308	0	0	0
dmel-FBgn0037418	0	0	0	0
dmel-FBgn0037420	0.387895460797799	0.137551581843191	0	0
dmel-FBgn0037427	0	0.181818181818182	0	0
dmel-FBgn0037432	0.356260296540362	0	0	0
dmel-FBgn0037433	0.0390393942978824	0.0713947710871879	0	0.0160889624985212
dmel-FBgn0037435	0.0167244544156639	0.0155007138486641	0.00591474607383235	0
dmel-FBgn0037439	0.0591474607383235	0.0528248011421579	0.0275341627574954	0.0130532327146645
dmel-FBgn0037440	0.117456359102244	0.150872817955112	0.10573566084788	0.133915211970075
dmel-FBgn0037442	0.0372105474501405	0.0484540222192478	0.0512202739481551	0.0343996787578637
dmel-FBgn0037443	0.0463409208867798	0.0392229554385704	0.0532364499147327	0.0444131385778899
dmel-FBgn0037445	0.0708465368945222	0.0613399728383884	0.0572657311000453	0.0464010864644636
dmel-FBgn0037446	0.0963369372276908	0.0587380990801999	0.0434081006938841	0.0154913667903824
dmel-FBgn0037447	0.0332993163994241	0.162204856499797	0.0106664057148449	0.000237652551969021
dmel-FBgn0037448	0.0354609929078014	0.102211097204839	0.0379641218189403	0
dmel-FBgn0037449	0.112299465240642	0	0	0
dmel-FBgn0037454	0.43558282208589	0	0	0
dmel-FBgn0037455	0.433021806853582	0	0	0
dmel-FBgn0037456	0.338461538461539	0	0	0
dmel-FBgn0037460	0.601749539594844	0	0	0
dmel-FBgn0037461	0.583741429970617	0	0	0
dmel-FBgn0037462	0.49388379204893	0	0	0
dmel-FBgn0037463	0.380510440835267	0	0	0
dmel-FBgn0037464	0.354584809130264	0	0	0.00314836678473043
dmel-FBgn0037465	0.0411369566424249	0.0542386054516183	0.0182645866873925	0.0579581413423638
dmel-FBgn0037466	0.0785315985130114	0.0776022304832712	0.0367100371747212	0.0367100371747212
dmel-FBgn0037467	0.0599906081239726	0.0578774360178445	0.0514205212491195	0.0307583939891993
dmel-FBgn0037468	0.0422790677587919	0.0792462608144875	0.0363913800797501	0.017015273439187
dmel-FBgn0037469	0.0475388601036269	0.0300518134715026	0.0506476683937823	0.0436528497409326
dmel-FBgn0037470	0.0746234067207416	0.0734646581691773	0.0274237157203553	0.0229432213209733
dmel-FBgn0037472	0.0635069314349944	0.0906706631697266	0.0180779318096665	0.0160172349194455
dmel-FBgn0037473	0.0513900589721988	0.0612889637742207	0.0494945240101095	0.0522325189553497
dmel-FBgn0037475	0.0911062906724512	0	0.0802603036876354	0
dmel-FBgn0037477	0	0	0	0
dmel-FBgn0037478	0.0827683615819209	0.0734463276836158	0.0443502824858757	0.0166666666666667
dmel-FBgn0037481	0.135678391959799	0.142713567839196	0.0633165829145729	0.0713567839195981
dmel-FBgn0037482	0.134014300306435	0.034729315628192	0.0294177732379979	0.0106230847803881
dmel-FBgn0037483	0.394218134034166	0	0	0
dmel-FBgn0037485	0.253623188405797	0	0	0
dmel-FBgn0037486	0.463724756918475	0	0	0
dmel-FBgn0037487	0.0386114859799071	0.216149347728295	0	0
dmel-FBgn0037489	0.113814074717637	0.0625543006081668	0.0351867940920938	0.0139009556907038
dmel-FBgn0037490	0.12685093780849	0.054294175715696	0.0350444225074038	0.018756169792695
dmel-FBgn0037491	0.0437113402061855	0.0602061855670103	0.0379381443298969	0.0317525773195877
dmel-FBgn0037492	0.0377113133940182	0.0247074122236671	0	0
dmel-FBgn0037493	0	0	0	0
dmel-FBgn0037500	0.353975535168195	0	0	0
dmel-FBgn0037502	0.428095872170439	0	0	0
dmel-FBgn0037503	0.0230479774223894	0.019755409219191	0	0
dmel-FBgn0037504	0.0733118971061093	0.0774919614147911	0.042604501607717	0.0228295819935691
dmel-FBgn0037506	0.374788970174451	0	0	0
dmel-FBgn0037512	0.374823196605375	0	0	0
dmel-FBgn0037513	0.0267313702911662	0.046718210231946	0.00156275703240665	0.0701595657180457
dmel-FBgn0037514	0.334807073954984	0	0	0
dmel-FBgn0037515	0.0190947097604116	0.039395401189902	0.000562791445570028	0.115854639009487
dmel-FBgn0037516	0.695035460992908	0	0	0
dmel-FBgn0037517	0.0282373074729036	0	0.08708880015212	0
dmel-FBgn0037518	0.0307710585719377	0.0313650944517049	0.00796008078887963	0.091125103956279
dmel-FBgn0037519	0.184466019417475	0	0	0
dmel-FBgn0037520	0.652173913043478	0	0	0
dmel-FBgn0037521	0.17557251908397	0.017175572519084	0	0
dmel-FBgn0037525	0.184885290148448	0.0418353576248312	0.0107962213225371	0.0148448043184885
dmel-FBgn0037526	0.0977722772277226	0.0829207920792077	0.0581683168316833	0.0346534653465346
dmel-FBgn0037529	0.0559483178937104	0.0938566552901025	0.03717698683569	0.0366894197952217
dmel-FBgn0037530	0.0878052098211249	0.067741277290349	0.0379514384819425	0.0308780520982112
dmel-FBgn0037531	0.155303030303031	0.0454545454545455	0.0454545454545455	0
dmel-FBgn0037533	0.0601540201410954	0.070063008239539	0.0284344875868383	0.0384781086757499
dmel-FBgn0037534	0.0123955862637929	0.0685366608229351	0.00119624626173043	0
dmel-FBgn0037535	0.0272654370489174	0.0188452285485165	0.0276663993584603	0
dmel-FBgn0037536	0.0767447636393741	0.125341501779949	0.0240086099842702	0.0311284046692606
dmel-FBgn0037537	0.0474562976243837	0.102252353204841	0.00584565964440459	0.0917749887942627
dmel-FBgn0037538	0.0333577107268395	0.0981622590766473	0.036094269739791	0.0104744155323315
dmel-FBgn0037539	0.0385708485586684	0.0653674380836379	0.0715590742996346	0.0131952902963865
dmel-FBgn0037540	0.0761154855643043	0.0748031496062992	0.0288713910761155	0.0144356955380578
dmel-FBgn0037541	0.0752832725177648	0.0787401574803152	0.0338006529671596	0.0299596696754369
dmel-FBgn0037543	0	0	0	0
dmel-FBgn0037544	0.0311475409836065	0.0618852459016393	0.0241803278688525	0.0209016393442623
dmel-FBgn0037546	0.192982456140351	0	0	0
dmel-FBgn0037547	0.14808362369338	0.00696864111498258	0	0
dmel-FBgn0037548	0.0128809299403079	0.0141376060320452	0	0.0100534087338988
dmel-FBgn0037549	0.0759211452710632	0.0714620980990378	0.0343816005632481	0.0307439568176484
dmel-FBgn0037550	0.0612552806276404	0.0823777911888956	0.0443572721786361	0.0289680144840072
dmel-FBgn0037551	0.0256891956835161	0.0422473677312246	0.0371794311678099	0.0495871379265149
dmel-FBgn0037552	0.0872359963269054	0.138200183654729	0.0381083562901745	0.261248852157944
dmel-FBgn0037553	0.0361686206036418	0.0079820404090796	0	0.270890496383138
dmel-FBgn0037554	0.0666429080541696	0.056664290805417	0.030648610121169	0.0128296507483963
dmel-FBgn0037555	0.0427615270203272	0.0619732275656918	0.0324739712444224	0.0146256817055032
dmel-FBgn0037556	0.0872054973821991	0.111747382198953	0.0176701570680628	0.0204515706806283
dmel-FBgn0037560	0.121264170388183	0.0879422878735829	0.268636207488836	0.0237031947784266
dmel-FBgn0037561	0.0700280112044818	0.0602240896358543	0.0354808590102707	0.0196078431372549
dmel-FBgn0037562	0.00726991492652747	0	0.0358855375096674	0
dmel-FBgn0037563	0.073095823095823	0	0	0
dmel-FBgn0037565	0.0376285868976719	0.150243638332431	0.011099079588522	0
dmel-FBgn0037566	0.0653374969973577	0.0381936103771319	0.0439586836416046	0.0146528945472015
dmel-FBgn0037569	0.0727343446129911	0.0789576040451187	0.0213924542979385	0.014391287436795
dmel-FBgn0037570	0.483870967741936	0	0	0
dmel-FBgn0037571	0.440936863543788	0	0	0
dmel-FBgn0037572	0.375	0	0	0
dmel-FBgn0037573	0.0594568646276231	0.0779728432313812	0.0242765052804828	0.0163900699492525
dmel-FBgn0037574	0.0751173708920187	0.0613940050559769	0.0556157457565908	0.0115565185987722
dmel-FBgn0037578	0.0962025316455697	0.0734177215189874	0.0272151898734177	0.0234177215189873
dmel-FBgn0037579	0.440967283072546	0	0	0
dmel-FBgn0037580	0.0563708126707823	0.103565765948116	0.0252673481091657	0.0126842762203556
dmel-FBgn0037581	0.231865284974093	0.0284974093264248	0	0
dmel-FBgn0037583	0.0432965563356736	0.0434637245068539	0.0240722166499498	0.0122032764961551
dmel-FBgn0037584	0	0	0	0
dmel-FBgn0037592	0.0481231070456144	0.0188148193471411	0.213051060054456	0.060176828708661
dmel-FBgn0037601	0.0287992383672498	0.124598357729382	0	0
dmel-FBgn0037602	0.0273291925465839	0.0452173913043478	0.0226086956521739	0
dmel-FBgn0037603	0.0305694305694306	0.0514485514485516	0.0451548451548453	0.0151848151848152
dmel-FBgn0037606	0.0577843209422156	0.0824438719175562	0.013986013986014	0.0382775119617225
dmel-FBgn0037607	0.0407392984453165	0.0284126651289578	0.0110685079231944	0.0243087799179223
dmel-FBgn0037608	0.0532695919412669	0.0824654259859997	0.0329520232200785	0.0278299470718798
dmel-FBgn0037609	0.0482748622789214	0.0619020005798781	0.0389968106697594	0.0253696723688025
dmel-FBgn0037610	0.220123972898948	0.0279659795300562	0.0148479169669886	0.0142712988323483
dmel-FBgn0037611	0.0474452554744525	0.0802919708029196	0	0
dmel-FBgn0037612	0	0	0	0
dmel-FBgn0037613	0.0237142857142857	0.0165714285714285	0.00885714285714282	0.00257142857142857
dmel-FBgn0037614	0.0271028037383177	0.0474766355140187	0.00859813084112147	0.00579439252336447
dmel-FBgn0037615	0	0.00598290598290598	0	0
dmel-FBgn0037616	0.308734939759036	0	0	0
dmel-FBgn0037617	0.0412805391743892	0.0311710193765796	0.0235888795282224	0.0255546194889076
dmel-FBgn0037618	0.162162162162162	0	0	0
dmel-FBgn0037619	0.0381818181818182	0.0387878787878787	0.0412121212121213	0.0115151515151515
dmel-FBgn0037620	0.0591517857142858	0.0636160714285714	0.0959821428571429	0
dmel-FBgn0037621	0.0642458100558658	0.0550279329608937	0.0434357541899443	0.0208100558659218
dmel-FBgn0037622	0.0869409660107334	0.0629695885509839	0.0454382826475849	0.0293381037567084
dmel-FBgn0037623	0.0750384992300155	0.0309393812123758	0.0900181996360071	0.0426991460170798
dmel-FBgn0037624	0	0.000571881048741861	0	0
dmel-FBgn0037625	0	0	0	0
dmel-FBgn0037626	0.433333333333333	0	0	0
dmel-FBgn0037627	0.0582089552238806	0.132835820895523	0	0
dmel-FBgn0037630	0	0	0	0
dmel-FBgn0037632	0.0666088088522456	0.0804946843133	0.0258190496853981	0.00846170535908006
dmel-FBgn0037633	0.0983722576079263	0.0559094125973106	0.0205237084217976	0
dmel-FBgn0037634	0.112540192926045	0.0702036441586281	0.0257234726688103	0.0241157556270096
dmel-FBgn0037635	0.0092774637503072	0.000430081101007618	0.00165888424674367	0.0843573359547801
dmel-FBgn0037636	0.0469032959072799	0.0607871544126524	0.0207654231558614	0.0296088373777617
dmel-FBgn0037637	0.0534540214356481	0.0525533639556877	0.0409799153381969	0.0311177159326308
dmel-FBgn0037638	0.081754590498397	0.0635383270183619	0.054648790440105	0.0371611774992714
dmel-FBgn0037643	0.0431751062450479	0.0836130519340202	0.013340056183822	0.104112943888209
dmel-FBgn0037644	0.072959889349931	0.0717496542185337	0.0318118948824343	0.0231673582295989
dmel-FBgn0037646	0.0296371997956055	0.0324476239141543	0.0224833929483904	0.0398569238630557
dmel-FBgn0037647	0.0339124624122953	0.0382559305045106	0.0503675242231875	0.0439358503174072
dmel-FBgn0037648	0.027255065223425	0.0396891479322786	0.0550097141271162	0.0262558978628921
dmel-FBgn0037652	0.116929221211449	0.15509207898824	0.111604171289106	0.0942977590414911
dmel-FBgn0037653	0.11744671500769	0.065699846187651	0.034937376400791	0.015820698747528
dmel-FBgn0037654	0.488063660477454	0	0	0
dmel-FBgn0037655	0.0583728057954862	0.091111730286988	0.045509426952726	0.0135135135135135
dmel-FBgn0037656	0.110634648370497	0.0445969125214409	0.0433104631217839	0.0171526586620926
dmel-FBgn0037657	0.0772823139499849	0.0747213015968664	0.0278698403133474	0.0180777342573064
dmel-FBgn0037659	0.0738024295209716	0.0527160210864085	0.0275040110016044	0.0167316066926427
dmel-FBgn0037660	0.0679829481714157	0.0774063271258694	0.0320843616782589	0.0226609827238053
dmel-FBgn0037661	0.0885761589403974	0.0670529801324503	0.027317880794702	0.0380794701986754
dmel-FBgn0037664	0.15351036740633	0.131320480174609	0	0
dmel-FBgn0037665	0.331645569620253	0.0759493670886076	0	0
dmel-FBgn0037667	0.0745742806811509	0.0364063417498533	0.0158543746330006	0
dmel-FBgn0037668	0.38858695652174	0	0	0
dmel-FBgn0037669	0.137158637618902	0.0524700828474993	0.0285363608468856	0.0168763424363301
dmel-FBgn0037670	0.0727411944869832	0.0689127105666156	0.0316488004083716	0.0270546197039306
dmel-FBgn0037671	0.0440757368729259	0.0803630685145424	0.0332129611555728	0.0156451298067539
dmel-FBgn0037672	0.116653726708074	0.00854037267080747	0	0
dmel-FBgn0037675	0.52054794520548	0	0	0
dmel-FBgn0037676	0.46875	0	0	0
dmel-FBgn0037677	0.0101215105012308	0	0.354475462211282	0
dmel-FBgn0037678	0.0754274802534502	0	0.535023001475566	0
dmel-FBgn0037679	0.0539091165678804	0.0668924640135479	0.0714084109511713	0.0251199548405307
dmel-FBgn0037680	0.0578265204386839	0.0817547357926221	0.0108009305417082	0.0206048521103356
dmel-FBgn0037683	0.125732262963766	0.00206118463875027	0.00542417010197441	0.0384031243219787
dmel-FBgn0037684	0.0276128115324095	0	0.0447185422059795	0.0826353992183139
dmel-FBgn0037685	0	0	0	0
dmel-FBgn0037686	0.159815303868321	0.19095786204262	0.100918497849087	0.0612553357583004
dmel-FBgn0037687	0.0914565299209635	0.062852841550621	0.123447497177267	0.207376740684983
dmel-FBgn0037688	0.139252948885977	0.192660550458716	0.0923984272608126	0.0724115334207077
dmel-FBgn0037690	0.52	0	0	0
dmel-FBgn0037696	0.0387544802867384	0.0651881720430107	0.0273297491039427	0.0685483870967742
dmel-FBgn0037697	0.0513918629550321	0.0151422453349648	0.0029060874885286	0
dmel-FBgn0037698	0.114035087719298	0.0175438596491228	0	0
dmel-FBgn0037700	0.0590108257270218	0.0658034387603482	0.0365102950541287	0.0208023774145617
dmel-FBgn0037702	0.0797539616346956	0.0504587155963302	0.0610925771476229	0.0399291075896582
dmel-FBgn0037703	0.0630505331478905	0.0547056096430227	0.0500695410292072	0.0227167362076958
dmel-FBgn0037705	0.0601635514018693	0.0675233644859814	0.0504672897196262	0.025
dmel-FBgn0037707	0.141261783901378	0.0482958665699782	0.0156635242929659	0.00464104423495288
dmel-FBgn0037708	0.0659851301115242	0.0771375464684016	0.0473977695167286	0.0362453531598513
dmel-FBgn0037709	0.0352697095435685	0.0378054402950669	0.0426463808206547	0.0172890733056708
dmel-FBgn0037710	0.0635553713871335	0.100590490003108	0.0109292447943644	0.0456334818191236
dmel-FBgn0037712	0.182170542635659	0.0813953488372093	0.0620155038759689	0.155038759689922
dmel-FBgn0037713	0.0753968253968253	0.0793650793650795	0.054563492063492	0.0476190476190476
dmel-FBgn0037714	0	0	0	0.011833132771761
dmel-FBgn0037715	0.0258086717136958	0.0337233310392292	0.0170337233310392	0.00757054370268412
dmel-FBgn0037716	0.081032947462155	0.0694568121104185	0.0382902938557436	0.0160284951024043
dmel-FBgn0037717	0	0	0	0
dmel-FBgn0037718	0.0460372006763759	0.0614738449789997	0.0267277586865215	0.0318551246386298
dmel-FBgn0037719	0.0444424330195511	0.0946777697320783	0.0467958001448225	0.0203656770456191
dmel-FBgn0037720	0.0440105220558478	0.0942938081748281	0.0184135977337111	0.000910562525293403
dmel-FBgn0037721	0.0700184259015529	0.178336404316926	0	0
dmel-FBgn0037722	0	0	0	0
dmel-FBgn0037723	0.0018272256623693	0	0	0
dmel-FBgn0037724	0.0643146300131802	0.000447185087554134	0.293212201092073	0
dmel-FBgn0037726	0.285714285714286	0.0714285714285714	0	0
dmel-FBgn0037727	0.0310965630114566	0	0	0.083469721767594
dmel-FBgn0037728	0.053053504841119	0.0876129683957146	0.0293476041565922	0.0270371922585082
dmel-FBgn0037730	0.0214670534604227	0.00093935626467744	0	0.133222820831606
dmel-FBgn0037734	0.0767988516059575	0.0692625157007	0.0419881571864346	0.0226090077157725
dmel-FBgn0037736	0.195945945945946	0	0	0
dmel-FBgn0037737	0.0579246624022743	0.0444207533759773	0.0245202558635394	0.0252309879175551
dmel-FBgn0037739	0.0473574540632695	0.0543663572646335	0.0126917976889562	0.0115552187914378
dmel-FBgn0037741	0.06375	0.06375	0.0275000000000001	0.015625
dmel-FBgn0037742	0.295172413793104	0.0662068965517241	0	0
dmel-FBgn0037743	0.0428597820062811	0.054683170145945	0.0280805468317015	0.0443377055237391
dmel-FBgn0037744	0.0729512493447492	0.0420234142932028	0.0426349816529793	0.0686702778263149
dmel-FBgn0037746	0.418577307466196	0.0393885949441505	0.0152851263962375	0
dmel-FBgn0037747	0.0539714867617109	0.0650276403840559	0.0322956066336922	0.0199301716613326
dmel-FBgn0037749	0.0545073375262054	0.0165094339622641	0.0400069881201957	0.0227987421383648
dmel-FBgn0037750	0.0343415248897291	0	0.15359168241966	0.0179584120982987
dmel-FBgn0037751	0.166112956810631	0	0.0249169435215947	0.048172757475083
dmel-FBgn0037753	0	0	0	0
dmel-FBgn0037754	0.0909090909090909	0.022038567493113	0	0
dmel-FBgn0037755	0.0400816478010763	0.0671738727036558	0.034514752273149	0.0146594915568751
dmel-FBgn0037756	0.0343094322379193	0.0640874300293211	0.0181638170671338	0.0590990442100453
dmel-FBgn0037757	0.0467466835123184	0.0421141292903769	0.0267424720993893	0.00884396715097915
dmel-FBgn0037758	0.0480230597704899	0.0386686245717082	0.0699407189862403	0.0220808179692173
dmel-FBgn0037759	0.374795417348609	0	0	0
dmel-FBgn0037760	0.0664103460328556	0.0789933589653967	0.0420598858208084	0.0208551788418968
dmel-FBgn0037761	0	0	0	0
dmel-FBgn0037763	0.105789849892781	0	0	0
dmel-FBgn0037764	0	0	0	0
dmel-FBgn0037765	0.0659340659340659	0.466165413533835	0	0
dmel-FBgn0037766	0.5	0	0	0
dmel-FBgn0037770	0.078168107412176	0.0947213536876956	0.0233584697443443	0.0132425970204157
dmel-FBgn0037772	0	0	0	0
dmel-FBgn0037773	0.205533596837944	0	0	0
dmel-FBgn0037777	0.163636363636364	0.0376395534290271	0.0223285486443381	0.0159489633173844
dmel-FBgn0037778	0.053905390539054	0.0973597359735974	0.0385038503850384	0.0203520352035203
dmel-FBgn0037779	0.0296494355317884	0.0309566250742722	0.00612002376708258	0.167617349970291
dmel-FBgn0037780	0.0664105378704721	0.0822173435784853	0.0545554335894622	0.0190998902305159
dmel-FBgn0037781	0.0438404208680404	0	0.187637001315213	0
dmel-FBgn0037782	0.0115773856832512	0	0.0467797912361574	0
dmel-FBgn0037783	0.0144215011471649	0	0.648967551622419	0
dmel-FBgn0037786	0.549019607843137	0	0	0
dmel-FBgn0037788	0.0147288029925187	0.0142612219451372	0.0255610972568578	0.00381857855361596
dmel-FBgn0037792	0.0641509433962264	0.0460377358490566	0.0309433962264152	0.00981132075471698
dmel-FBgn0037794	0.0625978090766823	0.10641627543036	0.0292123109024518	0.0396452790818988
dmel-FBgn0037796	0.047611078570831	0.143167935737595	0.00435110032633252	0
dmel-FBgn0037798	0.313084112149533	0	0	0
dmel-FBgn0037801	0.0238798049815926	0.000994991874233027	0	0.307153991575735
dmel-FBgn0037802	0.077615298087739	0.0933633295838021	0.0303712035995501	0
dmel-FBgn0037807	0.107382550335571	0.087248322147651	0.140939597315436	0
dmel-FBgn0037809	0.148351648351648	0.184615384615385	0.101098901098901	0.0626373626373626
dmel-FBgn0037810	0.359930110658124	0.0681421083284799	0.0413511939429237	0.0122306348281887
dmel-FBgn0037811	0.41304347826087	0.0695652173913042	0	0
dmel-FBgn0037812	0.514435695538057	0	0	0
dmel-FBgn0037814	0.0960111317254174	0.0718923933209648	0.0231910946196661	0.0310760667903525
dmel-FBgn0037815	0.0510340226817878	0.048032021347565	0.0276851234156104	0
dmel-FBgn0037816	0.0913907284768212	0.0622516556291392	0.042384105960265	0
dmel-FBgn0037817	0.0243632336655593	0.054328708227477	0.0340694417301804	0.0616897921959482
dmel-FBgn0037818	0.273996509598604	0.0383944153577661	0	0
dmel-FBgn0037819	0.0490876381392959	0.108069904908764	0.0157414546389103	0.029491133384734
dmel-FBgn0037822	0.194495412844036	0.172018348623853	0.106880733944954	0.0270642201834863
dmel-FBgn0037824	0.375621890547265	0	0	0
dmel-FBgn0037826	0.316652286453839	0	0	0
dmel-FBgn0037827	0.295539033457249	0	0	0
dmel-FBgn0037828	0.355506047103756	0	0	0
dmel-FBgn0037829	0.490706319702602	0	0	0
dmel-FBgn0037831	0.0708502024291498	0.0352226720647773	0.0214574898785426	0.0105263157894737
dmel-FBgn0037832	0	0.0830258302583025	0	0
dmel-FBgn0037834	0.0754479418886199	0.0953026634382566	0.0374818401937046	0.0202421307506053
dmel-FBgn0037835	0.0385278895917194	0.204594291940316	0.0141339547834509	0
dmel-FBgn0037836	0.308823529411765	0.102941176470588	0.0882352941176471	0
dmel-FBgn0037837	0.308510638297872	0	0	0
dmel-FBgn0037838	0.211822660098522	0.0591133004926108	0	0
dmel-FBgn0037842	0.0357963875205254	0.0415982484948003	0.0339354132457579	0.0410509031198686
dmel-FBgn0037843	0.0790486183980413	0.062259531304652	0.012591815320042	0.00489681706890522
dmel-FBgn0037844	0.154566744730679	0	0	0
dmel-FBgn0037845	0.0205190102595051	0	0.0977670488835245	0
dmel-FBgn0037846	0.0509456985967053	0.0466748017083587	0.107992678462477	0.0176937156802928
dmel-FBgn0037848	0.0568158168574402	0.0668054110301769	0.0409989594172737	0.0266389177939646
dmel-FBgn0037849	0.147286821705426	0.0594315245478037	0	0
dmel-FBgn0037850	0.0258890469416785	0.0460881934566145	0.0130867709815078	0
dmel-FBgn0037852	0.0459175154449825	0.0704625146101187	0.0464184337952914	0.0569377191517784
dmel-FBgn0037853	0.0559701492537314	0.0503731343283582	0.0387126865671642	0
dmel-FBgn0037855	0.0632183908045977	0.072477650063857	0.0172413793103448	0.0175606641123882
dmel-FBgn0037856	0.0488454706927176	0.0509177027827117	0.059206631142688	0.0133214920071048
dmel-FBgn0037857	0.331395348837209	0	0	0
dmel-FBgn0037860	0.394803017602682	0	0	0
dmel-FBgn0037862	0.398406374501992	0	0	0.00221336874723329
dmel-FBgn0037870	0.0141176470588235	0	0.121176470588235	0
dmel-FBgn0037873	0.0373450750163079	0.0496086105675147	0.0321917808219178	0.0124592302674494
dmel-FBgn0037874	0.0274695881969037	0.0538291589544973	0.0133790535697091	0.0267393839536949
dmel-FBgn0037875	0.0504518072289156	0.0658885542168676	0.0372740963855422	0.0297439759036145
dmel-FBgn0037876	0.10096463022508	0.0707395498392284	0.027652733118971	0
dmel-FBgn0037877	0.0535382984362576	0.100450569838325	0.0397561622051418	0.0121918897429101
dmel-FBgn0037878	0.081865163260512	0.049095607235142	0.0238430819826169	0.0092788348602302
dmel-FBgn0037880	0.0696757230499562	0.0937773882559158	0.0416301489921122	0.0236634531113059
dmel-FBgn0037881	0.0760993392572338	0.0665299612668034	0.0542264752791069	0.0225563909774436
dmel-FBgn0037882	0.0495049504950495	0.0674210278170674	0.0193305044790194	0.016973125884017
dmel-FBgn0037883	0.0257616487455197	0.0425627240143369	0	0.0109767025089605
dmel-FBgn0037884	0.0714396404772975	0.0725244072524407	0.0316132031613203	0.0131721679838834
dmel-FBgn0037885	0.0505176722599071	0.035523027490182	0.0142806140664049	0.0226704748304177
dmel-FBgn0037890	0.133879781420765	0.10724043715847	0.229849726775956	0.0737704918032787
dmel-FBgn0037891	0.0762059527882312	0.0538829969209716	0.0250171057133082	0.0170201847417038
dmel-FBgn0037892	0.0673936750272628	0.0431842966194111	0.0355507088331516	0.0152671755725191
dmel-FBgn0037894	0.103520244886601	0.0599693891748993	0.0292194239599276	0.01961875608738
dmel-FBgn0037895	0.136	0	0	0
dmel-FBgn0037897	0.0519394261424016	0.0300212539851222	0.0886025504782146	0.0832890541976621
dmel-FBgn0037898	0.0566502463054187	0.0788177339901478	0	0
dmel-FBgn0037899	0.0339165912275698	0.0500874266793982	0.0146331179702129	0.0173365245104726
dmel-FBgn0037900	0.128675657749281	0.0442184390891002	0.0400176873756356	0.0148131770948485
dmel-FBgn0037901	0.0500352360817478	0.104862579281184	0.0410852713178294	0.031782945736434
dmel-FBgn0037902	0.172972972972973	0	0	0
dmel-FBgn0037906	0.0191094974202179	0.0181922415440474	0.0431874641696923	0.00382189948404356
dmel-FBgn0037908	0	0	0	0
dmel-FBgn0037910	0.448051948051947	0	0	0
dmel-FBgn0037911	0.0772841051314143	0.117647058823529	0.0497496871088861	0.0100125156445557
dmel-FBgn0037912	0	0	0	0
dmel-FBgn0037913	0.00559846300499051	0.00376575582201787	0.00477212160203989	0.00890973105538551
dmel-FBgn0037915	0.348974626346889	0	0	0.00139033715676051
dmel-FBgn0037916	0.342592592592593	0	0	0
dmel-FBgn0037917	0.0372587470327174	0.0440705955206935	0.0365362782536898	0.00722468779027762
dmel-FBgn0037918	0.0787401574803151	0.0653375774836656	0.0152454347461886	0.0140727089964818
dmel-FBgn0037920	0.0508559919436053	0.0574018126888217	0.0211480362537764	0.0156092648539778
dmel-FBgn0037921	0.147186147186147	0	0	0
dmel-FBgn0037922	0	0	0	0
dmel-FBgn0037923	0.0441286462228871	0.0276738967838444	0	0
dmel-FBgn0037924	0.191362620997766	0.0471581037478282	0.0198560436832961	0.0106726234797716
dmel-FBgn0037926	0.0704747774480712	0.0619436201780416	0.0326409495548961	0.0211424332344214
dmel-FBgn0037930	0.0464403367496339	0.0253934846266471	0.0265830893118595	0.066938140556369
dmel-FBgn0037931	0.0797831138652207	0.0681642137877614	0.048024786986832	0.0240123934934159
dmel-FBgn0037933	0.0297421183386403	0.0423562755869695	0.127243780398194	0.0211343993841632
dmel-FBgn0037934	0.0758510009291325	0	0.4774896528423	0
dmel-FBgn0037935	0.0704429920116194	0	0.345436940208182	0.11837327523602
dmel-FBgn0037936	0.00866400970369089	0	0.140530237393866	0.0363888407555017
dmel-FBgn0037939	0.397882938978829	0	0	0.00155666251556662
dmel-FBgn0037941	0.5	0	0	0
dmel-FBgn0037942	0.173898419105281	0.0403632694248234	0.0336360578540195	0.0699630003363606
dmel-FBgn0037943	0.0714426294036607	0.0594371186774259	0.0366069671324542	0.0348356622712065
dmel-FBgn0037944	0.0942718241386601	0.0545339251743817	0.0395265271612767	0.0253646163601776
dmel-FBgn0037949	0.112230999727594	0.0708253881776083	0.0408608008716971	0.0305093979842005
dmel-FBgn0037950	0.184782608695652	0	0	0.358695652173913
dmel-FBgn0037955	0.0419211090939098	0.0516586895527315	0.031853441161908	0.0273147384056774
dmel-FBgn0037956	0.0717725648594065	0.106105328569209	0.00481590803169177	0
dmel-FBgn0037958	0.0852459016393442	0.0622950819672131	0.0202185792349726	0.0109289617486339
dmel-FBgn0037960	0.0937185085656701	0.0752435337588176	0.0218340611353712	0.0312395028552234
dmel-FBgn0037962	0.436082474226804	0	0	0
dmel-FBgn0037963	0.0772532188841202	0.0670600858369098	0.00429184549356223	0.00214592274678112
dmel-FBgn0037964	0.469135802469135	0	0	0
dmel-FBgn0037970	0	0	0	0
dmel-FBgn0037972	0.0712126301645952	0.049378569029224	0.0137722539469265	0.0648303661404097
dmel-FBgn0037973	0.0390497553017944	0.00973694942903753	0.0762642740619903	0.126937194127243
dmel-FBgn0037974	0.0855855855855855	0.0656370656370656	0.0842985842985844	0.217503217503218
dmel-FBgn0037975	0.0272635476270616	0	0	0.401043419723999
dmel-FBgn0037976	0.0194769059543685	0	0.10740122426266	0
dmel-FBgn0037978	0.0549488054607507	0.0539249146757678	0.0237201365187713	0.137883959044369
dmel-FBgn0037979	0.0685220324689014	0.0645161290322581	0.0459624710099094	0.0288846721484293
dmel-FBgn0037980	0.104638619201726	0.0504314994606257	0.0264293419633226	0.0137540453074434
dmel-FBgn0037981	0.0584567420109119	0.0767731878409977	0.0611847233047545	0.0214341387373343
dmel-FBgn0037985	0.442832764505119	0	0	0.00227531285551764
dmel-FBgn0037986	0.601941747572815	0	0	0
dmel-FBgn0037987	0.604151753758053	0	0	0
dmel-FBgn0037988	0.38753495805034	0	0	0
dmel-FBgn0037989	0.116444444444445	0.0871111111111112	0.0622222222222222	0.00711111111111112
dmel-FBgn0037993	0.526315789473684	0	0	0
dmel-FBgn0037994	0.332369942196531	0	0	0
dmel-FBgn0037995	0.419065898912348	0	0	0
dmel-FBgn0037996	0.0266748116473223	0	0.0993687639991857	0
dmel-FBgn0037998	0.0579451749498551	0.0561622464898596	0.0470247381323824	0.0262981947849342
dmel-FBgn0037999	0.0472486875364573	0.223604899863893	0.00913863503791563	0.0159440015555123
dmel-FBgn0038000	0.378311258278146	0	0	0
dmel-FBgn0038003	0.783132530120482	0	0	0
dmel-FBgn0038008	0.410476190476191	0	0	0
dmel-FBgn0038009	0.0552179997054058	0.31125718073354	0	0.00216035744095841
dmel-FBgn0038012	0.244	0	0	0
dmel-FBgn0038013	0.068391866913124	0.101831624936985	0.0309191732481936	0.0329356410687279
dmel-FBgn0038016	0.097897026831037	0.0690717911530094	0.0364394488759971	0.0161348803480783
dmel-FBgn0038017	0.0720663265306123	0.0567602040816327	0.045280612244898	0
dmel-FBgn0038018	0.638044914134743	0	0	0
dmel-FBgn0038020	0.0459259259259259	0.0151111111111111	0.0216296296296296	0.0172839506172839
dmel-FBgn0038028	0	0	0	0
dmel-FBgn0038034	0.0521653543307086	0.0167322834645669	0.255249343832021	0.144685039370079
dmel-FBgn0038035	0.0267426567295046	0.0346339324857519	0.0194359199181645	0.0251351746310098
dmel-FBgn0038037	0.0148990754634784	0.00302047533762525	0.174732562079481	0.00725107701244011
dmel-FBgn0038038	0.0662429162199418	0.0783427783734109	0.112306631949763	0.107405421963547
dmel-FBgn0038039	0.145052243392747	0.165334972341733	0.130301167793485	0.053779963122311
dmel-FBgn0038042	0.0655412115193645	0.0268123138033764	0	0
dmel-FBgn0038043	0.0647773279352227	0.0536904391155402	0.0347555278729368	0.029585798816568
dmel-FBgn0038045	0	0	0	0
dmel-FBgn0038046	0.083077238270846	0.089838147920508	0.0272485146486376	0.0224339274738783
dmel-FBgn0038047	0.508196721311475	0	0	0
dmel-FBgn0038049	0.0734138972809668	0.0655589123867069	0.0318227593152063	0.0177240684793555
dmel-FBgn0038051	0.334801762114538	0	0	0
dmel-FBgn0038052	0.335877125193199	0	0	0.00231839258114374
dmel-FBgn0038053	0.0486012033992928	0.0866571552633211	0.00769183053160474	0.100148874139321
dmel-FBgn0038054	0.4178814382896	0.0369290573372207	0	0.0816326530612245
dmel-FBgn0038055	0.0707259953161592	0.0899297423887588	0.0299765807962529	0.05807962529274
dmel-FBgn0038056	0.0344767844767844	0.0438322938322938	0.0412335412335412	0.0157657657657657
dmel-FBgn0038057	0.0450310559006211	0.058488612836439	0.0253623188405797	0.0201863354037267
dmel-FBgn0038058	0.057286432160804	0.0700167504187605	0.0733668341708543	0.0368509212730318
dmel-FBgn0038063	0.0109863864342011	0.0370193455935037	0	0
dmel-FBgn0038065	0.0352826710364604	0.0416837361736993	0.0250921753379763	0.027550184350676
dmel-FBgn0038070	0.0258620689655173	0.0868700265251991	0.019893899204244	0
dmel-FBgn0038071	0.0446660884648742	0.0223330442324371	0.0789245446660884	0.0158282740676496
dmel-FBgn0038072	0.0980861244019141	0.0526315789473684	0.0382775119617224	0
dmel-FBgn0038073	0.636363636363636	0	0	0
dmel-FBgn0038074	0.0320327679462269	0	0	0.209053195399885
dmel-FBgn0038076	0.00983227299016774	0.0127241179872759	0.0121457489878543	0
dmel-FBgn0038078	0.298076923076923	0	0	0
dmel-FBgn0038079	0.0580007459903021	0.275177172696755	0.00979112271540471	0
dmel-FBgn0038080	0.0363076246011662	0.0245351523820002	0.0303663769391572	0.00979205633182969
dmel-FBgn0038082	0.201017811704834	0	0.556403731976251	0
dmel-FBgn0038083	0.173269941891178	0	0.338792040852263	0.0899806303926746
dmel-FBgn0038084	0.5	0	0	0
dmel-FBgn0038087	0.5	0	0	0
dmel-FBgn0038088	0.0635141239011848	0.164101316840971	0.000938118897884021	0
dmel-FBgn0038089	0.609929078014185	0	0	0
dmel-FBgn0038090	0.20188679245283	0	0	0
dmel-FBgn0038092	0.158273381294964	0	0	0
dmel-FBgn0038095	0.0172045331894226	0	0.103637344846195	0.00684295736643283
dmel-FBgn0038097	0.459317585301837	0	0.094488188976378	0
dmel-FBgn0038098	0.00668758681002109	0	0.0377077010134266	0
dmel-FBgn0038099	0.26388888888889	0.194444444444444	0	0
dmel-FBgn0038100	0.0391518106962987	0.0771444559916862	0.0259013510272604	0.0164681429370853
dmel-FBgn0038102	0.33713692946058	0	0	0
dmel-FBgn0038105	0	0	0	0.545454545454546
dmel-FBgn0038106	0.0656675749318801	0.0790190735694823	0.0455040871934605	0.0215258855585831
dmel-FBgn0038107	0	0	0	0
dmel-FBgn0038108	0.0919601565279259	0.0889363215937391	0.0336179295624333	0.0174315190323729
dmel-FBgn0038109	0.274662668665667	0.00869565217391305	0.0209895052473763	0.0191904047976012
dmel-FBgn0038110	0.0359223569042163	0.0563547505315183	0.0661291658613358	0.0434602534721264
dmel-FBgn0038111	0.0728695202379414	0.0292900556058451	0.0219837061942324	0.0286434760118971
dmel-FBgn0038113	0.0410513880685174	0.158594211458949	0	0.0073833431777909
dmel-FBgn0038114	0.0461428825939782	0.308747550329592	0	0
dmel-FBgn0038115	0.01904619636255	0.0242372185084214	0.0036598573402547	0.088620831310453
dmel-FBgn0038118	0.099441340782123	0.0558659217877096	0.0268156424581006	0
dmel-FBgn0038122	0.328380386329866	0	0	0
dmel-FBgn0038123	0.43313373253493	0	0	0
dmel-FBgn0038124	0.36411149825784	0	0	0
dmel-FBgn0038125	0.298039215686274	0	0	0
dmel-FBgn0038126	0.0288832609744332	0.0969609261939217	0	0
dmel-FBgn0038127	0.387665198237886	0	0	0
dmel-FBgn0038128	0.0547169811320755	0.0704402515723271	0.0455974842767295	0.019811320754717
dmel-FBgn0038129	0.0887623513649307	0.0462234131636242	0.0629710266287052	0.286216714118238
dmel-FBgn0038130	0.0525657071339174	0.0150187734668336	0	0
dmel-FBgn0038134	0	0	0.28	0
dmel-FBgn0038135	0.0329881760302246	0	0.108094871615476	0
dmel-FBgn0038136	0	0	0.0781314028138234	0
dmel-FBgn0038139	0.0267573696145125	0.138019652305367	0.0018140589569161	0
dmel-FBgn0038140	0.0714285714285715	0.0714285714285715	0	0
dmel-FBgn0038143	0.139175257731959	0.0567010309278351	0	0
dmel-FBgn0038145	0.0617513631094636	0.0594902471485612	0.0251012493381227	0.0143967256751148
dmel-FBgn0038146	0.0824612808706572	0.0602762662201758	0.0288823775638342	0.0142318961908748
dmel-FBgn0038147	0.0159653562204889	0	0.0481308533117679	0.088200766963191
dmel-FBgn0038149	0.0494318862973373	0.11801846203029	0.00271735510769518	0.00126543497662276
dmel-FBgn0038150	0.044362292051756	0.0591497227356749	0	0
dmel-FBgn0038151	0.0688659793814433	0.123711340206186	0	0
dmel-FBgn0038156	0.0272727272727273	0.0181818181818182	0	0
dmel-FBgn0038158	0.209625668449198	0	0	0
dmel-FBgn0038160	0.5	0	0	0
dmel-FBgn0038161	0.114996637525219	0.0968392737054472	0	0
dmel-FBgn0038163	0.33398247322298	0	0	0
dmel-FBgn0038165	0.144712430426716	0	0	0
dmel-FBgn0038166	0.042409612113897	0.101442914357821	0.0318757886651671	0.013825643276458
dmel-FBgn0038167	0.116782675947409	0.0593580819798916	0.0378963650425367	0.0125676720804331
dmel-FBgn0038168	0.100325540100622	0.0654039656703167	0.0248594258656407	0.0121337673868009
dmel-FBgn0038172	0.0321068830442082	0.00181869054280918	0	0.163192501398993
dmel-FBgn0038173	0.0343434343434342	0.0161616161616162	0.0838383838383839	0
dmel-FBgn0038179	0.0372764925750076	0.221891100111122	0.00227295686432973	0
dmel-FBgn0038180	0.0429758227713282	0.204867398018958	0.0147513047182874	0.00154436042177016
dmel-FBgn0038181	0.0210258653688412	0.0463990813145951	0.000519494723027286	0
dmel-FBgn0038183	0.0556089743589745	0.0509615384615384	0.0379807692307692	0.0147435897435898
dmel-FBgn0038186	0.397643593519882	0	0	0
dmel-FBgn0038188	0.462686567164178	0	0	0
dmel-FBgn0038189	0.270758122743682	0	0	0
dmel-FBgn0038190	0.454545454545455	0	0	0
dmel-FBgn0038191	0.173913043478261	0	0	0
dmel-FBgn0038194	0.0145872813009563	0.0027543960160416	0.137785906306465	0.042241417302014
dmel-FBgn0038195	0.0698974331144516	0.0611059857817333	0.0390730992565258	0.0303359201172193
dmel-FBgn0038196	0.0574289626840124	0.0276446422458063	0.0141218760698391	0.0111263266004793
dmel-FBgn0038197	0.0533556645531763	0.039598038042828	0.031104199066874	0.101686804641703
dmel-FBgn0038198	0.0687473639814424	0.265228655781165	0.00379586672290173	0
dmel-FBgn0038199	0.0232744783306581	0	0.115569823434992	0
dmel-FBgn0038200	0.3853891288929	0	0	0.00148300986523954
dmel-FBgn0038201	0.112676056338028	0.105633802816901	0.0845070422535211	0
dmel-FBgn0038202	0.314641744548287	0	0	0
dmel-FBgn0038205	0	0	0	0
dmel-FBgn0038206	0.0297625443214785	0.0348662297195659	0.0239604598689159	0.00650048350703771
dmel-FBgn0038207	0.127368421052631	0	0	0
dmel-FBgn0038208	0.272251308900524	0.0212332751599767	0	0.00130890052356021
dmel-FBgn0038209	0.261106074342701	0	0	0
dmel-FBgn0038210	0.417953667953667	0	0	0
dmel-FBgn0038213	0.360879904875148	0	0	0
dmel-FBgn0038214	0.0338183248132126	0	0	0.31230829728667
dmel-FBgn0038217	0.383663366336634	0	0	0
dmel-FBgn0038218	0.325231481481482	0	0	0
dmel-FBgn0038219	0.343251859723699	0	0	0
dmel-FBgn0038220	0.0463456132563989	0.0326971445480101	0.0722740050303299	0.00843320017754105
dmel-FBgn0038221	0.0511882998171846	0.0274223034734918	0.26508226691042	0.0493601462522852
dmel-FBgn0038223	0.111286254728878	0.0517023959646911	0.0412988650693569	0.0163934426229508
dmel-FBgn0038224	0.0362641167696569	0.0314697421691882	0.0187912848923929	0.0108805668016194
dmel-FBgn0038225	0.354967702245463	0	0	0
dmel-FBgn0038233	0.138305847076462	0.0423538230884558	0.0232383808095952	0.0243628185907047
dmel-FBgn0038234	0.0623728813559322	0.0555932203389831	0.0294915254237288	0
dmel-FBgn0038235	0.041174593041813	0.051707628471114	0.023938716884775	0.0328758378550909
dmel-FBgn0038237	0.0471859010801592	0.0807276861853325	0.0113700966458215	0.0164866401364412
dmel-FBgn0038238	0	0.724637681159421	0	0
dmel-FBgn0038239	0.0090860502405131	0	0	0
dmel-FBgn0038240	0.225108225108225	0	0	0
dmel-FBgn0038241	0.222410865874363	0	0	0
dmel-FBgn0038242	0.191822008418521	0	0	0
dmel-FBgn0038243	0.0897292771420596	0.118057493720346	0.200111638291934	0.105079542283003
dmel-FBgn0038244	0.183260610868703	0.205870686235621	0.0682268940896469	0.0460134867116224
dmel-FBgn0038246	0.159362549800796	0	0	0
dmel-FBgn0038247	0.333333333333333	0	0	0.128205128205128
dmel-FBgn0038248	0.353445433564128	0	0	0.0019782393669634
dmel-FBgn0038250	0.0514866230519654	0.13015265145471	0	0.109887771927025
dmel-FBgn0038251	0.080372250423012	0.0689509306260577	0.0262267343485617	0.0154399323181049
dmel-FBgn0038252	0.459227467811159	0	0	0
dmel-FBgn0038256	0.0491664311952529	0.0570782706979372	0.0033907883582933	0.00762927380615993
dmel-FBgn0038257	0.00549786194257789	0.00254530645489717	0.0129301567908776	0.0093667277540216
dmel-FBgn0038258	0.639896373056995	0	0	0
dmel-FBgn0038260	0.0551330798479087	0.209125475285171	0.0107731305449937	0
dmel-FBgn0038261	0.0512295081967213	0.0799180327868853	0.0327868852459016	0
dmel-FBgn0038262	0.178649237472767	0	0.0610021786492375	0
dmel-FBgn0038266	0.380382775119617	0	0	0
dmel-FBgn0038268	0.0582990397805212	0.0507544581618656	0.0397805212620027	0.0356652949245541
dmel-FBgn0038269	0.161873756556339	0.0538976306746247	0.026587086272382	0.0144691625972147
dmel-FBgn0038271	0.0606044434957399	0.0479926001031716	0.0265400145863351	0.0127719373143355
dmel-FBgn0038272	0.0346106304079109	0.0343788627935722	0.0568603213844252	0.0142923362175525
dmel-FBgn0038273	0.0461847389558233	0.0582329317269076	0	0
dmel-FBgn0038274	0.0800933125972006	0.0524883359253499	0.0209953343701399	0.0093312597200622
dmel-FBgn0038275	0.0687628563032618	0.0620041140170438	0.0290919776667646	0.011754334410814
dmel-FBgn0038277	0.303184713375797	0	0	0
dmel-FBgn0038279	0.121319199057715	0.03886925795053	0.0176678445229682	0
dmel-FBgn0038280	0.375480769230769	0	0	0
dmel-FBgn0038281	0.391929242675511	0	0	0
dmel-FBgn0038282	0.209150326797386	0	0	0
dmel-FBgn0038286	0.0508712759977515	0.0658609705827242	0.0375679220535882	0.036350009368559
dmel-FBgn0038290	0	0	0	0.0102484472049689
dmel-FBgn0038291	0	0	0	0
dmel-FBgn0038292	0.0261543609190274	0	0.132054427838501	0
dmel-FBgn0038294	0.0158799591082452	0.0663753784453269	0.00110584673455746	6.88082412613533e-05
dmel-FBgn0038295	0	0	0	0
dmel-FBgn0038296	0.300178412132025	0.00847457627118645	0	0.00267618198037467
dmel-FBgn0038299	0.0128884527314361	0	0	0.0874059535492312
dmel-FBgn0038300	0.0653654108034498	0.0789832047208352	0.0422151611438947	0.0181570585565138
dmel-FBgn0038301	0.123561780890445	0.14232116058029	0.0552776388194097	0.0365182591295648
dmel-FBgn0038302	0.0850534692862472	0.101218602337727	0.0621735886595374	0.0651579209151952
dmel-FBgn0038303	0.0516989785282468	0.0454450698353137	0.135084427767355	0.0314780070877632
dmel-FBgn0038304	0.0743713215623328	0.0551096843231675	0.0627786695202424	0.0224719101123596
dmel-FBgn0038306	0.110305704380713	0.0636621493854397	0.025843050740624	0.00724866057358967
dmel-FBgn0038307	0.119252256123764	0.0391061452513966	0.0279329608938547	0
dmel-FBgn0038309	0	0	0	0
dmel-FBgn0038311	0.377551020408163	0	0	0
dmel-FBgn0038312	0.149732620320856	0.0570409982174688	0.195187165775401	0.0757575757575758
dmel-FBgn0038313	0.0408329930583911	0.0261331155573703	0	0
dmel-FBgn0038316	0.0540167940844719	0.0711868655219951	0.0408572502819904	0.0149141496428124
dmel-FBgn0038318	0.0809282371294851	0.0809282371294851	0.0978939157566302	0.00780031201248049
dmel-FBgn0038319	0.0518508248994871	0.0847081658117289	0.0483848606682377	0.0189934839872453
dmel-FBgn0038320	0.0711087700816435	0.0459573347379509	0.0514880168554121	0.025941532789044
dmel-FBgn0038321	0.0405942665829672	0.00648671270140197	0.0578921671200392	0
dmel-FBgn0038324	0.0874316939890709	0.0478142076502734	0.0218579234972677	0.0341530054644809
dmel-FBgn0038325	0.0530492898913952	0.0446950710108605	0.047827903091061	0.0160818713450293
dmel-FBgn0038326	0.0361401577692166	0.0386167675655842	0.0451293340671436	0.0190790680609062
dmel-FBgn0038327	0.0691198408751865	0.0543676446212496	0.0397812033814023	0.0329852478037461
dmel-FBgn0038330	0.188981422165279	0.0307495195387572	0	0
dmel-FBgn0038331	0.0338266384778012	0.053311239357751	0.031769613164962	0.0107422433003829
dmel-FBgn0038332	0.111545988258317	0.0244618395303327	0	0
dmel-FBgn0038334	0.332650273224044	0	0	0
dmel-FBgn0038337	0.153181461115475	0.0172820109976433	0	0
dmel-FBgn0038341	0.0536408395957503	0.053899974086551	0.00855143819642395	0.0318735423684893
dmel-FBgn0038342	0.498466257668711	0	0	0
dmel-FBgn0038344	0.0728667305848514	0.0532118887823586	0.0431447746883988	0.0417066155321189
dmel-FBgn0038345	0.366013071895425	0	0	0
dmel-FBgn0038348	0.0775558166862515	0.0757931844888367	0	0
dmel-FBgn0038349	0.114881850175968	0.338612368024133	0.0145801910507793	0.0692559074912017
dmel-FBgn0038353	0.0182245391229651	0.000913753463420384	0.0687883713291954	0.00026949410902721
dmel-FBgn0038354	0.245478036175711	0.152454780361757	0	0
dmel-FBgn0038355	0.371537726838586	0	0	0
dmel-FBgn0038356	0.424320827943078	0	0	0
dmel-FBgn0038357	0.325483599663583	0	0	0
dmel-FBgn0038359	0.39963503649635	0	0	0.00250912408759124
dmel-FBgn0038360	0.0688645621181262	0.0794297352342159	0.0476069246435847	0.0440427698574337
dmel-FBgn0038361	0.354613733905579	0	0	0
dmel-FBgn0038363	0.0469431558540469	0.0366959772900367	0.0261718479540262	0.025964134875026
dmel-FBgn0038365	0	0.1	0	0
dmel-FBgn0038366	0.0638617945358373	0.266365798029796	0	0
dmel-FBgn0038369	0.0414922202087108	0.0378054114853466	0.038430294319815	0.0144972817596701
dmel-FBgn0038371	0.0631443298969071	0.0708762886597937	0.029639175257732	0
dmel-FBgn0038373	0.364918217710095	0	0	0.00360970107163002
dmel-FBgn0038376	0.0594633055499085	0.0654604594429763	0.0634275259199024	0.0132140678999797
dmel-FBgn0038377	0.41491395793499	0	0	0
dmel-FBgn0038380	0.0375615763546797	0	0.160098522167488	0
dmel-FBgn0038381	0.0745849297573436	0.100638569604087	0.0120051085568327	0
dmel-FBgn0038385	0.0980392156862745	0.118401206636501	0	0
dmel-FBgn0038386	0.644230769230769	0	0	0
dmel-FBgn0038387	0.0583016476552598	0.0534431770173215	0.0266159695817491	0.0149978876214618
dmel-FBgn0038388	0.0543789753267631	0.053749912630181	0.0623471028168029	0.0485077234919969
dmel-FBgn0038389	0.220435193945127	0.170293282876064	0.0709555345316935	0.0454115421002838
dmel-FBgn0038390	0.0897887323943663	0.0809859154929576	0.0211267605633803	0
dmel-FBgn0038391	0.0366577619471653	0	0.149005639655684	0
dmel-FBgn0038395	0.117008443908323	0.258142340168878	0.0542822677925211	0.0410132689987936
dmel-FBgn0038396	0.0697572709381149	0.0833151104307895	0.0367373715285371	0.0203367592390116
dmel-FBgn0038397	0	0.0694444444444446	0	0
dmel-FBgn0038398	0.0218104613009072	0.0360934182590233	0	0
dmel-FBgn0038400	0.175142644505085	0.22351773753411	0.0788886132473332	0.0449020094269412
dmel-FBgn0038401	0.0736312146003776	0.0358716173694147	0.0717432347388295	0.0339836375078666
dmel-FBgn0038402	0.490196078431372	0	0	0
dmel-FBgn0038404	0.0381466643441909	0.122800905765546	0.0520815188991465	0
dmel-FBgn0038405	0.0839024390243903	0	0	0
dmel-FBgn0038407	0.0315523465703972	0.128303249097473	0.00794223826714802	0.00693140794223827
dmel-FBgn0038412	0.0367097212780421	0.0915476999773399	0.0546113754815318	0.0140493995014729
dmel-FBgn0038414	0.0314544539506794	0	0.178158027176648	0
dmel-FBgn0038415	0	0	0	0
dmel-FBgn0038416	0.0215259092092701	0	0.162138703237567	0
dmel-FBgn0038418	0.092469018112488	0.111534795042898	0.0324118207816968	0.0152526215443279
dmel-FBgn0038419	0.0113091158327622	0.00976696367374914	0.00702535983550379	0.00428375599725839
dmel-FBgn0038420	0.0308698170984027	0.049242737730696	0.00417942563932798	0.09244392948771
dmel-FBgn0038421	0.00236638382745681	0.00365099219093337	0.00185930157871606	0
dmel-FBgn0038422	0.0603015075376884	0.0402010050251256	0	0
dmel-FBgn0038423	0.25340418465626	0	0	0
dmel-FBgn0038424	0.0457972319117814	0.0455721840891189	0.044221897153145	0.0273433104534714
dmel-FBgn0038425	0.0650628758884637	0.064516129032258	0.0295243302351012	0.0284308365226899
dmel-FBgn0038426	0.0555356503045502	0.0392332497312791	0.0243640272303834	0.0150483697599427
dmel-FBgn0038427	0.0745029917004441	0.0704497201312489	0.0463231036479444	0.0223895000965065
dmel-FBgn0038428	0.0731889469753549	0.092713112130588	0.0913261495785767	0.0474767950496105
dmel-FBgn0038429	0.049682264586944	0.0271519352975159	0.0155979202772964	0.0271519352975159
dmel-FBgn0038431	0.103174603174603	0	0.0216931216931218	0.0222222222222222
dmel-FBgn0038432	0.04671926910299	0.0496262458471761	0.0579318936877077	0.0105897009966777
dmel-FBgn0038437	0.114152591729761	0.0518345952242284	0.0355270821199766	0
dmel-FBgn0038438	0.0769553658877852	0.048971596474045	0.0483419616622358	0.0384776829438925
dmel-FBgn0038440	0	0	0.0878243512974054	0
dmel-FBgn0038445	0.582010582010581	0	0	0
dmel-FBgn0038446	0.0486462689852519	0.11666299801893	0.0372000880475458	0.0187101034558662
dmel-FBgn0038447	0	0.154761904761905	0	0
dmel-FBgn0038448	0.348914858096828	0	0	0
dmel-FBgn0038449	0.036031764845324	0.207182647860614	0	0
dmel-FBgn0038451	0	0.173684210526316	0	0
dmel-FBgn0038453	0.0976624240911737	0.0410115630979119	0.0286165876382997	0.0122285999500873
dmel-FBgn0038454	0.0620985010706638	0.0713775874375446	0.0456816559600285	0.0249821556031407
dmel-FBgn0038455	0.0963699222126188	0.0976663785652549	0.166810717372515	0.0406222990492653
dmel-FBgn0038458	0.616822429906542	0	0	0
dmel-FBgn0038460	0.0201544774318126	0.0279990345160512	0.0734371228578325	0.0308351436157373
dmel-FBgn0038461	0.113664596273292	0.145341614906832	0.126086956521739	0.104968944099379
dmel-FBgn0038462	0.127693535514764	0.157222665602554	0.0997605746209099	0.0885873902633679
dmel-FBgn0038463	0.0537538871612616	0.0497556641492669	0.111172812083519	0.0231008440693025
dmel-FBgn0038465	0.0234272116073285	0.0127532749578356	0.000554490215558072	0.180001386225539
dmel-FBgn0038466	0.0251752977950494	0	0.108557911633015	0.00270338768268988
dmel-FBgn0038467	0.0300678501719491	0.0202156334231806	0.00715679895901106	0.13156427177247
dmel-FBgn0038468	0.0357142857142857	0.485714285714286	0	0
dmel-FBgn0038469	0	0	0	0
dmel-FBgn0038470	0.153262518968134	0.0288315629742033	0.0273141122913505	0
dmel-FBgn0038471	0.0948557089084065	0.0514429109159347	0.0416562107904642	0.0366373902132999
dmel-FBgn0038472	0.0604953308972798	0.0885099472188388	0.0328867235079172	0.0207064555420219
dmel-FBgn0038473	0.0645792563600782	0.065231572080887	0.0295172863666014	0.0190802348336595
dmel-FBgn0038474	0.0665061133753243	0.0737310114857356	0.0366802519451649	0.0109299740644683
dmel-FBgn0038475	0.0120189977706698	0.0145391102064554	0.0148298924105845	0.0138606183968208
dmel-FBgn0038476	0.11318553092182	0.0374367950213924	0.0182808245818748	0.00281991443018281
dmel-FBgn0038478	0.131131617289947	0.0505099562894609	0.0252549781447304	0.014570179698883
dmel-FBgn0038479	0.034037558685446	0	0.105633802816901	0
dmel-FBgn0038481	0.0245901639344262	0	0.124075859852138	0
dmel-FBgn0038482	0.00934579439252334	0	0.0655485853283831	0
dmel-FBgn0038484	0.00858718376853892	0	0.085100113653903	0.000322720958621561
dmel-FBgn0038486	0.621145374449339	0	0	0
dmel-FBgn0038488	0.142052836725855	0.0456185939078965	0.0343583080698715	0.021654395842356
dmel-FBgn0038490	0.117117117117117	0.0918918918918919	0	0.0720720720720719
dmel-FBgn0038491	0.0439500813890396	0.0586001085187195	0.0412371134020619	0.0130222463374932
dmel-FBgn0038492	0.0640608034744843	0.351067680057908	0.00180962721679334	0
dmel-FBgn0038494	0.0652680652680652	0.027972027972028	0.0303030303030303	0
dmel-FBgn0038498	0.0545685279187817	0	0.0380710659898478	0
dmel-FBgn0038499	0.0676839773566331	0.0674378538026089	0.0435638690622693	0.0273197144966774
dmel-FBgn0038504	0.0565804135198711	0.035285378234493	0.0399900953324255	0.015476043085304
dmel-FBgn0038505	0	0.0034896070399029	0	0
dmel-FBgn0038507	0	0	0	0
dmel-FBgn0038508	0	0	0	0
dmel-FBgn0038509	0.0365660752167355	0.0218023077583353	0	0
dmel-FBgn0038511	0.0635319454414932	0.116295764536971	0	0
dmel-FBgn0038515	0.104807112718505	0.0593731163351417	0.0525919228450875	0.0196654611211573
dmel-FBgn0038516	0	0	0	0
dmel-FBgn0038519	0.0635093345550339	0.0550337876531897	0.0223342114305349	0.0227350818921085
dmel-FBgn0038523	0.0493857493857493	0	0	0
dmel-FBgn0038524	0.0561713319556641	0.0390757091865489	0.02179222243096	0.0308096937817021
dmel-FBgn0038530	0.302103250478012	0	0	0
dmel-FBgn0038532	0.098441926345609	0.0509915014164306	0.0240793201133144	0.0134560906515581
dmel-FBgn0038533	0.0229645733182277	0.0365289812915276	0.0533084295293793	0.00572583361401145
dmel-FBgn0038535	0.121323529411765	0.13562091503268	0.0434368191721134	0.129289215686274
dmel-FBgn0038536	0.055596196049744	0.0846135089002685	0.0397464033162643	0.0197512801755669
dmel-FBgn0038539	0.451810061118947	0	0	0
dmel-FBgn0038540	0.177606177606178	0	0	0
dmel-FBgn0038541	0.0546875	0	0.0625000000000001	0
dmel-FBgn0038542	0.0610079575596816	0	0.149602122015915	0
dmel-FBgn0038545	0.104715016095436	0.0838856277220225	0.0126869911001704	0.00946790380609735
dmel-FBgn0038546	0.0767008522316915	0.0691896576628631	0.0434782608695651	0.0174779719774664
dmel-FBgn0038547	0.0583900226757369	0.00907029478458049	0	0
dmel-FBgn0038548	0.0577456968350917	0.0699611327040533	0.0544142143253748	0.0244308717379234
dmel-FBgn0038549	0.0579234972677597	0.0437158469945354	0.0295081967213115	0
dmel-FBgn0038551	0.0691547749725576	0.0682766190998904	0.0381997804610318	0.0177826564215148
dmel-FBgn0038552	0.0482813749000799	0.0645083932853717	0.0896882494004796	0.0315747402078338
dmel-FBgn0038558	0.657992565055762	0	0	0
dmel-FBgn0038564	0.0491132332878581	0.0641200545702592	0.053206002728513	0.0127330604820373
dmel-FBgn0038565	0.451557093425605	0	0	0
dmel-FBgn0038567	0.293430656934307	0	0	0
dmel-FBgn0038569	0.184150513112885	0.1442417331813	0.141961231470924	0.0427594070695553
dmel-FBgn0038570	0	0	0	0
dmel-FBgn0038571	0	0	0	0
dmel-FBgn0038575	0.59346405228758	0	0	0
dmel-FBgn0038576	0.132602193419741	0.0722831505483549	0.0363908275174476	0.014456630109671
dmel-FBgn0038577	0.0486499159860889	0.134930248915634	0.0557227150169981	0.0122308624125669
dmel-FBgn0038578	0.0622277535780958	0.0908525202240199	0.0367143746110765	0.0242688238954574
dmel-FBgn0038581	0.304075235109718	0	0	0
dmel-FBgn0038582	0.0538742933155969	0.114399733954107	0.0445626870635185	0.0126371799135351
dmel-FBgn0038583	0.090877914951989	0.0452674897119342	0.0325788751714678	0.0130315500685871
dmel-FBgn0038584	0.0370854008879603	0.0780882737007052	0.042308696787673	0.0355184121180465
dmel-FBgn0038585	0.0876654517552272	0.0675234989449452	0.0291578745444083	0.0132361404181853
dmel-FBgn0038586	0.0589978448275863	0.0646551724137932	0.0366379310344828	0.0344827586206897
dmel-FBgn0038588	0.114560236511456	0.057649667405765	0.0295639320029563	0.0110864745011086
dmel-FBgn0038590	0.0849802371541502	0.061923583662714	0.0474308300395257	0.0210803689064559
dmel-FBgn0038592	0	0	0	0
dmel-FBgn0038593	0.0596910112359551	0.0663623595505618	0.0456460674157303	0.019311797752809
dmel-FBgn0038595	0.0169410068484921	0.00600744923705396	0.086987864952541	0.00780968400817014
dmel-FBgn0038596	0.517241379310345	0	0	0
dmel-FBgn0038597	0.0817361894024802	0.0597519729425028	0.0338218714768884	0.0146561443066516
dmel-FBgn0038598	0.3779299847793	0.00365296803652968	0.00578386605783867	0.00639269406392693
dmel-FBgn0038601	0.0586228287841191	0.0769230769230769	0.0328784119106699	0.0176799007444169
dmel-FBgn0038603	0.0661633493479755	0.104735758407687	0.0126286890871654	0.0787920384351406
dmel-FBgn0038606	0.0625	0	0.0546875000000001	0
dmel-FBgn0038607	0.376914016489988	0	0	0
dmel-FBgn0038608	0.0784929356357927	0.0368916797488227	0.0204081632653061	0
dmel-FBgn0038609	0.0858034321372855	0.0694227769110764	0.0366614664586583	0.0128705148205928
dmel-FBgn0038610	0.102791878172589	0.0454314720812183	0	0
dmel-FBgn0038611	0	0	0	0
dmel-FBgn0038612	0.342504743833016	0	0	0
dmel-FBgn0038613	0.104029990627929	0	0.505154639175258	0
dmel-FBgn0038617	0.0514157973174366	0.0655737704918034	0.03725782414307	0.0108792846497764
dmel-FBgn0038619	0.0895622895622896	0.0622895622895623	0.0346801346801346	0.0249158249158249
dmel-FBgn0038626	0.48502994011976	0	0	0
dmel-FBgn0038627	0.0711556829035339	0.0636739891754217	0.0270614453995543	0.0577841451766953
dmel-FBgn0038629	0.0600000000000001	0.177142857142857	0	0
dmel-FBgn0038630	0.368850154624684	0	0	0
dmel-FBgn0038631	0	0.505376344086023	0	0
dmel-FBgn0038632	0.276041666666667	0.177083333333333	0	0
dmel-FBgn0038638	0.0219983421539246	0.00736466237327042	0.0610533698909647	0
dmel-FBgn0038639	0.0567488130228352	0.0793579018765544	0.0481573592584219	0.0391137237169342
dmel-FBgn0038640	0.0681818181818182	0.0815217391304348	0.0360671936758893	0.0232213438735178
dmel-FBgn0038641	0.134453781512605	0.0504201680672269	0	0
dmel-FBgn0038643	0.188402283396883	0	0	0
dmel-FBgn0038645	0.0299514989931077	0	0.0743185750347449	0
dmel-FBgn0038646	0.160884098899199	0	0	0
dmel-FBgn0038647	0.0180574109042274	0	0.148324694183798	0
dmel-FBgn0038649	0.127982646420824	0.0379609544468547	0.017353579175705	0.0144613159797541
dmel-FBgn0038651	0.0529152748253871	0.0646067415730338	0.0628606134224112	0.0384148193136958
dmel-FBgn0038652	0.0397011046133854	0.0307342430149448	0.0179337231968811	0.0244964262508123
dmel-FBgn0038653	0.171232876712328	0.219178082191781	0.0410958904109589	0
dmel-FBgn0038655	0.331008583690987	0	0	0
dmel-FBgn0038656	0.395604395604395	0	0	0
dmel-FBgn0038658	0.0908726178535607	0	0.0112337011033099	0
dmel-FBgn0038659	0.0600689901272748	0.0461520161769952	0.0321160937314143	0.0143927679314857
dmel-FBgn0038660	0.0320860489494554	0.0520030992206371	0.00113941935189827	0.0929310423408232
dmel-FBgn0038662	0.0527089458210836	0.0331443371132578	0.0225045499090018	0.0146997060058799
dmel-FBgn0038666	0.057116953762466	0.0577213659715927	0.0271985494106981	0.019341190692052
dmel-FBgn0038672	0.0739655803734895	0.0417429512998902	0.0589527645551081	0.0117173196631271
dmel-FBgn0038673	0.0534691279439847	0.0633354551241248	0.0321451304901337	0.0143220878421388
dmel-FBgn0038674	0.0407816482582838	0.187340696686491	0	0
dmel-FBgn0038675	0.0516887734172023	0.0910706960207849	0.0445781485026666	0.0170928483522494
dmel-FBgn0038676	0.037313432835821	0.0746268656716418	0	0
dmel-FBgn0038678	0.085295121119072	0.0771067894916411	0.037871033776868	0
dmel-FBgn0038679	0.0480261112838048	0.120920111905502	0.0062169723344731	0.00170966739198011
dmel-FBgn0038680	0.107749830047587	0.172331747110809	0.29537729435758	0
dmel-FBgn0038681	0.048569255076365	0.0125811925800222	0.43173971560653	0
dmel-FBgn0038682	0.023676329321354	0.0433406792111658	0.0507995705486806	0
dmel-FBgn0038683	0.172528940338379	0.0307212822796082	0.0184772929652716	0.010240427426536
dmel-FBgn0038685	0.367373153500322	0	0	0
dmel-FBgn0038686	0.0624229726398818	0.0663667734779394	0.0460931722947991	0.0129405964998768
dmel-FBgn0038690	0.411985018726592	0	0	0
dmel-FBgn0038691	0.384730538922156	0	0	0
dmel-FBgn0038692	0.047886108714409	0.0655737704918031	0.0383951682484901	0.0261000862812769
dmel-FBgn0038693	0.229729729729729	0.0337837837837839	0.0202702702702703	0
dmel-FBgn0038694	0.400238095238095	0	0	0
dmel-FBgn0038695	0.5	0	0	0
dmel-FBgn0038697	0.365398420674803	0	0	0
dmel-FBgn0038700	0.00987481533317781	0	0.0592488919990669	0
dmel-FBgn0038701	0.11965811965812	0	0.575396825396825	0
dmel-FBgn0038704	0.101902398676592	0.0782464846980978	0.0274607113316791	0.0486352357320099
dmel-FBgn0038706	0.326277528330126	0	0	0.00128287363694676
dmel-FBgn0038708	0.331808731808732	0	0	0
dmel-FBgn0038709	0.403878583473863	0	0	0
dmel-FBgn0038715	0.511811023622047	0	0	0
dmel-FBgn0038716	0.0407744515178618	0.0655547956016204	0.000578734150576104	0.115010259378124
dmel-FBgn0038717	0.46234309623431	0	0	0
dmel-FBgn0038718	0.515442690459849	0	0	0
dmel-FBgn0038719	0.365560292326431	0.0031973203410475	0	0.00456760048721071
dmel-FBgn0038720	0.0205425089873477	0.0650824034735515	0.0147065689341239	0.00130725057192212
dmel-FBgn0038721	0.0473323890462702	0.0404863078375825	0.00259678942398489	0.135033050047214
dmel-FBgn0038722	0.149100968188105	0.0464730290456432	0.0199170124481328	0.00691562932226833
dmel-FBgn0038723	0.0560795571047775	0.058950174287472	0.0329095755587452	0.0244002460529014
dmel-FBgn0038725	0.300840336134453	0	0.011764705882353	0
dmel-FBgn0038732	0	0	0	0
dmel-FBgn0038733	0	0	0.475000000000001	0
dmel-FBgn0038734	0.0900653145410794	0	0.457889309040908	0
dmel-FBgn0038735	0.078832864090095	0.102380342974149	0.0335295623240338	0.0396723829024828
dmel-FBgn0038737	0.0460306871247499	0.0673782521681121	0.0390260173448966	0.0296864576384257
dmel-FBgn0038738	0.03378219050574	0.0401737511635122	0.0630964939497364	0.0235929258454856
dmel-FBgn0038739	0.352624495289368	0.121399730820996	0.0479138627187079	0.0231493943472409
dmel-FBgn0038740	0.0564516129032256	0.0330082520630158	0.0729557389347339	0.00993998499624908
dmel-FBgn0038741	0.155789473684211	0.16	0.117894736842106	0.0568421052631579
dmel-FBgn0038742	0.109458023379384	0.130475853111347	0.044987601842012	0.243358129649309
dmel-FBgn0038744	0.044222539229672	0.164764621968616	0.0149786019971469	0.0049928673323823
dmel-FBgn0038745	0.0629872268784541	0.0984884529517257	0.04549280825678	0.0559967792702119
dmel-FBgn0038746	0.0514921006436512	0.0672908133411351	0.03744880046811	0.0105324751316559
dmel-FBgn0038747	0.035590735854588	0.0215772500732923	0.065904426854295	0.0232189973614776
dmel-FBgn0038750	0.168232280102476	0	0	0
dmel-FBgn0038752	0.107074569789675	0.0768642447418738	0.0558317399617591	0
dmel-FBgn0038753	0.248062015503877	0	0	0
dmel-FBgn0038755	0.0965184419165804	0.125818683212686	0.0265425715270597	0.0206825232678387
dmel-FBgn0038756	0	0	0.50597609561753	0
dmel-FBgn0038760	0.0682819383259912	0.0767254038179149	0.03928046989721	0.013582966226138
dmel-FBgn0038761	0.038050518134715	0.0694624352331606	0.0433937823834197	0
dmel-FBgn0038763	0.0474189675870347	0.0421668667466987	0.0651260504201682	0.0126050420168067
dmel-FBgn0038765	0.0881642512077293	0.0640096618357489	0.0458937198067634	0
dmel-FBgn0038766	0.156424581005587	0.153631284916201	0	0
dmel-FBgn0038767	0.0859554873369148	0.0429777436684574	0.0237912509593247	0.0115118956254797
dmel-FBgn0038768	0.0617118325731152	0.0727126375100617	0.0354172256506574	0.0187818620874698
dmel-FBgn0038769	0.0605397520058352	0.0692924872355945	0.0612691466083151	0.012399708242159
dmel-FBgn0038771	0.0829424400508527	0.0599272280917102	0.035991407654202	0.0500635658235062
dmel-FBgn0038772	0.0347907851433944	0.0343206393982135	0.0119887165021157	0.00564174894217208
dmel-FBgn0038773	0.258064516129032	0	0	0
dmel-FBgn0038774	0.0134133603037488	0.0684761162601761	0.00261137731500672	0
dmel-FBgn0038775	0.374836173001311	0	0	0
dmel-FBgn0038783	0.0725301430040192	0	0.513412468454996	0
dmel-FBgn0038784	0.0385184267063296	0	0.4142455792431	9.91571641051066e-05
dmel-FBgn0038787	0.0499525766677204	0.0578564653809675	0.0294024660132785	0.0211824217515018
dmel-FBgn0038788	0.0551044855583655	0.0296818847331292	0.0182350592306669	0.0145081858112605
dmel-FBgn0038790	0	0	0.342857142857143	0
dmel-FBgn0038795	0.00976309141803784	0	0	0.0316788420837033
dmel-FBgn0038796	0.351449275362319	0	0	0
dmel-FBgn0038797	0.398402839396628	0	0	0
dmel-FBgn0038799	0.0534103211836882	0.0947311439913389	0.00595452905088416	0
dmel-FBgn0038803	0.0712496521013081	0.0912886167548008	0.0275535763985528	0.014750904536599
dmel-FBgn0038804	0.116352201257862	0.0712788259958071	0.19706498951782	0
dmel-FBgn0038805	0.0553268400441812	0.0648659503966261	0.0343407972688021	0.0165679285068782
dmel-FBgn0038806	0.0732491957436279	0.0638455827765405	0.026478594407325	0.0240039594159861
dmel-FBgn0038808	0.0387649548090486	0.0515647040384515	0.0181286244187869	0.0215767201295649
dmel-FBgn0038809	0.0372525881027731	0.0862253929088668	0.0636700101914927	0.0157699940996621
dmel-FBgn0038810	0.0559675750258709	0.0569161779924112	0.0264746464298033	0.0299241117626769
dmel-FBgn0038811	0.0745162618361465	0.0745162618361465	0.0415808974886785	0.0172910662824208
dmel-FBgn0038815	0.158667972575906	0.0303623898139078	0	0
dmel-FBgn0038816	0.0640155189136761	0.055286129970902	0.0484966052376333	0.017458777885548
dmel-FBgn0038818	0.124845488257108	0.0213226205191594	0	0
dmel-FBgn0038819	0	0	0	0
dmel-FBgn0038820	0.170560747663552	0	0	0
dmel-FBgn0038821	0	0	0	0
dmel-FBgn0038826	0.083508490975211	0.0369666032762819	0.0126447135755513	0.0602875921662829
dmel-FBgn0038827	0.119047619047619	0.0561224489795919	0.0153061224489796	0
dmel-FBgn0038828	0.0376569037656904	0	0	0.0364614465032875
dmel-FBgn0038829	0.178883071553229	0.166666666666666	0.0666666666666665	0.113961605584642
dmel-FBgn0038830	0.0449113946881905	0.0314289579293863	0.0546061234612437	0.0319249673084728
dmel-FBgn0038832	0.0175219023779725	0	0.0221109720483939	0
dmel-FBgn0038833	0	0	0	0
dmel-FBgn0038834	0.036907657348133	0.0526848179386301	0.032310180287578	0.0345489934129995
dmel-FBgn0038837	0.220430107526882	0	0	0
dmel-FBgn0038838	0	0	0	0.309178743961353
dmel-FBgn0038839	0.0962962962962962	0	0.0708994708994708	0
dmel-FBgn0038842	0.0350923186397513	0.085352608516535	0.00486873150818321	0.00509344219317628
dmel-FBgn0038845	0.047278064401352	0	0.26494396014944	0
dmel-FBgn0038846	0.0662804795904621	0	0	0.331132965108446
dmel-FBgn0038852	0	0	0.106122448979592	0
dmel-FBgn0038853	0.0701306076093129	0.0633162975582056	0.0127768313458262	0.0547984099943214
dmel-FBgn0038854	0.0427480916030535	0.0424088210347753	0.0376590330788804	0.0441051738761663
dmel-FBgn0038855	0.0466349422161793	0.0522093813732155	0.0258327668252889	0.0244731475186948
dmel-FBgn0038857	0.0643373493975904	0.102409638554217	0.040722891566265	0.0289156626506024
dmel-FBgn0038858	0.0263706611063412	0.0294370170489391	0.0109162271556482	0.0347111492702073
dmel-FBgn0038860	0.206434316353888	0.158176943699732	0.0884718498659517	0.0536193029490617
dmel-FBgn0038861	0.0681170681170682	0.0833980833980832	0.0631960631960632	0.0450660450660451
dmel-FBgn0038862	0.0777408637873754	0.0554817275747507	0.0415282392026578	0.017109634551495
dmel-FBgn0038865	0.0682042833607908	0.00691927512355848	0	0.230313014827018
dmel-FBgn0038866	0.112997347480106	0.394164456233422	0	0
dmel-FBgn0038868	0.054043366506294	0.0557569366638107	0.031635141369538	0.0202333091676003
dmel-FBgn0038869	0.0770845830833834	0.0689862027594481	0.0377924415116977	0.0149970005998801
dmel-FBgn0038870	0.0435014678409394	0.0386976247664799	0.0266880170803309	0.0141446490525754
dmel-FBgn0038871	0.0197958552428085	0.0231982678626663	0.0160841323847819	0.0123724095267553
dmel-FBgn0038872	0.0796285875070343	0.0697805289814294	0.0292628024760833	0.0143500281373101
dmel-FBgn0038873	0	0	0	0
dmel-FBgn0038874	0.113508442776735	0.0393996247654784	0.00844277673545967	0
dmel-FBgn0038876	0.0394947001597212	0.0524175983737475	0.0272978074633367	0.0345578626397561
dmel-FBgn0038877	0.0382690609361201	0.0998184672750464	0.0163379452458051	0.0251202041016583
dmel-FBgn0038878	0.123846153846154	0.0761538461538462	0.0500000000000001	0.423076923076923
dmel-FBgn0038880	0.466666666666666	0	0	0
dmel-FBgn0038881	0.0366816194423939	0.02191811935722	0.0607006984271194	0.00635966157515189
dmel-FBgn0038887	0.202861952861953	0	0	0
dmel-FBgn0038889	0.099023709902371	0.051952580195258	0.0592747559274756	0.0387029288702929
dmel-FBgn0038890	0.059799909049568	0.0522964984083675	0.0684402000909502	0.00909504320145519
dmel-FBgn0038892	0.280257338158424	0	0	0
dmel-FBgn0038893	0.0181231932399377	0.0250166777851901	0.018679119412942	0.00856126306426508
dmel-FBgn0038897	0.0184729064039409	0.00369458128078818	0.020628078817734	0.0449507389162562
dmel-FBgn0038901	0	0	0.132743362831858	0
dmel-FBgn0038902	0	0	0	0
dmel-FBgn0038903	0.0785669390320554	0.0521684475172848	0	0
dmel-FBgn0038909	0.350664581704457	0	0	0
dmel-FBgn0038912	0.0948419301164725	0.0696062118691071	0.0524126455906822	0.00970604547975599
dmel-FBgn0038915	0.375590020229266	0	0	0
dmel-FBgn0038916	0.0402684563758389	0	0	0
dmel-FBgn0038917	0.0547703180212013	0.0335689045936396	0.0247349823321555	0
dmel-FBgn0038919	0.118330692023244	0.421024828314844	0	0
dmel-FBgn0038921	0.357575757575758	0	0	0
dmel-FBgn0038922	0.07255197673166	0.0558547883227405	0.015296779058494	0.0128191317462027
dmel-FBgn0038923	0.0991542723826187	0.0921551472732573	0.0638670166229222	0.0279965004374454
dmel-FBgn0038924	0.0391483516483517	0.0318223443223443	0.0624345892203035	0.0313317634746206
dmel-FBgn0038925	0.0808557495674061	0.0519899323580304	0.0196633632216454	0.0112474437627812
dmel-FBgn0038926	0.134375	0	0.05	0
dmel-FBgn0038927	0	0	0	0
dmel-FBgn0038928	0.0193566752063763	0.0348704810703103	0.0115286080273271	0.00597779675491033
dmel-FBgn0038934	0.345283018867925	0	0	0.00157232704402516
dmel-FBgn0038938	0.188008130081301	0	0.0213414634146341	0
dmel-FBgn0038943	0.00736761615296938	0.0886638741541909	0	0
dmel-FBgn0038944	0	0.15989847715736	0	0
dmel-FBgn0038946	0	0	0	0
dmel-FBgn0038947	0.0362342103426617	0.041133365901319	0.052285574708633	0.0191499755740107
dmel-FBgn0038948	0.0658482142857142	0.070211038961039	0.0345982142857144	0.0124797077922078
dmel-FBgn0038950	0.0588272185638132	0.0725619316400126	0.0346817184070241	0.0202571338977737
dmel-FBgn0038951	0.0657640232108317	0.0788201160541586	0.0415860735009672	0.0323984526112185
dmel-FBgn0038952	0.385044642857143	0.00669642857142857	0	0.00502232142857143
dmel-FBgn0038953	0.0560528559249787	0.038150042625746	0.0850383631713555	0.0247229326513214
dmel-FBgn0038957	0.282175226586103	0	0	0
dmel-FBgn0038959	0.042989417989418	0.17989417989418	0	0
dmel-FBgn0038960	0.40495867768595	0	0	0
dmel-FBgn0038961	0.0804162724692526	0.0485651214128035	0.0394197414064964	0.0182907600126143
dmel-FBgn0038964	0.0680391147709726	0.0512609366958312	0.0440555841482245	0.0116314976839938
dmel-FBgn0038965	0.0570238027284662	0.0534847879445173	0.0845938695131001	0.0179233974541926
dmel-FBgn0038966	0.0289519170333124	0.0127671275927089	0.177796983029541	0.0102529855436832
dmel-FBgn0038968	0.0858815875081327	0.0579050097592714	0.0305790500975928	0.0169160702667534
dmel-FBgn0038972	0.043884892086331	0.0348920863309351	0.0800359712230216	0.00917266187050359
dmel-FBgn0038973	0.040044843931318	0	0.231024919851307	0
dmel-FBgn0038974	0.0434248258910283	0.0399426464563703	0.0186399016796395	0.0575583777140516
dmel-FBgn0038975	0.12	0.048695652173913	0.0452173913043478	0
dmel-FBgn0038976	0.0682984181274049	0.0484181274048739	0.0245297135528003	0.0152308678922617
dmel-FBgn0038977	0.0399032648125755	0.215840386940749	0	0
dmel-FBgn0038978	0.616407982261641	0	0	0
dmel-FBgn0038979	0.45212256623045	0	0	0
dmel-FBgn0038980	0.0874524714828898	0.0228136882129278	0.0152091254752851	0
dmel-FBgn0038981	0.0427105578415542	0.0203135579978124	0.0730767227459764	0.0133861138600969
dmel-FBgn0038983	0.349593495934959	0	0	0
dmel-FBgn0038984	0.0398893244178003	0.0246458125176133	0.0433223170138089	0.0668408782312403
dmel-FBgn0038986	0	0.571428571428571	0	0
dmel-FBgn0038989	0.0617107942973523	0.0460285132382892	0.0313645621181263	0.0103869653767821
dmel-FBgn0038993	0.363763066202091	0	0	0
dmel-FBgn0039002	0.527472527472527	0	0	0
dmel-FBgn0039003	0.13405017921147	0.0648745519713261	0.0440860215053763	0.0207885304659498
dmel-FBgn0039004	0.10098231827112	0.0605108055009823	0.0263261296660117	0.0133595284872298
dmel-FBgn0039006	0.0827550758159854	0.0642508352608584	0.259573374453868	0.11153945001285
dmel-FBgn0039007	0.5	0	0	0
dmel-FBgn0039008	0.0234227050732582	0.110036878301605	0	0
dmel-FBgn0039010	0.58792302587923	0	0	0.0039814200398142
dmel-FBgn0039013	0.0683556405353729	0.0602294455066922	0.0272466539196941	0.00860420650095602
dmel-FBgn0039015	0.055178454127436	0	0.255747755638275	0
dmel-FBgn0039016	0.207228915662651	0.14578313253012	0.0602409638554218	0.0831325301204819
dmel-FBgn0039017	0.33184855233853	0.120267260579065	0.0311804008908686	0.0311804008908686
dmel-FBgn0039019	0.216153399186519	0.152237071470075	0.0854154561301568	0.0464846019755956
dmel-FBgn0039020	0.062874251497006	0.0508982035928144	0.0409181636726546	0.0179640718562874
dmel-FBgn0039022	0.139976958525345	0	0	0.421082949308756
dmel-FBgn0039023	0.0360056258790436	0	0	0.173277074542897
dmel-FBgn0039024	0.0368137099333545	0.0317359568390986	0	0.0622024754046334
dmel-FBgn0039025	0.0438995451848922	0.0613011666996241	0.0377694285149298	0.0112715048447696
dmel-FBgn0039026	0.0528995130588756	0.0838866755201417	0.0496532388962667	0.0200678766415818
dmel-FBgn0039028	0	0	0	0
dmel-FBgn0039029	0.61864406779661	0	0	0
dmel-FBgn0039030	0.0238819827719606	0.19466652911745	0	0
dmel-FBgn0039031	0.0268291468132087	0.0016934238706357	0	0.187056928926004
dmel-FBgn0039038	0.566666666666667	0	0	0
dmel-FBgn0039039	0	0	0	0
dmel-FBgn0039040	0.0204631125471191	0.050080775444265	0	0
dmel-FBgn0039041	0.402414486921529	0	0	0
dmel-FBgn0039043	0.0578146078242436	0.135189824629023	0.00240894199267682	0
dmel-FBgn0039044	0.0444865120681495	0.0354945575011832	0.0279223852342641	0.011831519167061
dmel-FBgn0039045	0	0	0	0
dmel-FBgn0039048	0.194690265486726	0	0	0
dmel-FBgn0039049	0	0	0	0
dmel-FBgn0039050	0	0	0	0.00146914789422135
dmel-FBgn0039051	0.143696581196581	0	0.498931623931624	0.00694444444444444
dmel-FBgn0039052	0.695364238410597	0	0	0
dmel-FBgn0039054	0.160185185185185	0.0259259259259259	0	0
dmel-FBgn0039055	0.0609654250876901	0.0464339402037748	0.0340738266243527	0.0252213128444964
dmel-FBgn0039056	0.0670553935860056	0.0774677217825906	0.032069970845481	0.0310287380258226
dmel-FBgn0039058	0.241071428571429	0	0	0
dmel-FBgn0039059	0.371485943775101	0	0	0
dmel-FBgn0039064	0.178272980501393	0.00835654596100279	0	0
dmel-FBgn0039065	0.190534726490473	0.0313460356484327	0.0245851259987708	0.00952673632452363
dmel-FBgn0039066	0.059768818720045	0.0735833098393008	0.034113335212856	0.0150831688751057
dmel-FBgn0039067	0.0632996632996633	0.0794612794612794	0.041077441077441	0.0195286195286195
dmel-FBgn0039068	0.0462539147193448	0.0404721753794267	0.0602264514574801	0.0224042399421826
dmel-FBgn0039069	0.0809061488673139	0	0	0
dmel-FBgn0039070	0.384720951509606	0	0	0
dmel-FBgn0039071	0.380120886501007	0	0	0
dmel-FBgn0039073	0.0583162217659138	0.00643394934976043	0	0.382888432580425
dmel-FBgn0039075	0.0896551724137933	0.0896551724137933	0.115862068965517	0.00551724137931033
dmel-FBgn0039077	0.175078864353312	0	0	0
dmel-FBgn0039078	0.0529914529914531	0.11025641025641	0	0
dmel-FBgn0039081	0.228929384965832	0.0079726651480638	0	0
dmel-FBgn0039083	0.623352165725047	0	0	0
dmel-FBgn0039084	0.0428849902534113	0.0545808966861598	0.0136452241715399	0
dmel-FBgn0039085	0.0909090909090906	0	0.400599400599401	0
dmel-FBgn0039086	0.0872483221476511	0	0.409395973154362	0
dmel-FBgn0039087	0.229571984435798	0	0.32295719844358	0
dmel-FBgn0039088	0.33085225158169	0	0	0.00223297357647935
dmel-FBgn0039089	0.155172413793103	0.0689655172413792	0	0
dmel-FBgn0039091	0.0775398007101133	0	0.640762799221166	0
dmel-FBgn0039092	0	0	0.450819672131148	0
dmel-FBgn0039094	0.0314903846153846	0.00384615384615384	0.0225961538461538	0.120673076923077
dmel-FBgn0039098	0.0878844361602982	0.161975768872321	0.00838769804287046	0.153308480894688
dmel-FBgn0039099	0.0997752031817395	0.014265951928065	0.014265951928065	0.315839529655888
dmel-FBgn0039101	0.285714285714285	0.206349206349206	0	0
dmel-FBgn0039102	0.132394366197183	0.184507042253521	0	0.212676056338028
dmel-FBgn0039104	0.357080698497419	0	0	0.0024366189012009
dmel-FBgn0039106	0	0	0.0784982935153582	0
dmel-FBgn0039107	0.020059215396003	0	0.166099185788305	0
dmel-FBgn0039108	0	0.389473684210526	0	0.178947368421053
dmel-FBgn0039109	0.0445227129052651	0.0368764863481742	0.112887203106656	0.0169481320930793
dmel-FBgn0039110	0.0918978767747817	0.0592028135990621	0.0338673961182753	0.0123746255047545
dmel-FBgn0039111	0.0321649484536082	0.0455670103092784	0.0111340206185567	0.0101030927835051
dmel-FBgn0039112	0.048004942219638	0.0613416672723309	0.0276546260629407	0.00919398212079366
dmel-FBgn0039113	0.0775548296780215	0.0805412972468503	0.00774615025664957	0.0788614092393842
dmel-FBgn0039114	0.0228327031882658	0.00104577266511142	0.0117783498243638	0.154539725953932
dmel-FBgn0039115	0.0345454545454545	0.0424242424242424	0.0373737373737374	0.0131313131313131
dmel-FBgn0039116	0.0218619503807418	0.035126504544338	0.0171947924342913	0.0120363547040039
dmel-FBgn0039117	0.0437004855609507	0.0454893943266036	0.0334781497572195	0.0240224891387682
dmel-FBgn0039118	0.0333667837431009	0.0456598093326644	0.0935775213246361	0.0253386853988962
dmel-FBgn0039120	0.0897356143079314	0.0687402799377914	0.0309486780715396	0.0171073094867807
dmel-FBgn0039124	0.229589041095891	0	0	0
dmel-FBgn0039125	0.0981951667176506	0.0523095747935148	0.0330376261853778	0.0217191801774243
dmel-FBgn0039126	0.0639089516305538	0.0781352593565332	0.0376449989056686	0.0175093018165901
dmel-FBgn0039128	0.221374045801527	0.049618320610687	0	0
dmel-FBgn0039129	0.200262639527249	0	0	0
dmel-FBgn0039130	0.048418565029815	0.0246764309856832	0.0339919210793877	0.0993102690225607
dmel-FBgn0039131	0.125509372453138	0.260798696006521	0	0
dmel-FBgn0039132	0.0378914654554147	0.0377121683002629	0.026595744680851	0.0182285441071002
dmel-FBgn0039135	0.0436021878129573	0.0695246899314383	0.0821585394037439	0.0337031045374008
dmel-FBgn0039136	0.0394520207511416	0.0770401665061664	0.03724643533907	0.0249759249479668
dmel-FBgn0039137	0.0837365091179754	0.0561965016747301	0.0774097506512839	0.0539635280982508
dmel-FBgn0039139	0.102529960053262	0.0621393697292499	0.0350643586329338	0.0119840213049268
dmel-FBgn0039140	0.073121387283237	0.0445086705202312	0.0414258188824662	0.0155105973025048
dmel-FBgn0039141	0.0644981412639407	0.0578066914498143	0.0574349442379182	0.0271375464684015
dmel-FBgn0039145	0	0	0	0
dmel-FBgn0039147	0.264449722882026	0	0	0
dmel-FBgn0039149	0.0819882141942098	0.0912118882910584	0.0366384832180374	0.0212656930566231
dmel-FBgn0039150	0.0551197357555739	0.045726672171759	0.06967382328654	0.0353014037985136
dmel-FBgn0039151	0.0374986173076214	0.00121676929316766	0	0.158843700453523
dmel-FBgn0039152	0.193883439122908	0.00115406809001731	0	0.38863242931333
dmel-FBgn0039153	0.051530612244898	0.0714285714285715	0.0336734693877551	0.0260204081632653
dmel-FBgn0039154	0.0386281872849978	0	0.189175704419527	0.0112654604658491
dmel-FBgn0039155	0.0304955527318933	0.0172808132147395	0	0.0565014824227022
dmel-FBgn0039156	0.134085541852532	0.0621884019942273	0.196011545526109	0.207557071634742
dmel-FBgn0039157	0.070040668775418	0.0582919114324446	0.0293718933574334	0.0325350203343877
dmel-FBgn0039158	0.0570729718711782	0.0587036282103547	0.0403587443946188	0.0281288218507949
dmel-FBgn0039159	0.0298559887600983	0.0368809272918862	0	0
dmel-FBgn0039160	0.0424334344455679	0.0727334007414897	0.0181327940680822	0.0128075497135154
dmel-FBgn0039161	0.0444054456498618	0.291108274835141	0	0
dmel-FBgn0039163	0.0519620692313623	0.0735486855292576	0.0299899776424332	0.0373140081720761
dmel-FBgn0039165	0.0470388211958061	0.0572400113346557	0.044205157268348	0.0204023802776991
dmel-FBgn0039167	0.16728624535316	0.282527881040892	0.0297397769516729	0.0260223048327137
dmel-FBgn0039169	0.063193851409052	0.0794192997438087	0.0350128095644747	0.0123825789923143
dmel-FBgn0039170	0.218390804597702	0	0	0
dmel-FBgn0039172	0.0260397830018083	0.0272281064324464	0.00816326530612242	0.0152157065357788
dmel-FBgn0039175	0.0620573760652982	0.0583363341735686	0.0391309566678671	0.025327091585644
dmel-FBgn0039177	0.395693135935397	0	0	0
dmel-FBgn0039178	0.0344104714183454	0.0171796707229778	0.000766949585847223	0.170825237754372
dmel-FBgn0039182	0.087254454088625	0.0566468707172224	0.0356327089995432	0.0146185472818639
dmel-FBgn0039183	0.0719899402703552	0.0694750078591638	0.0292360892801006	0.0150895944671487
dmel-FBgn0039184	0.0275791624106231	0.171603677221655	0	0
dmel-FBgn0039186	0.0473896628043222	0.039317797161828	0.0161437312849889	0.0122379898450722
dmel-FBgn0039187	0.0534364261168386	0.0670103092783505	0.0407216494845361	0.0300687285223367
dmel-FBgn0039188	0.121583601286174	0.06290192926045	0.0247186495176849	0.020096463022508
dmel-FBgn0039189	0.0193508543196322	0.0313593632059287	0.0400054896040623	0.00795992589034517
dmel-FBgn0039190	0.353680663556247	0	0	0
dmel-FBgn0039192	0	0	0	0
dmel-FBgn0039200	0	0.503448275862069	0	0
dmel-FBgn0039201	0.223926380368098	0	0	0
dmel-FBgn0039203	0	0.474358974358975	0	0
dmel-FBgn0039204	0.0685060060060062	0.0739489489489488	0.0457957957957958	0.021021021021021
dmel-FBgn0039205	0.0736781277087547	0.0534527593181162	0.0427622074544929	0.0245593759029182
dmel-FBgn0039207	0.0351929298508641	0.0207527815039849	0.0244614534837843	0.126331571056577
dmel-FBgn0039209	0.0423490648318636	0.0538811900377943	0.0553348192654326	0.0154084698129664
dmel-FBgn0039210	0.0557921635434413	0.0813458262350937	0.055366269165247	0.0208688245315161
dmel-FBgn0039212	0.0678483505662236	0.0885278188084688	0.0293451501723289	0.0157557853274249
dmel-FBgn0039213	0.0532927035720332	0.0670391061452514	0.049873031995937	0.0358219062129677
dmel-FBgn0039214	0.124347826086957	0.0701449275362319	0.0333333333333333	0.0289855072463768
dmel-FBgn0039215	0.0795120517342738	0.0743680188124634	0.0220458553791887	0.0142563198118754
dmel-FBgn0039218	0.0444606413994169	0.050170068027211	0.0349854227405248	0.0146987366375121
dmel-FBgn0039219	0.0616383730203941	0.0736014583570695	0.0363449925942804	0.0214196194599522
dmel-FBgn0039223	0.0326279578859584	0.0881893047013447	0.0104242676951944	0.0117794224955697
dmel-FBgn0039225	0.613636363636364	0	0	0
dmel-FBgn0039226	0.122480967308553	0.0776981639050606	0	0
dmel-FBgn0039227	0.0963642781503706	0.0885986586657254	0.0278856336039534	0.0190610660077656
dmel-FBgn0039228	0.327272727272727	0	0	0
dmel-FBgn0039229	0.0774030025346072	0.0898810684343926	0.0239812829011503	0.0176447650614155
dmel-FBgn0039232	0.0388349514563106	0.128640776699029	0	0
dmel-FBgn0039233	0.077028885832187	0.0563961485557084	0.0275103163686382	0
dmel-FBgn0039234	0.0643552211955188	0.0580587128955762	0.0641099026903262	0.0303377218088152
dmel-FBgn0039235	0.492176386913228	0	0	0
dmel-FBgn0039238	0.0184888504005196	0.073349209785668	0	0.0385364797575234
dmel-FBgn0039239	0.0202402006681231	0.00154893597346002	0	0.158083943082383
dmel-FBgn0039240	0.069598921469498	0.0682507583417594	0.0385911695315133	0.0230872935625211
dmel-FBgn0039241	0.0231023657125085	0.00160544000403461	0.000634611101071273	0.183726217843919
dmel-FBgn0039244	0.0730720068172132	0.131444397102684	0.00383468257349808	0
dmel-FBgn0039246	0.359285714285715	0	0	0
dmel-FBgn0039249	0.0836265223274695	0.10446549391069	0.0516914749661705	0.0192151556156969
dmel-FBgn0039250	0.335473515248796	0.12199036918138	0.028892455858748	0
dmel-FBgn0039251	0.566133720930233	0	0	0
dmel-FBgn0039252	0.070180959874115	0.0629425649095199	0.0281667977970102	0.0147915027537372
dmel-FBgn0039254	0.0594660194174757	0.0825242718446602	0.0379247572815534	0.0203276699029126
dmel-FBgn0039255	0	0	0	0
dmel-FBgn0039257	0.231126107127794	0.181779839730072	0	0.0215099114297764
dmel-FBgn0039258	0.103957471943296	0.0596574128765505	0.0212640283520378	0.0200826934435913
dmel-FBgn0039259	0.0701873472712461	0.0526744501764864	0.0519956557154495	0.0271517784414879
dmel-FBgn0039260	0.0803406145871899	0.082469455757127	0.0506293965198074	0.0298037763791188
dmel-FBgn0039261	0.0511339139432613	0.0642407519185996	0.0354402000517375	0.0237130292316979
dmel-FBgn0039265	0.0559717937417365	0.0673754958131336	0.0197774349933892	0.0309607756721022
dmel-FBgn0039266	0.0164213838539447	0.0340555245992985	0.025074568160215	0.00468714149922974
dmel-FBgn0039269	0.0424368653996355	0.0584049292718909	0.0425236483554629	0.0420029506204981
dmel-FBgn0039270	0.0617563739376771	0.0643059490084986	0.0572237960339943	0.0286118980169972
dmel-FBgn0039271	0.0545631698603443	0.0526144852224748	0.0159142578759337	0.0178629425138032
dmel-FBgn0039272	0.0371708828084667	0.116675271037687	0.0263293753226639	0
dmel-FBgn0039273	0.0709876543209877	0.0636574074074074	0.0146604938271605	0.00925925925925927
dmel-FBgn0039274	0.0667290302463361	0.0720299345182413	0.0349236046149049	0.0205799812909261
dmel-FBgn0039277	0.0690399137001078	0.167206040992449	0.034519956850054	0
dmel-FBgn0039280	0	0	0	0
dmel-FBgn0039282	0.0850574712643676	0	0	0.0367816091954023
dmel-FBgn0039283	0.186695278969957	0	0	0
dmel-FBgn0039286	0.161157024793388	0	0	0
dmel-FBgn0039290	0.0589949016751639	0.0138383102694829	0.0429715950473416	0.192279679533867
dmel-FBgn0039291	0.0256305939788446	0.0485150528885272	0.0380390561432059	0.03173311635476
dmel-FBgn0039293	0.0533420422381886	0.0531243196168082	0.0243849335946005	0.0291748312649685
dmel-FBgn0039294	0.157303370786517	0.0842696629213484	0	0
dmel-FBgn0039296	0.0467910211824217	0.0540625987986089	0.023079355042681	0.0531141321530193
dmel-FBgn0039297	0.0830220713073005	0.107809847198642	0.0950764006791173	0.00764006791171477
dmel-FBgn0039299	0.00738468566953288	0.0569498604969898	0	0
dmel-FBgn0039300	0.0344711131911906	0.0467379684832497	0.0265068314656938	0.0378775388640993
dmel-FBgn0039301	0.0712611345522738	0.0675105485232067	0.0365682137834037	0
dmel-FBgn0039302	0.0953815261044177	0.0765060240963855	0.0241967871485944	0.0129518072289157
dmel-FBgn0039303	0.0566628830874007	0.052122587968218	0.0417253121452894	0.0196140749148695
dmel-FBgn0039304	0.0389415535702107	0.0115938075427948	0.112118938825615	0.0251653822546546
dmel-FBgn0039305	0.0863402061855671	0.109020618556701	0.0878865979381445	0.0564432989690721
dmel-FBgn0039306	0.0373348650201034	0.0327398047099368	0.0192418150488225	0.00919012062033317
dmel-FBgn0039310	0	0	0.48	0
dmel-FBgn0039311	0.26464980297445	0	0	0
dmel-FBgn0039312	0.305091819699499	0	0	0
dmel-FBgn0039313	0.121908893709327	0.000650759219088937	0	0
dmel-FBgn0039315	0.079954954954955	0	0.469594594594594	0
dmel-FBgn0039319	0.0782828282828282	0.220959595959597	0.195075757575758	0
dmel-FBgn0039321	0.0539947322212467	0.0544337137840211	0.345258999122037	0
dmel-FBgn0039323	0.175595238095238	0.360119047619047	0	0
dmel-FBgn0039326	0	0	0.448275862068965	0
dmel-FBgn0039328	0.0546282245827011	0.200303490136571	0.0446130500758726	0.00698027314112292
dmel-FBgn0039329	0.0594462540716612	0.0635179153094463	0.0447882736156351	0.0236156351791531
dmel-FBgn0039331	0.340353260869565	0	0	0
dmel-FBgn0039332	0.117489986648865	0	0	0
dmel-FBgn0039335	0.0698813821557504	0.0853532748839606	0.0237235688499227	0.0342960288808664
dmel-FBgn0039336	0.086687306501548	0.0846233230134158	0.0423116615067081	0
dmel-FBgn0039337	0.068580871720719	0.0766370584589962	0.0309853336087585	0.029126213592233
dmel-FBgn0039338	0.0926444387884959	0.0839908373631967	0.0309238992109952	0.0190888266734538
dmel-FBgn0039339	0	0	0	0
dmel-FBgn0039341	0	0	0	0
dmel-FBgn0039343	0.304668304668305	0	0	0
dmel-FBgn0039347	0.57784911717496	0.0160513643659711	0	0
dmel-FBgn0039348	0.0808901215002641	0.11905705229794	0.0434495509772847	0.0178948758584258
dmel-FBgn0039349	0.0369534930007298	0.0284614874278511	0.0687321701054866	0.0816028660518808
dmel-FBgn0039350	0.0554254488680717	0.0437158469945356	0.0088992974238876	0.00265417642466823
dmel-FBgn0039355	0.271084337349398	0.0813253012048193	0	0
dmel-FBgn0039356	0.0499615680245965	0.0637970791698694	0.0553420445810915	0
dmel-FBgn0039357	0.0849724626278521	0.0416994492525571	0.0275373721479151	0
dmel-FBgn0039358	0.0353937682766966	0.0519814460018151	0.016789351618433	0.0168397700917616
dmel-FBgn0039359	0.0222258604058443	0.0488721139125125	0.0227148027858654	0.0291706121293109
dmel-FBgn0039360	0.064355828220859	0.0276687116564417	0.0134355828220859	0.168282208588957
dmel-FBgn0039368	0.588855421686746	0	0	0
dmel-FBgn0039369	0.634648370497426	0	0	0
dmel-FBgn0039370	0.576642335766423	0	0	0
dmel-FBgn0039371	0.23827392120075	0	0	0
dmel-FBgn0039373	0.334521384928717	0	0	0
dmel-FBgn0039374	0	0	0	0
dmel-FBgn0039376	0.439560439560439	0	0	0
dmel-FBgn0039379	0.151458241272647	0.0528060097216084	0.00972160848431285	0.00695978789217853
dmel-FBgn0039380	0.518518518518519	0	0	0
dmel-FBgn0039381	0.0588575393154488	0.0635985198889916	0.037927844588344	0.0278677150786309
dmel-FBgn0039385	0.0807295796986521	0.0938937351308484	0.0464710547184774	0.0207771609833466
dmel-FBgn0039387	0.540540540540541	0	0	0
dmel-FBgn0039395	0.403965303593557	0	0	0
dmel-FBgn0039396	0	0	0	0
dmel-FBgn0039398	0.369285864756688	0	0	0.00168527491046977
dmel-FBgn0039402	0.0332772543741589	0.0421265141318977	0.0654441453566622	0.0204576043068641
dmel-FBgn0039403	0.159657320872274	0.0669781931464175	0.0475077881619937	0
dmel-FBgn0039404	0.0774497218656399	0.0502781343602909	0.0312366281557552	0.0186136071887035
dmel-FBgn0039405	0	0	0	0
dmel-FBgn0039406	0.13249844322978	0.173839341313222	0.0891856362000968	0.1143361239881
dmel-FBgn0039407	0.0753205128205127	0.0456730769230769	0.0280448717948719	0
dmel-FBgn0039408	0.52	0	0	0
dmel-FBgn0039411	0.148325358851674	0.0526315789473685	0	0
dmel-FBgn0039413	0.598214285714286	0	0	0
dmel-FBgn0039415	0.0463096960926195	0	0	0
dmel-FBgn0039417	0.0690690690690691	0.059059059059059	0.0627293960627294	0.024024024024024
dmel-FBgn0039419	0.0495444191343964	0.0313211845102505	0.0558086560364465	0.0301822323462415
dmel-FBgn0039420	0.517241379310345	0	0	0
dmel-FBgn0039421	0.436681222707424	0	0	0
dmel-FBgn0039425	0.446534653465347	0	0	0
dmel-FBgn0039427	0.0544890217266353	0.0464421197838833	0.0458673410736866	0.0326474307391654
dmel-FBgn0039428	0.931372549019608	0	0	0
dmel-FBgn0039429	0	0	0	0
dmel-FBgn0039430	0.0425384615384615	0.0291538461538461	0.0912307692307692	0.00130769230769231
dmel-FBgn0039431	0.128697042366107	0.0503597122302158	0.0215827338129496	0.00879296562749801
dmel-FBgn0039449	0.23455684870188	0.0295434198746643	0	0
dmel-FBgn0039450	0.0674754145431053	0.0554159787524226	0.0237599598018806	0.0187351948890963
dmel-FBgn0039451	0.09838076545633	0.0608439646712464	0.0299313052011777	0.0134936211972522
dmel-FBgn0039452	0.262948207171315	0	0	0
dmel-FBgn0039453	0.0129532970786762	0	0.0807394856939852	0
dmel-FBgn0039454	0.0294321329639889	0	0.135734072022161	0
dmel-FBgn0039459	0.0592643051771117	0.0899182561307902	0.0688010899182562	0
dmel-FBgn0039461	0.0520208083233294	0.0562224889955983	0.0586234493797519	0.0168067226890756
dmel-FBgn0039462	0.232736572890026	0.10230179028133	0.0703324808184142	0.0613810741687979
dmel-FBgn0039463	0.307537688442211	0	0	0
dmel-FBgn0039464	0.024268660632297	0.00655909746818839	0.00800209891118981	0.00577200577200578
dmel-FBgn0039465	0.0409037370168111	0.0490416532819361	0.0148838205375308	0.0454010065317485
dmel-FBgn0039466	0.0752782659636789	0.0661980082015231	0.050380785002929	0.0137668424135911
dmel-FBgn0039467	0.0106274108478312	0.0377863496811777	0.00188931748405889	0.00275525466425255
dmel-FBgn0039469	0	0	0	0
dmel-FBgn0039470	0.0605014262122806	0	0.32926737727068	0
dmel-FBgn0039471	0.0186500951902008	0	0.24852904199145	0
dmel-FBgn0039472	0.0268199233716475	0	0.233716475095785	0
dmel-FBgn0039473	0	0	0.00633857561442324	0
dmel-FBgn0039474	0.0078096428355454	0	0.116053250706237	0
dmel-FBgn0039475	0.0132472447957253	0	0.318886291389909	0
dmel-FBgn0039476	0.00993919550982226	0	0.0600249454318677	0
dmel-FBgn0039478	0.600000000000001	0	0	0
dmel-FBgn0039479	0.0862745098039216	0.125490196078432	0	0
dmel-FBgn0039480	0.346938775510203	0.173469387755102	0	0
dmel-FBgn0039481	0.0941475826972008	0.223918575063613	0	0
dmel-FBgn0039482	0.0394574104116807	0.217606052331465	0	0
dmel-FBgn0039483	0	0.0890052356020943	0	0
dmel-FBgn0039486	0.0344239945466939	0.00971370143149284	0.0915132924335378	0
dmel-FBgn0039487	0.0305932097997761	0.0110682750901629	0.0179082203706007	0.0272354184802885
dmel-FBgn0039488	0.0648854961832061	0.0648854961832061	0.0243320610687023	0.0138358778625954
dmel-FBgn0039489	0.0387323943661971	0.041549295774648	0.0542253521126761	0.0309859154929578
dmel-FBgn0039491	0.380523731587561	0	0	0
dmel-FBgn0039492	0.0420659739735701	0.0545243619489559	0.0560375264803793	0.00171491980227983
dmel-FBgn0039494	0.0266328097319003	0.0579898429195701	0	0.107417030825558
dmel-FBgn0039495	0	0.107871720116618	0	0
dmel-FBgn0039498	0.391286477599671	0	0	0
dmel-FBgn0039500	0	0.0671378091872793	0	0
dmel-FBgn0039501	0.278076234331031	0.0107444359171144	0.00332565873624968	0.00639549756971093
dmel-FBgn0039503	0.463716814159292	0	0	0
dmel-FBgn0039504	0.613636363636364	0	0	0
dmel-FBgn0039505	0.046144927536232	0.0535652173913043	0.0192463768115942	0.0273623188405797
dmel-FBgn0039507	0.069128615608514	0.0825905039112242	0.0602146625432052	0.026559941786429
dmel-FBgn0039508	0.0793064241046049	0.0690733371233655	0.0469016486640136	0.022740193291643
dmel-FBgn0039509	0.0342789598108748	0.0519185306419348	0.0950172758683396	0.0254591743953446
dmel-FBgn0039510	0.5	0	0	0
dmel-FBgn0039511	0.350363833410745	0	0	0.00201269546369407
dmel-FBgn0039518	0.583869082407949	0	0	0.00350672121566336
dmel-FBgn0039519	0.476190476190476	0	0	0
dmel-FBgn0039521	0.169098143236074	0	0	0
dmel-FBgn0039523	0	0	0	0
dmel-FBgn0039525	0.0444191343963554	0.0763097949886104	0	0
dmel-FBgn0039527	0.0649606299212599	0.134350393700787	0	0
dmel-FBgn0039528	0.0645011600928075	0.0556844547563805	0.0577726218097448	0.0125290023201856
dmel-FBgn0039529	0.0403046280023434	0.167896895137669	0.00867018160515525	0
dmel-FBgn0039530	0.544554455445545	0	0	0
dmel-FBgn0039531	0.135155656795748	0.167805618830676	0.138192862566439	0.0713743356112376
dmel-FBgn0039532	0.172339276066991	0.23581847649919	0.0513236088600756	0.0353862776877364
dmel-FBgn0039536	0.165217391304348	0.00869565217391304	0	0
dmel-FBgn0039537	0.054535274356103	0.0767357222844345	0.0472284434490481	0.140985442329228
dmel-FBgn0039538	0.0385708485586683	0.0349167681688997	0.0641494112870481	0.022330491270808
dmel-FBgn0039543	0.0161905447218824	0.00614041399822503	0.0558393897963589	0.0166222925811326
dmel-FBgn0039544	0.0614492753623189	0.0623188405797102	0.0498550724637681	0.00869565217391305
dmel-FBgn0039552	0.584699453551913	0	0	0
dmel-FBgn0039554	0.165543792107797	0.224254090471607	0.0625601539942252	0.0452358036573628
dmel-FBgn0039555	0.0784248289671285	0.0725846821291507	0.0375438011012848	0.0181878858668446
dmel-FBgn0039557	0.0557317625736294	0.0749886724059808	0.0362483008608971	0.0228817399184413
dmel-FBgn0039558	0.165349143610013	0.191040843214756	0.0856389986824769	0.0559947299077733
dmel-FBgn0039559	0.12989493791786	0.0506208213944603	0.0388411333970073	0.0248328557784145
dmel-FBgn0039560	0.101529390086604	0.0768380320619126	0.0283766353418094	0.0158466924636079
dmel-FBgn0039561	0.109339132535943	0.0401111513833516	0.0302041802585478	0.0328621481213
dmel-FBgn0039562	0.0473019517795637	0.0501667486742113	0.0248974905691324	0.0373079656661745
dmel-FBgn0039563	0.0617517328292375	0.0576559546313799	0.0267800882167611	0.0116572148708254
dmel-FBgn0039564	0	0	0	0.126829268292683
dmel-FBgn0039565	0	0	0	0
dmel-FBgn0039566	0.0895776566757494	0.0660762942779292	0.0235013623978202	0.0146457765667575
dmel-FBgn0039576	0.599137931034483	0	0	0
dmel-FBgn0039577	0.345142857142858	0	0	0
dmel-FBgn0039580	0.0518310182527838	0.033693031798875	0.0413844564343932	0.0676730570542992
dmel-FBgn0039581	0.079804253717297	0.0592885375494071	0.031055900621118	0.0188217579521927
dmel-FBgn0039584	0.101156069364162	0	0	0
dmel-FBgn0039585	0.43312101910828	0	0	0
dmel-FBgn0039588	0.0720081135902638	0.0993914807302232	0.0456389452332657	0.0294117647058824
dmel-FBgn0039589	0.0607359771346909	0.0535905680600214	0.023222579492676	0.0221507681314755
dmel-FBgn0039590	0.080906148867314	0.0351941747572816	0.0461165048543689	0.0182038834951456
dmel-FBgn0039591	0.571428571428571	0	0	0
dmel-FBgn0039593	0.0139363045409905	0.00173034653696862	0.00481691062993967	0.155333676284899
dmel-FBgn0039594	0.0771553170077156	0.04729956390473	0.00536732640053673	0
dmel-FBgn0039595	0.0327241079199304	0.0833768494342908	0.0428198433420365	0
dmel-FBgn0039596	0	0	0	0
dmel-FBgn0039600	0.0858967674661107	0.0623044838373304	0.0302398331595412	0.0166840458811262
dmel-FBgn0039601	0.0558023813755111	0.0703749777856762	0.0435400746401279	0.0222143237959837
dmel-FBgn0039602	0.0652029274783766	0.0745176314038589	0.0266134397870924	0.0279441117764471
dmel-FBgn0039609	0.104895104895105	0	0	0.377622377622377
dmel-FBgn0039611	0.0194618599791013	0	0	0.128004179728318
dmel-FBgn0039612	0.0581896551724138	0	0	0.254310344827586
dmel-FBgn0039617	0.16546762589928	0	0	0
dmel-FBgn0039620	0.0189168071719373	0.0700744335238722	0.00353662047127525	0
dmel-FBgn0039622	0.142548596112311	0	0	0
dmel-FBgn0039623	0.0618517095658854	0.0633883980023051	0.0564733000384172	0.0276603918555513
dmel-FBgn0039625	0	0	0	0
dmel-FBgn0039626	0.158560959360426	0.170552964690207	0.1072618254497	0.0546302465023317
dmel-FBgn0039627	0.0474481658692185	0.0554226475279106	0.0255183413078149	0
dmel-FBgn0039628	0	0.0618892508143324	0	0
dmel-FBgn0039629	0	0.203619909502262	0	0
dmel-FBgn0039630	0	0	0	0
dmel-FBgn0039631	0.0951972555746141	0.0617495711835335	0.0523156089193824	0.0205831903945112
dmel-FBgn0039632	0.0553635935291346	0.066828961834459	0.0343175749960736	0.0842626040521439
dmel-FBgn0039633	0.0907221793883323	0.0575687483937291	0.0298123875610383	0.0259573374453868
dmel-FBgn0039634	0.0687488097505235	0.0797943248904972	0.00723671681584462	0.0377071034088745
dmel-FBgn0039635	0.0571456529184402	0.0476050687411321	0.0253926317334508	0.0243651842066637
dmel-FBgn0039636	0.0616279069767442	0.0589147286821706	0.0457364341085272	0.017312661498708
dmel-FBgn0039637	0.0600372401992854	0.0627547682552464	0.0986362035126566	0.0305470283327462
dmel-FBgn0039638	0.130841121495327	0.0342679127725857	0.0363447559709243	0
dmel-FBgn0039639	0.0438709677419356	0.0638709677419355	0.0451612903225806	0
dmel-FBgn0039640	0.0528343423225096	0.0280682443588332	0.0198128783709411	0.0132085855806274
dmel-FBgn0039641	0.0318686624818928	0.0415258329309513	0.0362143891839691	0.0386286817962337
dmel-FBgn0039642	0.0406636746906025	0.0239358085135319	0.0277437780497756	0.0121039031687747
dmel-FBgn0039644	0.155555555555556	0.163333333333333	0.081111111111111	0.098888888888889
dmel-FBgn0039645	0.0209424083769633	0	0.0551751913008458	0
dmel-FBgn0039647	0.0867678958785248	0.052060737527115	0	0
dmel-FBgn0039650	0.0494949494949496	0.0772727272727273	0.0454545454545455	0.0414141414141414
dmel-FBgn0039651	0.317838466008134	0	0	0
dmel-FBgn0039654	0.0578470824949698	0.05658953722334	0.0228873239436619	0.05658953722334
dmel-FBgn0039655	0	0	0	0
dmel-FBgn0039656	0.0878048780487805	0.048780487804878	0	0.370731707317073
dmel-FBgn0039659	0.303571428571429	0	0	0
dmel-FBgn0039663	0.15	0.0595238095238095	0	0
dmel-FBgn0039664	0.0728424386381632	0.0712589073634204	0.0308788598574822	0
dmel-FBgn0039665	0.0732643524699598	0.0510680907877169	0.0280373831775701	0.00417222963951936
dmel-FBgn0039667	0.023995200959808	0.041991601679664	0	0
dmel-FBgn0039668	0.0582077051926298	0.0567420435510888	0.0599525404801786	0.0200307091010609
dmel-FBgn0039669	0.263936291240045	0	0	0
dmel-FBgn0039670	0.143266160114525	0	0.120306133685718	0
dmel-FBgn0039671	0.0683241512454679	0	0.0624381974855206	0
dmel-FBgn0039674	0.0288511233393123	0.0359346973520202	0.0188185936217432	0.0420150183929712
dmel-FBgn0039676	0	0	0	0
dmel-FBgn0039677	0	0	0.0176056338028169	0
dmel-FBgn0039678	0.00320727503850197	0.00026645806341213	0	0.00277214168724179
dmel-FBgn0039679	0	0	0	0
dmel-FBgn0039680	0.116633532140491	0.0483764082173625	0.021868787276342	0.00994035785288271
dmel-FBgn0039681	0.0265795206971678	0.0211328976034858	0.0331154684095861	0.069281045751634
dmel-FBgn0039682	0.0225628251402233	0.00140223340619863	0	0.161989731076203
dmel-FBgn0039683	0.129230769230769	0	0	0
dmel-FBgn0039685	0.03413057933428	0.00172007833101811	1.99083140164133e-05	0.2543954629655
dmel-FBgn0039686	0.029769392033543	0.0666666666666667	0	0.0113207547169811
dmel-FBgn0039687	0.100406504065041	0.0597560975609756	0.0365853658536585	0.0170731707317073
dmel-FBgn0039688	0.122091431699973	0.346838215165617	0.00164248562825075	0.00191623323295921
dmel-FBgn0039689	0.0733185215108059	0.0737224803070088	0.0456473439709149	0.0311048273076146
dmel-FBgn0039690	0.0619553024419708	0.0736042799206143	0.00353783760462509	0.00500474587971352
dmel-FBgn0039691	0.0392535392535393	0.0489060489060488	0.0378056628056628	0.0287966537966538
dmel-FBgn0039694	0.362015980331899	0	0	0
dmel-FBgn0039696	0.0637666831438458	0.0494315373208106	0.0444883835887296	0.0197726149283242
dmel-FBgn0039697	0.0408957188201594	0.04997290392506	0.030715336378416	0.0247929085701014
dmel-FBgn0039698	0.0422654268808115	0.0723584108199494	0.0422654268808115	0.043956043956044
dmel-FBgn0039702	0.0541427399507793	0.0615258408531583	0.0586546349466777	0.0270713699753897
dmel-FBgn0039704	0.0959821428571429	0.0366071428571428	0	0
dmel-FBgn0039705	0.0609290843806104	0.0945915619389587	0.0476885098743269	0.0118940754039497
dmel-FBgn0039707	0.307119590507213	0	0	0
dmel-FBgn0039709	0.0527974783293933	0.0920409771473602	0.00110323089046493	0
dmel-FBgn0039710	0.0762381747356705	0.07039510294936	0.0289371174179188	0.0161380077907623
dmel-FBgn0039711	0.104859335038363	0.238363171355498	0.130946291560102	0.0634271099744246
dmel-FBgn0039712	0.0555131920085403	0.0712215952417265	0.0388897361598292	0.0222662803111179
dmel-FBgn0039713	0.0360973500747599	0.0426726234440021	0.0264506133919403	0.0236115364522347
dmel-FBgn0039714	0.0273536791354401	0.0190393414126175	0.107578018662163	0.00354220305351022
dmel-FBgn0039719	0	0	0	0
dmel-FBgn0039722	0.251215559157212	0	0	0
dmel-FBgn0039726	0.0506962916601471	0.10420904396808	0.0398998591769676	0.0323892974495384
dmel-FBgn0039727	0.193765796124684	0.0543386689132266	0.0210614995787701	0.0164279696714406
dmel-FBgn0039728	0.0615258408531584	0.0719168717528029	0	0
dmel-FBgn0039730	0.0546433006761418	0.0921760728577343	0.0368428315164896	0.0169725403615289
dmel-FBgn0039731	0.199079401611047	0.05638665132336	0.0207134637514384	0
dmel-FBgn0039732	0.0391214824982841	0.0538778311599178	0.0446122168840082	0.0223061084420041
dmel-FBgn0039733	0.204200700116687	0.190198366394399	0.072345390898483	0.0350058343057176
dmel-FBgn0039734	0.184357541899441	0	0	0
dmel-FBgn0039735	0.0569551696425451	0.0483594814633635	0.0270100283028758	0.022013347775953
dmel-FBgn0039736	0.0441087613293051	0.0138972809667674	0.138972809667674	0
dmel-FBgn0039737	0.0478333953813697	0.0430839002267574	0.0147561512167056	0.0567344682483274
dmel-FBgn0039738	0.112625250501002	0.0885771543086172	0.0248496993987976	0.0180360721442886
dmel-FBgn0039740	0.0626856803327391	0.0766488413547237	0.0368389780154486	0.0142602495543672
dmel-FBgn0039741	0.037320810677212	0.0526445872466634	0.0405338606030648	0.00914483440434995
dmel-FBgn0039742	0.033088862357155	0.204076411393485	0.00895446017397237	0
dmel-FBgn0039743	0.0922270203578037	0.0683220234423197	0.0326958667489204	0.0158852560148057
dmel-FBgn0039747	0.0230923694779117	0.0110441767068273	0	0
dmel-FBgn0039748	0	0	0	0
dmel-FBgn0039749	0.464285714285714	0	0	0
dmel-FBgn0039751	0.0268825910931174	0.0412955465587045	0.0353036437246964	0.0296356275303644
dmel-FBgn0039752	0.431780366056573	0	0	0
dmel-FBgn0039754	0.128476821192053	0.0357615894039735	0.0105960264900662	0
dmel-FBgn0039755	0.0236248551306054	0.191361326557903	0	0
dmel-FBgn0039756	0.0168855534709193	0.00867729831144468	0.0651969981238274	0
dmel-FBgn0039757	0.0378660446113446	0.0502425408982272	0.0251827905518606	0.0360676350324118
dmel-FBgn0039758	0	0	0	0
dmel-FBgn0039759	0.0290135396518375	0.0947775628626692	0	0
dmel-FBgn0039760	0.0296361974722795	0	0.165666492472069	0
dmel-FBgn0039761	0	0	0.0223483504788932	0
dmel-FBgn0039764	0.0272870043188064	0.0406360424028269	0.0210051040439733	0.0151158225363173
dmel-FBgn0039765	0.0938098276962349	0.0430759412890874	0.0335035098915124	0
dmel-FBgn0039766	0.118952760387023	0.0569151963574274	0.0375640295959021	0.0347182697780307
dmel-FBgn0039767	0.0816785312851256	0.0665043087298615	0.0462720119895093	0.0168602472836268
dmel-FBgn0039768	0.00825293502266652	0	0.016040915959549	0
dmel-FBgn0039769	0.0925553319919514	0	0.341189997125611	0
dmel-FBgn0039770	0.0975609756097564	0.11280487804878	0	0
dmel-FBgn0039773	0.0838542460740965	0.0542765665497791	0.0239365756975148	0.0108248208568379
dmel-FBgn0039774	0.0440251572327044	0.0227987421383648	0.0400943396226415	0.0539832285115304
dmel-FBgn0039776	0.0316793174832193	0.0537607427388496	0.00633586349664388	0.0597829496267487
dmel-FBgn0039777	0.0371912674248734	0	0.515273814562484	0
dmel-FBgn0039778	0.014055050326682	0	0.54285493554653	0
dmel-FBgn0039779	0.0865384615384616	0.039423076923077	0.0432692307692308	0
dmel-FBgn0039787	0.199530516431925	0	0	0
dmel-FBgn0039788	0.147860593512768	0.120255348516218	0.00810904071773639	0.0015527950310559
dmel-FBgn0039789	0.0688251618871415	0.0902867715078633	0.187604070305273	0
dmel-FBgn0039790	0.0318435439328185	0.0405793834188131	0.0346051964154879	0.021022375021135
dmel-FBgn0039792	0.425339366515837	0	0	0.00205676676264911
dmel-FBgn0039795	0.151172190784155	0.320129345189976	0	0
dmel-FBgn0039796	0.324386503067485	0	0	0
dmel-FBgn0039797	0.343303691727297	0	0	0
dmel-FBgn0039798	0.134075508228461	0	0	0.413843175217812
dmel-FBgn0039799	0.495033112582781	0	0	0
dmel-FBgn0039800	0.0879143790395441	0.00379919846178794	0	0.472513725762735
dmel-FBgn0039801	0.325984251968504	0	0	0.395275590551181
dmel-FBgn0039802	0.0628774661119312	0.0762984834250436	0.0344249094081331	0.0246946718561268
dmel-FBgn0039804	0.233716475095785	0.180076628352491	0	0
dmel-FBgn0039805	0.222921914357683	0.0453400503778338	0	0
dmel-FBgn0039806	0	0.569444444444444	0	0
dmel-FBgn0039807	0.0295426232425698	0.134187577860829	0	0
dmel-FBgn0039808	0.141592920353982	0.00663716814159292	0.0453539823008851	0
dmel-FBgn0039809	0.117758256421661	0.0389191593461582	0.121761369954409	0.0085622150561548
dmel-FBgn0039810	0.639751552795031	0	0	0
dmel-FBgn0039812	0.442764578833693	0	0	0
dmel-FBgn0039816	0.150684931506849	0.0520547945205479	0	0
dmel-FBgn0039817	0.0421052631578948	0	0	0.345029239766082
dmel-FBgn0039818	0.0264643613267466	0	0.130439896494942	0
dmel-FBgn0039821	0.241025641025642	0	0	0
dmel-FBgn0039827	0.0544785623319654	0.00679213244658271	0.0322626291212679	0.143200792415452
dmel-FBgn0039828	0.0701335877862595	0.0580470737913487	0.0249681933842239	0.0141539440203562
dmel-FBgn0039829	0.099067599067599	0.0466200466200465	0.036130536130536	0
dmel-FBgn0039830	0.0275750066970265	0.024791555049558	0.0121592887757836	0.0127034221805519
dmel-FBgn0039831	0.0443652849740933	0.077612262521589	0.0138169257340242	0.0111183074265976
dmel-FBgn0039835	0.0594951923076923	0.0504807692307692	0.0369591346153846	0.0165264423076923
dmel-FBgn0039836	0.0821678321678323	0.0646853146853145	0.0506993006993007	0.0559440559440561
dmel-FBgn0039840	0.0234080040271835	0	0.0903599295242892	0
dmel-FBgn0039844	0.0443739458678017	0.0353786844430166	0	0.0768211388643482
dmel-FBgn0039846	0.0663243474540009	0.0466409927257167	0.024390243902439	0.0102695763799743
dmel-FBgn0039848	0.127777777777778	0	0	0
dmel-FBgn0039849	0.068778919300447	0.0307426868480904	0.0271351266567327	0.121323817739785
dmel-FBgn0039850	0.626415094339623	0	0	0
dmel-FBgn0039851	0.131868131868132	0.0476190476190476	0	0
dmel-FBgn0039852	0.145891043397969	0.0655586334256695	0	0
dmel-FBgn0039854	0	0	0	0
dmel-FBgn0039855	0.317689530685921	0	0	0
dmel-FBgn0039856	0.0782226336496184	0.00532284193473733	0.0293913445961583	0.0879426058782691
dmel-FBgn0039857	0.0458956736323525	0.0726995469893629	0.0315750378104069	0.0353069740782207
dmel-FBgn0039858	0.0477167059422968	0.0403795936564551	0.0406598305840392	0.0248137061333673
dmel-FBgn0039859	0.0665920537213207	0.0671516508114158	0.0486849468382764	0.0346950195858982
dmel-FBgn0039860	0.136485280999108	0.184656556645852	0.113291703835861	0.0624442462087421
dmel-FBgn0039861	0.210875331564987	0.153846153846154	0.0755968169761273	0.0477453580901857
dmel-FBgn0039862	0.125	0.0212765957446809	0	0
dmel-FBgn0039863	0.0836381775856337	0.075324243431992	0.0297638842700366	0.0350848021283671
dmel-FBgn0039864	0.157275021026072	0.0756938603868797	0	0
dmel-FBgn0039867	0.079499596448749	0.0625504439063762	0.0225988700564972	0.0153349475383374
dmel-FBgn0039868	0.0552866242038216	0.0489171974522293	0.0285350318471337	0.00917197452229299
dmel-FBgn0039869	0.0514636941348057	0.0704934541792548	0.0176754523040595	0.0140986908358509
dmel-FBgn0039870	0.074426807760141	0.0984126984126984	0.037037037037037	0.0557319223985891
dmel-FBgn0039872	0.53035143769968	0	0	0
dmel-FBgn0039873	0	0	0	0
dmel-FBgn0039875	0.0813816925734025	0.0561658031088083	0.0254922279792746	0.0656303972366149
dmel-FBgn0039876	0.143659711075441	0.160513643659711	0.126805778491172	0.0513643659711075
dmel-FBgn0039877	0.0520054384772264	0.0508157715839565	0.0294017675050986	0.0142760027192386
dmel-FBgn0039881	0.221103503826017	0.0104712041884817	0	0.0853805879983891
dmel-FBgn0039882	0.115197568389057	0.0802431610942249	0.0972644376899699	0.217629179331307
dmel-FBgn0039883	0.142566191446028	0.0142566191446028	0.00610997963340122	0
dmel-FBgn0039886	0.0748768472906404	0.0502463054187192	0.250574712643678	0.00919540229885058
dmel-FBgn0039887	0.401952085181899	0	0	0
dmel-FBgn0039889	0.0459066564651874	0.0766750464531643	0.0250847087113346	0.0474915291288666
dmel-FBgn0039890	0.0286068218483522	0.0189559806407006	0.0572424521779212	0.0340516247983406
dmel-FBgn0039896	0.162666666666666	0.301333333333334	0	0
dmel-FBgn0039897	0.0112819258111433	0.0486074297598173	0.00106022917261346	0
dmel-FBgn0039900	0.012537041258263	0.00205151584226123	0	0.0120811488488717
dmel-FBgn0039902	0.0313762884257367	0.037006765654089	0.0182990509921445	0.0232484221041639
dmel-FBgn0039904	0.0539063337262888	0.0469403065051977	0.0190761976208338	0.0198263851677205
dmel-FBgn0039907	0.085734944737114	0.0762317942361326	0.0237578762524533	0.0338807974382811
dmel-FBgn0039908	0.0537568723274282	0.0687232742822235	0.00824679291386682	0.00885766646304215
dmel-FBgn0039909	0.0453016371383718	0.0667350142568801	0.0387979367571205	0.0297312017428635
dmel-FBgn0039911	0.013470173187941	0	0	0
dmel-FBgn0039914	0.0442706464805913	0.124058262179809	0.00330056683647843	0.0180813661476645
dmel-FBgn0039915	0.0413359788359789	0	0	0.238095238095238
dmel-FBgn0039916	0.0389863547758285	0	0	0.0487329434697856
dmel-FBgn0039920	0.0965366784837742	0.046359421870739	0.0158167439323698	0.0218161985274066
dmel-FBgn0039923	0.0796684319594751	0.0709187197789545	0.0284365645866912	0.0404098549389823
dmel-FBgn0039924	0.0465057817998995	0.0761689291101056	0.0426931456343221	0.0329730182671359
dmel-FBgn0039925	0.139240506329114	0.0822784810126582	0	0.0443037974683544
dmel-FBgn0039927	0.104610616040294	0.156915924060442	0.075164664858582	0.00309957380860132
dmel-FBgn0039928	0.0326220583069899	0.0487794169301018	0.0132595714787496	0.0403494906919564
dmel-FBgn0039929	0.0571138898276444	0.0380759265517631	0.0217415793623972	0.0170102512109947
dmel-FBgn0039930	0	0	0	0
dmel-FBgn0039936	0.0639074486513238	0.0598861667903985	0.0275303142786438	0.0301905468943331
dmel-FBgn0039937	0.441176470588236	0	0	0
dmel-FBgn0039938	0.0742187500000001	0.125	0	0
dmel-FBgn0039941	0.0339345040341718	0	0.108685334598956	0
dmel-FBgn0039942	0.0469686875416389	0.042305129913391	0.0193204530313124	0.00866089273817455
dmel-FBgn0039943	0.0466275659824047	0.08475073313783	0.0368035190615836	0.0217008797653959
dmel-FBgn0039944	0.0022958346999016	0.00262381108560184	0.00491964578550344	0
dmel-FBgn0039945	0	0	0	0
dmel-FBgn0039946	0.115873015873016	0.0793650793650795	0.0603174603174604	0.0222222222222222
dmel-FBgn0039955	0.176395125080179	0.125400898011546	0.0958948043617704	0.0894804361770366
dmel-FBgn0039958	0.132105263157894	0.128421052631579	0.130526315789473	0.112631578947369
dmel-FBgn0039959	0.203057324840765	0.116178343949045	0.0774522292993628	0.088152866242038
dmel-FBgn0039965	0.0330733679953784	0.03105141536684	0.018630849220104	0.0389948006932409
dmel-FBgn0039966	0.0312697409981049	0.0303221730890714	0.042008843967151	0.0080016845651716
dmel-FBgn0039969	0.0300215624481672	0.0584397633659534	0.0539614087466136	0.0325648255653231
dmel-FBgn0039970	0.0954415085128456	0.183132971257704	0.118325501922255	0.130713370354549
dmel-FBgn0039972	0.349056603773584	0.10377358490566	0	0
dmel-FBgn0039977	0.110895570643389	0.171193016488846	0.0923052053022954	0.100549628192693
dmel-FBgn0039993	0.0433409873708381	0.0673236382191607	0.0289896670493686	0.0325934430412043
dmel-FBgn0039994	0.100015951507417	0.185835061413303	0.0829478385707448	0.106237039400223
dmel-FBgn0040001	0.0386082133064388	0.198808660846544	0	0
dmel-FBgn0040005	0.0463646408839779	0.0570607734806629	0.0339447513812155	0.042828729281768
dmel-FBgn0040007	0.0737206443682474	0.124894869638351	0.108074011774601	0.188425955877596
dmel-FBgn0040009	0	0	0	0
dmel-FBgn0040010	0.0104212069580378	0.00792487221143559	0.0066568926576059	0.00847961326623608
dmel-FBgn0040011	0.146039603960396	0.0706725844998293	0.0315807442813246	0.0261181290542847
dmel-FBgn0040020	0.0204275233999495	0.0249177839615481	0.0122059195547685	0.00689349860865165
dmel-FBgn0040022	0.062520298798311	0.0673920103929846	0.0370250081195193	0.0367002273465411
dmel-FBgn0040028	0.565217391304348	0	0	0
dmel-FBgn0040031	0.415948275862069	0	0	0
dmel-FBgn0040038	0.621289662231321	0	0	0
dmel-FBgn0040056	0.140857787810384	0.203160270880361	0.0252821670428894	0.15079006772009
dmel-FBgn0040060	0.0808769264730275	0.000168499039294237	0.541409618552137	0
dmel-FBgn0040063	0.231824417009602	0	0	0
dmel-FBgn0040064	0.0354003344430295	0.0349707745884664	0.0362134298820245	0.109345995121427
dmel-FBgn0040066	0.0767267778155833	0.0566519224225927	0.0248383804014971	0.00629465804695473
dmel-FBgn0040068	0.048146655922643	0.0427074939564867	0.0328364222401289	0.0193392425463336
dmel-FBgn0040069	0.0744195276840641	0	0.695177614606073	0
dmel-FBgn0040070	0.020586965303024	0.0183304779017453	0.0122853202958506	0.0163247113228309
dmel-FBgn0040071	0.0582003486656834	0.0599436770819364	0.0221268606678289	0.0135443207724286
dmel-FBgn0040075	0.126789629820715	0.0372758932026312	0.0184444731071843	0.00786792209467302
dmel-FBgn0040076	0	0	0	0
dmel-FBgn0040077	0	0	0	0
dmel-FBgn0040078	0.115987827715356	0.0569990636704119	0.0287921348314607	0.0107677902621723
dmel-FBgn0040079	0.062836116614775	0.0953863572035095	0.0198131899235777	0.0189640532125672
dmel-FBgn0040080	0.0647792706333974	0.0663787587971848	0.0548624440179142	0.02191298784389
dmel-FBgn0040087	0.0564089324899962	0.0556344391377308	0.036530269781851	0.0251710339486253
dmel-FBgn0040089	0.0289435600578871	0.0625180897250362	0.00260492040520984	0.0188133140376267
dmel-FBgn0040091	0.0495818399044206	0.0388291517323776	0	0.028673835125448
dmel-FBgn0040092	0	0.183606557377049	0	0
dmel-FBgn0040093	0	0.126353790613719	0	0
dmel-FBgn0040096	0.0517141196978501	0.0906449738524114	0	0
dmel-FBgn0040099	0.0607773851590106	0.028268551236749	0.0339222614840989	0.393639575971732
dmel-FBgn0040102	0.202030456852792	0.196954314720812	0	0.035532994923858
dmel-FBgn0040104	0	0	0	0
dmel-FBgn0040153	0.0579136245514169	0.0204182650662047	0.0659571835168916	0.0246256651404529
dmel-FBgn0040206	0.0408388520971302	0.032481866918953	0.0171870072532324	0.0132450331125828
dmel-FBgn0040207	0.0452975047984645	0.0744721689059499	0.0341650671785029	0.0182341650671785
dmel-FBgn0040208	0.0596610849293091	0.0629700190514388	0.039707209465557	0.016745212072596
dmel-FBgn0040211	0	0.129113924050633	0	0
dmel-FBgn0040212	0.0717728976968399	0.0273165506159614	0.0380289234065346	0.0273165506159614
dmel-FBgn0040227	0.0443253199829972	0.0684834458980777	0.0236622113068531	0.0271336135644453
dmel-FBgn0040228	0.0393040430592065	0.0705970709725873	0.0374264613844036	0.0200275378645638
dmel-FBgn0040230	0.0957161981258367	0.0595716198125838	0.0274431057563588	0.0224230254350736
dmel-FBgn0040232	0.415426251691474	0.043301759133965	0.0351826792963465	0.00541271989174559
dmel-FBgn0040233	0.272156862745099	0.125490196078431	0.109019607843137	0.0156862745098039
dmel-FBgn0040234	0.052872606161532	0.0503746877601998	0.0478767693588676	0.0366361365528726
dmel-FBgn0040235	0.0539044289044289	0.0546814296814298	0.0481740481740481	0.0157342657342657
dmel-FBgn0040236	0.0339511104010226	0.0392235181338873	0.0484102891835757	0.0234062949352932
dmel-FBgn0040237	0.194391332058636	0.0305927342256214	0.0239005736137667	0.00812619502868068
dmel-FBgn0040238	0.0254387694734766	0.0299743640307631	0.0376651548018141	0.00147899822520213
dmel-FBgn0040239	0.0482979575490589	0.0659191029235082	0.0785742891469764	0.0243492190628754
dmel-FBgn0040250	0.0774066797642437	0	0.378388998035364	0
dmel-FBgn0040251	0.272138228941685	0.101511879049676	0.101511879049676	0
dmel-FBgn0040252	0.0454335793357934	0	0.242850553505535	0
dmel-FBgn0040256	0.0222222222222222	0	0.0725925925925927	0.100740740740741
dmel-FBgn0040259	0.0371296412051506	0.0441305163145394	0.0763845480685087	0.00450056257032129
dmel-FBgn0040260	0.00973734785393977	0.00384368994234465	0.0444586803331199	0
dmel-FBgn0040268	0.0964348334307423	0.0742255990648743	0.0923436586791351	0.0128579777907656
dmel-FBgn0040271	0.0489570029799915	0.0557684120902511	0.0559812686249468	0.00191570881226054
dmel-FBgn0040273	0.0498007968127491	0.0578685258964144	0.0314741035856573	0.0271912350597609
dmel-FBgn0040281	0.156923076923077	0	0	0
dmel-FBgn0040283	0.0828482731858749	0.0601474582848272	0.037058595265813	0.0230888630190144
dmel-FBgn0040284	0.0731129080055883	0.0712501587570382	0.0260784894797002	0.0113881715422717
dmel-FBgn0040285	0.0362250382773561	0.0359644264911881	0.0405251327491286	0.0700068410593869
dmel-FBgn0040290	0.313253012048192	0.126506024096386	0.0542168674698795	0
dmel-FBgn0040291	0	0	0	0
dmel-FBgn0040294	0.0643618977565281	0.0547995586612726	0.0216991541007724	0.0117690327326223
dmel-FBgn0040296	0.0849999999999998	0	0	0
dmel-FBgn0040297	0.0358062538320049	0.0228080931943593	0.00895156345800121	0.101410177805028
dmel-FBgn0040298	0.0675502351432237	0.0855066267635742	0.0337751175716118	0.0359127832407012
dmel-FBgn0040299	0.0358176555716353	0	0.144536903039074	0.00162807525325615
dmel-FBgn0040305	0.0513968863297078	0.0232458946470463	0.110258050757091	0.017701002345916
dmel-FBgn0040308	0.0872037085629318	0.024927840461821	0.015918831452812	0.0029738476340418
dmel-FBgn0040309	0.0167719811304333	0.00546590770623356	0.0165717966125298	0.00526572318833012
dmel-FBgn0040318	0.18018018018018	0.0900900900900901	0	0
dmel-FBgn0040319	0.0123681024044283	0.00534077149282131	0.0260335582079225	0.0013838436256703
dmel-FBgn0040321	0.0335699915202102	0.0229619407079793	0	0.143774005287398
dmel-FBgn0040322	0.015585627624825	0.022958469435371	0	0.0592627158189455
dmel-FBgn0040323	0.0460508335610822	0.045230937414594	0.0021863897239683	0.0531566001639794
dmel-FBgn0040324	0.0429954694856533	0.0483254863640401	0.020964733054988	0.0336679399484764
dmel-FBgn0040333	0.270799347471452	0	0	0
dmel-FBgn0040334	0.0499075785582255	0.0661326761141916	0.0386116245635654	0.0538098172109262
dmel-FBgn0040336	0.0275783906309029	0.0103891197582168	0.0697015489233094	0.0137891953154514
dmel-FBgn0040337	0.0824459993915424	0.0870094310921813	0.034986309704898	0.0203833282628536
dmel-FBgn0040338	0.43046357615894	0	0	0
dmel-FBgn0040339	0.0558018651582328	0.0712429292157161	0.0415838556795597	0.0221678642409417
dmel-FBgn0040340	0.0430173643563382	0.0492400019676324	0.00907570465836981	0.0236361847606867
dmel-FBgn0040342	0.00433817250213493	0	0.0161571306575577	0
dmel-FBgn0040344	0.0936366633696011	0.0837454665347841	0.0352786020441807	0.0207715133531157
dmel-FBgn0040345	0.383587786259542	0	0	0
dmel-FBgn0040346	0.0377810541835606	0.0457058606708441	0.0243273129377073	0.0092148912642831
dmel-FBgn0040347	0.120300751879699	0.0726817042606516	0	0
dmel-FBgn0040348	0.13719512195122	0	0	0
dmel-FBgn0040349	0.0242587601078167	0	0.0532188303140475	0.0315301197266972
dmel-FBgn0040350	0.240405503258509	0	0	0
dmel-FBgn0040351	0.244444444444444	0	0	0
dmel-FBgn0040355	0.465811965811965	0	0	0
dmel-FBgn0040356	0.397350993377483	0	0	0
dmel-FBgn0040359	0	0.0399999999999999	0	0
dmel-FBgn0040362	0.359504132231405	0	0	0
dmel-FBgn0040363	0	0	0	0
dmel-FBgn0040364	0.00791495753654168	0	0.0448899416488532	0
dmel-FBgn0040365	0.531516183986371	0	0	0
dmel-FBgn0040366	0.0553129548762738	0.0727802037845707	0.0203784570596798	0.024745269286754
dmel-FBgn0040367	0.210227272727272	0.142045454545455	0	0
dmel-FBgn0040368	0.36834427425237	0	0	0
dmel-FBgn0040370	0.0152143845089903	0	0.00760719225449517	0
dmel-FBgn0040371	0.296794618124258	0	0	0
dmel-FBgn0040372	0.0676384839650146	0.0495626822157435	0.0309037900874635	0.0183673469387755
dmel-FBgn0040373	0.0708683473389356	0.0890756302521009	0.00700280112044818	0
dmel-FBgn0040375	0.188006482982172	0.165316045380875	0.106969205834684	0.0372771474878444
dmel-FBgn0040376	0.161290322580645	0	0	0
dmel-FBgn0040377	0.0489109667558274	0.214367596484524	0	0
dmel-FBgn0040382	0.0503335683679558	0.15306177794652	0.0104138417313012	0.00216955036068775
dmel-FBgn0040383	0.0399138453254358	0.0897556707276032	0.0513562630409908	0.0196540351349533
dmel-FBgn0040384	0.0373640808582063	0.025760782310443	0.0615193753192731	0.0189739473108079
dmel-FBgn0040388	0.0877812086457874	0.0467578297309219	0.0242611380679312	0
dmel-FBgn0040389	0.0373257736829672	0.0581148121899362	0.0335459484998819	0.0170092133238838
dmel-FBgn0040391	0.288278775079198	0	0	0.0791974656810982
dmel-FBgn0040392	0.0340909090909091	0.0416666666666667	0	0.11489898989899
dmel-FBgn0040393	0.770540252984986	0	0	0
dmel-FBgn0040394	0.090049527239982	0.0969533243283805	0.0547801290709892	0.0177097403571965
dmel-FBgn0040395	0.0703200109875018	0.0732042301881611	0.0210135970333745	0.0730668864167009
dmel-FBgn0040396	0.0367089375644682	0.0265760572780778	0.0348886596687095	0.0311874279473332
dmel-FBgn0040397	0.0542299349240781	0.0641462658816238	0.0412147505422993	0
dmel-FBgn0040398	0.0533048114406089	0.00755757766605497	0.0550747613825156	0.167841204000304
dmel-FBgn0040465	0.0514653323802717	0	0	0
dmel-FBgn0040466	0.0910028357824183	0.111626707914411	0.037122969837587	0.014436710492395
dmel-FBgn0040467	0.193506493506494	0.131168831168831	0.0532467532467534	0
dmel-FBgn0040475	0.0360818995949612	0.0413585522648731	0.0816394782802571	0.0117424101668462
dmel-FBgn0040477	0.108108108108108	0	0	0
dmel-FBgn0040491	0.0251845419018671	0.017802865827182	0.0872774641771602	0
dmel-FBgn0040493	0.0516049682124483	0.107263498882672	0.0325670829940929	0.0281497392901069
dmel-FBgn0040496	0.0267430754536772	0.0754536771728748	0	0
dmel-FBgn0040503	0.00329406023424428	0	0	0.0148842721695483
dmel-FBgn0040505	0.0864440078585462	0.140144073346431	0	0
dmel-FBgn0040506	0.455882352941176	0	0	0
dmel-FBgn0040507	0.0253651037663336	0	0.102421214450423	0.0320906994619524
dmel-FBgn0040508	0.578354978354978	0	0	0.00346320346320345
dmel-FBgn0040509	0.549707602339181	0	0	0
dmel-FBgn0040510	0.589703588143526	0	0	0
dmel-FBgn0040512	0.0315304582638393	0.04253037884203	0.0200540068302755	0.0266857279008816
dmel-FBgn0040513	0	0	0	0
dmel-FBgn0040514	0	0	0	0
dmel-FBgn0040519	0.377105558674902	0	0	0.00252667040988209
dmel-FBgn0040524	0.548961424332344	0	0	0
dmel-FBgn0040528	0.274809160305343	0.229007633587786	0	0
dmel-FBgn0040529	0.0384985232502232	0.054708427776633	0.044256702612359	0.0292259083728278
dmel-FBgn0040531	0	0	0.435616438356164	0
dmel-FBgn0040532	0.00655800231962575	0.000883481618133558	0	0.0758393075372269
dmel-FBgn0040534	0.0515358361774743	0.0548634812286689	0.0343856655290102	0.0204778156996587
dmel-FBgn0040551	0.0125882976721911	0.0396633998665914	0.0200283920844237	0.0190876904920725
dmel-FBgn0040565	0.34038950042337	0.0180637877504939	0	0
dmel-FBgn0040571	0.411764705882353	0	0	0
dmel-FBgn0040575	0.0370884569615232	0.0472034906783023	0.0275684252280841	0
dmel-FBgn0040582	0	0	0	0
dmel-FBgn0040600	0.0352705410821643	0.0649298597194388	0.00681362725450902	0.00293921175684702
dmel-FBgn0040606	0	0	0	0
dmel-FBgn0040609	0.0891986948599517	0.00648332556464257	0.0299165218865206	0.277215136234587
dmel-FBgn0040623	0	0	0	0
dmel-FBgn0040634	0.106796116504854	0.0759046778464255	0	0
dmel-FBgn0040636	0.00858954041204436	0.00418383518225039	0.0476703645007923	0.00129952456418384
dmel-FBgn0040648	0.591240875912408	0	0	0
dmel-FBgn0040649	0.584905660377358	0	0	0
dmel-FBgn0040650	0.329446064139942	0.154518950437318	0	0
dmel-FBgn0040651	0.594679186228483	0	0	0
dmel-FBgn0040653	0	0	0	0
dmel-FBgn0040658	0.0361715749039692	0.037291933418694	0.00480153649167734	0.00800256081946224
dmel-FBgn0040660	0.0412759437934108	0.140175553173225	0.0308347606783893	0.0113776857704993
dmel-FBgn0040666	0.0606475148198814	0.0717434260525914	0.0387596899224806	0.0267517859857121
dmel-FBgn0040670	0.177083333333333	0	0	0
dmel-FBgn0040674	0.643939393939394	0	0	0
dmel-FBgn0040682	0.00687944260679849	0.035171370258287	0	0
dmel-FBgn0040684	0.575581395348838	0	0	0
dmel-FBgn0040687	0	0	0	0
dmel-FBgn0040694	0.343195266272189	0	0	0
dmel-FBgn0040696	0.301846590909091	0	0	0
dmel-FBgn0040715	0	0	0	0
dmel-FBgn0040717	0.228127025275437	0.202851587815943	0.0274357312594513	0
dmel-FBgn0040718	0.206917850525016	0.275478690549723	0	0
dmel-FBgn0040719	0.531317494600432	0	0	0
dmel-FBgn0040723	0.0265450020738283	0	0.479717959352966	0
dmel-FBgn0040725	0.705596107055961	0	0	0
dmel-FBgn0040726	0.166666666666667	0	0	0
dmel-FBgn0040729	0.150047785919083	0	0.418604651162791	0
dmel-FBgn0040730	0	0	0.0761789600967352	0
dmel-FBgn0040732	0.029785582892619	0.00128765233386985	0	0.21029259599908
dmel-FBgn0040733	0	0.767123287671233	0	0
dmel-FBgn0040735	0	0.780898876404494	0	0
dmel-FBgn0040736	0	0.772151898734177	0	0
dmel-FBgn0040743	0.0569185475956818	0.355250245338568	0	0
dmel-FBgn0040747	0.602643171806167	0	0	0
dmel-FBgn0040751	0.101527403414196	0.0422282120395328	0	0
dmel-FBgn0040752	0.0514449427005482	0.0734927752864973	0.0328849028400598	0.00137020428500249
dmel-FBgn0040754	0.0295992129689037	0.0659566277428461	0.0211300739980324	0.00885409983318361
dmel-FBgn0040755	0.447552447552448	0	0	0
dmel-FBgn0040759	0.041439793840143	0.10445155659005	0	0.00789725258738933
dmel-FBgn0040763	0.327987781596029	0.0133638793432608	0	0.0465826651393663
dmel-FBgn0040765	0.0381310418904404	0.0123523093447906	0.0359828141783029	0.0198711063372717
dmel-FBgn0040773	0.10389300214951	0.145689037497015	0.20205397659422	0.0716503463100072
dmel-FBgn0040777	0.133105963715598	0.136516507981621	0.120411160058737	0.123063805598977
dmel-FBgn0040778	0.446033810143042	0.0624187256176854	0	0
dmel-FBgn0040780	0.0236826524570751	0.0337477797513321	0.0118413262285376	0.0183540556542332
dmel-FBgn0040784	0.485148514851485	0	0	0
dmel-FBgn0040786	0.111842105263158	0.161184210526316	0	0
dmel-FBgn0040793	0.0268898751006498	0.0438458513566654	0.0284440949010356	0.0122371402355673
dmel-FBgn0040796	0	0	0	0
dmel-FBgn0040798	0	0	0	0
dmel-FBgn0040801	0.303703703703704	0.177777777777778	0	0
dmel-FBgn0040805	0.0776599384194321	0	0.0136845706465959	0
dmel-FBgn0040812	0.378765060240964	0	0	0
dmel-FBgn0040813	0.000930378955846344	0.000245323804277892	0	0.00365671330904782
dmel-FBgn0040814	0.456582633053222	0	0	0
dmel-FBgn0040816	0.612903225806452	0	0	0
dmel-FBgn0040817	0.0504204998618076	0.149761124491649	0.0156749713744225	0
dmel-FBgn0040823	0.45	0	0	0
dmel-FBgn0040827	0.0193766881073706	0.00192479046584802	0.134648316765517	0.0533059059393534
dmel-FBgn0040832	0.0440467997247075	0.101169993117688	0.0227116311080523	0
dmel-FBgn0040837	0.015124016938899	0	0.139745916515427	0
dmel-FBgn0040842	0.324137931034483	0.106896551724138	0	0
dmel-FBgn0040843	0.309073724007562	0.0425330812854442	0	0
dmel-FBgn0040849	0.2578125	0.2265625	0	0
dmel-FBgn0040850	0.0106444605358436	0.00207579048998311	0.0761525464639153	0.0278059377262853
dmel-FBgn0040859	0.557756274569096	0	0	0.00362866646507408
dmel-FBgn0040871	0.570957095709571	0	0	0
dmel-FBgn0040890	0.0388029047164967	0.073938238098731	0.0420303674906477	0.0192180737915352
dmel-FBgn0040899	0.0347610180012415	0.0546244568590939	0.0223463687150838	0.0126629422718808
dmel-FBgn0040904	0.594285714285715	0	0	0
dmel-FBgn0040905	0.590425531914894	0	0	0
dmel-FBgn0040906	0.607843137254902	0	0	0
dmel-FBgn0040907	0.050861497680583	0.0558316766070244	0.0328031809145129	0
dmel-FBgn0040918	0.0342499146799278	0.0116279069767442	0.0237921115499001	0.076007995709619
dmel-FBgn0040923	0.158826504805261	0.461305007587253	0	0
dmel-FBgn0040928	0.210714285714286	0.242857142857143	0	0
dmel-FBgn0040929	0.11400651465798	0.082084690553746	0.0358306188925081	0.0299674267100977
dmel-FBgn0040931	0.0315214693472325	0.0407048895507571	0.0422561429635145	0.0115413253909159
dmel-FBgn0040942	0.0262927551844869	0.0369983840560194	0.0172704012927552	0.0358874225693509
dmel-FBgn0040950	0.474088994689617	0	0	0
dmel-FBgn0040958	0	0	0	0
dmel-FBgn0040959	0.0191593696411198	0	0.04020278734987	0
dmel-FBgn0040963	0.356131724035166	0	0	0
dmel-FBgn0040964	0.373949579831933	0.119747899159664	0	0
dmel-FBgn0040967	0.524590163934426	0	0	0
dmel-FBgn0040973	0.581560283687943	0	0	0
dmel-FBgn0040985	0.0250974439456115	0.0672459703873316	0.0107735055379034	0.0284163268456463
dmel-FBgn0040989	0.637086092715231	0	0	0
dmel-FBgn0040992	0	0	0	0
dmel-FBgn0040993	0	0	0	0
dmel-FBgn0040996	0.29549114331723	0	0	0
dmel-FBgn0041004	0.153631284916201	0.171787709497207	0.0810055865921788	0.0810055865921788
dmel-FBgn0041087	0.0340425531914894	0.0632218844984802	0.0403242147922999	0
dmel-FBgn0041092	0.0362445052666501	0.0422990793729783	0.0317657792153936	0.0249647507671891
dmel-FBgn0041094	0.0492516844553097	0.0416790889034643	0.0386977520720291	0.0077812891300459
dmel-FBgn0041096	0.101426307448495	0.0554675118858953	0.0324881141045959	0
dmel-FBgn0041097	0.186170212765957	0	0	0
dmel-FBgn0041100	0.0418583256669733	0.0229990800367986	0	0
dmel-FBgn0041102	0.578134427416435	0	0	0.0044648244237963
dmel-FBgn0041103	0.438320209973754	0	0	0
dmel-FBgn0041111	0.0684702738810957	0.0572812291249164	0.0245490981963928	0.0212090848363393
dmel-FBgn0041147	0.112464854732896	0.0534208059981256	0.0206185567010309	0.0112464854732896
dmel-FBgn0041150	0.0589135424636573	0.0451415455241011	0.00841622035195104	0.0260137719969395
dmel-FBgn0041156	0.0311457174638487	0	0.221078976640712	0
dmel-FBgn0041160	0.0373721479150276	0.0130802517702596	0.0753343823760817	0.0763178599527932
dmel-FBgn0041161	0.111709286675639	0.0677433826828174	0.0340960071781067	0.025123373710184
dmel-FBgn0041164	0.12578313253012	0.0689156626506025	0.0284337349397591	0.0110843373493976
dmel-FBgn0041171	0.0774213136322235	0.0545491347029654	0.034207064062342	0.0270215565226192
dmel-FBgn0041174	0.0360211500330469	0.0380039656311963	0.0313945803040318	0.0327164573694646
dmel-FBgn0041180	0.028624372165602	0.0139220753888916	0.012069049592822	0.0400107280440825
dmel-FBgn0041181	0.0388780894196057	0.112191058039433	0	0
dmel-FBgn0041182	0.0231458348204725	0.00869084160182737	0.00214148047683632	0.15268755799843
dmel-FBgn0041183	0.0504894384337969	0.0306543019062339	0	0.0128799587841319
dmel-FBgn0041184	0.048760862568394	0.0447376890891535	0.0500482780817511	0.00724171226263277
dmel-FBgn0041186	0.0992513885534894	0.0746196570876599	0.0335667713112774	0.0101424776624004
dmel-FBgn0041188	0.0661355346515647	0.0692071414858897	0.0358034171626031	0.0103666730658476
dmel-FBgn0041191	0.117282404508453	0.166938008766437	0.148904195366312	0.0810895428929243
dmel-FBgn0041194	0.0336402986375388	0.000987711704383694	0	0.304999564244836
dmel-FBgn0041195	0.287066246056782	0	0	0.00236593059936909
dmel-FBgn0041203	0.128949301983835	0.0459221160911095	0.0238795003673769	0.0128581925055107
dmel-FBgn0041205	0.0464568449507627	0.104035528094227	0.056111218381927	0.010812898242904
dmel-FBgn0041210	0.0624527826743893	0.0455804583228406	0.0400402921178544	0.0309745656006044
dmel-FBgn0041233	0.0394511149228131	0	0	0.200686106346484
dmel-FBgn0041234	0.0483870967741934	0	0	0.186379928315412
dmel-FBgn0041243	0	0	0	0
dmel-FBgn0041246	0.614035087719299	0	0	0
dmel-FBgn0041337	0.458715596330275	0	0	0.0688073394495413
dmel-FBgn0041342	0.0404866374152373	0.0360989230155564	0.0131631431990427	0.020874883659088
dmel-FBgn0041579	0	0.00418647555524019	0	0.00780529340807493
dmel-FBgn0041581	0	0.198544698544699	0	0.0893970893970896
dmel-FBgn0041582	0.0466254137285941	0.0756943445100013	0.0348251546985178	0.00935386386530438
dmel-FBgn0041585	0.0549468000635222	0.0574876925520091	0.0328727965697952	0.0192154994441798
dmel-FBgn0041588	0.0699237195786413	0.0595713766799853	0.0341445695604795	0.0194333454413367
dmel-FBgn0041604	0.0657232704402514	0.069811320754717	0.0468553459119497	0.00283018867924528
dmel-FBgn0041605	0.0931989924433248	0.015952980688497	0.00251889168765743	0.00419815281276239
dmel-FBgn0041627	0.0569541890218737	0.0338423442014032	0.0218737102765167	0.0173338836153529
dmel-FBgn0041629	0.0607789630364673	0.0477548995286528	0.0112875217067725	0.00781443810468866
dmel-FBgn0041630	0.0569483014417773	0.0903488416327463	0.0658119983261689	0.0203903069958535
dmel-FBgn0041702	0.0961538461538461	0.0742307692307692	0.0476923076923077	0.0523076923076923
dmel-FBgn0041706	0.216666666666667	0	0	0
dmel-FBgn0041707	0.0475756471017135	0.00856726212176451	0.0822092599343782	0.0227852716004375
dmel-FBgn0041709	0.062015503875969	0	0.377260981912145	0
dmel-FBgn0041710	0.052218792693417	0.0538379800637556	0	0.353792440418965
dmel-FBgn0041711	0.0276087407509854	0.159325081253025	0	0
dmel-FBgn0041712	0.0521781534460338	0.0973667100130041	0.0133289986996099	0.0476267880364109
dmel-FBgn0041713	0.00132131364149777	0.0122434626942011	0	0
dmel-FBgn0041723	0.107936507936508	0	0.0111111111111111	0
dmel-FBgn0041775	0.0537681948034281	0.0702965582913889	0.0272411916746021	0.0298598830091144
dmel-FBgn0041780	0	0	0	0
dmel-FBgn0041781	0.050611120674815	0.058357720778103	0.042606300568084	0.0253916336718885
dmel-FBgn0041789	0.0214682509065659	0.0377285703263637	0.0148908263251292	0.00339479978396729
dmel-FBgn0042083	0.0399126909884627	0.063766760212036	0.0339881509198628	0.0204240723417524
dmel-FBgn0042085	0.120053209178583	0.0678417026937146	0.0242766877286331	0.0133022946458264
dmel-FBgn0042092	0.0832811521603005	0.0569818409517846	0.0331872260488416	0
dmel-FBgn0042094	0.0538663299009132	0.00650864581309501	0.0225374004274335	0.0207888090149602
dmel-FBgn0042101	0.0138261100771071	0	0.0328370114331294	0
dmel-FBgn0042102	0.0378787878787878	0	0.200792976493911	0
dmel-FBgn0042103	0.0225525371604306	0	0.0999487442337263	0
dmel-FBgn0042104	0.0496849684968497	0	0.216561656165617	0
dmel-FBgn0042105	0.0352080475537266	0	0.162932479804908	0
dmel-FBgn0042106	0	0	0	0
dmel-FBgn0042110	0	0	0.051051051051051	0
dmel-FBgn0042111	0.053724192996464	0.0669556290635338	0.0325082696475419	0.0104938975704346
dmel-FBgn0042112	0.0691924227318048	0.031505483549352	0.0356929212362912	0.0247258225324028
dmel-FBgn0042119	0.055822428358456	0.0604604936226604	0	0
dmel-FBgn0042125	0.299287410926366	0.0926365795724465	0.0783847980997625	0.0546318289786224
dmel-FBgn0042126	0.478260869565217	0	0	0
dmel-FBgn0042127	0.574468085106383	0	0	0
dmel-FBgn0042131	0.322376738305942	0	0	0
dmel-FBgn0042132	0.0807957775071051	0.0552172147787251	0.0288266341859521	0.0150223304912708
dmel-FBgn0042133	0.415782493368701	0	0	0
dmel-FBgn0042134	0.0670106736410546	0.0740793101010815	0.0360147027638369	0.0189792888951721
dmel-FBgn0042135	0.0271797549215319	0.0626823500506741	0.0448389177236571	0.00558950892171616
dmel-FBgn0042138	0.0538491554713195	0.0461564189754167	0.0229667205529851	0.0180612074251631
dmel-FBgn0042174	0.100009625565502	0.317034042416659	0.0741489395835338	0.011165655982289
dmel-FBgn0042175	0.0180890538033395	0.0292207792207792	0.230519480519481	0.218923933209647
dmel-FBgn0042177	0.193406593406593	0.167032967032967	0.0791208791208791	0.0725274725274725
dmel-FBgn0042178	0.344969199178645	0.134496919917865	0.026694045174538	0.0369609856262834
dmel-FBgn0042179	0.144790547798067	0	0.118152524167562	0
dmel-FBgn0042180	0.0635504201680672	0.0572478991596638	0.0304621848739495	0.013655462184874
dmel-FBgn0042185	0.0271338724168913	0.0461814914645103	0.00287511230907457	0.0154537286612758
dmel-FBgn0042189	0.597729012503191	0	0	0.00408267415156929
dmel-FBgn0042198	0.414655942806077	0	0	0
dmel-FBgn0042205	0.0643086816720258	0.107181136120043	0.0321543408360129	0.0267952840300107
dmel-FBgn0042206	0.0331477061787325	0.00450808804030761	0.0397772474144789	0.0888358525590032
dmel-FBgn0042213	0.0415599202960433	0.0505266154284086	0.0287503558212354	0.03800170794193
dmel-FBgn0042627	0.197115384615384	0.362980769230769	0	0
dmel-FBgn0042630	0.157407407407407	0.0685185185185183	0	0
dmel-FBgn0042641	0	0	0	0
dmel-FBgn0042650	0.317567567567568	0.0844594594594595	0.070945945945946	0
dmel-FBgn0042693	0.173766343315057	0.143399409531843	0.128215942640236	0.0548291859974695
dmel-FBgn0042696	0.0373635600335853	0.072208228379513	0	0
dmel-FBgn0042701	0.587677725118483	0	0	0
dmel-FBgn0042710	0.369609028617493	0	0	0
dmel-FBgn0042711	0.342368045649073	0	0	0
dmel-FBgn0042712	0.0823560416392145	0.0693108446435629	0.0338648043220451	0.0201607589932798
dmel-FBgn0043001	0.0361216730038023	0.0395014786649767	0.0162653147444022	0.0137304604985214
dmel-FBgn0043002	0.06600790513834	0.0699604743083004	0.0403162055335969	0
dmel-FBgn0043005	0.0423940149625935	0	0.0523690773067331	0
dmel-FBgn0043010	0.0742654181465935	0.0610268001291573	0.0260467118717038	0.0233559358518997
dmel-FBgn0043012	0.0447983271001729	0.0518357662765915	0.0334177826034504	0.0546507419471589
dmel-FBgn0043025	0.410749506903353	0	0.0103550295857988	0
dmel-FBgn0043043	0	0	0	0
dmel-FBgn0043069	0	0	0	0.423076923076923
dmel-FBgn0043070	0.0455992660946522	0.066105444930117	0.0370190491608656	0.00501861745183746
dmel-FBgn0043362	0.0526836507543903	0.0576304724214692	0.0420479841701707	0.0430373485035864
dmel-FBgn0043364	0.0208963119709794	0.037938331318017	0.0167019347037485	0.030569830713422
dmel-FBgn0043455	0.026213470462812	0.0554371002132195	0.0223253480496676	0.0169321459927255
dmel-FBgn0043456	0.0758990536277603	0.0731861198738171	0.0308517350157729	0.018801261829653
dmel-FBgn0043457	0.0970217992017191	0.0764507215228738	0.0224132637396377	0.0122812404052809
dmel-FBgn0043458	0.051890941072999	0.0405672823218998	0.0373790677220756	0.0160510114335972
dmel-FBgn0043470	0	0	0.0124297836739573	0
dmel-FBgn0043471	0.0123141779454183	0	0.0769913467938762	0
dmel-FBgn0043532	0.594095940959409	0	0	0
dmel-FBgn0043575	0.00662162893012253	0	0.0734187216211706	0.000131680120769482
dmel-FBgn0043577	0	0	0	0
dmel-FBgn0043578	0	0	0	0.002579654208184
dmel-FBgn0043783	0.0326276652249791	0.0016693224068594	0.0226876090750436	0.00553911525912436
dmel-FBgn0043792	0.0584028605482718	0.343861740166865	0	0
dmel-FBgn0043796	0.0716190476190477	0.0876190476190477	0.0434285714285714	0.0133333333333334
dmel-FBgn0043799	0.0286094477711243	0.019294743845642	0	0.0452428476380573
dmel-FBgn0043806	0.0536945023240906	0.0365443179996794	0	0.146337554095207
dmel-FBgn0043841	0.0200203493042221	0.0659898865488038	0.000849162694982289	0.0374932105234974
dmel-FBgn0043854	0.1015625	0	0	0.2109375
dmel-FBgn0043865	0.206060606060605	0	0	0
dmel-FBgn0043884	0.0924279170035031	0.0686248091260218	0.0383544417497529	0.0239827539746699
dmel-FBgn0043900	0.121401752190237	0.0750938673341677	0.0253441802252816	0.0172090112640801
dmel-FBgn0043903	0.05830938697318	0.0753113026819925	0.0353208812260536	0.00622605363984673
dmel-FBgn0044011	0	0	0	0.552083333333334
dmel-FBgn0044020	0.0353370221327967	0.03716046277666	0.0515593561368209	0.0243963782696176
dmel-FBgn0044028	0.104545454545454	0.0795454545454548	0	0
dmel-FBgn0044030	0.0409859558612783	0.0458584121524792	0.0441387216967612	0
dmel-FBgn0044047	0.035669209241069	0.00400592657630466	0.00444493222850244	0.194973385282335
dmel-FBgn0044048	0.331288343558282	0	0	0
dmel-FBgn0044050	0.366037735849057	0	0.116981132075472	0
dmel-FBgn0044323	0.0586089906700593	0.0556403731976252	0.0311280746395249	0.0190839694656489
dmel-FBgn0044324	0.0734370734370733	0.0589680589680589	0.0242970242970243	0.0117390117390117
dmel-FBgn0044419	0	0	0	0
dmel-FBgn0044452	0.0455790511668675	0.0716555275556042	0.094445053139038	0.0257477813082065
dmel-FBgn0044510	0.0860134629768138	0.233358264771877	0.0961106955871354	0.0766641735228122
dmel-FBgn0044511	0.0367170626349892	0.0276457883369331	0	0
dmel-FBgn0044812	0	0	0	0.677325581395349
dmel-FBgn0044823	0.041125283108833	0.0412444868279889	0.0219334843247109	0.047562283943259
dmel-FBgn0044826	0.0512332395298791	0.0247475583512664	0.0763946366495614	0.0289687137891078
dmel-FBgn0044871	0.0619895287958114	0.0678534031413612	0.0848167539267015	0.0361256544502618
dmel-FBgn0044872	0.00982632541133454	0	0.0303930530164534	0
dmel-FBgn0045035	0.103030303030303	0.0545454545454545	0.0249158249158248	0.0107744107744108
dmel-FBgn0045038	0.176341730558598	0	0	0
dmel-FBgn0045063	0.0744242007562734	0.0812994156067379	0.0183911997249914	0.0376418013062908
dmel-FBgn0045064	0.0167757940542519	0.00770669811704419	0.125035585017691	0.000528691691406727
dmel-FBgn0045073	0.0439149372277736	0.0648731744811683	0.0482193184729696	0.0281834486292595
dmel-FBgn0045474	0	0	0	0
dmel-FBgn0045495	0	0	0.464285714285714	0
dmel-FBgn0045759	0.0312965722801788	0	0.102831594634873	0
dmel-FBgn0045761	0.109506618531889	0.139139590854392	0.101684717208183	0.128008423586041
dmel-FBgn0045770	0.353504081058261	0	0	0.00133689839572192
dmel-FBgn0045800	0.171021377672209	0.174188440221694	0.0609659540775931	0.0855106888361045
dmel-FBgn0045823	0.0447274038370306	0.0548228551909976	0.0262127508839845	0.0560752984040837
dmel-FBgn0045842	0.130665991390225	0.0536844770828058	0.0316535831856166	0.0714104836667511
dmel-FBgn0045843	0.2	0	0	0
dmel-FBgn0045852	0.0465293668954997	0.0034324942791762	0.117848970251716	0
dmel-FBgn0045862	0.0486499635125274	0.0768669423497933	0.0237573988486175	0.00981107597502635
dmel-FBgn0045866	0.0469450961989676	0.0636696386672925	0.0277428437353355	0.035269826372595
dmel-FBgn0045980	0.111111111111111	0	0	0.418300653594771
dmel-FBgn0046113	0.0289435600578871	0.0839363241678726	0	0
dmel-FBgn0046114	0.0300134228187919	0.0103892617449664	0.055731543624161	0.0147919463087248
dmel-FBgn0046214	0.146345460504753	0.23180924287119	0.078498852835136	0.0401507702392657
dmel-FBgn0046222	0.0424463715198539	0.0481515289821999	0.0196257416704701	0.0159744408945687
dmel-FBgn0046225	0.159352517985612	0.018705035971223	0.00755395683453237	0.00467625899280575
dmel-FBgn0046247	0.0633876357560567	0.0875104427736006	0.0426065162907268	0.0260025062656642
dmel-FBgn0046253	0.0232419901325565	0.0989716459608868	0.000891636450098079	0
dmel-FBgn0046258	0.104509856872806	0.0648123143397246	0	0
dmel-FBgn0046294	0.358913025338636	0	0	0.00136289044029705
dmel-FBgn0046296	0.0163279485843321	0.0159805454229634	0.0267500434253952	0.00538474900121589
dmel-FBgn0046297	0.612371575342466	0	0	0
dmel-FBgn0046301	0.0811324741178956	0.0921191633213605	0.0357067399112613	0.0230297908303402
dmel-FBgn0046302	0.027174982892603	0	0.148239109852923	0
dmel-FBgn0046332	0.390419161676647	0	0	0
dmel-FBgn0046685	0.0875401225561715	0.0659468923256492	0.0443536620951269	0.0172162241027138
dmel-FBgn0046687	0.0431509364671318	0.0585751009915533	0.0258905618802791	0.0213000367242013
dmel-FBgn0046689	0.0509090909090909	0	0.316666666666667	0
dmel-FBgn0046692	0.128958412819535	0.128195345288058	0.101106447920641	0.129721480351011
dmel-FBgn0046696	0.191709844559585	0.130829015544042	0	0.181347150259068
dmel-FBgn0046697	0.625	0	0	0
dmel-FBgn0046698	0.577639751552795	0	0	0
dmel-FBgn0046704	0.0796057619408642	0.0502906242102602	0.0409401061410159	0.0192064695476371
dmel-FBgn0046706	0.168584579976985	0.178365937859608	0.0563866513233603	0.0805523590333718
dmel-FBgn0046763	0.0431042208083161	0.0208800071691012	0.00161304776413657	0.0552916928040148
dmel-FBgn0046776	0.286885245901639	0	0.14344262295082	0.0860655737704918
dmel-FBgn0046793	0.631284916201117	0	0	0
dmel-FBgn0046873	0.608414239482201	0	0	0
dmel-FBgn0046874	0	0	0	0
dmel-FBgn0046875	0.0956490471053579	0.0391945343401654	0	0
dmel-FBgn0046876	0.0186664273534955	0	0	0.147491698824374
dmel-FBgn0046878	0.00903225806451612	0	0	0.113978494623656
dmel-FBgn0046879	0	0.0791536050156739	0	0
dmel-FBgn0046880	0.0547231270358306	0.119218241042345	0	0
dmel-FBgn0047038	0.042100011513221	0.0493533407529646	0.0307786775146793	0.0208005526346088
dmel-FBgn0047095	0.14093137254902	0.291666666666667	0	0
dmel-FBgn0047114	0.050632911392405	0.0386779184247538	0.0396155649320206	0.0128926394749179
dmel-FBgn0047135	0.0396726984355849	0.0304880686323986	0.0138490375603778	0.116206473938433
dmel-FBgn0047178	0.0335643925574608	0.038672017511857	0.011127325793506	0
dmel-FBgn0047334	0	0	0.177902621722847	0
dmel-FBgn0047338	0.234479465138491	0	0	0
dmel-FBgn0047351	0.599528301886793	0	0	0
dmel-FBgn0050000	0.101198943304206	0.137980085348506	0.0648242227189596	0.156675472464946
dmel-FBgn0050001	0.200992555831266	0.104218362282878	0	0
dmel-FBgn0050005	0.102875399361022	0.121405750798722	0.0862619808306709	0.163578274760383
dmel-FBgn0050007	0.158694428812606	0.0579628587507034	0.0405177265053461	0.0236353404614519
dmel-FBgn0050008	0.0245085524636201	0.0191473066122032	0.00842481490936941	0.00587184069440899
dmel-FBgn0050009	0.472727272727273	0	0	0
dmel-FBgn0050010	0.0223616034905917	0.0436323970548132	0.0278156531224434	0.0610853558767385
dmel-FBgn0050011	0.0472171991159333	0.0339160136628491	0.0196905766526019	0.102792847096645
dmel-FBgn0050015	0.0711589278973197	0.0405813514533785	0.0305775764439411	0.00481313703284258
dmel-FBgn0050016	0.0152173913043478	0	0	0
dmel-FBgn0050020	0.0844277673545967	0.0723666577325115	0.0412757973733584	0.0206378986866792
dmel-FBgn0050021	0.0529935275080906	0.119336569579288	0.0121359223300971	0
dmel-FBgn0050022	0.0991262428442305	0.135583006929798	0.163000903886713	0.107863814401928
dmel-FBgn0050026	0	0.194174757281553	0	0.213592233009709
dmel-FBgn0050029	0.0848607657118295	0.320039298762703	0	0
dmel-FBgn0050035	0.0623443278738018	0.0938561400860442	0.00188693486300853	0.384557325081138
dmel-FBgn0050036	0.52	0	0	0
dmel-FBgn0050037	0.450354609929078	0	0	0
dmel-FBgn0050039	0.332787220970715	0	0	0
dmel-FBgn0050042	0	0.302681992337165	0	0
dmel-FBgn0050043	0.0149172605387124	0	0.0587027418770383	0
dmel-FBgn0050044	0.509803921568628	0	0	0
dmel-FBgn0050046	0.0317535098464147	0.0080090455102233	0.0206350701969283	0.165740130029209
dmel-FBgn0050047	0.0315153802604265	0	0.140403849782978	0
dmel-FBgn0050048	0.224890829694323	0	0	0
dmel-FBgn0050049	0.0297029702970297	0	0.124469589816124	0
dmel-FBgn0050051	0.0438397581254724	0.022108843537415	0.0187074829931973	0.0151171579743008
dmel-FBgn0050052	0.178733031674209	0.17737556561086	0.0276018099547511	0
dmel-FBgn0050054	0.121031746031746	0.128968253968254	0.14484126984127	0.103174603174603
dmel-FBgn0050055	0.155619596541787	0.230547550432277	0.0778097982708934	0.0518731988472623
dmel-FBgn0050056	0.61744966442953	0	0	0
dmel-FBgn0050058	0	0	0	0
dmel-FBgn0050065	0.314285714285714	0	0	0
dmel-FBgn0050069	0.02875664083443	0.0621435882438953	0.0164254033240727	0.00716479017400205
dmel-FBgn0050073	0	0	0	0
dmel-FBgn0050074	0.0881281864530226	0.396212672978878	0	0
dmel-FBgn0050075	0.0636998254799301	0	0	0
dmel-FBgn0050077	0.0446776104247757	0.0668471822643426	0.0517854120832628	0.0346928414283296
dmel-FBgn0050081	0.155988857938719	0.167130919220056	0.0612813370473537	0.064066852367688
dmel-FBgn0050082	0.56910569105691	0	0	0
dmel-FBgn0050083	0.0111096867922916	0	0	0.100884501986925
dmel-FBgn0050085	0.0906040268456376	0.0478187919463087	0.0276845637583893	0
dmel-FBgn0050087	0	0	0	0
dmel-FBgn0050088	0	0	0	0
dmel-FBgn0050089	0.0628230616302187	0.120477137176938	0.00278330019880715	0.00318091451292247
dmel-FBgn0050090	0.0302863436123348	0	0	0.0674559471365639
dmel-FBgn0050091	0.0433381088825215	0	0	0.301934097421204
dmel-FBgn0050093	0.376586741889986	0	0	0
dmel-FBgn0050094	0.121334681496461	0.0589821368385575	0.0357263228850691	0.0259521402089653
dmel-FBgn0050096	0.0842391304347827	0.0842391304347827	0.0652173913043478	0.0543478260869564
dmel-FBgn0050098	0	0	0	0.14441416893733
dmel-FBgn0050099	0.269299820466786	0	0	0.0736086175942551
dmel-FBgn0050100	0	0	0	0
dmel-FBgn0050103	0.380078636959371	0	0	0
dmel-FBgn0050104	0.0466984684910871	0.00853627918654278	0.0215917650012554	0.0494602058749686
dmel-FBgn0050105	0.0981543624161074	0.0973154362416108	0	0
dmel-FBgn0050106	0.178082191780822	0	0	0
dmel-FBgn0050108	0.0598270062469966	0.0290725612686208	0.0953868332532434	0.0367611725132148
dmel-FBgn0050109	0.0857142857142857	0.0448739495798319	0.0416806722689076	0.0371428571428571
dmel-FBgn0050110	0.188392007611798	0	0	0
dmel-FBgn0050115	0.0461131409852589	0.0418294065767924	0.117046743101928	0.00944941413632355
dmel-FBgn0050118	0.038434471932009	0.0827153142424079	0.0326963676717371	0.00747036215016511
dmel-FBgn0050120	0	0	0	0
dmel-FBgn0050122	0.0751617076326002	0.0673997412677878	0.0266494178525226	0.0172056921086675
dmel-FBgn0050145	0	0.456273764258555	0	0
dmel-FBgn0050147	0.0766726943942133	0.0893309222423145	0.00397830018083182	0
dmel-FBgn0050148	0.00346330018992291	0	0	0.00863963058131307
dmel-FBgn0050151	0.0229885057471265	0	0	0.0922920892494929
dmel-FBgn0050154	0.0445422346248791	0.0593538692712245	0	0.0308039068369647
dmel-FBgn0050156	0.316809541557957	0	0	0
dmel-FBgn0050157	0.0870848708487084	0.0324723247232473	0.044280442804428	0.0258302583025831
dmel-FBgn0050158	0.514285714285714	0	0	0
dmel-FBgn0050159	0.0518469981161438	0.0488164468834467	0.0276025882545662	0.0145794086329757
dmel-FBgn0050161	0.286353467561521	0	0	0
dmel-FBgn0050163	0.0625572316738157	0.0410622198660176	0	0
dmel-FBgn0050169	0.0713860797144557	0.123140987507436	0.05116002379536	0.0374776918500892
dmel-FBgn0050172	0.122564935064935	0	0	0
dmel-FBgn0050177	0.491023339317773	0	0	0
dmel-FBgn0050178	0.426439232409382	0	0	0
dmel-FBgn0050181	0.0426997245179062	0	0	0.0977961432506888
dmel-FBgn0050183	0.152330925804333	0.0380827314510833	0.0164149704530532	0.0223243598161523
dmel-FBgn0050184	0.318471337579618	0	0	0
dmel-FBgn0050185	0.0310757513939888	0.0526315789473684	0.0337277301781585	0.00890792873657011
dmel-FBgn0050187	0.0383502170767004	0.0188133140376266	0	0.066931982633864
dmel-FBgn0050192	0.363255033557046	0	0	0
dmel-FBgn0050195	0	0.0905292479108638	0	0
dmel-FBgn0050196	0.0273487531078129	0.110600467113689	0	0.0274240940254652
dmel-FBgn0050197	0.0203817733990148	0.106881157635468	0	0.00187807881773399
dmel-FBgn0050203	0.0545454545454545	0.0303030303030303	0	0.0686868686868685
dmel-FBgn0050222	0.398203592814371	0	0	0
dmel-FBgn0050263	0.428571428571428	0	0	0
dmel-FBgn0050268	0.364224137931034	0	0	0
dmel-FBgn0050269	0	0	0	0
dmel-FBgn0050271	0.436730123180291	0	0	0
dmel-FBgn0050272	0.0995370370370372	0	0.604166666666667	0
dmel-FBgn0050273	0	0	0	0
dmel-FBgn0050275	0.476404494382022	0	0	0
dmel-FBgn0050277	0.402247191011236	0	0	0
dmel-FBgn0050278	0.335740072202166	0	0	0
dmel-FBgn0050280	0	0	0	0
dmel-FBgn0050281	0	0	0	0
dmel-FBgn0050284	0.310846560846561	0	0.0502645502645504	0.0277777777777778
dmel-FBgn0050285	0.0208020587604546	0.0289513188934163	0	0
dmel-FBgn0050286	0	0	0	0
dmel-FBgn0050287	0	0	0	0.464480874316939
dmel-FBgn0050288	0.064066852367688	0	0	0.46564531104921
dmel-FBgn0050289	0.0516129032258065	0	0	0.453763440860215
dmel-FBgn0050290	0	0	0	0
dmel-FBgn0050291	0.0552475247524753	0.0752475247524752	0.0441584158415843	0.0416831683168316
dmel-FBgn0050293	0.255714285714286	0	0	0
dmel-FBgn0050295	0.0599909788001803	0.0622462787550744	0.0166892196662156	0.0121786197564276
dmel-FBgn0050296	0.0362515182659066	0.137624964963094	0.00121461272540409	0
dmel-FBgn0050323	0.0284683239775461	0	0	0
dmel-FBgn0050324	0.368948247078464	0	0	0
dmel-FBgn0050325	0.317948717948718	0	0	0
dmel-FBgn0050334	0.512265512265512	0	0.0678210678210681	0
dmel-FBgn0050338	0.100103199174407	0.0722394220846232	0.0526315789473684	0
dmel-FBgn0050339	0.0130879132339139	0	0.0605902596725414	0
dmel-FBgn0050340	0.0454545454545455	0	0.112121212121212	0
dmel-FBgn0050342	0.0544564552314909	0.10177442382215	0.033856822353661	0.0226392004894962
dmel-FBgn0050344	0.0135950613858639	0.0102829992370119	0.0509988208365124	0.00922522022612192
dmel-FBgn0050345	0.0258042633130692	0.0248127951574608	0.12283768622642	0.0257520807785634
dmel-FBgn0050349	0.0659109991603696	0.070738874895046	0.0310663308144416	0.0163727959697733
dmel-FBgn0050350	0.608885651857247	0	0	0
dmel-FBgn0050354	0.613821138211383	0	0	0
dmel-FBgn0050355	0.295487627365357	0	0	0
dmel-FBgn0050356	0.614634146341463	0	0	0
dmel-FBgn0050357	0.33378196500673	0.0255720053835801	0.122476446837147	0.0565275908479139
dmel-FBgn0050359	0.0329542971681533	0.0135180065927594	0.000151994452202495	0.199815706726704
dmel-FBgn0050360	0.0482180293501049	0.000812903777863347	0.189363795832798	0.186668378043041
dmel-FBgn0050361	0.157894736842105	0	0.0751879699248119	0
dmel-FBgn0050362	0.59634225996081	0	0	0
dmel-FBgn0050363	0	0	0	0
dmel-FBgn0050364	0	0	0	0
dmel-FBgn0050365	0	0	0	0
dmel-FBgn0050366	0	0	0	0
dmel-FBgn0050369	0.341659232827833	0	0	0
dmel-FBgn0050371	0.204652996845426	0	0	0
dmel-FBgn0050372	0.0619990926962046	0.059882050506578	0.0731891728413729	0.0161802510207168
dmel-FBgn0050373	0.0408913393062256	0.0852285779921896	0.038364346427751	0.0339995405467494
dmel-FBgn0050375	0.421052631578948	0	0	0
dmel-FBgn0050376	0.372974836263357	0	0	0.00183844651269677
dmel-FBgn0050377	0.0552486187845303	0.116022099447514	0	0
dmel-FBgn0050378	0.351778656126482	0	0	0
dmel-FBgn0050379	0	0	0	0
dmel-FBgn0050380	0.0363710666121782	0.220678381691868	0	0
dmel-FBgn0050381	0.057200538358008	0.0511440107671601	0.0269179004037684	0
dmel-FBgn0050383	0.477611940298508	0	0	0
dmel-FBgn0050384	0.375968992248062	0	0	0
dmel-FBgn0050385	0.258278145695364	0	0	0
dmel-FBgn0050389	0.080686381891201	0.0945600584154803	0.0200803212851406	0.0136911281489595
dmel-FBgn0050390	0.0457902511078287	0.0682422451994091	0.0587887740029542	0.013589364844904
dmel-FBgn0050391	0.598337950138504	0	0	0
dmel-FBgn0050392	0.0437462499318169	0.034691539846179	0.124147711776578	0.00921834942453499
dmel-FBgn0050393	0.595290251916758	0	0	0
dmel-FBgn0050394	0.0709372312983663	0.0696474634565779	0.0552450558899399	0.0182717110920034
dmel-FBgn0050395	0.541666666666666	0	0	0
dmel-FBgn0050398	0.315614617940199	0	0	0
dmel-FBgn0050401	0.436842105263158	0	0	0
dmel-FBgn0050403	0.0655987795575897	0.0717009916094584	0	0.041952707856598
dmel-FBgn0050404	0.0555189817862628	0.053214834320825	0.0374698266403336	0.0234254992319508
dmel-FBgn0050409	0.493055555555556	0	0	0
dmel-FBgn0050410	0.0702118820108018	0.0432073120066473	0.0156488021049716	0.0185569865669575
dmel-FBgn0050411	0.103723922791967	0	0.0520569311756678	0
dmel-FBgn0050412	0.399519230769231	0	0	0
dmel-FBgn0050413	0	0	0.601769911504425	0
dmel-FBgn0050414	0.016758560650029	0.00442542077771329	0.00268427161926871	0.0762478235635519
dmel-FBgn0050416	0.395770392749245	0	0	0
dmel-FBgn0050417	0.480701754385965	0	0	0
dmel-FBgn0050418	0.168067226890756	0.0714285714285712	0	0
dmel-FBgn0050419	0.477611940298508	0	0	0
dmel-FBgn0050421	0.073011260443153	0.0479476934253542	0.0359607700690156	0.0326916091536506
dmel-FBgn0050423	0.104566022213081	0.121225832990539	0.16524064171123	0.0866721513780337
dmel-FBgn0050424	0.0195466268494638	0.00420795439120401	0.0433012080901315	0.0599972851907152
dmel-FBgn0050428	0.0367673825991991	0.0373741050843345	0.0300934352627108	0.0412571289892002
dmel-FBgn0050429	0.587677725118483	0	0	0
dmel-FBgn0050430	0.614962071671462	0	0	0
dmel-FBgn0050431	0.0834374219335496	0	0	0.0609542842867849
dmel-FBgn0050432	0.55226480836237	0	0	0
dmel-FBgn0050438	0.0291393720352383	0.119042240795121	0.00225886604924328	0
dmel-FBgn0050440	0.0769230769230769	0.178347578347579	0	0
dmel-FBgn0050443	0.040811339198436	0.0835777126099706	0.0378787878787879	0.0185728250244379
dmel-FBgn0050446	0	0	0	0
dmel-FBgn0050447	0.35	0	0	0
dmel-FBgn0050456	0.036413527143281	0.0404924354790863	0.085953722930881	0.00548798576090182
dmel-FBgn0050457	0.700598802395209	0	0	0
dmel-FBgn0050458	0	0.427007299270073	0	0
dmel-FBgn0050460	0.15625	0.0671977124183008	0.0161356209150327	0.0232843137254902
dmel-FBgn0050462	0	0	0	0
dmel-FBgn0050463	0.0467883805159287	0.0164831103555325	0.0580235050631976	0.000665237637667233
dmel-FBgn0050466	0.131067961165049	0.0271844660194175	0.0194174757281553	0.0466019417475728
dmel-FBgn0050467	0.0619502868068834	0.0386233269598471	0.0263862332695985	0.00994263862332696
dmel-FBgn0050471	0.0863309352517986	0.39568345323741	0	0
dmel-FBgn0050472	0.228144989339019	0	0	0
dmel-FBgn0050476	0.0634362862955426	0.048085814684668	0.0430922877751064	0.0308858886628445
dmel-FBgn0050481	0	0	0	0
dmel-FBgn0050484	0.6	0	0	0
dmel-FBgn0050485	0.506024096385542	0	0	0
dmel-FBgn0050486	0	0	0	0
dmel-FBgn0050487	0.342234089897641	0	0	0
dmel-FBgn0050488	0	0	0	0
dmel-FBgn0050489	0.0465686274509804	0	0.227941176470588	0.308823529411765
dmel-FBgn0050491	0.0805054996489588	0.0322958109056869	0.0156798502223262	0.0159138778375849
dmel-FBgn0050493	0.0760184796304074	0.0722385552288954	0.0537589248215036	0.0239395212095758
dmel-FBgn0050495	0.0303699613473219	0.0138045278851463	0.075096631695196	0
dmel-FBgn0050496	0.139936102236422	0.0619808306709265	0.0242811501597445	0.0172523961661342
dmel-FBgn0050497	0	0	0	0
dmel-FBgn0050499	0.0573941821982234	0.0532137258317367	0.0307437728618708	0.0283051733147534
dmel-FBgn0050502	0.0189909297052154	0	0.0354308390022676	0
dmel-FBgn0050503	0	0	0	0
dmel-FBgn0051004	0.0270128757407716	0	0.0934383701834974	0
dmel-FBgn0051005	0.085814360770578	0.0656742556917688	0.0201401050788091	0.0140105078809107
dmel-FBgn0051007	0.430857142857143	0	0	0
dmel-FBgn0051008	0.287088607594936	0	0	0
dmel-FBgn0051010	0.360967184801381	0	0	0
dmel-FBgn0051013	0.1640625	0	0.01796875	0
dmel-FBgn0051014	0.0741525423728813	0	0	0
dmel-FBgn0051015	0.036753654870884	0	0.168329006694904	0
dmel-FBgn0051019	0.0918181818181819	0.214545454545455	0.0718181818181817	0
dmel-FBgn0051025	0.398159661775677	0	0	0.00161651330514797
dmel-FBgn0051028	0.0499826449149601	0.123568205484207	0	0
dmel-FBgn0051029	0.382195556996919	0	0	0.00227014755959138
dmel-FBgn0051030	0.13126709206928	0.04102096627165	0	0
dmel-FBgn0051032	0.325174825174825	0.164335664335665	0	0
dmel-FBgn0051036	0.0902255639097745	0.157894736842105	0	0
dmel-FBgn0051038	0.045033844453654	0.127641939494405	0.0132615002072109	0.000690703135792238
dmel-FBgn0051040	0.0707525912573233	0.0687246507435784	0.0337990085624155	0.0191527715187021
dmel-FBgn0051041	0	0	0.591836734693877	0
dmel-FBgn0051044	0.0849673202614379	0.0784313725490196	0.0653594771241829	0.254901960784314
dmel-FBgn0051050	0.368176538908247	0	0	0
dmel-FBgn0051051	0.173758865248227	0	0	0
dmel-FBgn0051053	0.3046875	0	0.197916666666666	0
dmel-FBgn0051055	0.294976635514018	0	0	0
dmel-FBgn0051064	0.149238578680203	0.137055837563452	0.106598984771574	0.101522842639594
dmel-FBgn0051068	0.306980056980057	0.0135327635327635	0.0121082621082621	0.0185185185185185
dmel-FBgn0051072	0.0378062595792888	0.00850751904751326	0.208145449699016	0
dmel-FBgn0051075	0.0253439006731673	0.0239190042669871	0.00197559961181201	0.238254232327433
dmel-FBgn0051076	0.0372977729641914	0.00284302443647194	0.0377716103702701	0.128297118617297
dmel-FBgn0051087	0.0233083768893912	0	0.0714790224607998	0
dmel-FBgn0051088	0.363157894736842	0	0	0
dmel-FBgn0051089	0	0	0	0
dmel-FBgn0051091	0	0	0	0
dmel-FBgn0051092	0.238297872340426	0.164893617021277	0.0989361702127659	0.00531914893617022
dmel-FBgn0051093	0.335054207537429	0	0	0
dmel-FBgn0051097	0.291338582677165	0.188976377952756	0	0
dmel-FBgn0051098	0.0364551555826724	0.0620805369127518	0.0378279438682123	0.00838926174496642
dmel-FBgn0051099	0.625954198473283	0	0	0
dmel-FBgn0051100	0.048273076146233	0.0454453645728135	0	0.206557597791692
dmel-FBgn0051102	0.0441916837590901	0.124557150848406	0.0786873018832742	0.0463360059668097
dmel-FBgn0051103	0.0240178982693954	0.098835296440087	0	0
dmel-FBgn0051104	0.0325704225352111	0	0.588028169014085	0
dmel-FBgn0051106	0.580152671755725	0	0	0
dmel-FBgn0051108	0.151582454192115	0.0405330372015547	0.0347029428095503	0.0327595780122154
dmel-FBgn0051109	0.0635864592863678	0.0413998170173833	0.0192131747483989	0.0146386093321134
dmel-FBgn0051111	0.0518433179723502	0.0449308755760369	0	0.0288018433179724
dmel-FBgn0051115	0.307899461400358	0.0377019748653501	0.0332136445242369	0.0314183123877919
dmel-FBgn0051116	0.0440703612634765	0.050501229430679	0.0501229430679024	0.0673349725742389
dmel-FBgn0051118	0.0704554301284546	0.0809653561697158	0.0482678084857921	0.021409108602569
dmel-FBgn0051121	0.0638904734740445	0.151739874500856	0.00304240349876402	0.00228180262407302
dmel-FBgn0051122	0.0682751540041067	0.0515913757700205	0.0372176591375769	0.0110369609856262
dmel-FBgn0051125	0.242201834862385	0.0568807339449539	0	0
dmel-FBgn0051126	0.0590219224283305	0.0501084076126234	0.0327631895928691	0.0149361599614551
dmel-FBgn0051128	0.396728016359918	0	0	0
dmel-FBgn0051133	0.0711043872919818	0.100605143721634	0.0416036308623297	0.0264750378214827
dmel-FBgn0051139	0.432	0	0	0
dmel-FBgn0051140	0.105719237435009	0.111785095320624	0.0190641247833623	0
dmel-FBgn0051141	0.4	0	0	0
dmel-FBgn0051145	0.0361024129673973	0.0130779149014552	0.0482593479462148	0.064836986553693
dmel-FBgn0051146	0.0448398576512455	0.172241992882562	0.00569395017793595	0
dmel-FBgn0051148	0.0234041109829727	0	0.14937928227393	0
dmel-FBgn0051151	0.0654049962149887	0.0676760030280092	0.0449659348978047	0.0174110522331567
dmel-FBgn0051155	0.0742820125242929	0.0628374001295616	0.0347657093500324	0.0282876268624487
dmel-FBgn0051156	0.0865306122448979	0.053061224489796	0.0310204081632654	0.0195918367346939
dmel-FBgn0051157	0.0373831775700934	0.266542056074767	0	0
dmel-FBgn0051158	0.0816077953714984	0.0560292326431182	0.0219244823386115	0.0260657734470159
dmel-FBgn0051159	0.0831024930747922	0.0373961218836565	0.0277008310249308	0.0207756232686981
dmel-FBgn0051161	0.384411452810181	0	0	0
dmel-FBgn0051163	0.122027534418023	0.0506883604505632	0	0
dmel-FBgn0051174	0.232902033271719	0	0	0
dmel-FBgn0051176	0.0396494156928214	0.108931552587646	0	0
dmel-FBgn0051183	0.0346571749718996	0.122705133008617	0.0502060696890221	0
dmel-FBgn0051184	0.148460774577954	0.20754716981132	0.0799404170804369	0.0541211519364448
dmel-FBgn0051191	0.5	0	0	0
dmel-FBgn0051195	0.0755134281200632	0.075618746708794	0.0123222748815166	0.0221169036334913
dmel-FBgn0051198	0.0368256648374841	0	0.110071760236386	0
dmel-FBgn0051199	0.527272727272727	0	0	0
dmel-FBgn0051201	0.03382949932341	0.125845737483085	0	0
dmel-FBgn0051204	0.394696583375829	0	0	0
dmel-FBgn0051206	0.323187108325873	0	0	0
dmel-FBgn0051211	0.0753741283397321	0.0752957768549713	0.028206534513829	0.0185693018882708
dmel-FBgn0051213	0.435051546391753	0	0	0
dmel-FBgn0051216	0.0578034682080925	0.0558766859344894	0	0
dmel-FBgn0051217	0.0338330064443822	0.047352199495657	0	0.0597506304286914
dmel-FBgn0051221	0.0652346857597454	0.0381861575178998	0	0
dmel-FBgn0051223	0.0676486633933442	0.116748499727223	0.0545553737043098	0.0409165302782324
dmel-FBgn0051224	0.0696327497696458	0.0671317625378439	0.0296169540608135	0.0285639068053179
dmel-FBgn0051226	0.340031789282471	0	0	0.00283832879200727
dmel-FBgn0051229	0.0569395017793594	0.0423487544483986	0.0192170818505338	0
dmel-FBgn0051230	0.613636363636364	0	0	0
dmel-FBgn0051231	0.433412887828162	0	0	0.00286396181384248
dmel-FBgn0051233	0.0152125757292695	0	0.107075182150578	0
dmel-FBgn0051235	0.128342245989305	0	0	0
dmel-FBgn0051244	0.447595561035759	0	0	0
dmel-FBgn0051245	0.392234548335975	0	0	0
dmel-FBgn0051248	0	0	0.0941176470588238	0
dmel-FBgn0051249	0.0817366490012232	0.0727680391357521	0.0232368528332654	0.0185487158581329
dmel-FBgn0051251	0.0425321463897133	0.0301681503461919	0	0
dmel-FBgn0051259	0.155635062611807	0	0.425760286225402	0
dmel-FBgn0051262	0.139423076923077	0.310096153846154	0	0
dmel-FBgn0051265	0	0	0.0691713994466286	0
dmel-FBgn0051266	0.0259452936444087	0	0.137469831053902	0
dmel-FBgn0051267	0.0225900681596884	0	0.160077896786758	0
dmel-FBgn0051269	0	0	0.224669603524229	0
dmel-FBgn0051272	0.189075630252101	0	0	0
dmel-FBgn0051274	0	0	0	0.392156862745099
dmel-FBgn0051278	0.0560690080098582	0.0794824399260629	0.0375847196549599	0.0258780036968577
dmel-FBgn0051279	0.354929577464789	0	0	0
dmel-FBgn0051281	0.419249945805333	0	0	0.00195100802081075
dmel-FBgn0051286	0.226203807390817	0	0	0
dmel-FBgn0051287	0.319934818033677	0	0	0
dmel-FBgn0051288	0.0146955913226032	0	0.066246792628878	0.00676463727548402
dmel-FBgn0051294	0.4668911335578	0	0	0
dmel-FBgn0051296	0	0	0	0
dmel-FBgn0051301	0.0650865774284663	0.082033648532482	0.0384379221417167	0.0241925580252978
dmel-FBgn0051313	0.118157625383828	0.0525281473899693	0.00245649948822927	0.367737973387922
dmel-FBgn0051320	0.199492385786802	0.0137055837563452	0.0111675126903553	0.00304568527918782
dmel-FBgn0051321	0.0511403881569626	0.172120696982575	0	0
dmel-FBgn0051323	0.0182965299684542	0.0353312302839116	0.0189274447949527	0.00788643533123028
dmel-FBgn0051324	0.046423658872077	0.0546767537826685	0.0130674002751032	0.0103163686382393
dmel-FBgn0051326	0	0	0	0.267605633802817
dmel-FBgn0051327	0.570433436532508	0	0	0.00309597523219813
dmel-FBgn0051337	0.0473495566874175	0.0382946613846444	0	0
dmel-FBgn0051342	0.0729772607086198	0.0791468358893004	0.0204477348845408	0.00246783007227217
dmel-FBgn0051343	0.00546110958778904	0	0.0373594735398957	0
dmel-FBgn0051344	0.0487323943661971	0.0725352112676058	0.00985915492957745	0.0874647887323944
dmel-FBgn0051345	0	0	0	0
dmel-FBgn0051347	0.346242774566474	0.023699421965318	0	0
dmel-FBgn0051352	0.174033149171271	0.197790055248618	0.131491712707182	0.0370165745856353
dmel-FBgn0051357	0.0329812150470819	0.0819272501314469	0.0613259404426175	0.0153912336886382
dmel-FBgn0051360	0.0436725281060824	0.0307004900547708	0.0138368405880657	0.0232055347362352
dmel-FBgn0051361	0.408317580340265	0.00693131695022055	0.00945179584120983	0.00189035916824197
dmel-FBgn0051363	0.103820516989107	0.0296211998049098	0.011477808486425	0.00247114290359291
dmel-FBgn0051365	0.0642340168878166	0.0663449939686369	0.0361881785283474	0.0168878166465622
dmel-FBgn0051368	0.08383874420264	0.0592222618622904	0.0256867641812344	0.0164109882268997
dmel-FBgn0051370	0.0755189692197565	0.0841088045812454	0.0601288475304223	0.195060844667144
dmel-FBgn0051373	0.125	0.0246212121212121	0.0467171717171718	0
dmel-FBgn0051374	0.0170055802515842	0.101655159368202	0.0019483590277121	0.000245909391847158
dmel-FBgn0051380	0.148751357220413	0	0.159609120521173	0.0314875135722041
dmel-FBgn0051388	0.0543224299065421	0.0706775700934579	0.0233644859813084	0.00992990654205608
dmel-FBgn0051390	0.0451120162932791	0.0610997963340122	0.0297352342158859	0.019755600814664
dmel-FBgn0051391	0.625811688311688	0	0	0
dmel-FBgn0051404	0.321266968325792	0	0	0
dmel-FBgn0051406	0.228613569321534	0	0	0
dmel-FBgn0051407	0.353888452474469	0	0	0
dmel-FBgn0051410	0	0	0	0
dmel-FBgn0051414	0.0125303908733869	0	0.00243126987095567	0.048251355900505
dmel-FBgn0051415	0.394134897360704	0	0	0
dmel-FBgn0051431	0.0242435996896819	0.00504266873545384	0.0832040341349884	0.00387897595034911
dmel-FBgn0051436	0.0571360267750419	0.0626344728663639	0.0970595266555102	0.216351900549845
dmel-FBgn0051439	0.140222140689103	0	0	0
dmel-FBgn0051441	0.0894901144641	0.124869927159209	0.0749219562955255	0.0499479708636837
dmel-FBgn0051445	0.310204081632653	0	0	0
dmel-FBgn0051446	0.0163613319506856	0	0.0914851941467913	0
dmel-FBgn0051450	0.103668639053254	0.0655621301775148	0.0324260355029586	0.0208284023668639
dmel-FBgn0051451	0.189897698209719	0.278132992327366	0.0313299232736572	0
dmel-FBgn0051453	0.0560660540684511	0.0241044080436809	0.0282327873218804	0.00772406445598614
dmel-FBgn0051454	0.0923787528868358	0	0.25635103926097	0.166281755196305
dmel-FBgn0051457	0.0732538330494038	0.077228847245883	0.0721181147075525	0.0227143668370244
dmel-FBgn0051459	0.595575221238938	0	0	0
dmel-FBgn0051460	0.00983519404572033	0	0	0
dmel-FBgn0051463	0.0331667423898228	0	0.114947751022263	0
dmel-FBgn0051464	0.00867976244860667	0	0	0
dmel-FBgn0051465	0	0	0	0
dmel-FBgn0051467	0.563829787234043	0.0531914893617021	0	0
dmel-FBgn0051469	0.0475352112676056	0.0642605633802816	0.0492957746478874	0
dmel-FBgn0051472	0.038544531415274	0.0871165644171779	0.022128199703829	0.0123968690501375
dmel-FBgn0051473	0.327412192167945	0.0294711344368187	0	0
dmel-FBgn0051475	0.0660831509846826	0.170240700218819	0	0
dmel-FBgn0051477	0.14360119047619	0	0	0
dmel-FBgn0051481	0.132231404958678	0.0743801652892562	0	0
dmel-FBgn0051482	0.349836779107726	0	0	0
dmel-FBgn0051495	0.063625450180072	0.0558223289315726	0.0552220888355343	0.0498199279711885
dmel-FBgn0051496	0.130201342281879	0	0	0
dmel-FBgn0051501	0.365695792880259	0	0	0
dmel-FBgn0051510	0.0999600159936025	0.0583766493402639	0.0355857656937225	0.0287884846061575
dmel-FBgn0051516	0.487804878048781	0	0	0
dmel-FBgn0051522	0.0701833314587786	0.177932740974019	0.0251940164211	0.142166235519064
dmel-FBgn0051523	0.0442477876106195	0.0587210962032544	0.0490436768484157	0.0172138167285184
dmel-FBgn0051525	0.419736842105262	0	0	0
dmel-FBgn0051528	0.40160472972973	0	0	0
dmel-FBgn0051533	0.617560975609756	0	0	0
dmel-FBgn0051538	0.3342620601815	0.00167170832669957	0.00111447221779971	0.00143289285145677
dmel-FBgn0051542	0	0	0	0
dmel-FBgn0051544	0	0	0	0
dmel-FBgn0051546	0.46168108776267	0	0	0
dmel-FBgn0051547	0.173117822203318	0.294342832837091	0.0374308804763929	0.00510421097405359
dmel-FBgn0051548	0.0572418738049714	0.0703871892925429	0.0574808795411088	0.0475621414913959
dmel-FBgn0051549	0.164754620777565	0.169534735500318	0.0965583173996176	0.0971956660293184
dmel-FBgn0051550	0.0680324109463383	0.0976914844824951	0.0376089282984253	0.0249197370432655
dmel-FBgn0051551	0.253424657534246	0	0	0
dmel-FBgn0051559	0.447368421052632	0	0	0
dmel-FBgn0051600	0.456375838926174	0	0	0
dmel-FBgn0051601	0.367260390161153	0	0	0
dmel-FBgn0051609	0.25979381443299	0	0	0
dmel-FBgn0051612	0.0736196319018405	0.0828220858895705	0.0306748466257668	0.0306748466257668
dmel-FBgn0051619	0.159246575342466	0.0154109589041096	0	0
dmel-FBgn0051624	0.570281124497992	0	0	0
dmel-FBgn0051627	0.527167630057804	0	0	0
dmel-FBgn0051632	0.0373983739837399	0.0227642276422765	0.129674796747967	0
dmel-FBgn0051633	0.0496818404307391	0.0325501713166911	0.039647577092511	0.0208027410670582
dmel-FBgn0051634	0.150943396226415	0.497641509433962	0	0
dmel-FBgn0051635	0.060582968184416	0.0474376071632692	0.0409601828919794	0.0268622594779958
dmel-FBgn0051636	0.0181599035757332	0	0.0184009642426677	0.130815588589795
dmel-FBgn0051637	0.0847371107708017	0.0926493108728943	0.0408371618172537	0.0237366003062787
dmel-FBgn0051638	0.0784261948772115	0.0604700290467388	0.0454185371006073	0.0087140216530235
dmel-FBgn0051639	0.60613703236654	0	0	0
dmel-FBgn0051642	0.444168734491315	0	0	0
dmel-FBgn0051643	0.0677966101694916	0.091264667535854	0.0782268578878748	0.014993481095176
dmel-FBgn0051644	0.357347670250896	0	0	0
dmel-FBgn0051646	0.15929203539823	0	0	0
dmel-FBgn0051648	0.132196162046908	0.189765458422175	0.0884861407249468	0.0746268656716417
dmel-FBgn0051658	0.234265734265734	0.20979020979021	0	0
dmel-FBgn0051660	0.129943502824858	0	0	0
dmel-FBgn0051661	0	0	0	0
dmel-FBgn0051663	0.0932069510268562	0.0173775671406003	0.0181674565560822	0
dmel-FBgn0051665	0.1875	0	0	0
dmel-FBgn0051673	0.126877106956788	0.193686791296353	0.0711002145265093	0.126264174072939
dmel-FBgn0051674	0.047337278106509	0	0.0857988165680472	0.0458579881656803
dmel-FBgn0051675	0.0194146624166908	0.125181106925529	0	0
dmel-FBgn0051676	0.132007732670533	0.0905827119580224	0.00773267053300193	0
dmel-FBgn0051677	0.688235294117647	0	0	0
dmel-FBgn0051678	0.113860302167725	0.0341580906503175	0.0247427195095249	0.0240858331508649
dmel-FBgn0051679	0.305956112852665	0	0	0
dmel-FBgn0051682	0.462307692307692	0	0	0
dmel-FBgn0051687	0	0.325581395348837	0.13953488372093	0
dmel-FBgn0051690	0.112676056338028	0	0.108651911468813	0
dmel-FBgn0051693	0.471788715486194	0	0	0
dmel-FBgn0051694	0.0466964067736423	0.0573939676409881	0.0488492354129214	0.0316044121890051
dmel-FBgn0051697	0.649800266311585	0	0	0
dmel-FBgn0051698	0.104309467254835	0	0	0
dmel-FBgn0051703	0.529411764705883	0	0	0
dmel-FBgn0051706	0.0999999999999999	0	0	0
dmel-FBgn0051709	0.274226110363392	0	0	0.0019066846119336
dmel-FBgn0051710	0.0166862687444869	0.0463099088503381	0.00742428697441929	0.00139664804469274
dmel-FBgn0051712	0.0422903885480572	0.0280572597137014	0.00703476482617588	0.00597137014314928
dmel-FBgn0051713	0	0	0	0
dmel-FBgn0051715	0.0355867742936976	0.0702809686432785	0.0299984476870537	0.025380316671841
dmel-FBgn0051716	0.124762025637771	0.201929178829801	0.0929051910140881	0.0593984008122858
dmel-FBgn0051717	0.026069288518493	0.0346442592465046	0.0866106481162614	0.0306839314002342
dmel-FBgn0051718	0	0	0	0
dmel-FBgn0051719	0.0931034482758621	0.089655172413793	0	0
dmel-FBgn0051720	0.0286077558804832	0	0.140495867768595	0.020979020979021
dmel-FBgn0051721	0.0872549019607844	0.0264705882352941	0.149019607843137	0
dmel-FBgn0051728	0.0673579970104633	0.0651158445440956	0.0538116591928251	0.0023355754857997
dmel-FBgn0051729	0.043676820677258	0.0428508963707914	0.0445513287664578	0.0376524316183258
dmel-FBgn0051730	0.613186813186813	0	0	0
dmel-FBgn0051735	0.388767323121809	0	0	0
dmel-FBgn0051739	0.0780566801619435	0.0510121457489878	0.0218623481781376	0.0176518218623482
dmel-FBgn0051740	0.309876728053102	0	0	0.00229575285721415
dmel-FBgn0051741	0.00494284831634231	0	0.0651838121717641	0
dmel-FBgn0051742	0.372697724810401	0	0	0
dmel-FBgn0051752	0.382426778242677	0	0	0
dmel-FBgn0051755	0.17741935483871	0	0	0
dmel-FBgn0051759	0.342424242424243	0.1	0.0393939393939394	0
dmel-FBgn0051760	0.170418006430868	0	0	0
dmel-FBgn0051769	0.0933706816059758	0	0	0.466386554621849
dmel-FBgn0051773	0.429756637168142	0	0	0
dmel-FBgn0051774	0.145161290322581	0	0	0
dmel-FBgn0051776	0.306306306306306	0	0	0
dmel-FBgn0051777	0.086643779630538	0.0482262547000164	0	0.208598986431257
dmel-FBgn0051778	0.0143520776531355	0.00186297163965491	0	0.0747267508335399
dmel-FBgn0051779	0	0	0	0.578947368421052
dmel-FBgn0051781	0.0847195357833656	0.402707930367505	0.011605415860735	0
dmel-FBgn0051784	0.398021308980213	0	0	0
dmel-FBgn0051787	0.399869960988296	0	0	0
dmel-FBgn0051788	0.360572012257405	0	0	0
dmel-FBgn0051789	0.0235022295477624	0	0.193492369501552	0
dmel-FBgn0051792	0.403174603174603	0	0.228571428571429	0
dmel-FBgn0051793	0.138968481375358	0.0773638968481376	0.153295128939828	0.146131805157593
dmel-FBgn0051797	0.358649789029536	0	0	0
dmel-FBgn0051798	0.365269461077845	0	0	0
dmel-FBgn0051800	0.0514544121241749	0.0699095575653876	0.0383769249572233	0.0333659252016622
dmel-FBgn0051802	0.392424242424243	0	0	0
dmel-FBgn0051803	0.404624277456647	0.0224791265253693	0	0
dmel-FBgn0051804	0.211055276381909	0	0	0
dmel-FBgn0051805	0.405572755417957	0	0	0
dmel-FBgn0051806	0.594707520891364	0	0	0
dmel-FBgn0051807	0.275	0	0	0
dmel-FBgn0051810	0.129032258064516	0.434634974533107	0	0
dmel-FBgn0051812	0.0246085011185682	0.0260999254287846	0.0178970917225951	0
dmel-FBgn0051814	0.162790697674419	0	0	0
dmel-FBgn0051815	0.627118644067796	0	0	0
dmel-FBgn0051816	0.344141488577746	0	0	0
dmel-FBgn0051820	0.344888640387663	0	0	0
dmel-FBgn0051821	0.0113343162550682	0	0.0353851824548471	0
dmel-FBgn0051823	0.0344827586206896	0	0.0753512132822479	0
dmel-FBgn0051826	0.329457364341085	0	0	0
dmel-FBgn0051848	0.304065040650406	0	0	0
dmel-FBgn0051849	0.104208416833667	0.188376753507014	0.0240480961923848	0
dmel-FBgn0051851	0.363945578231292	0	0	0
dmel-FBgn0051852	0.0879582912882609	0.0978809283551969	0.0375042045072318	0.0264043054154053
dmel-FBgn0051855	0.0382690302398331	0.0470281543274243	0.0280500521376434	0.013451511991658
dmel-FBgn0051858	0.292170591979631	0	0	0
dmel-FBgn0051860	0.583143507972665	0	0	0
dmel-FBgn0051861	0.583975346687211	0	0	0
dmel-FBgn0051866	0	0.285714285714286	0.182857142857143	0
dmel-FBgn0051867	0.665966386554623	0	0	0
dmel-FBgn0051869	0.0847750865051902	0.060553633217993	0	0
dmel-FBgn0051870	0.608196721311476	0	0	0
dmel-FBgn0051871	0	0	0	0
dmel-FBgn0051874	0.633121019108281	0	0	0
dmel-FBgn0051875	0.279591836734694	0.104081632653061	0.140816326530612	0
dmel-FBgn0051882	0.298722044728434	0	0	0
dmel-FBgn0051897	0.178343949044586	0.0636942675159235	0	0.0445859872611464
dmel-FBgn0051898	0	0	0	0
dmel-FBgn0051901	0.0139449574278701	0	0.126844267822303	0
dmel-FBgn0051907	0.405185185185185	0	0	0.00246913580246913
dmel-FBgn0051908	0.0616935225011234	0.0673428773191244	0.038967708801438	0.0301084932913911
dmel-FBgn0051909	0.542564102564102	0	0	0
dmel-FBgn0051910	0.413201320132013	0	0	0
dmel-FBgn0051913	0.623924941360438	0	0	0
dmel-FBgn0051915	0.105793450881612	0.059823677581864	0.0270780856423173	0.320528967254408
dmel-FBgn0051921	0.609850939727803	0	0	0
dmel-FBgn0051922	0.0144584024650391	0.0237022991230149	0	0
dmel-FBgn0051924	0.458149779735683	0	0	0
dmel-FBgn0051926	0.0115730818688384	0	0.0591513073296185	0
dmel-FBgn0051933	0.300925925925926	0	0	0
dmel-FBgn0051935	0.0722543352601154	0.0758670520231214	0.102059248554913	0.0386560693641618
dmel-FBgn0051948	0.627783004076513	0	0	0.00376293508936971
dmel-FBgn0051949	0.282303902993558	0	0	0
dmel-FBgn0051950	0.0711247234983834	0.0248426067721627	0.0239918325676366	0
dmel-FBgn0051952	0.629395852119027	0	0	0
dmel-FBgn0051955	0.0324032403240324	0.0255025502550255	0	0.0723072307230723
dmel-FBgn0051956	0.0342914775592537	0.0075642965204236	0	0.146747352496218
dmel-FBgn0051957	0.0602923264311815	0.0572472594397077	0.0377588306942753	0.0149208282582217
dmel-FBgn0051960	0.5375	0	0	0
dmel-FBgn0051961	0.0334811847188439	0.0486478752325081	0.0271855773358134	0.0150236085276864
dmel-FBgn0051973	0.0466346153846153	0.0620192307692308	0.0182692307692308	0.0115384615384615
dmel-FBgn0051974	0.0678815489749431	0.00637813211845103	0.0815489749430524	0.172209567198178
dmel-FBgn0051975	0	0	0	0
dmel-FBgn0051988	0.589281045751634	0	0	0.00313725490196078
dmel-FBgn0051989	0.0656565656565658	0.0585858585858585	0.0212121212121212	0.0131313131313131
dmel-FBgn0051992	0.0428957104289571	0.0553944605539446	0.0204979502049795	0.0277972202779722
dmel-FBgn0051997	0.0280175028510883	0.16374548072179	0.00129411098619345	0.000363968714866909
dmel-FBgn0051998	0.0507730881738404	0.0593397409109903	0.0258044295862934	0.0326995403259506
dmel-FBgn0051999	0.11372197309417	0.362511210762332	0.00753363228699552	0.00161434977578475
dmel-FBgn0052000	0.0549549074415906	0.0578028584990243	0.0308528031221982	0.0393439164601024
dmel-FBgn0052006	0.558951965065502	0	0	0
dmel-FBgn0052010	0	0	0	0.4375
dmel-FBgn0052016	0.0375423172148957	0.0611894295386793	0.0262240412308625	0.0327421555252388
dmel-FBgn0052017	0.113983548766157	0.101057579318449	0.0164512338425382	0
dmel-FBgn0052022	0.0874159462055714	0.048030739673391	0.0280979827089337	0.0218539865513929
dmel-FBgn0052026	0.583561643835617	0	0	0.00410958904109589
dmel-FBgn0052029	0.142023346303502	0.309338521400778	0	0
dmel-FBgn0052039	0.0283166949205751	0.0282539084573366	0.072016073334589	0.00546242230175174
dmel-FBgn0052040	0	0.454545454545455	0	0
dmel-FBgn0052053	0.0178272980501393	0	0.12330547818013	0
dmel-FBgn0052054	0.00684216629943177	0	0.0415168734779079	0
dmel-FBgn0052055	0	0	0	0
dmel-FBgn0052056	0.0462056303549572	0.0564259485924112	0.0509791921664627	0.0465116279069767
dmel-FBgn0052057	0.545454545454545	0	0	0
dmel-FBgn0052061	0.308920187793428	0	0	0
dmel-FBgn0052062	0.0889639639639637	0.0737612612612613	0.00506756756756757	0.0427927927927928
dmel-FBgn0052064	0.601478494623656	0	0	0.00378024193548387
dmel-FBgn0052066	0.0466479734896763	0.0221769054295182	0.0581187866428753	0.0147846036196788
dmel-FBgn0052068	0.0423235998382934	0.0529589202972914	0.0618838822029418	0.09453618185776
dmel-FBgn0052069	0.0450060168471722	0.0720818291215404	0.0212996389891697	0
dmel-FBgn0052072	0.63157894736842	0	0	0
dmel-FBgn0052073	0.821316614420063	0	0	0
dmel-FBgn0052075	0.0609184629803186	0.0641986879100282	0.0313964386129334	0.0295220243673852
dmel-FBgn0052076	0.112262038073908	0.0442329227323628	0.0296752519596864	0.0226763717805151
dmel-FBgn0052081	0.359947066607852	0	0	0.001985002205558
dmel-FBgn0052082	0.0755214050493965	0.158726673984632	0	0
dmel-FBgn0052085	0.221047331319234	0.162134944612286	0	0
dmel-FBgn0052086	0.528525296017223	0	0	0
dmel-FBgn0052087	0.417871222076215	0	0	0
dmel-FBgn0052088	0	0	0	0
dmel-FBgn0052091	0.0301016419077404	0.0876987229606462	0.016940317956737	0.0258014073494918
dmel-FBgn0052095	0.0787973043027476	0.0570243649559358	0.0217729393468118	0.0139968895800933
dmel-FBgn0052099	0.102889001520527	0.150532184490623	0.135833755701977	0.0866700456158134
dmel-FBgn0052100	0.0661818181818182	0.0705454545454545	0.0336969696969697	0.0198787878787879
dmel-FBgn0052103	0.0555057574294973	0.0445425084465282	0.0294421843756464	0.0732951803075225
dmel-FBgn0052104	0.0730434782608696	0.0565217391304349	0.0304347826086957	0.0173913043478261
dmel-FBgn0052105	0.195121951219512	0	0	0
dmel-FBgn0052106	0.40608228980322	0	0	0
dmel-FBgn0052107	0.0064102564102564	0	0.0303030303030303	0
dmel-FBgn0052109	0.0297257127415214	0.0437778678556952	0.0332387515200649	0.0305364139981084
dmel-FBgn0052110	0.50137741046832	0	0	0
dmel-FBgn0052111	0.375	0.107142857142857	0	0
dmel-FBgn0052112	0.150356992860142	0.0323393532129358	0.0218395632087358	0.0167996640067198
dmel-FBgn0052113	0.0598802395209582	0.0511703864997278	0.0337506804572673	0.0778443113772456
dmel-FBgn0052115	0.026167698368036	0	0.0272931907709623	0.317951603826674
dmel-FBgn0052117	0.220013708019191	0	0	0.0493488690884167
dmel-FBgn0052119	0.365544697792255	0	0	0
dmel-FBgn0052121	0.084468664850136	0.0544959128065396	0	0
dmel-FBgn0052133	0.0653914590747331	0.047153024911032	0.0315836298932385	0.0151245551601423
dmel-FBgn0052137	0.0531360349756179	0.0789753937559554	0.0432150664200437	0.000504456028249537
dmel-FBgn0052141	0.42925430210325	0	0	0
dmel-FBgn0052150	0	0	0	0
dmel-FBgn0052161	0.503021148036254	0	0	0
dmel-FBgn0052163	0.06553911205074	0	0	0
dmel-FBgn0052170	0.0361820563195809	0.0936476751800919	0.0124426981008513	0.00261951538965291
dmel-FBgn0052174	0	0	0	0
dmel-FBgn0052176	0.0747365059086554	0.0849568827850528	0.0396039603960396	0.0207601405301821
dmel-FBgn0052177	0.0394695787831514	0.047581903276131	0.0408736349453979	0.00873634945397815
dmel-FBgn0052179	0.048689138576779	0.0515832482124617	0.0827374872318692	0.00561797752808989
dmel-FBgn0052181	0.395522388059701	0	0.00870646766169154	0.00290215588723051
dmel-FBgn0052182	0.164021164021164	0	0.121693121693122	0
dmel-FBgn0052183	0.127450980392157	0.0588235294117647	0	0
dmel-FBgn0052185	0	0	0	0
dmel-FBgn0052187	0.091454272863568	0.160419790104948	0	0
dmel-FBgn0052190	0.137941211191123	0.159839452248849	0.0824577971904144	0.116101995041908
dmel-FBgn0052191	0.0495007132667619	0.197289586305278	0	0.0281027104136947
dmel-FBgn0052192	0.347301867372445	0	0	0.00382296721070431
dmel-FBgn0052194	0.031858407079646	0	0	0.358407079646018
dmel-FBgn0052195	0.445255474452554	0	0.0729927007299269	0
dmel-FBgn0052196	0.019002822201317	0.0464722483537159	0.0389463781749765	0.0301034807149576
dmel-FBgn0052198	0.60566073819086	0	0	0
dmel-FBgn0052202	0.0414973882762623	0.0560069645966337	0.0345327916424841	0.0127684271619269
dmel-FBgn0052204	0.135802469135802	0	0	0
dmel-FBgn0052206	0.1875	0	0	0
dmel-FBgn0052207	0.34965034965035	0.155594405594406	0	0
dmel-FBgn0052218	0.128205128205128	0.151821862348178	0.116734143049933	0.0674763832658569
dmel-FBgn0052219	0.213008130081301	0	0	0
dmel-FBgn0052220	0	0	0	0
dmel-FBgn0052221	0.0564147244609017	0.0368111522544108	0.0433456763232411	0.0189501197996079
dmel-FBgn0052225	0.168571428571429	0.08	0	0
dmel-FBgn0052226	0.039828192112456	0.0175712612260835	0.0257711831315892	0.0152284263959391
dmel-FBgn0052227	0.159045725646123	0	0	0
dmel-FBgn0052228	0.266355140186916	0	0	0
dmel-FBgn0052230	0.0304019517726598	0.0372142568745866	0.023194481431529	0.00916611543979315
dmel-FBgn0052232	0.381263616557734	0	0	0
dmel-FBgn0052238	0.360619469026548	0	0	0
dmel-FBgn0052240	0.395478131949593	0	0	0
dmel-FBgn0052241	0.0264484077343722	0.0110797383752099	0	0
dmel-FBgn0052243	0.0746960972488805	0.0380678182981446	0.0478246960972489	0.0994881637875878
dmel-FBgn0052246	0.150943396226415	0	0	0
dmel-FBgn0052248	0	0	0	0
dmel-FBgn0052249	0.0797906850898542	0.113896436150169	0	0
dmel-FBgn0052250	0.0706632960154088	0.0233537980016853	0.0824605754183218	0.0170940170940171
dmel-FBgn0052251	0.0806697108066972	0.045662100456621	0.0197869101978691	0
dmel-FBgn0052252	0.545064377682403	0	0	0
dmel-FBgn0052259	0.217364532019705	0	0	0
dmel-FBgn0052260	0	0.149659863945578	0	0
dmel-FBgn0052262	0.208955223880597	0.0196386488609584	0.0345640219952867	0
dmel-FBgn0052263	0.62882096069869	0	0	0
dmel-FBgn0052264	0.0346328913516724	0.0660003958044725	0.0133584009499307	0.00207797348110034
dmel-FBgn0052267	0.0708411214953271	0.0457943925233645	0.0455451713395639	0.025607476635514
dmel-FBgn0052278	0.0360894821406501	0.0540106290940552	0.0175503646026449	0.0181683351872451
dmel-FBgn0052279	0.0124283718832833	0	0.186700542228968	0
dmel-FBgn0052280	0.0318098589020931	0.0561878433202887	0.0113093742146268	0.0130686102035687
dmel-FBgn0052281	0.0755939524838013	0.0568754499640028	0.0345572354211663	0
dmel-FBgn0052284	0	0	0.711327649208283	0.113276492082826
dmel-FBgn0052296	0.0800457404230989	0.061177815894797	0.0297312750142939	0.0182961692395654
dmel-FBgn0052298	0	0	0	0
dmel-FBgn0052299	0	0	0	0
dmel-FBgn0052301	0.643617021276596	0	0	0
dmel-FBgn0052302	0.0583205177165151	0	0.290111160423999	0
dmel-FBgn0052304	0	0	0	0
dmel-FBgn0052305	0.550561797752809	0	0	0
dmel-FBgn0052311	0.0574980163977783	0.201904258132769	0.00565987833906375	0.000846336947897381
dmel-FBgn0052313	0.248318385650224	0	0	0
dmel-FBgn0052319	0.521875	0	0	0
dmel-FBgn0052320	0.522727272727272	0	0	0
dmel-FBgn0052333	0.033870072182121	0.127984453081621	0.00360910605219322	0
dmel-FBgn0052343	0.0646846122940941	0.0574527922860587	0.0393732422659703	0.0212936922458819
dmel-FBgn0052344	0.086611044894716	0.0639650377433453	0.0341676599125944	0.0178784266984505
dmel-FBgn0052350	0.046126552335896	0.0269071555292726	0.0248373743347132	0.0233589591957422
dmel-FBgn0052351	0.602948284195263	0	0	0.00265828902851619
dmel-FBgn0052354	0.0836653386454183	0.0292164674634794	0.0239043824701195	0
dmel-FBgn0052364	0.444444444444445	0	0	0
dmel-FBgn0052365	0.0938271604938273	0.0444444444444444	0	0
dmel-FBgn0052368	0.000609123464640716	0.000669366444660128	0.000957194015863985	0.000555574149067907
dmel-FBgn0052369	0.103047520661157	0.121384297520661	0.145919421487603	0.0919421487603308
dmel-FBgn0052371	0.609222583505764	0	0	0
dmel-FBgn0052373	0.203655352480418	0.0626631853785901	0.326370757180157	0
dmel-FBgn0052379	0	0	0	0
dmel-FBgn0052380	0.108444444444444	0.0537777777777778	0.0943703703703702	0.00592592592592591
dmel-FBgn0052391	0	0	0	0
dmel-FBgn0052392	0.334461364918218	0.00846023688663282	0	0
dmel-FBgn0052396	0.341576506955177	0	0	0
dmel-FBgn0052404	0.0997410668047643	0.104609010875194	0	0
dmel-FBgn0052405	0.312056737588653	0.0600109110747409	0	0
dmel-FBgn0052406	0.211864406779661	0	0	0
dmel-FBgn0052407	0.02782003912193	0.00630297761356227	0.0580308628559009	0.0126059552271245
dmel-FBgn0052409	0.0602860286028602	0.064026402640264	0.0248624862486249	0.0125412541254125
dmel-FBgn0052412	0.0592543275632491	0.0399467376830892	0	0.0239680426098535
dmel-FBgn0052418	0.0582484725050917	0.0733197556008146	0.0297352342158859	0
dmel-FBgn0052423	0.0474543043302773	0.054488842760768	0.0412270080147609	0.0238713025428127
dmel-FBgn0052425	0.0677424044192468	0.0347434220090129	0.0129379270242768	0.0944904782671901
dmel-FBgn0052428	0.0360105834342348	0.127673886721378	0.0169962778599937	0.00273554867931297
dmel-FBgn0052432	0.140562248995984	0	0	0
dmel-FBgn0052436	0.387747188832881	0	0	0.00213260953858085
dmel-FBgn0052437	0.30282038594755	0.00544285007422068	0.0113805047006432	0
dmel-FBgn0052438	0.156037991858887	0.0429669832654908	0.0411578471279963	0.0140208050655811
dmel-FBgn0052440	0.393939393939394	0	0	0
dmel-FBgn0052441	0.0585017835909631	0.0423305588585017	0.0456599286563615	0.0401902497027348
dmel-FBgn0052442	0.0425196850393701	0.0435695538057743	0.0246719160104987	0.0246719160104987
dmel-FBgn0052445	0.354212860310421	0	0	0
dmel-FBgn0052446	0.0284535596416784	0.0406647807637907	0.0359264497878359	0.025931164545026
dmel-FBgn0052447	0.107794361525705	0.0406301824212271	0	0
dmel-FBgn0052448	0.0245172764227642	0.0236280487804878	0.010035569105691	0.0387449186991871
dmel-FBgn0052450	0.409526575660761	0	0	0
dmel-FBgn0052451	0.0447049852254312	0.0206843961490802	0.0651034219807455	0.0604327518825659
dmel-FBgn0052452	0.0525175961017866	0.0628045479155388	0.0221981591770439	0.00866269626421223
dmel-FBgn0052459	0.289299407459045	0	0	0
dmel-FBgn0052461	0.332369942196532	0	0	0
dmel-FBgn0052462	0	0	0	0
dmel-FBgn0052463	0.55944055944056	0	0	0
dmel-FBgn0052473	0.110506980161646	0.125936811168259	0.276267450404115	0.0355620867009552
dmel-FBgn0052475	0	0	0	0
dmel-FBgn0052476	0.0528997816064061	0.084202863382674	0.151783547682601	0.00279058480951226
dmel-FBgn0052479	0.0974547890154052	0.0477227059611521	0.0306430006697924	0.0274614869390489
dmel-FBgn0052483	0.0767888307155323	0	0.600349040139617	0
dmel-FBgn0052484	0.0736258929873158	0.0826651115322933	0.0141420032074646	0.0377606065024056
dmel-FBgn0052485	0.0397993084276901	0.00630551223811785	0.0854295206454676	0
dmel-FBgn0052487	0.35910878112713	0	0	0
dmel-FBgn0052488	0.387190684133916	0	0	0
dmel-FBgn0052499	0.0591351094948217	0.040082219938335	0	0
dmel-FBgn0052506	0.318181818181818	0	0.181818181818182	0
dmel-FBgn0052507	0.443181818181819	0	0	0
dmel-FBgn0052512	0.0355004277159966	0.0363558597091531	0.03464499572284	0.0765611633875105
dmel-FBgn0052521	0.0285166367802351	0.0296373779637378	0.000647539350468221	0.0713538553496713
dmel-FBgn0052528	0.0337789276987207	0.0665995879449953	0.0355038091131234	0.0137032245699775
dmel-FBgn0052529	0.182407407407407	0.151851851851852	0.112962962962963	0.0462962962962964
dmel-FBgn0052532	0.478260869565218	0	0	0
dmel-FBgn0052533	0.107652399481193	0.0907911802853438	0.0616083009079119	0.0142671854734111
dmel-FBgn0052536	0.0234615384615385	0	0.0184615384615385	0
dmel-FBgn0052537	0.0406626506024096	0.03125	0.0176957831325301	0.00978915662650602
dmel-FBgn0052544	0.47887323943662	0	0	0
dmel-FBgn0052547	0.0557491289198606	0.0627177700348432	0.0557491289198606	0
dmel-FBgn0052548	0.326816927322907	0	0	0
dmel-FBgn0052549	0.0318792695450283	0.0419252578470331	0.0173907219716927	0.0818859668705632
dmel-FBgn0052554	0.0807770961145193	0.0613496932515337	0	0
dmel-FBgn0052557	0.0846531949754232	0	0	0
dmel-FBgn0052564	0	0.167741935483871	0	0
dmel-FBgn0052568	0.534912718204489	0	0	0
dmel-FBgn0052571	0.152447552447553	0.158741258741259	0	0
dmel-FBgn0052572	0.159209157127992	0.0676378772112384	0	0
dmel-FBgn0052573	0	0	0	0
dmel-FBgn0052574	0.480077745383868	0	0	0
dmel-FBgn0052576	0.0251552795031056	0.0225155279503105	0.0149068322981366	0.0211180124223602
dmel-FBgn0052579	0.0455545774647887	0.0633802816901408	0.0316901408450704	0.036531690140845
dmel-FBgn0052582	0.593059936908518	0	0	0
dmel-FBgn0052588	0.579341317365269	0	0	0
dmel-FBgn0052590	0.0475195822454308	0.0600522193211488	0.0407310704960836	0.0287206266318537
dmel-FBgn0052591	0.311541799247903	0	0	0
dmel-FBgn0052594	0.05088868101029	0.122544434050514	0.0235734331150608	0.0351730589335828
dmel-FBgn0052600	0.16	0	0	0
dmel-FBgn0052603	0.0137785040481319	0.00612790611305058	0	0
dmel-FBgn0052626	0.0195317190314188	0.0544993662864386	0.0190514308585151	0.0230938563137883
dmel-FBgn0052631	0.0202683414216386	0.0833571224664573	0	0
dmel-FBgn0052633	0.0969044414535666	0	0.480484522207268	0
dmel-FBgn0052638	0.033818042667177	0.0287955610829428	0.0291782263465034	0.0054051468477949
dmel-FBgn0052639	0.477064220183486	0	0	0
dmel-FBgn0052641	0.34469696969697	0	0	0.142045454545454
dmel-FBgn0052643	0.578021978021978	0	0	0
dmel-FBgn0052645	0.100418410041841	0.0292887029288703	0	0
dmel-FBgn0052647	0.0463576158940397	0	0	0.18046357615894
dmel-FBgn0052649	0.0411667842860503	0.095271700776288	0.024935309338979	0.0138790872735827
dmel-FBgn0052650	0.398899587345254	0	0	0
dmel-FBgn0052651	0.568840579710146	0	0	0
dmel-FBgn0052652	0.560775992725068	0	0	0.00454683237344651
dmel-FBgn0052654	0.0510547233262	0.056353816366045	0.0244573524915928	0.0394374808926934
dmel-FBgn0052655	0.32717345653087	0	0	0
dmel-FBgn0052656	0.169802445907808	0	0	0.000823142050799623
dmel-FBgn0052657	0.561739130434783	0	0	0
dmel-FBgn0052666	0.0483160214038399	0.0379288637079005	0.0590179414542021	0.0243940824677369
dmel-FBgn0052667	0	0	0	0
dmel-FBgn0052669	0.107816711590296	0.0148247978436658	0.409029649595687	0
dmel-FBgn0052670	0.52247191011236	0	0	0
dmel-FBgn0052672	0.0207806254111218	0.0335348884278703	0.0436326721651571	0.0128649496533927
dmel-FBgn0052675	0.0368650821148915	0.0203728085371769	0.0744924121682488	0.0163536830434481
dmel-FBgn0052676	0.0687673404676971	0.0653983353151011	0.0170432025366627	0.0190249702734839
dmel-FBgn0052677	0.121900826446281	0.0103305785123967	0	0
dmel-FBgn0052681	0.28804347826087	0	0	0.0434782608695652
dmel-FBgn0052683	0.34375	0	0.1875	0
dmel-FBgn0052685	0.0785066830542324	0.0788139499155016	0.0293439852511907	0.0275003840835766
dmel-FBgn0052686	0.362346263008515	0	0	0.0151371807000946
dmel-FBgn0052687	0.0223544754872247	0.00685145386748956	0.0515052993148546	0.0405944049521501
dmel-FBgn0052690	0.556958695080242	0	0	0.0049986845566956
dmel-FBgn0052694	0.181818181818182	0.290909090909091	0	0
dmel-FBgn0052695	0.0264026402640265	0	0.00667741192723924	0.118811881188119
dmel-FBgn0052698	0.0776772247360483	0.00414781297134239	0	0.410633484162896
dmel-FBgn0052699	0.0347837085757653	0.0370604604098153	0.0413609916519099	0.020364280293448
dmel-FBgn0052702	0.0605389442598745	0.0428202288667405	0.0291620524178663	0.0232558139534884
dmel-FBgn0052703	0.335461689587427	0	0	0.000982318271119844
dmel-FBgn0052706	0.511904761904763	0	0	0
dmel-FBgn0052707	0.0941558441558441	0.0603896103896104	0.0201298701298701	0.0103896103896104
dmel-FBgn0052708	0.0442095146564152	0.0360403652090341	0.0189812590100913	0.00768861124459397
dmel-FBgn0052713	0.577102803738318	0	0	0
dmel-FBgn0052718	0.329004329004329	0	0	0
dmel-FBgn0052719	0.576826196473551	0	0	0
dmel-FBgn0052720	0.488416988416988	0	0	0
dmel-FBgn0052726	0	0.580152671755725	0	0
dmel-FBgn0052732	0.174509803921569	0.207843137254902	0.0725490196078429	0.0431372549019608
dmel-FBgn0052736	0	0	0	0
dmel-FBgn0052750	0.0615735461801596	0	0.279361459521095	0
dmel-FBgn0052751	0.175516822051074	0	0.752330766112688	0
dmel-FBgn0052755	0.229965156794425	0	0	0
dmel-FBgn0052756	0.23916532905297	0.117174959871589	0.0786516853932583	0.0545746388443016
dmel-FBgn0052758	0.0431950022311467	0.0141008478357876	0.00928157072735387	0.177599286033021
dmel-FBgn0052767	0.0761548064918851	0.050561797752809	0.0237203495630461	0.0115480649188514
dmel-FBgn0052772	0.0555259890012417	0.0789427000177398	0.0285612914670925	0.00869256696824551
dmel-FBgn0052774	0.575471698113207	0	0	0
dmel-FBgn0052786	0.6	0	0	0
dmel-FBgn0052791	0.147727272727273	0	0	0
dmel-FBgn0052803	0.0346566662356136	0.0416397258502521	0.0166817535238588	0.040734514418725
dmel-FBgn0052806	0.399197592778336	0	0	0
dmel-FBgn0052808	0.0552359033371692	0.0471806674338321	0	0
dmel-FBgn0052811	0.651428571428572	0	0	0
dmel-FBgn0052813	0.0323455005421034	0.0552945428261655	0.0758944705457174	0
dmel-FBgn0052815	0.159375	0.040625	0	0
dmel-FBgn0052816	0.221052631578947	0.242105263157895	0	0
dmel-FBgn0052823	0.571428571428572	0	0	0
dmel-FBgn0052831	0.0611073598919649	0.0678595543551655	0.0381498987170831	0.0141796083727211
dmel-FBgn0052832	0.377251672671127	0	0	0
dmel-FBgn0052835	0.553784860557769	0	0	0
dmel-FBgn0052843	0.0684039087947882	0.014657980456026	0.133550488599348	0
dmel-FBgn0052845	0.134840871021776	0.0175879396984925	0.0142378559463987	0.0485762144053601
dmel-FBgn0052846	0.339932399806857	0	0	0
dmel-FBgn0052847	0.494312306101344	0.0268872802481903	0	0
dmel-FBgn0052850	0.00671490593342981	0.00908827785817654	0.00700434153400867	0.0118668596237337
dmel-FBgn0052856	0.0443425076452599	0.0621814475025484	0.0295616717635066	0.0285423037716616
dmel-FBgn0052865	0.106209150326798	0.0408496732026144	0	0.398692810457516
dmel-FBgn0052944	0.22879684418146	0.0216962524654832	0	0
dmel-FBgn0052945	0.577898550724637	0	0	0
dmel-FBgn0052971	0.428571428571429	0	0	0
dmel-FBgn0052982	0.0439993432933837	0.0957149893285174	0.0118207190937449	0.0139550155967821
dmel-FBgn0052987	0	0	0	0
dmel-FBgn0053002	0.0366728129481664	0.0325752919483712	0.0206924810489654	0.0110633066994468
dmel-FBgn0053012	0.152594099694812	0	0.364191251271617	0
dmel-FBgn0053013	0.11888955944478	0	0.357272178636089	0
dmel-FBgn0053017	0.345477386934673	0	0	0
dmel-FBgn0053051	0.0493513818386915	0.0671178793006204	0.0293288212069938	0.0217146080090243
dmel-FBgn0053052	0.0463075060532688	0.0817191283292978	0.0190677966101695	0.0214891041162228
dmel-FBgn0053054	0.0691343517430476	0.0383862122992558	0.0229142185663925	0.0254602428515472
dmel-FBgn0053056	0.040716363079749	0.0707178937700903	0.0304607377927445	0.0261748048369815
dmel-FBgn0053057	0	0	0	0
dmel-FBgn0053060	0.394703656998738	0	0	0
dmel-FBgn0053061	0.425581395348837	0	0	0
dmel-FBgn0053062	0.358620689655173	0.144827586206897	0	0
dmel-FBgn0053080	0.0483329429218395	0.090497384242992	0.0708987272585306	0.0216287967517764
dmel-FBgn0053082	0.0703125	0.05859375	0	0
dmel-FBgn0053087	0.0530451866404715	0.0411170362054449	0.00308728599494808	0.118720179623912
dmel-FBgn0053092	0.0268256333830104	0	0	0
dmel-FBgn0053093	0	0	0	0
dmel-FBgn0053094	0.0505276972712856	0.0705965986766555	0.0433641384590146	0.0206704216109805
dmel-FBgn0053096	0.00117810860019278	0	0.00224911641854986	0
dmel-FBgn0053098	0.514285714285714	0	0	0
dmel-FBgn0053099	0.0842105263157894	0	0.199498746867168	0.207518796992481
dmel-FBgn0053100	0.0569675723049956	0.0438212094653812	0.0324276950043821	0.00905638328951209
dmel-FBgn0053107	0.0785185185185184	0.06	0.0288888888888889	0
dmel-FBgn0053108	0.0420819490586932	0.0387596899224806	0.026578073089701	0
dmel-FBgn0053110	0.5	0	0	0
dmel-FBgn0053111	0.0384319215960798	0.0919845992299615	0.0393419670983548	0.0141407070353518
dmel-FBgn0053113	0.0388048750662373	0.0562100028532996	0.0242938083397872	0.0704153589043331
dmel-FBgn0053116	0.0810019518542616	0.0348080676642811	0.037085230969421	0.00487963565387118
dmel-FBgn0053120	0.0199068191444303	0.000800037648830534	0.0397665772506942	0.0890394842110218
dmel-FBgn0053123	0.056775407779172	0.0451693851944793	0.0233688833124216	0.0155269761606022
dmel-FBgn0053124	0	0	0	0
dmel-FBgn0053125	0.423529411764706	0	0	0
dmel-FBgn0053126	0.0412353197042193	0.0122662026968247	0.0650717703349282	0.231491953023054
dmel-FBgn0053127	0.148840206185567	0	0.573453608247423	0
dmel-FBgn0053128	0.0178112710526561	0	0.128604522993284	0
dmel-FBgn0053129	0.0584793441568879	0.0329850506349461	0.0165889728339495	0.0938755827037453
dmel-FBgn0053136	0.308479532163743	0	0	0
dmel-FBgn0053138	0.022438391699092	0.019325551232166	0.00350194552529183	0.0285343709468224
dmel-FBgn0053139	0.0405330372015547	0.0383120488617435	0.0155469183786785	0.0159170831019804
dmel-FBgn0053140	0.4352	0	0	0
dmel-FBgn0053143	0.0891304347826086	0.248913043478261	0.0467391304347825	0
dmel-FBgn0053144	0.0446613788895668	0.0529591214154972	0.0723001830384381	0.00323367907260525
dmel-FBgn0053145	0.0640820249919898	0.0893944248638257	0.031400192246075	0.0278756808715155
dmel-FBgn0053147	0.0885608856088561	0.00738007380073799	0	0
dmel-FBgn0053155	0	0	0	0
dmel-FBgn0053156	0.0759124087591242	0.0897810218978102	0.0211678832116788	0.0313868613138685
dmel-FBgn0053158	0.0895522388059701	0.0572139303482587	0.0319237147595357	0.0228026533996683
dmel-FBgn0053169	0.0200605177630842	0.0192760282416228	0.00952594418917403	0
dmel-FBgn0053170	0.048390612511807	0.0199084501925452	0.0120613238392792	0.003923563176633
dmel-FBgn0053172	0.0750436300174518	0.0506108202443281	0.0191972076788831	0
dmel-FBgn0053178	0	0	0	0
dmel-FBgn0053179	0.0909090909090909	0	0	0
dmel-FBgn0053180	0.24243813015582	0.134280476626948	0.0792850595783686	0.0549954170485793
dmel-FBgn0053181	0.0398030365203118	0.0255778963206128	0.0849405006155108	0
dmel-FBgn0053182	0.0147540983606557	0.00360655737704918	0.00655737704918033	0.00327868852459016
dmel-FBgn0053189	0.269045064377682	0.0225321888412017	0	0
dmel-FBgn0053191	0.607792207792208	0	0	0
dmel-FBgn0053192	0.0681076212991108	0	0.208037825059102	0
dmel-FBgn0053193	0.054970760233918	0.102923976608187	0.0425438596491228	0.0230994152046784
dmel-FBgn0053196	0.0758787878787876	0.103272727272727	0.000727272727272727	0.000969696969696967
dmel-FBgn0053198	0.0344827586206897	0.0426497277676952	0.0510759657765101	0.0224267565465388
dmel-FBgn0053199	0	0	0	0
dmel-FBgn0053202	0.484374999999999	0	0	0
dmel-FBgn0053203	0.0349040139616056	0	0	0
dmel-FBgn0053207	0.0790419161676647	0.0215568862275449	0.00598802395209582	0
dmel-FBgn0053208	0.0905157690993965	0.210292610725265	0.0617101218262554	0.118865991119208
dmel-FBgn0053213	0.0985915492957748	0.0384122919334187	0	0
dmel-FBgn0053217	0.114985862393968	0.0744580584354382	0.0490103675777568	0.0546654099905748
dmel-FBgn0053218	0.454861111111112	0	0	0.102430555555555
dmel-FBgn0053221	0.542168674698796	0	0	0
dmel-FBgn0053223	0.567164179104478	0	0	0
dmel-FBgn0053225	0.271855010660981	0	0	0.153518123667377
dmel-FBgn0053229	0.0488145896656535	0.0716717325227963	0.0415197568389058	0.023951367781155
dmel-FBgn0053230	0.18	0.201538461538462	0.0753846153846153	0.0523076923076922
dmel-FBgn0053233	0.254110612855008	0	0	0
dmel-FBgn0053234	0.386962552011096	0	0	0
dmel-FBgn0053252	0.451289398280802	0	0	0
dmel-FBgn0053260	0.0244104261481175	0.0248241621845263	0.0302027306578403	0.0215142738932561
dmel-FBgn0053265	0.00346355215465162	0	0.0407571486105518	0
dmel-FBgn0053276	0.0320412278736276	0.0613936813802375	0.0241989693031593	0
dmel-FBgn0053278	0.345498783454988	0	0	0
dmel-FBgn0053281	0.103448275862069	0	0	0
dmel-FBgn0053282	0.0943952802359885	0	0	0
dmel-FBgn0053284	0.379144233493908	0	0	0
dmel-FBgn0053285	0.633858267716536	0	0	0
dmel-FBgn0053286	0.278019113814075	0	0	0
dmel-FBgn0053287	0.467193675889328	0	0	0
dmel-FBgn0053288	0.0210325047801147	0.0305927342256214	0	0
dmel-FBgn0053293	0.551148225469729	0	0.0379578667678877	0
dmel-FBgn0053301	0.312977099236641	0	0.190839694656489	0.158608990670059
dmel-FBgn0053302	0.104743083003953	0	0	0
dmel-FBgn0053303	0.0482282670110582	0.0431431108241182	0.0119460812010655	0.0199773993058358
dmel-FBgn0053306	0.0455889137604019	0	0.159356150573279	0
dmel-FBgn0053307	0.0103770063456514	0.000671892497200448	0	0.0505039193729004
dmel-FBgn0053309	0.407871198568873	0	0	0
dmel-FBgn0053310	0.468899521531101	0	0	0
dmel-FBgn0053318	0.551440329218107	0	0	0
dmel-FBgn0053319	0.572884012539185	0	0	0
dmel-FBgn0053322	0.361921867983835	0	0	0
dmel-FBgn0053329	0.0567831449126413	0.263360739979445	0	0
dmel-FBgn0053333	0	0	0	0
dmel-FBgn0053337	0	0	0.583333333333333	0
dmel-FBgn0053340	0.331021965748325	0	0	0.00102382725241995
dmel-FBgn0053346	0.00214028278347657	0	0.0176989187690602	0
dmel-FBgn0053458	0	0	0	0
dmel-FBgn0053459	0.118578972635622	0	0	0.348055688910226
dmel-FBgn0053460	0.0412170910660337	0.0142425550280535	0	0.0634441087613293
dmel-FBgn0053462	0	0	0	0.0168134507606085
dmel-FBgn0053465	0.246603970741902	0.16405433646813	0	0.026123301985371
dmel-FBgn0053468	0	0	0	0
dmel-FBgn0053469	0	0	0.58282208588957	0
dmel-FBgn0053474	0	0	0	0
dmel-FBgn0053481	0.095837366892546	0	0	0
dmel-FBgn0053489	0.394123606889565	0	0	0
dmel-FBgn0053490	0.493506493506493	0	0	0
dmel-FBgn0053493	0.0387173450963363	0.00201129065435513	0	0.222499028638036
dmel-FBgn0053494	0.0663326435028864	0.0300620847402244	0.0275569110118723	0.374033329702648
dmel-FBgn0053499	0.620689655172414	0	0	0
dmel-FBgn0053505	0.0816733067729084	0.0458167330677291	0.0365205843293492	0
dmel-FBgn0053506	0.0803269447576099	0.0620067643742954	0.0338218714768884	0.036358511837655
dmel-FBgn0053508	0.396508728179551	0.164588528678304	0	0
dmel-FBgn0053509	0.176829268292683	0.0762195121951219	0	0
dmel-FBgn0053510	0.00913043478260869	0	0.0282608695652174	0
dmel-FBgn0053511	0.135458167330677	0	0	0
dmel-FBgn0053512	0.165137614678899	0	0	0
dmel-FBgn0053513	0.127272727272727	0	0	0
dmel-FBgn0053514	0.00907696034886536	0	0.0712589840910928	0
dmel-FBgn0053516	0.358490566037736	0	0	0
dmel-FBgn0053517	0.226415094339623	0	0	0
dmel-FBgn0053519	0.0311059907834101	0.0284726793943384	0.00148123765635286	0.000164581961816985
dmel-FBgn0053523	0.0742082873798645	0.0398613518197574	0.057586261225776	0.0268630849220105
dmel-FBgn0053526	0.0493853630646083	0.0621069182389938	0.0287307032590051	0.0235134362492854
dmel-FBgn0053527	0.469230769230769	0	0	0
dmel-FBgn0053531	0.0696095076400681	0.0475382003395586	0	0
dmel-FBgn0053532	0	0	0.0121050471891671	0
dmel-FBgn0053533	0.0118427579365079	0	0.0299479166666667	0
dmel-FBgn0053542	0	0	0	0
dmel-FBgn0053543	0.171428571428571	0.0742857142857142	0	0
dmel-FBgn0053547	0.170909090909091	0.0218181818181818	0.0109090909090909	0
dmel-FBgn0053548	0.077777777777778	0.275555555555555	0	0
dmel-FBgn0053552	0.274052478134111	0	0	0
dmel-FBgn0053554	0.0967479674796748	0.0631436314363144	0.0230352303523035	0.0349593495934959
dmel-FBgn0053556	0.0401037165082109	0.0981849611063093	0.0107173725151253	0
dmel-FBgn0053558	0.0896790434235368	0.0456261799874135	0.0286343612334802	0.039647577092511
dmel-FBgn0053635	0.0560301507537688	0.0560301507537688	0.0492462311557789	0.028894472361809
dmel-FBgn0053639	0.470588235294118	0	0	0
dmel-FBgn0053653	0.0490405117270789	0.0137408197109689	0.00971333807154705	0.0127931769722814
dmel-FBgn0053666	0.606299212598425	0	0	0
dmel-FBgn0053669	0.612403100775193	0	0	0
dmel-FBgn0053673	0.468531468531468	0	0	0
dmel-FBgn0053687	0	0.445945945945945	0	0
dmel-FBgn0053704	0.31124591693887	0	0	0
dmel-FBgn0053723	0.619047619047619	0	0	0
dmel-FBgn0053774	0.0102369821054328	0.0299048847331937	0.0095921328389489	0
dmel-FBgn0053795	0	0	0	0.528901734104046
dmel-FBgn0053926	0.118798043326345	0.0209643605870021	0.371767994409503	0.0656883298392732
dmel-FBgn0053963	0.228310502283105	0	0	0.264840182648401
dmel-FBgn0053964	0	0	0	0
dmel-FBgn0053965	0.0927070457354759	0	0.50061804697157	0
dmel-FBgn0053966	0.0132955536181342	0	0.101133391455972	0
dmel-FBgn0053969	0.086237240408307	0.0728616684266103	0.0471664906722985	0.0344948961633228
dmel-FBgn0053970	0.0200993676603433	0.0864950316169831	0	0
dmel-FBgn0053971	0.172268907563025	0.0945378151260504	0.195378151260504	0.046218487394958
dmel-FBgn0053977	0.0314583333333334	0.0352083333333334	0.0290625	0.0127083333333333
dmel-FBgn0053978	0.159288687097994	0.328793038214151	0.00151343170639425	0.00454029511918275
dmel-FBgn0053983	0.11578947368421	0	0	0
dmel-FBgn0053985	0.111688311688311	0	0	0
dmel-FBgn0053988	0.2	0.0254545454545454	0	0
dmel-FBgn0053993	0.167259786476869	0.0676156583629893	0	0
dmel-FBgn0053995	0	0	0	0
dmel-FBgn0054001	0.0509329299041856	0.0534543620776601	0	0.032274331820474
dmel-FBgn0054003	0.0389371807509634	0	0	0.164082803118559
dmel-FBgn0054005	0	0	0.0479820627802691	0
dmel-FBgn0054008	0.103578154425612	0	0	0
dmel-FBgn0054010	0	0	0.0526315789473684	0.0850202429149798
dmel-FBgn0054012	0.431960049937577	0	0	0
dmel-FBgn0054015	0.0542049934296978	0.0510840998685941	0.0673455978975035	0.0469776609724047
dmel-FBgn0054021	0.430199430199431	0	0	0
dmel-FBgn0054026	0.0112765621297101	0	0.0437830792321669	0
dmel-FBgn0054027	0.370370370370371	0	0	0
dmel-FBgn0054029	0.484181568088032	0	0	0
dmel-FBgn0054038	0.0858585858585859	0.0303030303030303	0	0
dmel-FBgn0054039	0.0702930948832588	0.0653253849975162	0.0270740188772976	0.0211127670144063
dmel-FBgn0054043	0.0622950819672131	0	0	0
dmel-FBgn0054049	0.670588235294118	0	0	0
dmel-FBgn0054054	0	0	0	0
dmel-FBgn0054056	0.0276535956060799	0.111700089411164	0	0
dmel-FBgn0054057	0	0	0	0
dmel-FBgn0058002	0.0327723649247121	0.0735163861824626	0.285208148804251	0.103631532329495
dmel-FBgn0058006	0.0815217391304348	0.389039855072463	0.00452898550724637	0.00452898550724637
dmel-FBgn0058045	0.0205853573949986	0.0368604233498891	0.018244423250802	0.0185169129395444
dmel-FBgn0058053	0.680851063829788	0	0	0
dmel-FBgn0058064	0.577777777777777	0	0	0
dmel-FBgn0058160	0.0172549019607843	0.0292063492063493	0.0137441643323997	0.0266666666666667
dmel-FBgn0058172	0.557971014492754	0	0	0
dmel-FBgn0058178	0.195192307692308	0.150961538461538	0.0634615384615385	0.0634615384615385
dmel-FBgn0058191	0.037308650765397	0.051619793520826	0.0263438946244214	0.0243503025987896
dmel-FBgn0058263	0.114360313315927	0.093994778067885	0.107049608355091	0.167101827676241
dmel-FBgn0058298	0	0.451219512195122	0	0
dmel-FBgn0058354	0.511111111111111	0	0	0
dmel-FBgn0058439	0.0859605105268901	0.14835824151849	0.0793062070470164	0.158394240209447
dmel-FBgn0058470	0.503597122302158	0	0	0
dmel-FBgn0060296	0.0428060311781243	0.107206746741631	0.0199335548172757	0
dmel-FBgn0061196	0.36737400530504	0	0	0
dmel-FBgn0061197	0.59177715606374	0	0.00170295584478774	0.00243279406398248
dmel-FBgn0061198	0.0494588472187264	0.0789076264787315	0.0522275358671028	0.00956456078530077
dmel-FBgn0061200	0.0733420450833063	0.0632146357399543	0.0308722639660242	0.0174779483828814
dmel-FBgn0061356	0.0223452832021762	0.000466336345088896	0	0.177285533857962
dmel-FBgn0061359	0	0	0	0
dmel-FBgn0061360	0	0	0	0
dmel-FBgn0061361	0	0	0	0
dmel-FBgn0061435	0.408708938120702	0	0	0
dmel-FBgn0061469	0.0721235327349193	0.10432490113615	0.0376624191827255	0.0191450630845522
dmel-FBgn0061476	0.126794258373206	0.0279106858054227	0.0135566188197767	0
dmel-FBgn0061492	0.035205656807091	0.0548750124489592	0.016631809580719	0.063838263121203
dmel-FBgn0061515	0.0597157530156455	0.0729248775827065	0.0155977546876866	0.0196345395915442
dmel-FBgn0062411	0.571428571428571	0	0	0
dmel-FBgn0062412	0.0363562477554954	0.00034021963067269	0.339718751771977	0.00638856862040939
dmel-FBgn0062413	0.03351909523029	0.0347484019013276	0.0254876249795116	0.0181117849532864
dmel-FBgn0062440	0.038342307064774	0.104747919725893	0.0281720780986567	0.0244738130200685
dmel-FBgn0062442	0.0504598422618235	0.0869743197882267	0.0384520918047104	0.0292825369101875
dmel-FBgn0062449	0.0478699038021072	0.0426019239578562	0.0171781951442968	0.016032982134677
dmel-FBgn0062517	0	0	0	0
dmel-FBgn0062928	0.125256673511294	0.285420944558522	0	0.101984941820671
dmel-FBgn0062961	0	0	0	0.508670520231214
dmel-FBgn0062978	0.108614232209738	0.161797752808989	0.0262172284644195	0
dmel-FBgn0063083	0.0769739658325874	0.411098571817722	0	0
dmel-FBgn0063127	0.410515021459228	0.0809012875536483	0	0
dmel-FBgn0063261	0.305640243902439	0	0	0
dmel-FBgn0063368	0.527272727272727	0	0	0
dmel-FBgn0063449	0.199103139013453	0.174887892376682	0.0887892376681614	0
dmel-FBgn0063485	0.152849740932643	0.186528497409326	0.124352331606218	0
dmel-FBgn0063491	0.0170956588551671	0	0.0535920092201306	0.0576258163657319
dmel-FBgn0063492	0.102654867256637	0.0348082595870208	0.0619469026548673	0.340412979351032
dmel-FBgn0063493	0.0952975447357472	0.0189346650020807	0.173741156887224	0.29879317519767
dmel-FBgn0063494	0.133898305084746	0.0881355932203388	0.313559322033899	0
dmel-FBgn0063495	0.118181818181818	0.143636363636364	0.190909090909091	0.0872727272727273
dmel-FBgn0063497	0.0571360994729018	0.0368968779564806	0.0254088390323017	0.457190160832545
dmel-FBgn0063499	0.0424948594928033	0	0.100068540095956	0
dmel-FBgn0063649	0.0760401721664277	0.100430416068866	0.0545193687230991	0
dmel-FBgn0063670	0.0184353580713779	0.0258213188371544	0.0151855353344363	0.0154218860789412
dmel-FBgn0063923	0.00531387913176619	0.00354859047104387	0	0.0178690444024138
dmel-FBgn0064115	0	0	0	0
dmel-FBgn0064116	0	0	0	0
dmel-FBgn0064117	0	0	0	0
dmel-FBgn0064119	0	0	0	0
dmel-FBgn0064126	0	0	0	0
dmel-FBgn0064225	0.0162829194325447	0.0206965841831013	0.0114632939174472	0.0246857511479051
dmel-FBgn0064237	0.0161076369149138	0	0	0.0514496873223422
dmel-FBgn0064766	0.0675393883225208	0.044253938832252	0.0699721964782205	0.0308155699721965
dmel-FBgn0064912	0.258369098712446	0	0	0
dmel-FBgn0065032	0.0865343116098405	0.0196374622356495	0.380017263703064	0
dmel-FBgn0065035	0.0676373884452795	0.0803193987787694	0.0465007045561297	0.0216063879755754
dmel-FBgn0065098	0	0	0.397333333333333	0
dmel-FBgn0065108	0	0	0	0
dmel-FBgn0065110	0	0	0	0.0171969045571797
dmel-FBgn0066084	0.155399944596914	0.180945336573748	0.112888071487116	0.0653842089781558
dmel-FBgn0066101	0.111796453353894	0.485736314572089	0.0840400925212028	0.00771010023130301
dmel-FBgn0066114	0.0324683310785881	0.0544828434386916	0.0311154839503136	0.0276718730783422
dmel-FBgn0066292	0.285714285714286	0	0	0.224489795918367
dmel-FBgn0066303	0	0	0	0
dmel-FBgn0066304	0	0	0	0
dmel-FBgn0066365	0	0.0985915492957745	0	0
dmel-FBgn0067102	0.0351851851851852	0.0176638176638176	0.0263532763532764	0.0405982905982906
dmel-FBgn0067317	0.52	0	0	0
dmel-FBgn0067622	0	0	0	0
dmel-FBgn0067628	0.0459770114942529	0.0660919540229884	0.0235632183908046	0.0195402298850574
dmel-FBgn0067629	0.0409356725146199	0.0578297595841455	0.0159194282001299	0.0155945419103314
dmel-FBgn0067779	0.043728602552132	0.0393713040771864	0.0365701836290071	0.0385932150638033
dmel-FBgn0067783	0.0136556056261095	0.0247166461832582	0.0102417042195821	0.00655469070053257
dmel-FBgn0067861	0.576219512195122	0	0	0
dmel-FBgn0067864	0.058090587641017	0.0626368075433575	0.0395689510018522	0.0175113655497559
dmel-FBgn0067903	0	0	0	0
dmel-FBgn0067905	0	0	0	0
dmel-FBgn0069242	0.156294633748214	0.208936951642522	0.0685574372577025	0.0657008773719647
dmel-FBgn0069354	0.364572047670639	0	0	0.00270855904658722
dmel-FBgn0069913	0.321780228436392	0	0	0
dmel-FBgn0069923	0.150170068027211	0.141666666666667	0.167176870748299	0.0406462585034014
dmel-FBgn0069938	0.587537091988131	0	0	0
dmel-FBgn0069969	0.291139240506329	0.147679324894515	0.0590717299578059	0
dmel-FBgn0082582	0.0187559958494038	0.0765706678152595	0.00530571490103177	0.00107680560722047
dmel-FBgn0082585	0.0294117647058823	0.0474789915966387	0.0138655462184874	0.00630252100840336
dmel-FBgn0082598	0.0499212523266358	0.0542404428960054	0.0365102849234	0.0300672934663294
dmel-FBgn0082831	0.0922599245952542	0.0867154579729428	0.0368152583721446	0.0210689731647816
dmel-FBgn0083027	0.192382182052937	0.246610716591349	0	0
dmel-FBgn0083068	0.419753086419753	0.131687242798354	0	0
dmel-FBgn0083120	0.461538461538461	0	0	0
dmel-FBgn0083123	0.260553129548763	0.192139737991266	0	0
dmel-FBgn0083124	0.182156133828996	0.180297397769517	0.0734200743494423	0.0631970260223049
dmel-FBgn0083167	0.137465309898243	0.167252543940795	0.133209990749306	0.0675300647548568
dmel-FBgn0083228	0.0319327731092438	0.0201680672268907	0.00756302521008403	0
dmel-FBgn0083940	0.114849187935035	0.0429234338747099	0.0324825986078886	0.0672853828306263
dmel-FBgn0083943	0.449970913321699	0	0	0
dmel-FBgn0083945	0.573033707865168	0	0	0
dmel-FBgn0083946	0.64406779661017	0	0	0
dmel-FBgn0083949	0.419047619047619	0	0	0
dmel-FBgn0083950	0.198473282442748	0	0	0
dmel-FBgn0083952	0	0	0	0
dmel-FBgn0083953	0.0630386604284661	0.069071657227284	0.0486333415414924	0.0109578921447919
dmel-FBgn0083956	0.179251477347341	0.292843072882469	0	0
dmel-FBgn0083960	0.144985104270109	0	0	0
dmel-FBgn0083961	0.134743202416918	0.211480362537764	0.0582074521651561	0.0892245720040284
dmel-FBgn0083962	0.0671417260490893	0.0592240696753762	0.0725257323832147	0.0419635787806809
dmel-FBgn0083963	0.247422680412371	0	0	0
dmel-FBgn0083967	0	0	0	0
dmel-FBgn0083968	0.161727039882912	0.164654226125137	0.100987925356751	0.0753750457372851
dmel-FBgn0083969	0.0943343953456158	0.0470979360022163	0.050838066214157	0.0173154176478737
dmel-FBgn0083970	0.0245015613740091	0.0281047321643046	0	0.0478020658179197
dmel-FBgn0083972	0.01534552438878	0.00100036012964668	0	0.0760473770557401
dmel-FBgn0083975	0.21	0	0	0
dmel-FBgn0083976	0	0	0	0
dmel-FBgn0083977	0.0801104972375691	0.430939226519337	0	0
dmel-FBgn0083978	0.0729817545613597	0.112221944513872	0	0
dmel-FBgn0083981	0.470588235294118	0	0	0
dmel-FBgn0083983	0.0427025446036853	0.0312957004972214	0.0389002632348639	0
dmel-FBgn0083984	0	0	0	0
dmel-FBgn0083985	0.169491525423729	0.207627118644068	0.135593220338984	0
dmel-FBgn0083986	0.0570907194994787	0.043274244004171	0.0404066736183525	0.0195516162669447
dmel-FBgn0083991	0.538461538461539	0	0	0
dmel-FBgn0084001	0.117647058823529	0.106951871657754	0	0
dmel-FBgn0084008	0.56910569105691	0	0	0
dmel-FBgn0084049	0.5	0	0	0
dmel-FBgn0085188	0.0351248722068059	0.0710530159193808	0.0437417847232364	0.0273112311961443
dmel-FBgn0085190	0.480607082630691	0	0	0
dmel-FBgn0085192	0.0580949572397523	0.0589796520200531	0.038926570333235	0.0498378059569448
dmel-FBgn0085194	0.0304175325902135	0.164305056993513	0	0
dmel-FBgn0085195	0.0598330224120865	0.00233405574995799	0	0.485276315160078
dmel-FBgn0085196	0.606648199445984	0	0	0
dmel-FBgn0085197	0.584513023782559	0	0	0.00495469988674974
dmel-FBgn0085198	0.601123595505618	0	0	0
dmel-FBgn0085199	0.594594594594595	0	0	0
dmel-FBgn0085200	0.461538461538462	0	0	0
dmel-FBgn0085202	0.621875	0	0	0
dmel-FBgn0085203	0.0520446096654274	0.095910780669145	0.0379182156133829	0
dmel-FBgn0085204	0.64638783269962	0	0	0
dmel-FBgn0085205	0.0172674293114612	0	0.108832769743627	0
dmel-FBgn0085208	0	0	0	0
dmel-FBgn0085210	0.387966804979253	0	0	0
dmel-FBgn0085211	0.574898785425101	0	0	0
dmel-FBgn0085212	0.0635978195033314	0.220169594185342	0.0390672319806178	0
dmel-FBgn0085217	0.542857142857143	0	0	0
dmel-FBgn0085220	0.102089682194166	0.215933826730518	0.0903352198519806	0.0981715280801043
dmel-FBgn0085222	0.0112058159939835	0.064928553522186	0	0
dmel-FBgn0085223	0.0141454290390461	0	0.0749357025952772	0
dmel-FBgn0085224	0.0324344023323615	0.0495626822157434	0.0298833819241982	0.0185860058309038
dmel-FBgn0085227	0.0951122853368561	0	0.400264200792603	0
dmel-FBgn0085228	0	0	0	0
dmel-FBgn0085229	0.0506357685651944	0.0328041531863666	0.0212926040177564	0.0174554209615529
dmel-FBgn0085233	0.620512820512821	0	0	0
dmel-FBgn0085235	0.0292459213592963	0	0	0.366438613638073
dmel-FBgn0085239	0.322239031770045	0	0	0
dmel-FBgn0085242	0.11577868852459	0.168032786885246	0.0788934426229509	0.0604508196721312
dmel-FBgn0085244	0.0896068271868333	0	0	0.306918622371228
dmel-FBgn0085245	0.257918552036199	0	0	0
dmel-FBgn0085249	0.0637813211845102	0	0.255125284738041	0.107061503416857
dmel-FBgn0085256	0.04884307129734	0.162721334173552	0	0
dmel-FBgn0085257	0.0450088410223437	0.114772544606976	0.0313454428548465	0.015270856775438
dmel-FBgn0085259	0.563855421686747	0	0	0
dmel-FBgn0085261	0.0711632021229544	0.325431225121628	0.160813799203892	0.00818222025652366
dmel-FBgn0085263	0	0	0	0
dmel-FBgn0085264	0	0	0	0
dmel-FBgn0085265	0.0221259658159681	0	0.122570826504331	0.0162725357059236
dmel-FBgn0085267	0.556034482758621	0	0	0
dmel-FBgn0085271	0.0306872208615473	0.0558997262642269	0.0187292897277049	0
dmel-FBgn0085273	0.0670778102599014	0.357815065475952	0	0
dmel-FBgn0085274	0.594240837696335	0	0	0
dmel-FBgn0085279	0.0223067173637516	0.0415716096324462	0.0225602027883397	0
dmel-FBgn0085280	0.0425050301810865	0	0.150402414486921	0
dmel-FBgn0085282	0.0117138784963478	0	0	0.00570105113130234
dmel-FBgn0085283	0	0	0	0
dmel-FBgn0085284	0.0369928400954654	0.0625298329355609	0	0
dmel-FBgn0085285	0	0	0.0316622691292876	0.050131926121372
dmel-FBgn0085287	0.610666666666666	0	0	0
dmel-FBgn0085290	0.150602409638554	0	0	0
dmel-FBgn0085293	0.600288600288601	0	0	0
dmel-FBgn0085294	0	0.105346744309158	0	0
dmel-FBgn0085298	0.50438596491228	0	0	0
dmel-FBgn0085300	0	0	0	0
dmel-FBgn0085303	0.0793450881612091	0	0	0
dmel-FBgn0085305	0.398692810457516	0	0	0
dmel-FBgn0085308	0.405705996131527	0.0230496453900709	0	0
dmel-FBgn0085309	0	0	0	0
dmel-FBgn0085311	0.131080888297114	0	0	0
dmel-FBgn0085312	0.471544715447154	0	0	0
dmel-FBgn0085313	0.515570934256055	0	0	0
dmel-FBgn0085315	0.591549295774648	0	0	0
dmel-FBgn0085316	0.610687022900763	0	0	0
dmel-FBgn0085317	0.0165694523305632	0	0.0964744747844939	0
dmel-FBgn0085318	0.312621359223301	0	0	0
dmel-FBgn0085319	0.0588235294117649	0	0	0
dmel-FBgn0085320	0	0	0	0
dmel-FBgn0085321	0.61847389558233	0	0	0
dmel-FBgn0085322	0.0395857307249712	0.0593785960874568	0.0711162255466053	0.0250863060989643
dmel-FBgn0085325	0.0818498452012384	0.0672890866873066	0	0.026751160990712
dmel-FBgn0085327	0.458026509572902	0	0	0
dmel-FBgn0085329	0.544303797468354	0	0	0
dmel-FBgn0085330	0.083515559293524	0	0.46080740117746	0
dmel-FBgn0085331	0.5078125	0	0	0
dmel-FBgn0085334	0.0277401080074786	0.36250712159267	0	0
dmel-FBgn0085337	0.594262295081967	0	0	0
dmel-FBgn0085339	0.177570093457944	0.214953271028037	0.11214953271028	0
dmel-FBgn0085341	0	0	0	0
dmel-FBgn0085342	0	0	0	0
dmel-FBgn0085343	0	0	0	0
dmel-FBgn0085344	0	0	0	0
dmel-FBgn0085345	0.0144116412480761	0	0.0565272142157549	0
dmel-FBgn0085346	0	0	0	0
dmel-FBgn0085354	0.0320985935106532	0.0244394931068096	0.00598802395209581	0.00661467762150119
dmel-FBgn0085357	0.442622950819672	0	0	0
dmel-FBgn0085359	0.003601250544145	0	0.0245162056274487	0
dmel-FBgn0085360	0.176340274700931	0.172352680549402	0	0.131147540983607
dmel-FBgn0085369	0.262626262626263	0.101010101010101	0	0.181818181818182
dmel-FBgn0085370	0.0469397146801657	0.0469397146801657	0.0562969780641201	0.0194815155698727
dmel-FBgn0085376	0.103409726103969	0.0475125768585802	0.0285075461151481	0.00223588596981553
dmel-FBgn0085377	0.0218786157568108	0.0171452613863469	0.0325023666771852	0.00883559482486589
dmel-FBgn0085380	0.444444444444444	0	0	0
dmel-FBgn0085382	0.205035971223022	0.287769784172662	0	0
dmel-FBgn0085383	0.159235668789809	0	0	0
dmel-FBgn0085384	0.25811209439528	0.0309734513274336	0	0
dmel-FBgn0085385	0.340425531914894	0.127659574468085	0	0
dmel-FBgn0085386	0.0243445692883895	0.0112359550561798	0	0
dmel-FBgn0085387	0.0431372549019608	0.0549019607843138	0.0196078431372549	0
dmel-FBgn0085390	0.160823170731707	0.0556402439024389	0.0144817073170732	0
dmel-FBgn0085391	0.170560747663551	0.0280373831775701	0	0
dmel-FBgn0085395	0.1	0	0	0.088888888888889
dmel-FBgn0085396	0.515021459227468	0	0	0
dmel-FBgn0085397	0.292982456140351	0.184210526315789	0	0.00877192982456142
dmel-FBgn0085399	0.158450704225352	0	0	0
dmel-FBgn0085400	0.315985130111524	0.133828996282528	0.0260223048327138	0
dmel-FBgn0085404	0	0	0	0
dmel-FBgn0085405	0.0563860477314449	0.0262260687123	0.037241017571466	0.117230527143981
dmel-FBgn0085407	0.113207547169811	0.0566037735849057	0.0283018867924528	0.108490566037736
dmel-FBgn0085408	0.0246562144170973	0.0437067530875011	0.0531225365682753	0.00367872470876763
dmel-FBgn0085409	0.252927400468384	0.138173302107728	0.0573770491803277	0.00585480093676816
dmel-FBgn0085410	0.046793760831889	0.154246100519931	0	0
dmel-FBgn0085411	0.448275862068965	0	0	0
dmel-FBgn0085412	0.145232815964523	0.171840354767184	0	0
dmel-FBgn0085413	0.169230769230769	0	0	0
dmel-FBgn0085414	0.132478632478633	0.237891737891738	0	0
dmel-FBgn0085415	0.0179894179894179	0	0.111111111111111	0
dmel-FBgn0085417	0.258064516129032	0	0	0
dmel-FBgn0085419	0.0371134020618557	0	0.0164948453608248	0.0247422680412371
dmel-FBgn0085420	0.48	0	0	0
dmel-FBgn0085421	0.0301924353019243	0.0245520902455209	0.0481088254810882	0
dmel-FBgn0085423	0.0625553783448522	0.0396951975899345	0.0600744284954811	0.0407584618110934
dmel-FBgn0085424	0.031842659798642	0.00561929290564271	0.0723483961601499	0
dmel-FBgn0085425	0.0984375	0.353125	0.00781250000000001	0
dmel-FBgn0085426	0.0346481876332623	0.13272921108742	0.0191897654584222	0
dmel-FBgn0085427	0.0440097799511002	0.120537897310514	0.0178484107579462	0
dmel-FBgn0085428	0.0252962852305547	0.112638183447864	0.000497958370680212	0
dmel-FBgn0085430	0.0754378087112708	0.0453524921418949	0.0294117647058824	0.00785810507409074
dmel-FBgn0085432	0.0386316034442634	0.0372352804282057	0.0102397021177566	0.017919478706074
dmel-FBgn0085433	0.0758679811401629	0.0471495927989713	0.0248606943849121	0.0205743677668238
dmel-FBgn0085434	0.130666666666666	0.056	0.0186666666666666	0.008
dmel-FBgn0085436	0.0674202168504469	0.060386399238259	0.0495438768928341	0.031759683017477
dmel-FBgn0085437	0.0505177282711012	0.0790712268591152	0.0320050203953561	0.0130216504549733
dmel-FBgn0085438	0.481481481481481	0	0	0
dmel-FBgn0085440	0	0	0.0728476821192053	0
dmel-FBgn0085442	0.046824995789119	0.0640053899275728	0.0449722081859525	0.0218123631463702
dmel-FBgn0085443	0.152838427947598	0.157205240174672	0.14061135371179	0.0331877729257643
dmel-FBgn0085444	0.117413499716393	0.0811117413499717	0.0380034032898468	0.022688598979013
dmel-FBgn0085446	0.0303282670553126	0.111920790246837	0.0120526522775118	0.00335438499086219
dmel-FBgn0085447	0.0841121495327102	0.00934579439252336	0	0
dmel-FBgn0085450	0.0381584404811281	0.0385732061385317	0.0203235172127748	0.0190792202405641
dmel-FBgn0085451	0.0574386375020873	0.0562698280180329	0.0372349307062949	0.0232092168976457
dmel-FBgn0085452	0.175925925925926	0.199074074074074	0	0.101851851851852
dmel-FBgn0085453	0.0408112787534009	0.00816225575068018	0.00643086816720257	0.0806331931733861
dmel-FBgn0085454	0.343572241183163	0	0	0
dmel-FBgn0085455	0.104559748427673	0	0	0
dmel-FBgn0085460	0.19047619047619	0	0	0.0505952380952382
dmel-FBgn0085461	0.654986522911051	0	0	0
dmel-FBgn0085462	0.624703087885986	0	0	0
dmel-FBgn0085464	0.274368231046931	0	0	0
dmel-FBgn0085465	0.0881889763779529	0	0	0.366929133858268
dmel-FBgn0085466	0.06265664160401	0	0	0.394199785177229
dmel-FBgn0085468	0.463210702341137	0.0802675585284281	0	0
dmel-FBgn0085470	0	0	0	0
dmel-FBgn0085474	0.0417562173779552	0.108074915566472	0	0
dmel-FBgn0085475	0	0.056210836712127	0	0
dmel-FBgn0085478	0.197658402203857	0.119834710743802	0.145316804407714	0.0323691460055097
dmel-FBgn0085479	0.59180790960452	0	0	0
dmel-FBgn0085480	0	0	0.0629921259842522	0
dmel-FBgn0085481	0	0	0	0.3203125
dmel-FBgn0085482	0	0	0	0
dmel-FBgn0085483	0.0606606606606607	0.285285285285285	0	0
dmel-FBgn0085484	0.0475878056248087	0.0227441718059747	0.0684074705856624	0.0590911079035997
dmel-FBgn0085485	0	0	0	0
dmel-FBgn0085486	0.620331950207469	0	0	0
dmel-FBgn0085488	0.527446300715991	0.0429594272076372	0	0
dmel-FBgn0085494	0.559999999999999	0	0	0
dmel-FBgn0085520	0.471841704718418	0	0	0
dmel-FBgn0085521	0.498826291079813	0	0	0
dmel-FBgn0085582	0	0	0	0.599118942731278
dmel-FBgn0085638	0.112672322375398	0.162778366914104	0.0978260869565217	0.0991516436903502
dmel-FBgn0085692	0.558490566037736	0	0	0
dmel-FBgn0085693	0.505917159763314	0	0	0
dmel-FBgn0085736	0	0	0.571428571428572	0
dmel-FBgn0085753	0	0	0.166666666666667	0.223039215686274
dmel-FBgn0085759	0	0.267776456599286	0.0570749108204519	0.150535077288942
dmel-FBgn0085799	0	0.217622708456535	0.0804257835600236	0.13364872856298
dmel-FBgn0085810	0	0.233695652173913	0	0.228260869565217
dmel-FBgn0086129	0.0714605734767023	0.0533154121863799	0.0280017921146954	0.0129928315412186
dmel-FBgn0086130	0.0606635071090048	0.0838862559241706	0.0293838862559242	0.0241706161137441
dmel-FBgn0086134	0.0325281653609289	0.121732884638406	0.0365318365012437	0.0119644591053591
dmel-FBgn0086200	0.535714285714286	0	0	0
dmel-FBgn0086251	0.44206008583691	0.0429184549356223	0	0
dmel-FBgn0086253	0.0804387568555759	0.0811700182815357	0.0204753199268739	0.0223034734917733
dmel-FBgn0086254	0.0246765452836603	0.0387145799588058	0.0170576119343292	0.00569920211170436
dmel-FBgn0086265	0	0.0761099365750529	0	0
dmel-FBgn0086346	0.0478522220721329	0.0580845603133864	0.0613602593543158	0.0248547885992165
dmel-FBgn0086347	0.0338549413934671	0.0452787529005772	0.0395073481287558	0.00404593324210151
dmel-FBgn0086348	0	0	0	0.050903119868637
dmel-FBgn0086350	0.0953221535745808	0.0441306266548986	0.0203000882612533	0.0203000882612533
dmel-FBgn0086355	0.0466811766433883	0.0497656594250309	0.0114032393745577	0.0114432975925011
dmel-FBgn0086356	0.154318756776292	0.0372244307914709	0.0151788941091435	0.0046982291290206
dmel-FBgn0086357	0.0462780596606103	0.0593345246325014	0.0229955521932513	0.042521554254112
dmel-FBgn0086358	0.0426686769694686	0.0829249905767057	0.0577459479834149	0.0122125895212966
dmel-FBgn0086359	0.0336503291880029	0.0560351133869789	0.00146305779078273	0
dmel-FBgn0086361	0.160362107985774	0.158583899127061	0.131102489492402	0.0590042030391208
dmel-FBgn0086362	0.0653414494959102	0.0853148183374548	0.0402320715236827	0.0121742438653224
dmel-FBgn0086365	0.0243330401641748	0.010847258868367	0.0117267663441806	0
dmel-FBgn0086367	0.0446033367381682	0	0.0493701055498808	0.0575417092271024
dmel-FBgn0086368	0.0532243415077203	0.0726612170753858	0	0
dmel-FBgn0086370	0.0516224188790559	0.0470922882427307	0.0212810788032027	0.0145385587863464
dmel-FBgn0086371	0.0447302608074313	0.0355841371918542	0.0300821722043586	0.0327259735619865
dmel-FBgn0086372	0.0510685261362497	0.0258854218922444	0.046453295876392	0.0649142169158223
dmel-FBgn0086378	0.0280373831775701	0.0422519447087135	0.0485197828641782	0.0490234484302423
dmel-FBgn0086384	0.0288035450516987	0.0648871069845959	0.0295420974889217	0.0113948090314412
dmel-FBgn0086408	0.523809523809524	0	0	0
dmel-FBgn0086442	0.0988097321897426	0.0484859093295992	0.0309819709434623	0.0124277962541572
dmel-FBgn0086443	0.0413213561286584	0.0424804404520428	0.0268328020863517	0.0212112431179368
dmel-FBgn0086444	0.0801327643432906	0.0900900900900901	0.0298719772403983	0.0189663347558084
dmel-FBgn0086445	0.0571817562968005	0.0707964601769912	0.0245064669843431	0
dmel-FBgn0086446	0.056186802877098	0.0647347023871573	0.0403419159804024	0.0190764098822058
dmel-FBgn0086447	0.0253745032100276	0.0299602568022012	0.017120146744115	0
dmel-FBgn0086448	0.0425531914893617	0.0397951142631994	0.0141843971631206	0.0397951142631994
dmel-FBgn0086450	0.03840275124188	0	0.0792892625143292	0.073366450133741
dmel-FBgn0086451	0.0669077757685353	0.0456600361663653	0.0262206148282097	0.0108499095840868
dmel-FBgn0086472	0.0273071408087181	0.0434929739030685	0.0259917789886244	0.0406672402255998
dmel-FBgn0086532	0	0	0	0
dmel-FBgn0086558	0.0779090452948958	0.161109337225744	0.153309309857227	0.0852529307120377
dmel-FBgn0086604	0.1375	0.154166666666666	0	0
dmel-FBgn0086605	0.0738767948124133	0.0496757758221399	0.0340435386753126	0.0181797128300139
dmel-FBgn0086608	0.00258602711157456	0	0.00684045881126174	0
dmel-FBgn0086613	0.116585704371964	0.0624566273421235	0.0270645385149202	0.0124913254684247
dmel-FBgn0086655	0.0643349502170028	0.0370181261169262	0.0245085524636201	0.0188920091907072
dmel-FBgn0086656	0.0309995055661268	0.0565602385268865	0.0336664519125601	0.0267893262214764
dmel-FBgn0086657	0.0470841667948915	0.0612401907985845	0.0429296814894599	0.0244653023542083
dmel-FBgn0086662	0.173423423423423	0.15990990990991	0.17042042042042	0
dmel-FBgn0086666	0.449612403100775	0	0	0
dmel-FBgn0086673	0.100817438692098	0.158038147138964	0.0490463215258856	0
dmel-FBgn0086674	0.0603321934538348	0.0222276502198339	0.0224719101123596	0.0454323400097704
dmel-FBgn0086675	0.102529960053262	0.00266311584553927	0	0
dmel-FBgn0086676	0.0565919094529449	0.0690630894990569	0.0374135401383358	0.00765038775937957
dmel-FBgn0086677	0.163636363636364	0.0181818181818182	0	0
dmel-FBgn0086679	0.0780903034789046	0.0355292376017764	0.0196150999259807	0.0878978534418946
dmel-FBgn0086680	0.0738801628853985	0.106069420205546	0	0
dmel-FBgn0086681	0.521479713603819	0.0226730310262529	0.0202863961813842	0.0190930787589498
dmel-FBgn0086683	0.067176786246646	0.111199443505913	0.0617112193182947	0.0359733677829674
dmel-FBgn0086686	0.0623926116838489	0.0532646048109965	0.0410223367697594	0.0258805841924399
dmel-FBgn0086687	0.0351003609808147	0.0277006007108759	0.0230376431624967	0.0751616099328617
dmel-FBgn0086690	0.0605586008874968	0.0602975724353955	0.0263638736622292	0.0942312712085615
dmel-FBgn0086691	0.011416752843847	0.000868665977249225	0.016918304033092	0.0969458807307827
dmel-FBgn0086693	0	0	0.329545454545455	0
dmel-FBgn0086694	0.0794602698650674	0.0559720139930035	0.0254872563718141	0.0169915042478761
dmel-FBgn0086695	0.251207729468599	0.188405797101449	0.0821256038647344	0
dmel-FBgn0086698	0.141566265060241	0.197791164658635	0.100401606425703	0.0421686746987952
dmel-FBgn0086704	0	0	0	0
dmel-FBgn0086706	0.066423071903954	0.0711934693404093	0.0292748705902823	0.0555628053996837
dmel-FBgn0086707	0.0756410256410259	0.0666666666666665	0.0225274725274725	0.0175824175824176
dmel-FBgn0086708	0.0330400367504152	0.0727940916640164	0.021555531997597	0.00554789921905367
dmel-FBgn0086710	0.0273160382071631	0.0378797703148286	0.0204811823556548	0.0232491395309779
dmel-FBgn0086711	0.259154929577465	0.188732394366197	0	0
dmel-FBgn0086712	0.0808718095784342	0.0742758818468597	0.0441640378548896	0.0263837109262977
dmel-FBgn0086757	0.0780701754385967	0.0561403508771929	0.0469298245614035	0.0337719298245614
dmel-FBgn0086758	0.107512520868113	0.0831385642737897	0.0173622704507512	0.0023372287145242
dmel-FBgn0086768	0.0482750062050137	0.072722759990072	0.0309837014974767	0.0210970464135021
dmel-FBgn0086778	0.127371273712737	0	0	0
dmel-FBgn0086779	0.163014899211218	0.145048203330412	0.0617879053461876	0.111305872042068
dmel-FBgn0086782	0.391304347826087	0	0	0
dmel-FBgn0086784	0.0562817719680465	0.0686274509803922	0.0378842895182763	0.023844105543452
dmel-FBgn0086785	0.0518085610488073	0.0900331701153056	0.0439109145474649	0.0274838098246722
dmel-FBgn0086855	0.0755438680372936	0.060721969878078	0.0153000239062873	0.0136265837915372
dmel-FBgn0086856	0.0605700712589073	0.091152019002375	0.0320665083135392	0.0329572446555819
dmel-FBgn0086895	0.0779675865089794	0.081909767849321	0.0385457731055628	0.0267192290845379
dmel-FBgn0086898	0.0695384615384616	0.096	0	0
dmel-FBgn0086899	0.047822644497229	0.0345209817893903	0.02486144101346	0.0118764845605701
dmel-FBgn0086901	0.0400514579759864	0.0463121783876501	0.047598627787307	0.0386792452830188
dmel-FBgn0086904	0.0421614633212028	0.0669268339398583	0.0210448190001915	0.0237215092894081
dmel-FBgn0086906	0.0740818030050082	0.106010016694491	0.00250417362270451	0.000208681135225376
dmel-FBgn0086907	0.277123942625965	0	0	0
dmel-FBgn0086908	0.0836963285625389	0.0684505289359054	0.0276913503422527	0.0220908525202241
dmel-FBgn0086909	0.0382222516380965	0.0548348666357799	0.0617181812164935	0.027268515454365
dmel-FBgn0086912	0.0899805447470818	0.0705252918287937	0.0355058365758754	0.0102140077821012
dmel-FBgn0086913	0.5	0	0	0
dmel-FBgn0086915	0.59489572421674	0	0	0.00714217693552995
dmel-FBgn0086916	0.362869198312237	0	0	0
dmel-FBgn0086917	0.330578512396694	0	0	0
dmel-FBgn0087002	0.0250198086182727	0.000543467219276325	7.61869933564942e-06	0.167794234168343
dmel-FBgn0087005	0	0	0.506849315068493	0
dmel-FBgn0087007	0.0569189258640628	0.0854426313760761	0.079275343697803	0.00488243607863293
dmel-FBgn0087008	0.079317866349395	0.0584969264326789	0.0317271465397581	0.0138806266111441
dmel-FBgn0087011	0.210065645514223	0.205689277899343	0	0
dmel-FBgn0087012	0.538461538461539	0	0	0
dmel-FBgn0087013	0.0612432297827306	0.0778185893046131	0.0235790325592977	0.0259914088277408
dmel-FBgn0087021	0.155026861089793	0.0567920184190331	0	0
dmel-FBgn0087035	0.125947073679587	0.167124190183376	0.0816404963215109	0.119303832216976
dmel-FBgn0087039	0.0408921933085501	0.0740009293680296	0.0659851301115241	0.0275325278810409
dmel-FBgn0087041	0	0	0	0
dmel-FBgn0243486	0.113719735876743	0.0667644900953778	0.00660308143800441	0
dmel-FBgn0243511	0.122894856622667	0.053709604005462	0.0248065543923532	0.0177514792899408
dmel-FBgn0243512	0.0420141914602266	0.0733225445039214	0.0426366239263039	0.0059131084277356
dmel-FBgn0243513	0.0504464285714286	0.090625	0.0183035714285715	0.0183035714285715
dmel-FBgn0243514	0.170463472113118	0.159465828750982	0	0.02827965435978
dmel-FBgn0243516	0.0566086956521739	0.0361739130434783	0.0534782608695652	0.0111304347826087
dmel-FBgn0250732	0.0810008481764205	0.151399491094148	0.030746395250212	0.00869380831212895
dmel-FBgn0250746	0.0410971521202519	0.149246582912721	0.0451589728475113	0.0119367792801091
dmel-FBgn0250753	0.0322326018317981	0.0661874070401587	0.0268507162800407	0.018598491767346
dmel-FBgn0250754	0.182846715328467	0.0624087591240876	0.0178832116788321	0.0149635036496351
dmel-FBgn0250755	0.0770252324037185	0.0318725099601594	0.00929614873837982	0.044488711819389
dmel-FBgn0250757	0.169154228855721	0.00155472636815921	0	0
dmel-FBgn0250785	0.0734541157936196	0.0870421425758173	0.0222528554549035	0.00728633320204806
dmel-FBgn0250786	0.0772064466615504	0.0640061396776669	0.036991557943208	0.0225633154259401
dmel-FBgn0250788	0.0626278739119881	0.0468842112563721	0.0474737316641814	0.016645282102854
dmel-FBgn0250789	0.062051100906629	0.0613053887515209	0.0456454334942502	0.0191530279838299
dmel-FBgn0250791	0.0257395313100269	0.0363190401607613	0.0393924170336003	0.0153077809627944
dmel-FBgn0250814	0.0477968428277282	0.0502402196293754	0.0385998627316404	0.00914207275223061
dmel-FBgn0250815	0.070827670005324	8.34387775081294e-05	0.448394775405093	0
dmel-FBgn0250816	0.473684210526316	0.0592105263157895	0	0
dmel-FBgn0250817	0.686567164179104	0	0	0
dmel-FBgn0250819	0.0269192832483972	0.144624362978793	0.00394542166694066	0.000575373993095513
dmel-FBgn0250820	0.0583471760797341	0.0501453488372093	0.0325996677740865	0.0222176079734219
dmel-FBgn0250821	0.444120505344995	0	0	0
dmel-FBgn0250822	0.601785714285714	0	0	0
dmel-FBgn0250823	0.0479665254885951	0.025667193958259	0.0143899576465786	0.0127060264326172
dmel-FBgn0250824	0.0882612533097968	0	0	0
dmel-FBgn0250825	0.103625131134165	0	0	0.441426739713254
dmel-FBgn0250826	0.59620596205962	0	0	0
dmel-FBgn0250827	0.369599167100469	0	0	0
dmel-FBgn0250830	0.0678644998855574	0.0741588464179446	0.0315861753261616	0.0311284046692607
dmel-FBgn0250834	0.424115176964607	0	0	0
dmel-FBgn0250835	0.489999999999999	0	0	0
dmel-FBgn0250836	0.0103053337754763	0	0.140371910312986	0
dmel-FBgn0250837	0	0	0	0
dmel-FBgn0250838	0.0174856466247195	0.0227313406121353	0.0128044498905426	0.00966529443350635
dmel-FBgn0250839	0.0691837625491054	0.100611086861633	0.0314273243125273	0
dmel-FBgn0250840	0.597513930561509	0	0	0
dmel-FBgn0250843	0.0322479345022245	0.144618490410856	0.0268047403641258	0.0078283300310292
dmel-FBgn0250844	0.38521715673051	0	0	0
dmel-FBgn0250845	0.364244741873805	0	0	0
dmel-FBgn0250846	0.204741379310345	0	0	0
dmel-FBgn0250848	0.0342960036850407	0.037436663363158	0.0415962926257311	0.0532376711659523
dmel-FBgn0250849	0	0	0	0
dmel-FBgn0250850	0.096466973886329	0.0832565284178186	0.0242703533026113	0.0119815668202765
dmel-FBgn0250851	0	0	0	0
dmel-FBgn0250867	0.0302848575712144	0.0134932533733133	0.00689655172413793	0.00449775112443778
dmel-FBgn0250868	0.0341771172008051	0.0227976466945347	0.0479563399907107	0.0197786034989936
dmel-FBgn0250869	0.0402156241978267	0.0889021990245571	0.0273808505176693	0.0244716351501668
dmel-FBgn0250871	0.0629965627993465	0.127683552149659	0.00112695103397758	0.000563475516988787
dmel-FBgn0250874	0.1828231292517	0.178571428571429	0.0990646258503402	0.0395408163265306
dmel-FBgn0250876	0.0331621423330888	0.0346294937637565	0.00601614086573736	0.00792369772560529
dmel-FBgn0250903	0	0	0	0
dmel-FBgn0250904	0.424591156874622	0	0	0
dmel-FBgn0250906	0.0318754489158077	0.0365732921786734	0.0168889406557568	0.025876963096694
dmel-FBgn0250907	0.0829772540895163	0.264642410116967	0.00453191764858215	0.000906383529716431
dmel-FBgn0250908	0.132530120481928	0	0	0
dmel-FBgn0250910	0.2	0	0	0
dmel-FBgn0250911	0	0	0	0
dmel-FBgn0259098	0.0354400472533963	0.105729474305966	0	0
dmel-FBgn0259099	0.0581395348837209	0.0930232558139535	0	0
dmel-FBgn0259101	0.0651058901389807	0.0359033752481801	0.215254798146923	0
dmel-FBgn0259108	0.0818652849740932	0.0217616580310881	0	0
dmel-FBgn0259110	0.169373549883991	0	0	0
dmel-FBgn0259111	0.0229598203144498	0.00867232343399052	0.0401172947342151	0.0029323683553781
dmel-FBgn0259113	0.112403100775194	0.0581395348837209	0.0290697674418605	0
dmel-FBgn0259139	0.0524244911823818	0.073852860418377	0.0300336852832112	0.020975457865089
dmel-FBgn0259140	0.0583999999999999	0.0424000000000001	0	0.0072
dmel-FBgn0259143	0.0286824443659484	0.0482515012363123	0.0188625927234193	0.00219003885552808
dmel-FBgn0259145	0.0474137931034483	0	0	0
dmel-FBgn0259146	0.208	0	0	0
dmel-FBgn0259148	0.571992110453649	0	0	0
dmel-FBgn0259150	0.114666666666666	0	0	0
dmel-FBgn0259151	0.222052067381317	0	0	0
dmel-FBgn0259152	0.0471385779599559	0.0621157181144567	0.035156865836355	0.045562036891061
dmel-FBgn0259163	0.0580565805658057	0.0103321033210332	0.0740467404674044	0.001230012300123
dmel-FBgn0259164	0.0787037037037036	0.31181917211329	0	0
dmel-FBgn0259166	0.068294701986755	0.0571192052980132	0.0653973509933775	0.0260761589403973
dmel-FBgn0259167	0.124390243902439	0.0365853658536586	0	0
dmel-FBgn0259168	0.0395000912242291	0.0515416894727239	0.0294654260171502	0.0112205801860974
dmel-FBgn0259170	0.0565541429197721	0.0407715914072775	0.0219202104340202	0.0460324419114424
dmel-FBgn0259171	0.0262965668371074	0.00365230094959824	0.0288531775018261	0.0314097881665449
dmel-FBgn0259173	0.0999388129716499	0.206812155822966	0.17866612278197	0.0012237405669998
dmel-FBgn0259174	0.063527124933734	0.0490369323201979	0.0607881251104435	0.015462095776639
dmel-FBgn0259175	0.034839357429719	0.0385542168674699	0.0308232931726907	0.00341365461847389
dmel-FBgn0259176	0.0816216216216217	0.0769729729729729	0.0578378378378377	0.0390270270270269
dmel-FBgn0259178	0.173722627737226	0.173722627737226	0.0905109489051096	0.0671532846715327
dmel-FBgn0259183	0.598360655737705	0	0	0
dmel-FBgn0259184	0.434490481522957	0	0	0
dmel-FBgn0259188	0	0	0	0
dmel-FBgn0259192	0	0	0	0
dmel-FBgn0259198	0.594594594594595	0	0	0
dmel-FBgn0259200	0	0	0	0
dmel-FBgn0259202	0	0	0	0
dmel-FBgn0259204	0	0	0	0
dmel-FBgn0259209	0.0998189811223172	0.221618825963279	0.0411171450737005	0
dmel-FBgn0259211	0.0436560432952495	0.0774503908598918	0	0
dmel-FBgn0259212	0.0475993377483444	0.0475993377483444	0.0250413907284768	0.0161423841059603
dmel-FBgn0259213	0.051980198019802	0	0	0
dmel-FBgn0259214	0.0332877726522012	0.0425422860071758	0.0156614841391878	0.0152913036049889
dmel-FBgn0259216	0.0350808809198987	0.141297992594036	0.00253361917754823	0
dmel-FBgn0259219	0.109478838754809	0.336481287163344	0.00279818118223155	0.00664568030779992
dmel-FBgn0259221	0.0512246117084825	0.0549581839904422	0.0185185185185185	0.00597371565113499
dmel-FBgn0259222	0.228915662650603	0	0	0
dmel-FBgn0259224	0.0360318203088442	0.0042115114646701	0	0.0711277491810948
dmel-FBgn0259226	0.0457516339869281	0.0697167755991288	0	0
dmel-FBgn0259227	0.0507472491377895	0.098045656101166	0.0331745771062572	0.00919691246510102
dmel-FBgn0259228	0.0374741200828157	0.0347826086956522	0.022360248447205	0.0153209109730849
dmel-FBgn0259229	0.121555915721232	0.0518638573743924	0.0713128038897894	0
dmel-FBgn0259233	0	0.1	0	0
dmel-FBgn0259234	0.205445544554455	0.106435643564357	0.126237623762376	0.0495049504950494
dmel-FBgn0259236	0.0590790616854907	0.0311033883579496	0.00677671589921807	0.00382276281494353
dmel-FBgn0259237	0.0620567375886524	0	0.0685579196217494	0
dmel-FBgn0259238	0.0384887152416975	0.0160023276112889	0.041481358327445	0.0483810632195852
dmel-FBgn0259239	0.523809523809524	0	0	0
dmel-FBgn0259241	0.510204081632653	0	0	0
dmel-FBgn0259242	0.306451612903226	0.161290322580645	0	0
dmel-FBgn0259243	0.028777675500218	0.034542900053292	0.0158907029698173	0.0132261033864638
dmel-FBgn0259244	0.0550672182006204	0.0783350568769389	0.00206825232678387	0
dmel-FBgn0259245	0.516129032258064	0	0	0
dmel-FBgn0259246	0.164420485175202	0.00808625336927224	0.00808625336927224	0
dmel-FBgn0259247	0.036020076764098	0.0899025686448184	0.00147623265426631	0.0070859167404783
dmel-FBgn0259481	0.0273721582775009	0.0276584779247552	0.0772490408291818	0.00944854835938842
dmel-FBgn0259482	0.0535585909417685	0.0851905104241553	0.0222861250898634	0.040079079798706
dmel-FBgn0259483	0.0687693498452012	0.0660990712074303	0.0340557275541795	0.0138544891640866
dmel-FBgn0259676	0.0892018779342722	0.045774647887324	0.0199530516431925	0
dmel-FBgn0259677	0.216	0.0319999999999999	0	0
dmel-FBgn0259678	0.0216811025766738	0.0773546875851173	0.0417279511902816	0
dmel-FBgn0259680	0.134831460674157	0.348314606741573	0.0393258426966292	0
dmel-FBgn0259682	0.0340622750179986	0.00638948884089274	0.00211483081353493	0.136519078473722
dmel-FBgn0259685	0.075017568517217	0.0808151791988754	0.0265284609978918	0.00983836964160227
dmel-FBgn0259697	0.00657894736842105	0	0	0
dmel-FBgn0259699	0	0	0	0
dmel-FBgn0259700	0	0	0	0
dmel-FBgn0259701	0.390539721043057	0	0	0
dmel-FBgn0259704	0.0405764125900645	0.0350777398558969	0.0248388320060675	0.0168752370117558
dmel-FBgn0259705	0.198973042362003	0.116816431322208	0.129653401797176	0.0577663671373556
dmel-FBgn0259707	0.106803797468354	0.0577531645569619	0.0332278481012658	0
dmel-FBgn0259710	0.43984962406015	0	0	0
dmel-FBgn0259711	0.0417182252077073	0.0503800601025278	0.0358847445642567	0.016439809086088
dmel-FBgn0259712	0	0	0	0
dmel-FBgn0259714	0.0662047729022325	0	0	0.355658198614318
dmel-FBgn0259715	0.046875	0.0444711538461539	0	0
dmel-FBgn0259716	0.0346127763461278	0.00138342601383426	0	0.226719110267191
dmel-FBgn0259717	0	0	0	0
dmel-FBgn0259718	0	0	0	0
dmel-FBgn0259720	0	0	0	0
dmel-FBgn0259721	0	0	0	0
dmel-FBgn0259722	0.023218948153674	0.0410294666169341	0.0276948899664304	0.022845953002611
dmel-FBgn0259726	0	0	0	0
dmel-FBgn0259727	0	0	0	0
dmel-FBgn0259728	0	0	0	0
dmel-FBgn0259729	0.385146804835925	0	0	0
dmel-FBgn0259734	0.0281288218507949	0.0238483489604566	0.0584997961679576	0.00122299225438239
dmel-FBgn0259735	0.0443447274646958	0.0372178962650125	0.0230962122211957	0.0187409264880559
dmel-FBgn0259736	0.0413613215749597	0.174947211526519	0.00459570239721775	0.00844615575704882
dmel-FBgn0259737	0.580419580419581	0	0	0
dmel-FBgn0259739	0.267184288650377	0	0	0.0013701758392327
dmel-FBgn0259740	0.0530327087964433	0.0556261246956705	0.0283687943262412	0.0126495183656187
dmel-FBgn0259741	0.407272727272727	0	0	0.123636363636363
dmel-FBgn0259742	0.173973880597015	0.0424440298507463	0.023554104477612	0.0219216417910447
dmel-FBgn0259745	0.0987045033929673	0.0265268352868599	0.0178901912399753	0.00370141887723628
dmel-FBgn0259749	0.0570242765364716	0.0482119506509751	0.0590141565751322	0.0289953948490534
dmel-FBgn0259785	0.0765968495759044	0.0566037735849057	0.0292539380301195	0.0135018175523628
dmel-FBgn0259789	0.139620330679731	0.028169014084507	0	0
dmel-FBgn0259791	0.287730727470141	0.014115092290988	0	0
dmel-FBgn0259794	0.387385321100917	0	0	0
dmel-FBgn0259795	0.381453231633882	0	0	0.00148534725010036
dmel-FBgn0259817	0.476923076923077	0	0	0
dmel-FBgn0259818	0.178707224334601	0.0456273764258555	0.0228136882129277	0
dmel-FBgn0259821	0.0712530712530713	0.0638820638820639	0	0
dmel-FBgn0259822	0.0557620817843866	0.0557620817843866	0.0123915737298637	0
dmel-FBgn0259823	0.174273858921162	0	0	0
dmel-FBgn0259824	0.0450693847476359	0.0566130418764584	0.0663146260591919	0.0196487780916124
dmel-FBgn0259832	0.0416475972540045	0.0759725400457666	0.0347826086956521	0.0425629290617849
dmel-FBgn0259834	0.0652449324324325	0.00675675675675678	0.149704391891892	0.0177364864864865
dmel-FBgn0259876	0.147590361445783	0.0519578313253012	0.0213353413654618	0.0122991967871486
dmel-FBgn0259878	0.0266666666666667	0.0133333333333333	0	0
dmel-FBgn0259896	0.0418263440271542	0.0395269900361326	0	0.0303295740720464
dmel-FBgn0259916	0.0221317040054311	0.0256619144602851	0.0172437202987101	0.0257976917854718
dmel-FBgn0259917	0.580402010050251	0	0	0
dmel-FBgn0259922	0.315589353612167	0	0	0
dmel-FBgn0259923	0.0473757547607989	0.0102183000464468	0.0501625638643753	0
dmel-FBgn0259927	0.107664233576643	0.0145985401459854	0.0401459854014598	0
dmel-FBgn0259932	0	0	0	0
dmel-FBgn0259933	0	0	0	0
dmel-FBgn0259935	0.156976744186047	0.0523255813953489	0	0
dmel-FBgn0259936	0.244224422442244	0.1996699669967	0	0.0610561056105609
dmel-FBgn0259937	0.0487461917037732	0.0353878603234122	0.0255448793063042	0.00453089602374814
dmel-FBgn0259938	0.0633783024170881	0.054665542439573	0.0363968521641371	0.0479201798763352
dmel-FBgn0259950	0.432412638627328	0.0757480644486292	0	0
dmel-FBgn0259977	0.0752508361204014	0.0392976588628764	0.020066889632107	0
dmel-FBgn0259978	0.0694066570188134	0.0633285094066571	0.0188133140376266	0.0196816208393632
dmel-FBgn0259979	0.038977223893425	0.0448073341928092	0.0376307119323879	0.0729551640166166
dmel-FBgn0259982	0.066025641025641	0.0705128205128206	0.0455128205128206	0
dmel-FBgn0259984	0.0637171165015373	0.030064912880082	0.0512470105910489	0.0562008882815171
dmel-FBgn0259985	0.0813715455475947	0.0578300921187308	0.0122824974411464	0.0245649948822927
dmel-FBgn0259986	0.40174672489083	0.0829694323144104	0	0
dmel-FBgn0259990	0	0	0	0
dmel-FBgn0259991	0	0	0	0
dmel-FBgn0259992	0.0079713493530499	0	0.00450554528650647	0
dmel-FBgn0259993	0.258763292634896	0.110673493501379	0.068924773532887	0.0169358014966522
dmel-FBgn0259994	0.134358288770054	0.0140374331550802	0.00868983957219252	0
dmel-FBgn0259998	0.205189662359316	0	0.694039182992914	0
dmel-FBgn0260000	0.027027027027027	0	0.143313054752169	0
dmel-FBgn0260003	0.0481612555777811	0.0433912909678412	0.0332358824434529	0.0104631481766426
dmel-FBgn0260004	0.0615982241953385	0.197558268590456	0.0288568257491675	0
dmel-FBgn0260005	0.0911492734478203	0.0422721268163806	0	0
dmel-FBgn0260006	0.0336475707034082	0.0211747643219725	0	0.00435097897026831
dmel-FBgn0260007	0.610714285714286	0	0	0
dmel-FBgn0260008	0.0859197577592734	0.129068887206662	0.185087055261166	0.0915972747918244
dmel-FBgn0260012	0.0671085335542667	0.0573736536868268	0.0302402651201326	0.0223695111847556
dmel-FBgn0260026	0.0643939393939394	0.019570707070707	0.0183080808080808	0.0183080808080808
dmel-FBgn0260027	0.0952380952380954	0.0669240669240668	0.194337194337194	0.137709137709138
dmel-FBgn0260049	0.0357454063269558	0.0779693123697669	0.0229020647849971	0.00850539874976323
dmel-FBgn0260222	0	0	0	0
dmel-FBgn0260226	0.0392658808833591	0.38915072534634	2.20860307396457e-05	8.83441229585829e-05
dmel-FBgn0260229	0	0	0	0
dmel-FBgn0260233	0	0	0	0
dmel-FBgn0260243	0.0653876272513702	0.0691072826938138	0.0272122161315583	0.0291699295223179
dmel-FBgn0260386	0.0267062314540059	0.0677097383328838	0	0
dmel-FBgn0260388	0.0168136714443219	0.00312385152517456	0.0146085997794928	0.041896361631753
dmel-FBgn0260390	0	0	0	0
dmel-FBgn0260393	0.0133241284086987	0	0.0486710390058682	0
dmel-FBgn0260397	0.0649895178197065	0.060796645702306	0.0293501048218029	0.0222222222222223
dmel-FBgn0260398	0	0	0	0
dmel-FBgn0260399	0.0594965675057209	0.0143837855508336	0.00653808434128801	0.0676691729323309
dmel-FBgn0260400	0.104928457869634	0.0148383677795442	0.00582935877053524	0.00476947535771065
dmel-FBgn0260401	0	0	0	0
dmel-FBgn0260407	0.0524271844660194	0.0907073509015257	0.0388349514563107	0.0191400832177531
dmel-FBgn0260428	0.615482233502538	0	0	0
dmel-FBgn0260429	0.121527777777778	0.0694444444444445	0.0555555555555556	0.284722222222222
dmel-FBgn0260431	0.302752293577982	0	0.192660550458716	0
dmel-FBgn0260439	0.0698568095521296	0.0718239626698387	0.0480122603961755	0.0301935129694863
dmel-FBgn0260440	0.31578947368421	0	0.118421052631579	0
dmel-FBgn0260441	0.0429850669013173	0.0471311369341856	0.0328269365149201	0.0424519268097001
dmel-FBgn0260442	0.0458397534668721	0.0515322718712549	0.0549135422016778	0.0159219311761685
dmel-FBgn0260444	0.0662125340599455	0.0817438692098092	0.0373297002724796	0.0242506811989101
dmel-FBgn0260446	0.189781021897811	0.0437956204379563	0	0
dmel-FBgn0260450	0.074034620505992	0.077762982689747	0.0271637816245007	0
dmel-FBgn0260451	0	0	0	0
dmel-FBgn0260452	0.6016713091922	0	0	0
dmel-FBgn0260455	0	0	0	0
dmel-FBgn0260456	0.0593581368929282	0.0749786992331724	0.0340812269241693	0.0238568588469185
dmel-FBgn0260458	0	0	0	0
dmel-FBgn0260459	0.381679389312977	0	0	0
dmel-FBgn0260460	0.0705454545454546	0.0940606060606059	0.0407272727272727	0.0303030303030303
dmel-FBgn0260461	0.354330708661417	0	0	0
dmel-FBgn0260462	0.0250646543073244	0.0244052090441485	0.122588007271101	0.00922076507119142
dmel-FBgn0260464	0	0	0	0
dmel-FBgn0260466	0	0	0	0
dmel-FBgn0260467	0	0	0	0
dmel-FBgn0260468	0	0	0	0
dmel-FBgn0260470	0	0	0	0
dmel-FBgn0260474	0.0320404721753794	0	0	0.420573355817875
dmel-FBgn0260477	0	0	0	0
dmel-FBgn0260479	0.0557491289198606	0.0313588850174216	0.27177700348432	0.104529616724739
dmel-FBgn0260480	0.615241635687733	0	0	0
dmel-FBgn0260481	0.578947368421052	0.030852994555354	0	0
dmel-FBgn0260482	0.0287179487179487	0	0.0994871794871793	0
dmel-FBgn0260484	0.0686963309914129	0.215456674473068	0.0718188914910227	0.128024980483997
dmel-FBgn0260486	0.0775193798449612	0.0791513667890657	0.0338637290901673	0.0032639738882089
dmel-FBgn0260487	0	0.5	0	0
dmel-FBgn0260499	0.473333333333333	0.0666666666666665	0	0
dmel-FBgn0260632	0.0337281443880429	0.0761421319796955	0.0339537507050196	0.00597856739988721
dmel-FBgn0260634	0.169746665034879	0.0261901847999021	0.0280259454167177	0.016032309386856
dmel-FBgn0260635	0.0334735491230572	0.0317624411806645	0.0528839298445744	0.0160059888777984
dmel-FBgn0260639	0.0814419225634181	0.0517356475300399	0.0236982643524699	0.0115153538050734
dmel-FBgn0260642	0.0414798206278027	0.0369955156950673	0.00336322869955157	0.0534379671150972
dmel-FBgn0260643	0.552083333333333	0	0	0
dmel-FBgn0260644	0.541832669322709	0	0	0
dmel-FBgn0260648	0.0366782006920415	0.0422145328719723	0.013840830449827	0
dmel-FBgn0260653	0.0462619300106045	0.0679480381760339	0.00408271474019088	0.000609756097560976
dmel-FBgn0260655	0.0652972972972975	0.0592432432432432	0.0473513513513513	0.0205405405405406
dmel-FBgn0260657	0.157635467980296	0	0	0
dmel-FBgn0260658	0.0134529147982063	0.00336322869955157	0.0112107623318385	0
dmel-FBgn0260659	0.0419146825396827	0.0882936507936507	0.0358382936507936	0.0359623015873016
dmel-FBgn0260660	0.050148746281343	0.106034849128772	0.0167870803229919	0.0110497237569061
dmel-FBgn0260718	0.595238095238096	0	0	0
dmel-FBgn0260720	0.364705882352941	0.11764705882353	0	0
dmel-FBgn0260722	0.102156461514245	0.230442310719345	0.0905084212183222	0.058082795529671
dmel-FBgn0260741	0.0987514188422248	0.112939841089671	0.0385925085130534	0.0374574347332577
dmel-FBgn0260742	0.0501408450704225	0.0518309859154929	0.031774647887324	0.0267042253521127
dmel-FBgn0260743	0.0209965005832361	0.0184413708826307	0.00972060212186857	0.0813753263344997
dmel-FBgn0260744	0.021710129959549	0.0193433169808073	0.0208279542129271	0.0783199931147256
dmel-FBgn0260745	0.138237455735952	0.121066345961114	0.0233179661922896	0.191822008418521
dmel-FBgn0260746	0.026890756302521	0.00598739495798319	0.00367647058823531	0.131512605042017
dmel-FBgn0260747	0.0578521052999092	0.0879477690105439	0.04077927519028	0.00893792332937643
dmel-FBgn0260748	0.0466476676166193	0.0605969701514925	0.031498425078746	0.016049197540123
dmel-FBgn0260749	0.0488050314465407	0.0862893081761007	0.0230188679245283	0.0270440251572327
dmel-FBgn0260750	0.127077747989276	0.0793565683646112	0.0546916890080429	0.0337801608579088
dmel-FBgn0260753	0.0686567164179105	0	0.0208955223880597	0.0238805970149254
dmel-FBgn0260755	0.113224475148035	0.0597523775345416	0.0400143549255338	0.0383994258029786
dmel-FBgn0260756	0.170890658942795	0.17632150615496	0.138305575669804	0.0391020999275887
dmel-FBgn0260758	0.556981519507187	0	0	0.0333675564681725
dmel-FBgn0260759	0	0	0	0
dmel-FBgn0260760	0	0	0	0
dmel-FBgn0260761	0	0	0	0
dmel-FBgn0260764	0	0.114880493446415	0	0
dmel-FBgn0260766	0	0	0	0
dmel-FBgn0260767	0	0	0	0
dmel-FBgn0260768	0.165079365079365	0.172486772486772	0.0380952380952381	0
dmel-FBgn0260771	0.184031158714703	0.193768257059396	0.0681596884128529	0.0662122687439144
dmel-FBgn0260775	0	0	0	0
dmel-FBgn0260776	0.328516377649326	0	0	0
dmel-FBgn0260777	0.618556701030929	0	0	0
dmel-FBgn0260779	0.0941176470588236	0.0419117647058824	0.0308823529411765	0.0169117647058824
dmel-FBgn0260789	0.083866382373845	0.0511727078891258	0.0220326936744847	0.0113717128642502
dmel-FBgn0260793	0.155303030303031	0.0113636363636364	0	0
dmel-FBgn0260794	0.0902798806073453	0.0513474931868322	0.0413548470822339	0.038845871004023
dmel-FBgn0260795	0.0978500551267913	0.0270121278941566	0.0071664829106946	0
dmel-FBgn0260798	0.0437762357577314	0.0647648419429452	0.0196179216996487	0.0228732973528656
dmel-FBgn0260799	0.108375667578481	0.161000390777648	0.0634362381138465	0.125830402500977
dmel-FBgn0260817	0.0485812553740328	0.0395528804815134	0.0219260533104041	0.0159071367153912
dmel-FBgn0260855	0.042406398312533	0.0569520126560028	0.028256284056952	0.0346721743715943
dmel-FBgn0260856	0.0672469704727768	0.0604198668714798	0.0267963816350913	0.0399385560675883
dmel-FBgn0260857	0.0328549317574223	0.0377093006894612	0.0162515829463909	0.0215984240889263
dmel-FBgn0260858	0.0400926232219649	0.0623221964935495	0.0379093615613629	0.0227588488256699
dmel-FBgn0260859	0.0224612838396974	0.0261260196240691	0.0112306419198487	0.0144225085707531
dmel-FBgn0260860	0.0123744475693049	0.0308557653676175	0.0139011651265569	0.020249096022499
dmel-FBgn0260861	0.0502415458937198	0.078502415458937	0.0487922705314009	0.0463768115942029
dmel-FBgn0260862	0.0322132740905305	0.0441544015551236	0.0349902804776451	0.0213829491807832
dmel-FBgn0260866	0.133962264150943	0.218553459119497	0.166981132075472	0.0286163522012578
dmel-FBgn0260874	0.0627615062761506	0	0	0
dmel-FBgn0260932	0.0631364562118124	0	0	0
dmel-FBgn0260933	0.372549019607843	0.104575163398693	0.0392156862745098	0
dmel-FBgn0260934	0.0382570503929728	0.0360032362459547	0.052588996763754	0.0195908460471567
dmel-FBgn0260935	0.0476689366160293	0.0775275013095862	0.0780513357778941	0.0272393923520168
dmel-FBgn0260936	0.0435932083896363	0.059220962340638	0.0659185711767816	0.0178015392750132
dmel-FBgn0260938	0.165833333333334	0.155416666666666	0.0970833333333335	0.0658333333333334
dmel-FBgn0260940	0.0429511603740907	0.0654658815379286	0.0557672324211985	0.0270176653966055
dmel-FBgn0260941	0.0465986394557823	0.0316326530612245	0.0683673469387755	0.0142857142857143
dmel-FBgn0260942	0.184128952262864	0.0300681959082455	0.00712957222566646	0
dmel-FBgn0260943	0.157809983896941	0.00483091787439614	0	0
dmel-FBgn0260944	0.0443087971274687	0.0459605026929981	0.0258527827648115	0.00947935368043088
dmel-FBgn0260945	0.0423625254582486	0.0415478615071283	0.0807535641547861	0.0287169042769858
dmel-FBgn0260955	0.0913926499032882	0	0	0.491295938104449
dmel-FBgn0260959	0.117421987926197	0.0982909616529206	0.046934784457104	0.0119037496811496
dmel-FBgn0260960	0.0257210770922766	0.0674779153510483	0.0120268208748714	0.00833717671266896
dmel-FBgn0260962	0.0940860215053765	0.0813172043010751	0.0315860215053764	0.0246975806451613
dmel-FBgn0260964	0.0371024734982332	0	0.00795053003533569	0
dmel-FBgn0260965	0.252380952380952	0.128571428571429	0.0571428571428572	0.0357142857142857
dmel-FBgn0260967	0.591397849462366	0	0	0
dmel-FBgn0260968	0.445255474452555	0	0	0
dmel-FBgn0260969	0.211246200607903	0	0	0
dmel-FBgn0260970	0.078302642113691	0.0587670136108886	0.033626901521217	0.0408326661329063
dmel-FBgn0260971	0.5	0	0	0
dmel-FBgn0260972	0.031565056743204	0.0629717603589338	0.058590657165479	0.0269200316706255
dmel-FBgn0260985	0.100054525627044	0.0621592148309706	0.0288985823336968	0.0079062159214831
dmel-FBgn0260986	0.141133896260555	0.0325693606755127	0	0
dmel-FBgn0260987	0.122363478763363	0.215400173360301	0.0716555908696907	0.070933256284311
dmel-FBgn0260990	0.0550738223576284	0.0821420201546755	0.0574173892664634	0.0253105226154207
dmel-FBgn0260991	0.126324835290748	0.0478372959037526	0.014036092810083	0
dmel-FBgn0260995	0.504273504273505	0	0	0
dmel-FBgn0260996	0.344273275284661	0	0	0
dmel-FBgn0260997	0	0.523076923076923	0	0
dmel-FBgn0261004	0.334736842105263	0.122105263157895	0.0410526315789474	0.00842105263157896
dmel-FBgn0261014	0.043905196324583	0.0917934089624439	0.0422291746085997	0.0218737265521275
dmel-FBgn0261015	0.476744186046511	0.0813953488372094	0	0.0232558139534883
dmel-FBgn0261016	0.148387096774194	0.0580645161290322	0.0516129032258065	0.0322580645161291
dmel-FBgn0261020	0.046077018121911	0.0318163097199341	0.0439147446457989	0.0368101317957166
dmel-FBgn0261041	0.243243243243243	0.0518018018018018	0	0.00900900900900898
dmel-FBgn0261046	0.194092827004219	0	0	0
dmel-FBgn0261049	0.039119804400978	0.0529006445876861	0.0444543231829296	0.018893087352745
dmel-FBgn0261053	0.0783783783783784	0.0371621621621621	0.0135135135135135	0.00472972972972972
dmel-FBgn0261064	0.0806613226452904	0.0713927855711423	0.0558617234468938	0.0177855711422846
dmel-FBgn0261065	0.0767211201866978	0.0723453908984831	0.028879813302217	0.0230455075845974
dmel-FBgn0261067	0.0510136624063463	0.0845085940943147	0.0380123402379903	0.0315116791538122
dmel-FBgn0261068	0.0470960536113179	0.0467237527922562	0.0279225614296352	0.0137751303052867
dmel-FBgn0261085	0.484848484848484	0	0	0
dmel-FBgn0261086	0.255172413793103	0	0	0
dmel-FBgn0261089	0.0214424951267056	0	0.043859649122807	0.0380116959064328
dmel-FBgn0261090	0.111111111111111	0	0.0714285714285714	0
dmel-FBgn0261108	0.0559428668593778	0.056452984186363	0.0251657881312702	0.0292467267471518
dmel-FBgn0261109	0.119163242435562	0.0702278670153157	0.0283899887934255	0.0156892043332088
dmel-FBgn0261111	0.0920245398773006	0.0868334119867862	0.0693723454459651	0.0264275601698915
dmel-FBgn0261112	0.162311557788945	0.0391959798994975	0.0128978224455612	0.00820770519262981
dmel-FBgn0261113	0.0299169508010988	0.076379610726921	0.0361162475015764	0.020917282142819
dmel-FBgn0261119	0.0663202516067279	0.0730206481608096	0.0269383290031451	0.0140845070422535
dmel-FBgn0261238	0.096484375	0.08671875	0.02421875	0.02578125
dmel-FBgn0261239	0.0516936671575847	0.049337260677467	0.0278350515463918	0.0234167893961708
dmel-FBgn0261241	0.0582669322709163	0.0620849933598939	0.0433266932270916	0.0419986719787516
dmel-FBgn0261243	0.0677474837558924	0.0974327939864954	0.0254809529876418	0.0197795897566569
dmel-FBgn0261244	0.0371935756551141	0.0426880811496197	0.032967032967033	0.00211327134404058
dmel-FBgn0261258	0.0593170270589624	0.0600259955098664	0.00425381070542361	0.00259955098664776
dmel-FBgn0261260	0.233113673805601	0.178747940691927	0.0436573311367381	0.0041186161449753
dmel-FBgn0261261	0.0562442183163736	0.13950046253469	0.00333024976873266	0
dmel-FBgn0261262	0.0342019543973942	0	0	0
dmel-FBgn0261266	0.0427446569178854	0	0	0
dmel-FBgn0261267	0.554778554778555	0	0	0
dmel-FBgn0261268	0.116922584772873	0.0678982725527831	0.0337492002559182	0.019593730006398
dmel-FBgn0261269	0.0369142684948019	0.0858821756817839	0	0
dmel-FBgn0261270	0.064427600627287	0.0526006272869837	0.0191453214845792	0.0105201254573968
dmel-FBgn0261274	0.0444008559201141	0.0358416547788873	0.0285306704707561	0.0183666191155492
dmel-FBgn0261276	0.0659824046920821	0.0827881795623732	0.0376720054139408	0.0323708549515001
dmel-FBgn0261277	0.0219315422573823	0.0462912195504034	0	0
dmel-FBgn0261278	0.098209209778283	0.0803013075611141	0.0289937464468448	0.00667993177942014
dmel-FBgn0261279	0.170725180626171	0.124966550709125	0.146909285523147	0.054054054054054
dmel-FBgn0261283	0.041097901071481	0.054014384265375	0.0442291697245462	0.016977347228338
dmel-FBgn0261284	0.0572337042925278	0.0611199434728847	0	0.0194311959017841
dmel-FBgn0261285	0.056551375915173	0.066397374400404	0.0275183034587225	0.0320626104519061
dmel-FBgn0261286	0.100338983050847	0.0549152542372882	0.0352542372881355	0.00949152542372882
dmel-FBgn0261287	0.585112521638777	0	0	0.00403923831506059
dmel-FBgn0261341	0.0598264838216615	0.0568556112893156	0.00363824244903231	0.000473617360229059
dmel-FBgn0261349	0.549188156638014	0.0152817574021012	0	0.0114613180515759
dmel-FBgn0261362	0.313143193178477	0.166715671861217	0	0.0246986180535137
dmel-FBgn0261373	0.0681038706516413	0.121019108280255	0.041156295933366	0.0671239588437041
dmel-FBgn0261380	0.0739538239538239	0.0800865800865801	0.0454545454545454	0.0223665223665224
dmel-FBgn0261381	0	0	0	0
dmel-FBgn0261383	0.0826271186440678	0.0601694915254237	0.036864406779661	0.0271186440677966
dmel-FBgn0261385	0.129680616740088	0.0341409691629956	0.0206497797356828	0.00165198237885463
dmel-FBgn0261387	0.0456873180038157	0.0336379154533589	0.0208856310874586	0.0150617531880711
dmel-FBgn0261393	0.0168795391935887	0.0166291009266216	0.0397195091409967	0.00926621587778612
dmel-FBgn0261394	0.0328818253856579	0.129038947189122	0.0464714987150909	0.0105384769197728
dmel-FBgn0261395	0.295660948536832	0	0	0
dmel-FBgn0261396	0.0387170261236133	0.111733270880794	0.043039025740382	0.010954033511465
dmel-FBgn0261397	0.130050286110629	0.0232356511184325	0.0523669152072136	0.00936362059996531
dmel-FBgn0261403	0.0418809309229708	0.0626623548746223	0.0308010390711976	0.0329215925356518
dmel-FBgn0261429	0.52	0	0	0
dmel-FBgn0261436	0.0494494881205332	0.0450067606722039	0.0989955572725518	0.0523469190650957
dmel-FBgn0261437	0.0413722652592151	0.0755086405039585	0.040520984081042	0.0320933004171278
dmel-FBgn0261439	0.0758291405688468	0.0516993531163364	0.0290070849163158	0.00764965602217887
dmel-FBgn0261444	0.0675954592363261	0.0462676298589611	0.0457516339869281	0.0190918472652219
dmel-FBgn0261445	0.049804275820536	0.031496537187594	0.0931044866004214	0.0278229448961156
dmel-FBgn0261446	0.0142100863750348	0.00835887433825578	0	0
dmel-FBgn0261456	0.0565251660849002	0.0743159554104268	0.0237585857448485	0.033442179934692
dmel-FBgn0261458	0.0454366174962531	0.0976768951644711	0.046639583497673	0.0087954563382504
dmel-FBgn0261461	0.0473425636444842	0.0448861098704779	0.0605180884323358	0.0455560518088432
dmel-FBgn0261477	0.0781494793106627	0.0705004147083218	0.0257119159524468	0.0243295548797346
dmel-FBgn0261479	0.0889712696941612	0.0699721964782206	0.0485016991041089	0.0148285449490269
dmel-FBgn0261502	0.340148698884758	0	0	0
dmel-FBgn0261503	0.217391304347826	0	0.246376811594203	0
dmel-FBgn0261506	0.502347417840376	0	0	0
dmel-FBgn0261507	0.529411764705883	0	0	0
dmel-FBgn0261508	0.470335339638865	0	0	0
dmel-FBgn0261509	0.045977011494253	0.136269214790195	0.00276969948760559	0.000969394820661956
dmel-FBgn0261514	0.102990033222592	0	0	0
dmel-FBgn0261522	0.560069144338807	0	0	0
dmel-FBgn0261523	0.564885496183206	0	0	0
dmel-FBgn0261524	0.0515313563441905	0.0775401069518718	0.0371900826446281	0.0235780262518231
dmel-FBgn0261526	0.325842696629214	0.146067415730337	0	0
dmel-FBgn0261529	0.386776859504132	0	0	0.00165289256198347
dmel-FBgn0261530	0.0754975978037062	0.0576527110501029	0.0374056280027453	0.0205902539464653
dmel-FBgn0261531	0.585540443808161	0	0	0
dmel-FBgn0261532	0.0649612924941099	0.0678222820599123	0.0299562436889936	0.0452709525412319
dmel-FBgn0261534	0	0	0	0
dmel-FBgn0261535	0.0686337395766518	0.0628608082103913	0.0365618986529827	0.018601667735728
dmel-FBgn0261545	0.0442088091353996	0.0419249592169657	0.0202283849918434	0.0575856443719414
dmel-FBgn0261547	0.0325983753560502	0.0289060027429054	0.0353412807258151	0.0435699968351093
dmel-FBgn0261548	0.0370506505917812	0.0586635301036536	0.0178637065353231	0.0141880467543924
dmel-FBgn0261549	0.0616264294790342	0.139135959339263	0.00444726810673443	0
dmel-FBgn0261550	0.0722662440570523	0.0362916006339144	0.0386687797147385	0.00633914421553089
dmel-FBgn0261552	0.0398006134969325	0.0314417177914111	0.0227760736196319	0.0167944785276074
dmel-FBgn0261553	0.0455858085808581	0.0643564356435644	0.0442106710671066	0.0101072607260726
dmel-FBgn0261554	0.0489119969189293	0.0313884074715963	0.0512227999229732	0.0111688811862122
dmel-FBgn0261555	0.0782163742690058	0.0730994152046783	0.0113304093567251	0
dmel-FBgn0261556	0.0414126550346857	0.042673954172798	0.109733025015766	0.00210216523018709
dmel-FBgn0261560	0.0322295692461074	0.087666407647421	0.019558396621998	0.0964816145207165
dmel-FBgn0261561	0.122584943371086	0.103797468354431	0.00159893404397069	0
dmel-FBgn0261562	0.0390295358649789	0.0766526019690578	0.0330520393811533	0.0130098452883263
dmel-FBgn0261563	0.0682046138415246	0.0561685055165497	0.0351053159478436	0.00300902708124373
dmel-FBgn0261564	0.0468954248366012	0.0561274509803921	0.031045751633987	0.00727124183006536
dmel-FBgn0261565	0.128437173686043	0.257222415593456	0.0445527323355378	0.0163592064044553
dmel-FBgn0261567	0	0	0	0.623306233062331
dmel-FBgn0261570	0.0435188063413118	0.0447622008082064	0.0355921666148585	0.00714951818464406
dmel-FBgn0261571	0.349264705882353	0	0	0.0735294117647059
dmel-FBgn0261573	0.0672482157018238	0.0436161776367962	0.0223632038065028	0.0118953211736717
dmel-FBgn0261574	0.204844290657439	0.126643598615917	0.0830449826989619	0.057439446366782
dmel-FBgn0261575	0.0408536585365854	0	0.159349593495935	0.00975609756097561
dmel-FBgn0261581	0.583586626139817	0	0	0
dmel-FBgn0261582	0.584569732937685	0	0	0
dmel-FBgn0261583	0.627450980392157	0	0	0
dmel-FBgn0261584	0.116236162361624	0.0387453874538745	0.0119926199261992	0.317343173431735
dmel-FBgn0261587	0.579545454545454	0	0	0
dmel-FBgn0261588	0.397027600849257	0.089171974522293	0	0
dmel-FBgn0261592	0.0410862545906827	0.0485849226528031	0.0245152409717364	0.027241684631238
dmel-FBgn0261593	0.0311702524439559	0.0338080562208002	0.0167420792273566	0.0112309096619685
dmel-FBgn0261596	0.03691915858053	0.0606530369528185	0.0230419830840952	0.0411415898257733
dmel-FBgn0261597	0.0221662847860931	0.0257269177396973	0.0145222189950624	0.0130377254977894
dmel-FBgn0261599	0.0303681570309191	0.0489927467174926	0.021744957115629	0.0458492164337145
dmel-FBgn0261602	0.0428067344394326	0.0546100753727107	0.0201584122991324	0.0221536259768424
dmel-FBgn0261606	0.0440151024561728	0.0480494588093805	0.032582739719691	0.0554561381192468
dmel-FBgn0261608	0.0368982562753679	0.0400160994081767	0.0231315616425931	0.014942971814698
dmel-FBgn0261609	0.0399288346676833	0.0549243868344135	0.020409200660821	0.0181217435506418
dmel-FBgn0261610	0.112126245847176	0.0423588039867109	0.0166112956810631	0.0116279069767442
dmel-FBgn0261611	0.00856598984771573	0.0288705583756345	0.0031725888324873	0
dmel-FBgn0261612	0.045	0.0437500000000001	0.0799999999999999	0
dmel-FBgn0261613	0.144329896907216	0.0360824742268041	0	0
dmel-FBgn0261614	0.572815533980582	0	0	0
dmel-FBgn0261617	0.0860640979474251	0.041591645660785	0.0327691753691034	0.0261073100468131
dmel-FBgn0261618	0.0840071877807727	0.0864031147050014	0.0437256663671758	0.0224618149146451
dmel-FBgn0261624	0.370738636363636	0	0	0
dmel-FBgn0261625	0.115562403697997	0.0319722650231125	0.026964560862866	0.0175269645608629
dmel-FBgn0261627	0.656429942418426	0	0	0
dmel-FBgn0261628	0.240506329113924	0.286919831223629	0	0
dmel-FBgn0261631	0.0933940774487472	0	0.397114654517843	0
dmel-FBgn0261633	0.426294820717131	0	0	0
dmel-FBgn0261634	0.3	0.294029850746269	0	0
dmel-FBgn0261641	0.0829675775166358	0.0907546368398699	0.0182641936854028	0.014583038368965
dmel-FBgn0261647	0.0643722115997451	0.0652220097726788	0.0359039728064584	0.0184831102613129
dmel-FBgn0261648	0.115816767502161	0.0890233362143474	0	0
dmel-FBgn0261649	0.190775681341719	0.0356394129979035	0.00628930817610063	0
dmel-FBgn0261671	0.0493937034152853	0.0288129936589164	0.0492824563355213	0.107575926131939
dmel-FBgn0261673	0.106782106782106	0.0363636363636364	0	0.0715728715728716
dmel-FBgn0261674	0.0396119644300729	0.0563864187550526	0.0458771220695229	0.0365804365400163
dmel-FBgn0261675	0.0138504155124654	0	0.0534463092716311	0
dmel-FBgn0261679	0	0	0	0
dmel-FBgn0261681	0.17735294117647	0	0.352941176470588	0
dmel-FBgn0261682	0.0747913188647747	0	0.0974958263772955	0
dmel-FBgn0261686	0.634523809523811	0	0	0
dmel-FBgn0261698	0.112970711297071	0.0167364016736401	0	0.0794979079497908
dmel-FBgn0261703	0.0232631248035209	0.0242062244577177	0.0213769254951273	0.0122602955045583
dmel-FBgn0261705	0.265625	0.21875	0	0
dmel-FBgn0261710	0.179189750692521	0.160837950138504	0.0896814404432134	0.0393005540166205
dmel-FBgn0261722	0.0326467559217301	0.027600411946447	0.0542224510813594	0.0248197734294542
dmel-FBgn0261723	0	0	0	0
dmel-FBgn0261786	0.0608190709046454	0.0385085574572127	0.0635696821515892	0.0131418092909535
dmel-FBgn0261787	0.0546927751519244	0.0828831870357868	0.0521607022282242	0.024814314652262
dmel-FBgn0261788	0.068081343943413	0.0344827586206896	0.0017683465959328	0
dmel-FBgn0261789	0.0456368257554363	0.0565941824343406	0.026659135837334	0.0151934481784807
dmel-FBgn0261790	0.218811602365531	0.158546888200507	0.079414249507181	0.0321036327794987
dmel-FBgn0261791	0.0348725348725349	0.0479557479557479	0.0237133237133237	0.0102934102934103
dmel-FBgn0261792	0.0450737005430567	0.0666408068269976	0.0196276183087665	0.0141194724592708
dmel-FBgn0261793	0.180793507664563	0.146528403967538	0.084761045987376	0.0662759242560865
dmel-FBgn0261794	0.0259567620513538	0.0434828237598824	0.050339326943259	0.0431330021688939
dmel-FBgn0261797	0.0603922506577373	0.0339631667065296	0.0282229131786654	0.0230806027266204
dmel-FBgn0261799	0.0598290598290598	0	0	0
dmel-FBgn0261800	0.0739581946478498	0.0404739715084543	0.0282918386366663	0.0473305818133404
dmel-FBgn0261801	0.151832460732984	0.0746073298429319	0	0
dmel-FBgn0261802	0.0549789166396367	0.0491404476159584	0.0444372364579954	0.0163801492053195
dmel-FBgn0261803	0.053279950723745	0.121342777948876	0	0
dmel-FBgn0261804	0.5	0	0	0
dmel-FBgn0261805	0	0.305050505050505	0	0.248484848484849
dmel-FBgn0261806	0.639240506329114	0	0	0
dmel-FBgn0261807	0.669172932330827	0	0	0
dmel-FBgn0261808	0.141132776230269	0.0974930362116992	0.122098421541319	0.118384401114206
dmel-FBgn0261811	0.0829068577277379	0.0484476287956328	0.0174002047082907	0.0109177755032412
dmel-FBgn0261816	0.587668593448941	0	0	0
dmel-FBgn0261822	0.0190870672525258	0.0208222551845736	0.0285186532702695	0.0461783885141753
dmel-FBgn0261823	0.0899260102447351	0.0586226522481503	0.0392714854866249	0.0236198064883324
dmel-FBgn0261832	0.447674418604651	0.104651162790698	0	0
dmel-FBgn0261833	0.0297848869277441	0.451185879757309	0	0
dmel-FBgn0261834	0.583333333333334	0	0	0
dmel-FBgn0261835	0.569092657903174	0	0	0
dmel-FBgn0261836	0.0467170644695489	0.0329567654803363	0.0157139216852119	0.0101928140660834
dmel-FBgn0261838	0	0	0	0
dmel-FBgn0261839	0	0	0	0
dmel-FBgn0261840	0	0	0	0
dmel-FBgn0261844	0	0	0	0
dmel-FBgn0261846	0.524193548387097	0	0	0
dmel-FBgn0261847	0.614730878186969	0	0	0
dmel-FBgn0261850	0.0900720576461169	0.0680544435548439	0.0252201761409127	0.0304243394715772
dmel-FBgn0261854	0.0647965231133937	0.052350849466614	0.0493875938364283	0.00948241801659423
dmel-FBgn0261858	0.565656565656565	0	0	0
dmel-FBgn0261859	0.0604810996563574	0.0969072164948454	0.00618556701030928	0.0034364261168385
dmel-FBgn0261862	0.0349127623771146	0.0455584093525817	0.0984323797714994	0.0708528916836418
dmel-FBgn0261871	0.521739130434782	0	0	0
dmel-FBgn0261872	0.163490046590428	0.212621770436255	0.0639559508682761	0.0580262600592969
dmel-FBgn0261873	0.0462390794800767	0.0588109950990837	0.022373748135521	0
dmel-FBgn0261881	0.112892670157068	0.0778795811518324	0.0507198952879581	0.0219240837696335
dmel-FBgn0261882	0.0323541932737335	0.037037037037037	0.0195828011919966	0.0140485312899106
dmel-FBgn0261885	0.088304021645554	0.064567703849465	0.0261960398474972	0.0169720821547165
dmel-FBgn0261928	0.309523809523809	0.0102040816326531	0	0
dmel-FBgn0261930	0.0345454545454546	0	0.148181818181818	0
dmel-FBgn0261931	0.106124604012672	0.0512143611404434	0.0860612460401267	0.0126715945089757
dmel-FBgn0261932	0.0819031359511188	0.23560068290053	0	0
dmel-FBgn0261933	0.0605624943840418	0.0426812831341539	0.0122203252763051	0.00925509929014286
dmel-FBgn0261934	0.121838455262442	0.0552080500407942	0.0247484362251835	0.0228447103617079
dmel-FBgn0261938	0.104444444444444	0.0496296296296296	0.0333333333333333	0.00814814814814816
dmel-FBgn0261953	0.113314447592068	0.0358829084041549	0	0
dmel-FBgn0261954	0.0778475336322871	0.0563228699551571	0.0303139013452914	0.0254708520179372
dmel-FBgn0261955	0.220345207491737	0.0890561880279106	0.163973558575101	0.0279103929489534
dmel-FBgn0261963	0.106074342701723	0.0879419764279238	0	0
dmel-FBgn0261975	0.220159151193634	0.122773777946192	0.0833649109511178	0.0754073512694202
dmel-FBgn0261976	0.0373725934314836	0.0437901094752737	0.0286900717251793	0.0332200830502076
dmel-FBgn0261983	0.0431781701444622	0.0637239165329054	0.0547351524879614	0.0218298555377207
dmel-FBgn0261984	0.121992401857324	0.125369354157872	0.142043056141832	0.113761080624736
dmel-FBgn0261985	0.0442935661170385	0.0165966160146568	0.0990947300355642	0.016919926716241
dmel-FBgn0261986	0.0508646998982706	0.051881993896236	0.0213631739572736	0.0213631739572736
dmel-FBgn0261988	0.0568951930654057	0.0464933018124507	0.0239558707643814	0.0816390858944052
dmel-FBgn0261989	0.0276782158502589	0.00411522633744857	0	0
dmel-FBgn0261990	0.0175432854384185	0.115242365725134	0	0
dmel-FBgn0261992	0.553648068669528	0	0	0
dmel-FBgn0261995	0.111201795551928	0.0665170373393187	0.0681493572740255	0.0642725974290961
dmel-FBgn0261996	0.604294478527607	0	0	0
dmel-FBgn0261998	0.543071161048689	0	0	0
dmel-FBgn0261999	0.0371851259496202	0.124350259896042	0.00799680127948822	0
dmel-FBgn0262002	0.412965616045845	0	0	0.00214899713467049
dmel-FBgn0262004	0.341484716157205	0.045414847161572	0	0
dmel-FBgn0262005	0	0	0	0
dmel-FBgn0262007	0.20368574199806	0	0.312318137730358	0
dmel-FBgn0262009	0	0	0	0
dmel-FBgn0262017	0.506437768240343	0	0	0
dmel-FBgn0262018	0.134453781512605	0	0	0
dmel-FBgn0262020	0.597826086956522	0	0	0
dmel-FBgn0262022	0.492957746478873	0	0	0
dmel-FBgn0262023	0.201927364613784	0.0987464698013182	0	0
dmel-FBgn0262024	0	0	0	0
dmel-FBgn0262025	0.548117154811716	0	0	0
dmel-FBgn0262026	0	0	0	0
dmel-FBgn0262028	0.135849056603773	0	0.358490566037736	0
dmel-FBgn0262029	0.131888544891641	0.060061919504644	0	0.00185758513931889
dmel-FBgn0262030	0.608	0	0	0
dmel-FBgn0262033	0.568245125348189	0	0	0
dmel-FBgn0262035	0.0627407605171822	0.011823486784393	0	0.411686181776574
dmel-FBgn0262036	0.200202224469161	0	0	0.250421300977419
dmel-FBgn0262057	0.0331933451784849	0.0764416087869488	0.0020190599256986	0.0452269423356485
dmel-FBgn0262081	0.0525133389497332	0.064588598708228	0.0245249461761677	0.0106711597865768
dmel-FBgn0262095	0.600461893764434	0	0	0
dmel-FBgn0262097	0.598591549295774	0	0	0
dmel-FBgn0262098	0.644736842105263	0	0	0
dmel-FBgn0262100	0.555929919137466	0	0	0
dmel-FBgn0262101	0.4375	0	0	0
dmel-FBgn0262102	0.259243149195303	0	0	0
dmel-FBgn0262103	0.048718383975556	0.0493973858428111	0.0220675606857919	0.0404006111016805
dmel-FBgn0262104	0.43768115942029	0	0	0
dmel-FBgn0262106	0.5875	0	0	0
dmel-FBgn0262108	0.241025641025641	0.099145299145299	0.102564102564103	0
dmel-FBgn0262109	0.137241307259068	0.155068430700263	0.0923743221039235	0.10488275128456
dmel-FBgn0262111	0.555555555555557	0	0	0
dmel-FBgn0262112	0.0422158780295208	0.10502338577416	0	0.0770819413229666
dmel-FBgn0262114	0.0340107635219816	0.0746074263386823	0.0672842995109724	0.0177917577961811
dmel-FBgn0262115	0.0533345285048404	0.0567407673001076	0.0492111868053066	0.046701326640373
dmel-FBgn0262116	0.0164666124687166	0.0212009628106419	0.0236876922831683	0.0120829547447117
dmel-FBgn0262117	0.0504218975097756	0.0649310557727927	0.0255196542498457	0.0235645194484462
dmel-FBgn0262123	0.455108359133127	0.0309597523219814	0	0.0232198142414861
dmel-FBgn0262124	0.128704939919893	0.189052069425901	0.0867823765020024	0.0694259012016021
dmel-FBgn0262125	0.0615592761711483	0.0722475900558092	0.0281413833925249	0.0320649416539827
dmel-FBgn0262126	0.057154276578737	0.054090061284306	0.0253130828670398	0.0299760191846523
dmel-FBgn0262127	0.0537180389397138	0.0562983814215341	0.0422237860661506	0.0354210649777152
dmel-FBgn0262139	0.114238410596027	0.0604304635761589	0.0157284768211921	0
dmel-FBgn0262141	0	0	0	0.404011461318052
dmel-FBgn0262146	0.0527202696196437	0	0.260712566201252	0
dmel-FBgn0262148	0.115815691158157	0	0.198007471980075	0.141967621419676
dmel-FBgn0262149	0.530864197530863	0	0	0
dmel-FBgn0262160	0.0485154279060741	0.123423248593053	0.00315350281389482	0.0232388899670096
dmel-FBgn0262166	0.0716320716320716	0.0415140415140415	0.0244200244200244	0.00773300773300773
dmel-FBgn0262167	0.172682236376504	0.0969568294409058	0.0155697098372258	0.00141542816702052
dmel-FBgn0262169	0.0825876211782254	0.120059656972409	0.0376584638329604	0.00559284116331096
dmel-FBgn0262351	0.605943152454779	0	0	0
dmel-FBgn0262352	0.556064073226544	0	0	0
dmel-FBgn0262353	0.0846805234795999	0.0985373364126253	0.176289453425712	0.123171670515781
dmel-FBgn0262354	0.224196855775803	0	0	0
dmel-FBgn0262356	0.580459770114942	0	0	0
dmel-FBgn0262360	0.361359570661896	0	0	0
dmel-FBgn0262361	0.571698113207548	0	0	0
dmel-FBgn0262362	0.0377961139206814	0	0	0.377694969390471
dmel-FBgn0262364	0.629482071713148	0	0	0
dmel-FBgn0262366	0.0416161616161616	0	0.0767676767676768	0.193131313131313
dmel-FBgn0262467	0.0509087257756803	0.0407671452957123	0.0188773973290491	0.013555577869264
dmel-FBgn0262473	0.0253871203562171	0.0321658802419086	0.00053166744201502	0.0381471389645776
dmel-FBgn0262475	0.0415708812260536	0.035823754789272	0.0578544061302684	0.00114942528735632
dmel-FBgn0262476	0.201793721973094	0.0448430493273543	0	0
dmel-FBgn0262477	0.12366737739872	0	0	0
dmel-FBgn0262478	0.571056062581486	0	0	0
dmel-FBgn0262479	0.579661016949152	0	0	0
dmel-FBgn0262481	0.0726798360044726	0	0	0.376444278792397
dmel-FBgn0262482	0.602777777777778	0	0	0
dmel-FBgn0262483	0.169398907103825	0.0382513661202186	0	0
dmel-FBgn0262485	0.525939177101968	0	0	0
dmel-FBgn0262486	0.550091074681239	0	0	0
dmel-FBgn0262487	0.494084899095338	0	0	0
dmel-FBgn0262508	0.131729200652529	0.367862969004894	0.0122349102773246	0.00163132137030995
dmel-FBgn0262509	0.0301964839710445	0.0595656670113754	0.00186142709410548	0
dmel-FBgn0262511	0.0264252452642525	0.0428590804285908	0.018106605181066	0.00605814006058139
dmel-FBgn0262512	0.0331592729751925	0.0595627314563738	0.053426716457226	0.0178192354773231
dmel-FBgn0262513	0.463576158940397	0	0	0
dmel-FBgn0262514	0.430555555555555	0	0	0
dmel-FBgn0262515	0.0437109042958959	0.0862884418386695	0.039177437283407	0.0136766853381574
dmel-FBgn0262517	0.0809307030854829	0.127592311583207	0.0575366717248357	0.0290844714213455
dmel-FBgn0262518	0.0443826339339703	0.0587334220179788	0.0290643769903656	0.0262829040190268
dmel-FBgn0262519	0.077049694309453	0.0587082614829911	0.029863614986675	0.0223389245963317
dmel-FBgn0262524	0.0870506712862711	0.0874837592031182	0.0753572975313989	0.0446080554352533
dmel-FBgn0262526	0.432835820895522	0	0	0
dmel-FBgn0262527	0.079574332909784	0.0622617534942822	0.0400254129606099	0.0214421855146124
dmel-FBgn0262529	0.559738134206219	0	0	0
dmel-FBgn0262530	0.55846422338569	0	0	0
dmel-FBgn0262531	0.242400623538582	0.0296180826188621	0	0.416212003117693
dmel-FBgn0262534	0.419753086419752	0	0	0
dmel-FBgn0262535	0.589160839160839	0	0	0
dmel-FBgn0262544	0.461741424802111	0	0	0
dmel-FBgn0262546	0.536977491961415	0	0	0
dmel-FBgn0262559	0.039650609597528	0.0392222851111349	0.0279481727371464	0.0526992091294303
dmel-FBgn0262560	0.0572366022602989	0.0721837404301859	0.0353627415238789	0.010572366022603
dmel-FBgn0262562	0.116987179487179	0.376602564102564	0.0240384615384615	0
dmel-FBgn0262563	0.0205623683884553	0.0276229406664189	0	0.0571039266691442
dmel-FBgn0262566	0.573896353166987	0	0	0
dmel-FBgn0262567	0	0	0	0
dmel-FBgn0262568	0.5895865237366	0	0	0
dmel-FBgn0262570	0.249258160237389	0.0445103857566765	0.0207715133531157	0.204747774480712
dmel-FBgn0262572	0	0.366391184573003	0	0
dmel-FBgn0262574	0.163533834586466	0	0	0.483082706766917
dmel-FBgn0262575	0.547058823529411	0	0	0
dmel-FBgn0262577	0.152876001885903	0.0139085337105139	0	0
dmel-FBgn0262579	0.0291996009515771	0.0249788964776303	0.0557900391374415	0.00897858951730489
dmel-FBgn0262580	0.0585519412381952	0	0.406086044071354	0.0379853095487933
dmel-FBgn0262581	0.275195582144501	0	0	0
dmel-FBgn0262582	0.0632363132363134	0.0412335412335412	0.0240817740817741	0.0195772695772696
dmel-FBgn0262587	0.0936022458628841	0.032136524822695	0	0.307993498817968
dmel-FBgn0262588	0.1248	0	0	0.2768
dmel-FBgn0262592	0.298097251585624	0	0	0
dmel-FBgn0262593	0.0229885057471265	0.0459770114942529	0.00526819923371648	0
dmel-FBgn0262598	0.138157894736842	0	0	0
dmel-FBgn0262599	0	0	0	0
dmel-FBgn0262601	0.0753447695930037	0.063908509922637	0.0281421684045297	0.0103150577418993
dmel-FBgn0262605	0.0153386911595866	0.0493226176808266	0	0
dmel-FBgn0262606	0.423076923076923	0	0	0
dmel-FBgn0262610	0.605405405405406	0	0	0
dmel-FBgn0262611	0.534591194968553	0	0	0
dmel-FBgn0262612	0.570621468926554	0	0	0
dmel-FBgn0262613	0.548209366391184	0	0	0
dmel-FBgn0262614	0.0638784292630445	0.0660301237224315	0.0122377622377622	0.054733727810651
dmel-FBgn0262616	0.618217054263565	0	0	0
dmel-FBgn0262617	0.039775691184142	0.0743348982785603	0.0181272822117892	0.00130412102243088
dmel-FBgn0262619	0.248945147679325	0.168776371308017	0.0843881856540083	0
dmel-FBgn0262620	0.543859649122808	0	0	0
dmel-FBgn0262624	0.0568206001276867	0.11406682272824	0.00468184720153224	0
dmel-FBgn0262631	0.100642398286938	0.269807280513918	0	0.15203426124197
dmel-FBgn0262636	0.144194756554307	0	0	0
dmel-FBgn0262647	0.152370990237099	0.0585774058577406	0.0223152022315202	0.0153417015341702
dmel-FBgn0262656	0.0386386386386386	0.0238238238238238	0.00760760760760763	0.0036036036036036
dmel-FBgn0262681	0.661290322580645	0	0	0
dmel-FBgn0262682	0.538002980625932	0	0	0
dmel-FBgn0262683	0	0	0	0
dmel-FBgn0262685	0	0	0.102803738317757	0
dmel-FBgn0262686	0	0.438202247191011	0	0
dmel-FBgn0262687	0.582804792107118	0	0	0
dmel-FBgn0262690	0.622489959839358	0	0	0
dmel-FBgn0262699	0.0750438853130486	0.0491515506143944	0.0661205383265069	0.0320362785254535
dmel-FBgn0262714	0.0471092077087794	0.0569922582770547	0.0355789820457915	0.0140009883050568
dmel-FBgn0262716	0.0367660712296208	0.0427080625394585	0.06361644446095	0.014223641697924
dmel-FBgn0262717	0.030772541424575	0.055950075317409	0.00731654831073812	0.000645577792123951
dmel-FBgn0262719	0.100580270793037	0.13217279174726	0.00322372662798195	0
dmel-FBgn0262720	0.279709072978304	0.201676528599605	0.001232741617357	0.00579388560157792
dmel-FBgn0262721	0.137832017229002	0	0	0.452979181622398
dmel-FBgn0262722	0.258883248730964	0	0	0.199661590524535
dmel-FBgn0262728	0.0524128376818287	0.0210113137843454	0.0990533364119141	0
dmel-FBgn0262730	0.100051840331778	0.0528771384136859	0.0269569725246241	0.0150336962156558
dmel-FBgn0262731	0.152694610778443	0.148702594810379	0.115768463073852	0.0918163672654691
dmel-FBgn0262732	0.0631259484066767	0.0410578799046174	0.0150444396271407	0.0168653804465641
dmel-FBgn0262733	0.068412613575628	0.0334045964724746	0.0219134152859433	0.0213789417423838
dmel-FBgn0262734	0.051736646413349	0.0523261086424232	0.0257096218373084	0.021175296998277
dmel-FBgn0262735	0.0753701211305518	0.0279946164199193	0.0134589502018843	0.00861372812920595
dmel-FBgn0262736	0.0369692803070028	0.0583786807117305	0.0221823450129537	0.01583176996547
dmel-FBgn0262737	0.032438739789965	0.0323609490470635	0.0120575651497472	0.0495527032283158
dmel-FBgn0262738	0.109603340292276	0.0594989561586639	0.018267223382046	0.0104384133611691
dmel-FBgn0262739	0.0694659715372693	0.0673524024235593	0.0281809215161335	0.0214879526560519
dmel-FBgn0262740	0.07686243594797	0.0603074497437918	0.0502562081198265	0.0179345683878596
dmel-FBgn0262741	0.385714285714286	0	0.0999999999999999	0
dmel-FBgn0262742	0.240343347639485	0.253218884120172	0.00429184549356223	0.00363156157147573
dmel-FBgn0262743	0.0912419896246567	0.0445529447665548	0.0241074153188892	0.026853829722307
dmel-FBgn0262782	0.0404707981607303	0.0318509367922586	0.0172603115777915	0.107659048795553
dmel-FBgn0262786	0.463414634146341	0	0	0
dmel-FBgn0262787	0.573256557901472	0	0	0
dmel-FBgn0262788	0.589605734767024	0	0	0
dmel-FBgn0262789	0.580110497237569	0	0	0
dmel-FBgn0262801	0.0318091989496197	0.0253120008662931	0.0115866699152657	0.0100165137117951
dmel-FBgn0262808	0.5	0	0	0
dmel-FBgn0262812	0.619834710743802	0	0	0
dmel-FBgn0262816	0.0068662455369404	0	0.0392749244712991	0
dmel-FBgn0262817	0.48780487804878	0	0	0
dmel-FBgn0262825	0	0.470414201183432	0	0
dmel-FBgn0262828	0.5	0	0	0
dmel-FBgn0262839	0.602409638554217	0	0	0
dmel-FBgn0262842	0.566666666666667	0	0	0
dmel-FBgn0262844	0	0	0.61340206185567	0
dmel-FBgn0262845	0.613317757009347	0	0	0
dmel-FBgn0262854	0.103864734299517	0.101449275362319	0	0.130434782608696
dmel-FBgn0262858	0.406669985067198	0	0	0
dmel-FBgn0262866	0.0537697253068381	0.0455873758036236	0.0309760374050263	0.00759789596727059
dmel-FBgn0262867	0.0787589498806682	0.0346062052505967	0.00954653937947495	0
dmel-FBgn0262869	0.36	0.16	0	0
dmel-FBgn0262870	0.0516074450084603	0.0956006768189509	0.0211505922165821	0.0482233502538071
dmel-FBgn0262871	0.0480319563522992	0.0750194855806704	0.017049883086516	0.0115939204988309
dmel-FBgn0262872	0.0602149128554579	0.0609356571877867	0.0577905910103525	0.0062901323548683
dmel-FBgn0262875	0.468354430379746	0	0	0
dmel-FBgn0262878	0.600665557404325	0	0	0
dmel-FBgn0262881	0.191714836223507	0.121387283236994	0	0.222543352601156
dmel-FBgn0262882	0.60676532769556	0	0	0
dmel-FBgn0262886	0.150851581508516	0.18978102189781	0.0778588807785888	0.0888077858880778
dmel-FBgn0262887	0.157367668097282	0.130185979971388	0.17310443490701	0.0529327610872674
dmel-FBgn0262891	0.591666666666667	0	0	0
dmel-FBgn0262897	0.590909090909091	0	0	0
dmel-FBgn0262898	0.186274509803922	0	0	0.300653594771242
dmel-FBgn0262902	0.159420289855072	0	0	0.253623188405798
dmel-FBgn0262937	0.121054076310733	0.0925061762283829	0.12160307438924	0.139994510019215
dmel-FBgn0262944	0.613861386138614	0	0	0
dmel-FBgn0262945	0.359199757502273	0.0760836617156714	0	0
dmel-FBgn0262951	0.185714285714286	0	0.371428571428571	0
dmel-FBgn0262952	0.0675149811348672	0.0133757490567433	0.133550344011245	0.286084190278908
dmel-FBgn0262954	0.0668048013718206	0.0787367819376964	0.0240783080880251	0.00985995998856816
dmel-FBgn0262955	0.0617198335644939	0.0548840895581535	0.0286308698236576	0.0322964137111156
dmel-FBgn0262962	0.0821771611526148	0.177161152614728	0.140875133404482	0.106723585912487
dmel-FBgn0262964	0	0	0	0.541935483870968
dmel-FBgn0262966	0.585446527012129	0	0	0
dmel-FBgn0262967	0.561349693251533	0	0	0
dmel-FBgn0262968	0.47107438016529	0	0	0
dmel-FBgn0262969	0.514705882352942	0	0	0
dmel-FBgn0262971	0.523809523809525	0	0	0
dmel-FBgn0262972	0.464171974522293	0.000796178343949045	0	0
dmel-FBgn0262975	0.116796159434022	0.227970437748721	0.115911818583791	0.0473754026909229
dmel-FBgn0262976	0.0664576802507836	0.0821316614420063	0.0601880877742947	0.0206896551724138
dmel-FBgn0262982	0.554240631163708	0	0	0
dmel-FBgn0262983	0.096989966555184	0	0	0.531772575250836
dmel-FBgn0262984	0.569420035149385	0	0	0
dmel-FBgn0262985	0.565770862800566	0	0	0
dmel-FBgn0262987	0	0	0	0
dmel-FBgn0262988	0.536866359447005	0	0	0
dmel-FBgn0262989	0.53125	0	0	0
dmel-FBgn0262991	0.6	0	0	0
dmel-FBgn0262993	0.0923076923076923	0.120512820512821	0.238461538461538	0
dmel-FBgn0262998	0.519434628975265	0	0	0
dmel-FBgn0263005	0.0502512562814071	0.076094759511845	0.0265613783201723	0.0348169418521177
dmel-FBgn0263006	0.0268169064070003	0.0300664322867568	0.0183548304812182	0.00547872281433341
dmel-FBgn0263019	0	0.4	0	0
dmel-FBgn0263020	0.503184713375796	0	0	0
dmel-FBgn0263022	0.307262569832402	0	0	0
dmel-FBgn0263023	0.462857142857143	0	0	0
dmel-FBgn0263025	0.0632235084594836	0.0641139804096171	0.0391807658058772	0.0204808548530721
dmel-FBgn0263026	0.622641509433962	0	0	0
dmel-FBgn0263027	0.113744075829384	0.0379146919431279	0.0255924170616114	0
dmel-FBgn0263029	0.287581699346405	0	0.178104575163399	0
dmel-FBgn0263030	0	0	0	0
dmel-FBgn0263033	0	0	0	0
dmel-FBgn0263034	0.651026392961877	0	0	0
dmel-FBgn0263036	0.483561643835617	0	0	0
dmel-FBgn0263038	0.1875	0.0555555555555556	0	0
dmel-FBgn0263040	0	0	0	0.169811320754717
dmel-FBgn0263047	0.306306306306307	0.207207207207207	0	0
dmel-FBgn0263048	0.332371225577265	0.0208703374777975	0.00777087033747782	0.0102131438721137
dmel-FBgn0263049	0	0	0	0.391304347826087
dmel-FBgn0263050	0	0	0	0
dmel-FBgn0263051	0	0	0	0
dmel-FBgn0263072	0.199697428139183	0	0	0
dmel-FBgn0263076	0	0.111801242236025	0	0
dmel-FBgn0263077	0.0183981356555869	0.00601005764749171	0.0291917085735312	0.0408438611554029
dmel-FBgn0263078	0.65	0	0	0
dmel-FBgn0263080	0	0	0.63963963963964	0
dmel-FBgn0263081	0.02253736886083	0	0.536510073345093	0
dmel-FBgn0263088	0.450549450549451	0	0	0
dmel-FBgn0263096	0	0	0	0.589772727272728
dmel-FBgn0263102	0.0774815520114259	0.0536776957867174	0.0229707212568436	0.0116638895501071
dmel-FBgn0263106	0.0374961928504552	0.0129725095601755	0.0251779489898363	0.0201243104829158
dmel-FBgn0263108	0.0903348073278585	0.102337334175616	0.0558012213097494	0.04021899347231
dmel-FBgn0263109	0.342105263157894	0.0964912280701754	0	0
dmel-FBgn0263110	0.0719091673675358	0.0445752733389403	0.0643397813288478	0.0399495374264088
dmel-FBgn0263111	0.0896226415094339	0.0220125786163522	0.0141509433962264	0.102201257861635
dmel-FBgn0263112	0.0303867403314918	0.0420051998700032	0.0246181345466363	0.023643158921027
dmel-FBgn0263113	0.363157894736842	0	0	0
dmel-FBgn0263114	0.613333333333334	0	0	0
dmel-FBgn0263116	0.194029850746269	0	0	0
dmel-FBgn0263117	0.201526717557252	0	0	0
dmel-FBgn0263118	0.0256219829186781	0.106943928704048	0	0
dmel-FBgn0263120	0.0280542567473728	0.0206471922596176	0.0237951946669135	0.0135641868432017
dmel-FBgn0263130	0.523076923076923	0	0	0
dmel-FBgn0263131	0.0742857142857142	0	0.0342857142857143	0
dmel-FBgn0263132	0.214638971315529	0.212660731948566	0.009891196834817	0.0029673590504451
dmel-FBgn0263133	0.0520833333333334	0.0268640350877192	0.0186403508771929	0.0087719298245614
dmel-FBgn0263143	0.159057437407953	0.03240058910162	0	0
dmel-FBgn0263144	0.0786230344241392	0.0565235869103273	0.0454738631534211	0.0310242243943902
dmel-FBgn0263197	0.0619497188925428	0.0786040097592023	0.0380821045931899	0.0175029171528588
dmel-FBgn0263198	0.0626583122250366	0.0731235835221971	0.0215971203839488	0.0189308092254366
dmel-FBgn0263199	0.024107761062504	0.0173726946560081	0.0132812991754264	0.0182539182979795
dmel-FBgn0263200	0.0280077934729664	0.0156681279428479	0.0289007955836987	0.0385614547816203
dmel-FBgn0263219	0.1796875	0	0	0
dmel-FBgn0263220	0.0569620253164557	0.0189873417721519	0.0158227848101266	0.00949367088607595
dmel-FBgn0263231	0.0739573300645011	0.059130840848729	0.032863438694802	0.0140676531535476
dmel-FBgn0263232	0.261538461538462	0.123076923076923	0	0.0615384615384614
dmel-FBgn0263234	0.0190209096459096	0	0.130608974358974	0
dmel-FBgn0263235	0.0988805970149254	0	0.477611940298508	0
dmel-FBgn0263236	0.0101603972829499	0.0741670947732936	0.000627889719732862	0
dmel-FBgn0263237	0.0833333333333333	0.0632045088566827	0.0309983896940419	0.0189210950080516
dmel-FBgn0263239	0.0383631713554987	0.0528559249786871	0.092924126172208	0
dmel-FBgn0263240	0.183539412673879	0.294049459041731	0.00888717156105101	0
dmel-FBgn0263241	0.0433049465482878	0.109258923718065	0.00561695959412935	0.0239173763362928
dmel-FBgn0263246	0.060200668896321	0.112040133779264	0.135451505016722	0.0836120401337794
dmel-FBgn0263250	0.539682539682539	0	0	0
dmel-FBgn0263251	0	0	0	0
dmel-FBgn0263256	0.0199922108269505	0.0593275347267297	0.00181747371154096	0.00272621056731144
dmel-FBgn0263257	0.555555555555556	0	0	0
dmel-FBgn0263258	0.0544904137235116	0.116044399596367	0.00201816347124117	0
dmel-FBgn0263260	0.114560133630289	0.104537861915367	0.0952115812917595	0.235523385300668
dmel-FBgn0263278	0.0608264462809917	0.0763636363636364	0.0783471074380165	0.0228099173553719
dmel-FBgn0263289	0.033431491425602	0.0284947167850339	0.0376753854148623	0.00346440325653905
dmel-FBgn0263314	0.0297379032258065	0	0.0761088709677419	0
dmel-FBgn0263316	0.0109535535365543	0.00636834507939204	0.00305680563810818	0.0192748577736266
dmel-FBgn0263321	0.190375088464261	0	0	0.494692144373673
dmel-FBgn0263324	0.594795539033457	0	0	0
dmel-FBgn0263329	0.540785498489426	0	0	0
dmel-FBgn0263333	0.601036269430052	0	0	0
dmel-FBgn0263336	0.0763582966226139	0.398678414096916	0	0
dmel-FBgn0263337	0.160891089108911	0.420792079207921	0	0
dmel-FBgn0263338	0.571428571428572	0	0	0
dmel-FBgn0263339	0.539823008849558	0	0	0
dmel-FBgn0263343	0.557046979865772	0	0	0
dmel-FBgn0263345	0.241379310344828	0.327586206896552	0	0
dmel-FBgn0263346	0.0595930232558139	0.110672757475083	0.0372715946843855	0.0200373754152824
dmel-FBgn0263351	0.0501516099533137	0.0647831737016894	0.0286855657698417	0.0433652596621263
dmel-FBgn0263352	0.0636392042495575	0.041662326840954	0.0203103843349651	0.024059993750651
dmel-FBgn0263353	0.363636363636364	0.166666666666667	0	0
dmel-FBgn0263354	0.121673003802282	0.0228136882129278	0.102661596958175	0
dmel-FBgn0263355	0.0172875578280984	0.0126613099586072	0.0121743364986608	0.00243486729973216
dmel-FBgn0263380	0.318458417849898	0.117647058823529	0	0
dmel-FBgn0263383	0.479452054794521	0	0	0
dmel-FBgn0263384	0.618811881188119	0	0	0
dmel-FBgn0263385	0.640625	0	0	0
dmel-FBgn0263387	0	0	0	0
dmel-FBgn0263388	0.622093023255814	0	0	0
dmel-FBgn0263389	0.65	0	0	0
dmel-FBgn0263390	0.27708703374778	0.1101243339254	0.0781527531083483	0.134991119005328
dmel-FBgn0263391	0.0314705458735418	0.0217485236929282	0.0115944116376206	0.00288059916462623
dmel-FBgn0263392	0.0890459363957598	0.0252650176678446	0.0275618374558304	0.0137809187279152
dmel-FBgn0263395	0.0658966104904374	0.0526415451619012	0.0670327589471691	0.0278356371899262
dmel-FBgn0263396	0.0463471019134891	0.0518062557446453	0.0164053143191377	0.0116981867810489
dmel-FBgn0263397	0.021689497716895	0.0575668623613831	0.00358773646444879	0.012720156555773
dmel-FBgn0263398	0.0423442279826115	0.0648848816615681	0.0236676863629045	0.0307518918048624
dmel-FBgn0263400	0.102827763496144	0.06426735218509	0.269922879177378	0
dmel-FBgn0263403	0.68141592920354	0	0	0
dmel-FBgn0263404	0.637323943661972	0	0	0
dmel-FBgn0263413	0.213333333333333	0.16	0.0933333333333332	0.0666666666666668
dmel-FBgn0263415	0.487341772151899	0	0	0
dmel-FBgn0263441	0.516129032258064	0	0	0
dmel-FBgn0263452	0.578947368421053	0	0	0
dmel-FBgn0263453	0.612903225806452	0	0	0
dmel-FBgn0263456	0.124282982791587	0.011472275334608	0.133843212237093	0
dmel-FBgn0263457	0.135714285714286	0.0928571428571428	0.146428571428572	0.0999999999999998
dmel-FBgn0263490	0.084469696969697	0.0859848484848486	0.0178030303030303	0.0117424242424242
dmel-FBgn0263492	0.45945945945946	0	0	0
dmel-FBgn0263496	0.601769911504425	0	0	0
dmel-FBgn0263504	0.0990099009900992	0.0257425742574257	0.162376237623762	0.164356435643564
dmel-FBgn0263507	0.126865671641791	0.23454157782516	0.0746268656716417	0.0469083155650321
dmel-FBgn0263510	0.0722096141943473	0.0860325974829792	0.0356921807303487	0.020631318341242
dmel-FBgn0263511	0.538461538461539	0	0	0
dmel-FBgn0263512	0.148514851485149	0	0	0
dmel-FBgn0263583	0.621621621621621	0	0	0
dmel-FBgn0263585	0.575851393188854	0	0	0
dmel-FBgn0263593	0.0430951684970978	0.0347016327723723	0.0917025097089406	0.0285213179103855
dmel-FBgn0263594	0.0749193401958183	0.072908082740897	0.0213416763272204	0.0208109278321718
dmel-FBgn0263598	0.0374140756037733	0.0605373122751907	0.0379085347527219	0.0139805900545844
dmel-FBgn0263599	0.0686958950013963	0.0593409662105559	0.0241552638927674	0.024015638089919
dmel-FBgn0263600	0.0907504363001746	0.0645724258289704	0.0445026178010471	0.0104712041884817
dmel-FBgn0263601	0.0795719844357975	0.0698443579766539	0.0410505836575875	0.0178988326848249
dmel-FBgn0263602	0.0957165520888418	0.0698043363299841	0.0232681121099948	0.01216287678477
dmel-FBgn0263603	0.0691377497371187	0.0787329127234491	0.0236593059936909	0.0207676130389064
dmel-FBgn0263605	0.0682961897915169	0.0409777138749101	0.0280373831775701	0
dmel-FBgn0263606	0.0320976491862568	0.0379746835443038	0.0325497287522604	0.0266726943942134
dmel-FBgn0263607	0.0246020260492041	0.0130246020260492	0.0671904072772378	0.0320446557783751
dmel-FBgn0263608	0.0531088082901554	0	0.0518134715025908	0
dmel-FBgn0263617	0.207964601769912	0.128318584070797	0.0619469026548673	0.0398230088495575
dmel-FBgn0263618	0.604	0	0	0
dmel-FBgn0263620	0.543478260869565	0	0	0
dmel-FBgn0263621	0	0.623943661971831	0	0
dmel-FBgn0263628	0.355877616747182	0.0322061191626409	0	0.109500805152979
dmel-FBgn0263647	0.322459584295612	0	0	0
dmel-FBgn0263648	0.652173913043479	0	0	0
dmel-FBgn0263655	0	0.478658536585366	0	0
dmel-FBgn0263656	0	0.394957983193278	0	0
dmel-FBgn0263659	0.0803571428571429	0.334821428571429	0	0.0133928571428571
dmel-FBgn0263665	0.507042253521127	0	0	0
dmel-FBgn0263667	0.0950369588173178	0.0828933474128827	0.042766631467793	0.0221752903907075
dmel-FBgn0263697	0.071968190854871	0.0550695825049702	0.0274353876739563	0.0176938369781312
dmel-FBgn0263705	0.219219219219219	0.253753753753754	0.0045045045045045	0
dmel-FBgn0263706	0.0535872453498672	0.0518157661647476	0.0148361381753764	0.0190434012400355
dmel-FBgn0263738	0.100414937759336	0.0896265560165975	0.0431535269709543	0.0240663900414938
dmel-FBgn0263740	0.148970069420735	0.219870262888358	0.0797769432115627	0.053032889495846
dmel-FBgn0263745	0.155124653739612	0.163434903047092	0.0914127423822714	0.0831024930747922
dmel-FBgn0263746	0.24468085106383	0	0.212765957446809	0
dmel-FBgn0263747	0.213592233009709	0	0	0
dmel-FBgn0263750	0.00121909406072613	0	0	0
dmel-FBgn0263755	0.272331154684096	0.169934640522876	0.0522875816993464	0
dmel-FBgn0263757	0	0	0	0
dmel-FBgn0263762	0.482869810560258	0	0	0
dmel-FBgn0263764	0.538461538461539	0	0	0
dmel-FBgn0263768	0.148319814600232	0.192352259559676	0.0538818076477404	0.106025492468134
dmel-FBgn0263772	0.18796992481203	0.0526315789473683	0	0
dmel-FBgn0263773	0.0102578699896683	0.0121660657431421	0.0179328230754633	0.00679992409387058
dmel-FBgn0263774	0.266949152542373	0	0	0
dmel-FBgn0263776	0.0308318789994183	0.00826061663758001	0.0773705642815592	0
dmel-FBgn0263780	0.511111111111111	0	0	0
dmel-FBgn0263782	0.085848854634982	0.0336116463284093	0.0372511239563263	0.00963391136801542
dmel-FBgn0263802	0.591362126245847	0	0	0
dmel-FBgn0263829	0.352201257861636	0	0	0
dmel-FBgn0263830	0.0450265365519603	0.153912001369629	0.0202020202020202	0
dmel-FBgn0263831	0.17558886509636	0.0578158458244111	0.0406852248394004	0
dmel-FBgn0263832	0.0876001629770474	0.111639277468423	0.0491647426320794	0.0220019013988863
dmel-FBgn0263841	0.355231143552311	0	0	0
dmel-FBgn0263846	0.206349206349206	0	0	0
dmel-FBgn0263852	0.0472041395426473	0.0668002003004507	0.0198965114338174	0.0359205474878986
dmel-FBgn0263855	0.126819126819127	0.0374220374220374	0.0173250173250173	0
dmel-FBgn0263863	0.0557507987220446	0.0616613418530353	0.0351437699680511	0.0246006389776358
dmel-FBgn0263864	0.0238408418283459	0.0325550805656034	0.0180861558697797	0.0207168694508385
dmel-FBgn0263873	0.104838709677419	0.0814516129032259	0.0411290322580645	0.0161290322580645
dmel-FBgn0263911	0.0246535639887691	0.0411194638166833	0.0327687709446608	0.00566977628837966
dmel-FBgn0263916	0.068861745441671	0.0636395822269429	0.0402726146220571	0.0295627544698176
dmel-FBgn0263929	0.0570674812552069	0.0372118855873368	0.0535962232713137	0.0238822549291863
dmel-FBgn0263930	0.0723057184750733	0.0582844574780059	0.0557184750733139	0.0167705278592375
dmel-FBgn0263933	0.0617895329206528	0.0643781654473833	0.0407428249859315	0.0217220033764772
dmel-FBgn0263934	0.102634467618002	0.114709110867179	0	0
dmel-FBgn0263967	0.272189349112426	0.224852071005918	0	0
dmel-FBgn0263968	0.0964037473556964	0.0537926866122696	0.0498640072529466	0.0238742822605017
dmel-FBgn0263973	0.170807453416149	0.108695652173913	0	0
dmel-FBgn0263974	0.152073732718894	0.0783410138248849	0.0552995391705069	0.0184331797235023
dmel-FBgn0263975	0.130952380952381	0.19047619047619	0	0.111111111111111
dmel-FBgn0263977	0.0705068681758509	0.069290128398066	0.0424257948832891	0.0405046268131024
dmel-FBgn0263979	0.0686609114635616	0.0637087599544937	0.0212808672957238	0.0107742755805394
dmel-FBgn0263980	0.151851851851852	0.318518518518518	0.0222222222222222	0
dmel-FBgn0263985	0.581818181818182	0	0	0
dmel-FBgn0263986	0	0	0	0
dmel-FBgn0263987	0.0637005096040769	0.0415523324186593	0.0396903175225402	0.0591924735397882
dmel-FBgn0263988	0.223880597014926	0	0	0
dmel-FBgn0263993	0.0787942887361185	0.05579058699101	0.029613960867266	0.0195663670015865
dmel-FBgn0263994	0.204347826086957	0	0	0
dmel-FBgn0263995	0.0858778625954199	0.0238549618320611	0.0133587786259542	0
dmel-FBgn0263997	0.172690763052208	0.325301204819277	0	0
dmel-FBgn0263998	0.071302298173247	0.0614810449813395	0.017481830681595	0.017481830681595
dmel-FBgn0263999	0	0	0	0.434782608695652
dmel-FBgn0264000	0.226666666666667	0	0	0
dmel-FBgn0264001	0.0893512851897183	0.0134638922888617	0.0305997552019584	0
dmel-FBgn0264002	0	0	0.0876288659793815	0
dmel-FBgn0264005	0.514285714285714	0	0	0
dmel-FBgn0264006	0.248275862068966	0	0	0
dmel-FBgn0264075	0.0683218219152511	0.0711218965839089	0.033600896023894	0.0121336568975173
dmel-FBgn0264077	0.330864197530864	0.0962962962962963	0	0.0320987654320987
dmel-FBgn0264078	0.0319427233925375	0.0578273440726973	0.0141814677130662	0.00922483822112074
dmel-FBgn0264081	0.608208955223881	0	0	0
dmel-FBgn0264086	0.622140896614821	0	0	0.00320219579139981
dmel-FBgn0264087	0.0730337078651686	0.109550561797753	0.0589887640449438	0
dmel-FBgn0264089	0.133177570093458	0.0460614152202937	0.0126835781041389	0.00100133511348465
dmel-FBgn0264090	0.0696815874480849	0.0738347946469774	0.0138440239963083	0
dmel-FBgn0264255	0.12568306010929	0.0546448087431694	0	0
dmel-FBgn0264260	0.601547388781432	0	0	0
dmel-FBgn0264264	0.395833333333333	0	0	0
dmel-FBgn0264270	0.0268292682926829	0.0320557491289199	0.00929152148664345	0.0124274099883856
dmel-FBgn0264272	0.112676056338028	0.0469483568075117	0.0406885758998435	0
dmel-FBgn0264273	0.125147579693034	0.0920897284533648	0.00550964187327824	0
dmel-FBgn0264291	0.146341463414634	0.0523373983739837	0.0497967479674798	0.0182926829268293
dmel-FBgn0264294	0.0318332907184863	0.0350578141424472	0.0594335066337113	0.0320889798005625
dmel-FBgn0264295	0.10464333781965	0	0.414872139973082	0
dmel-FBgn0264296	0.0555272108843538	0	0.427976190476191	0
dmel-FBgn0264299	0	0	0	0
dmel-FBgn0264301	0	0	0	0
dmel-FBgn0264302	0	0	0	0
dmel-FBgn0264303	0	0	0	0
dmel-FBgn0264305	0.148020257826887	0.0200276243093923	0.0736648250460407	0.0128913443830571
dmel-FBgn0264307	0.538594221647261	0.00819318671841311	0.0263044415696421	0.00733074601121174
dmel-FBgn0264308	0.161538461538462	0	0	0
dmel-FBgn0264310	0.457725947521866	0	0	0
dmel-FBgn0264324	0.0735908141962422	0.0793319415448852	0.0313152400835073	0.0156576200417537
dmel-FBgn0264325	0.0513866231647635	0.0591353996737358	0.0492115280043504	0.017536704730832
dmel-FBgn0264326	0.0842541436464088	0.0359116022099448	0.0179558011049724	0
dmel-FBgn0264339	0.6	0	0	0
dmel-FBgn0264340	0.636619718309859	0	0	0
dmel-FBgn0264341	0.104882459312839	0	0.383363471971067	0
dmel-FBgn0264344	0.459302325581395	0	0	0
dmel-FBgn0264347	0.456521739130435	0	0	0
dmel-FBgn0264357	0.0296582849774338	0.0425531914893617	0.0444874274661509	0.0178686561665285
dmel-FBgn0264376	0	0.555555555555555	0	0
dmel-FBgn0264383	0.515789473684211	0	0	0
dmel-FBgn0264386	0.049142857142857	0.0137142857142857	0.0182857142857143	0
dmel-FBgn0264389	0.0371993987975952	0.0435871743486974	0.0380761523046091	0.0212925851703407
dmel-FBgn0264395	0.439024390243902	0	0	0
dmel-FBgn0264426	0.582010582010583	0	0	0
dmel-FBgn0264427	0.611538461538462	0	0	0
dmel-FBgn0264431	0.563909774436091	0	0	0
dmel-FBgn0264433	0.567213114754098	0	0	0
dmel-FBgn0264441	0	0.611111111111111	0	0
dmel-FBgn0264442	0.0982686008423024	0.0851661207299955	0	0
dmel-FBgn0264443	0.14308426073132	0.133545310015898	0	0
dmel-FBgn0264446	0.463414634146341	0	0	0
dmel-FBgn0264449	0.109461966604824	0.0343228200371057	0.00927643784786641	0.00649350649350649
dmel-FBgn0264470	0.557522123893805	0	0	0
dmel-FBgn0264472	0.561674008810573	0	0	0
dmel-FBgn0264473	0.513636363636364	0	0	0
dmel-FBgn0264485	0.590909090909091	0	0	0
dmel-FBgn0264488	0.104795608840098	0	0	0
dmel-FBgn0264489	0.112902229633747	0.367179297140387	0.00741152492125254	0.000617627076771044
dmel-FBgn0264490	0.0336718332442544	0.00427578834847675	0.06574024585783	0.0138963121325494
dmel-FBgn0264491	0.0360177552314521	0.0991756499682942	0.0041006129782287	0.00942718241386599
dmel-FBgn0264492	0.0397792735431447	0.0566066339215329	0.0141592383724456	0.0276211266751562
dmel-FBgn0264493	0.0214763191580145	0.0360783198217419	0.0263594557436116	0.0100033186365145
dmel-FBgn0264494	0.0533021873009131	0.0641325122106606	0.032278615417286	0.00594606073476321
dmel-FBgn0264495	0.0989291992967874	0.0791113952373342	0.0183794150551382	0.0242927920728784
dmel-FBgn0264500	0	0	0.45631067961165	0
dmel-FBgn0264502	0.192857142857143	0	0	0
dmel-FBgn0264503	0.104938271604938	0.0246913580246913	0	0
dmel-FBgn0264505	0.510638297872341	0	0	0
dmel-FBgn0264506	0.606606606606606	0	0	0
dmel-FBgn0264510	0.650862068965517	0	0	0
dmel-FBgn0264516	0.622549019607843	0	0	0
dmel-FBgn0264541	0	0	0	0.181556195965418
dmel-FBgn0264542	0.136986301369863	0.00821917808219178	0	0
dmel-FBgn0264543	0.577689243027888	0	0	0
dmel-FBgn0264549	0	0	0	0.55
dmel-FBgn0264554	0.489795918367347	0	0	0
dmel-FBgn0264556	0.160583941605839	0.0510948905109488	0.0802919708029198	0.218978102189781
dmel-FBgn0264560	0.10757275636142	0.0438823708669816	0.0355020569861344	0.023312509523084
dmel-FBgn0264561	0.0527864631230458	0.0522346882471951	0.0334743424682729	0.0421801238428054
dmel-FBgn0264562	0.0339886704431856	0.0416527824058648	0.0199933355548151	0.0353215594801733
dmel-FBgn0264563	0.622950819672131	0	0	0
dmel-FBgn0264567	0.557558945908461	0	0	0
dmel-FBgn0264571	0.429999999999999	0	0	0
dmel-FBgn0264574	0.0815789473684211	0.0984210526315789	0.00210526315789473	0.126842105263158
dmel-FBgn0264598	0.128571428571428	0	0	0
dmel-FBgn0264603	0	0	0.39674593241552	0
dmel-FBgn0264605	0	0	0	0
dmel-FBgn0264606	0.165137614678899	0.036697247706422	0	0
dmel-FBgn0264607	0.026730261126171	0.0506811241121367	0.00888721133719932	0.0141714991593179
dmel-FBgn0264617	0.101538461538462	0.446153846153846	0	0
dmel-FBgn0264618	0.488636363636363	0	0	0
dmel-FBgn0264672	0.0415438467207074	0.089075165806927	0.00893515106853352	0.00755342667649226
dmel-FBgn0264678	0	0.597826086956522	0	0
dmel-FBgn0264691	0.0584378013500482	0.0694310511089682	0.0322082931533269	0.0229508196721312
dmel-FBgn0264693	0.0554241454477993	0.111312091275915	0.0277352627429154	0.017485274337925
dmel-FBgn0264694	0.0511639185257032	0.0657613967022308	0.0238603297769156	0.0163433559650824
dmel-FBgn0264695	0.0282286710006031	0.0168420347161718	0.000931572950874604	0.00010723141880571
dmel-FBgn0264699	0.5	0	0	0
dmel-FBgn0264702	0.460526315789474	0	0	0
dmel-FBgn0264703	0.52808988764045	0	0	0
dmel-FBgn0264705	0.557894736842106	0	0	0
dmel-FBgn0264706	0.604779411764707	0	0	0
dmel-FBgn0264707	0.358792184724689	0.0781527531083483	0.044404973357016	0.0284191829484902
dmel-FBgn0264711	0.109090909090909	0.244545454545455	0	0
dmel-FBgn0264712	0.0329704190632703	0.0596754313886607	0.00821692686935087	0.00996302382908791
dmel-FBgn0264713	0	0	0	0.452830188679246
dmel-FBgn0264738	0.307210031347963	0	0	0
dmel-FBgn0264739	0.566160520607375	0	0	0
dmel-FBgn0264740	0	0	0	0
dmel-FBgn0264743	0	0	0	0
dmel-FBgn0264744	0.0636942675159235	0.073248407643312	0	0
dmel-FBgn0264745	0.49367088607595	0	0	0
dmel-FBgn0264746	0.0816326530612245	0.0317460317460318	0	0.292517006802721
dmel-FBgn0264748	0.0405014464802315	0.0279652844744456	0	0.336547733847637
dmel-FBgn0264750	0.0158010427252242	0	0.105813414041444	0.00161268943577961
dmel-FBgn0264751	0.0966952264381885	0.133414932680539	0.221134230926153	0.0554875560995512
dmel-FBgn0264753	0.120253164556962	0.0949367088607595	0.0253164556962025	0.10126582278481
dmel-FBgn0264776	0.0814723375603187	0	0.336999214454045	0.157445853439569
dmel-FBgn0264785	0.0216876252961545	0.0194398882206428	0.0319543162626814	0.00485997205516069
dmel-FBgn0264789	0.101694915254237	0	0.365617433414044	0
dmel-FBgn0264794	0.533333333333334	0	0	0
dmel-FBgn0264815	0.0272826482357221	0.0178246635140051	0.0214623499454347	0
dmel-FBgn0264816	0.0959656242539986	0.102411076629267	0.0131296252088804	0.0081164955836715
dmel-FBgn0264817	0	0.5	0	0
dmel-FBgn0264819	0.557471264367815	0	0	0
dmel-FBgn0264821	0.237354085603113	0.116731517509728	0.0311284046692607	0.134241245136187
dmel-FBgn0264824	0.710526315789474	0	0	0
dmel-FBgn0264826	0.547619047619046	0	0	0
dmel-FBgn0264829	0.333333333333333	0.217171717171717	0	0
dmel-FBgn0264831	0	0.522727272727273	0	0
dmel-FBgn0264833	0.626168224299066	0	0	0
dmel-FBgn0264834	0.231012658227848	0.123417721518987	0	0.0886075949367088
dmel-FBgn0264838	0	0.514285714285715	0	0
dmel-FBgn0264840	0.633720930232558	0	0	0
dmel-FBgn0264845	0.0874316939890709	0	0.0382513661202185	0
dmel-FBgn0264848	0.0903346026087662	0.0601960625455725	0.0155553755164871	0.0118285667989954
dmel-FBgn0264855	0.0463501595045975	0.059298179771064	0.0275849127416026	0.0534184024519923
dmel-FBgn0264857	0.150442477876106	0.345132743362832	0	0
dmel-FBgn0264864	0.697674418604651	0	0	0
dmel-FBgn0264885	0.480392156862746	0	0	0
dmel-FBgn0264894	0.106737171954563	0.382295338817078	0.0225225225225225	0
dmel-FBgn0264895	0.0362677217276624	0.0466534784042202	0.0178041543026706	0.0156610616551269
dmel-FBgn0264897	0.63265306122449	0	0	0
dmel-FBgn0264904	0	0	0.483870967741936	0
dmel-FBgn0264907	0.0683927699071813	0.00977039570102589	0	0
dmel-FBgn0264908	0.207792207792208	0.0909090909090908	0	0
dmel-FBgn0264914	0.658536585365854	0	0	0
dmel-FBgn0264922	0.0579945589809048	0.0411299784680049	0.0134349334055364	0.00612436983457754
dmel-FBgn0264950	0.533333333333333	0	0	0
dmel-FBgn0264953	0.0549794560751321	0.059870866757973	0.0275875562512229	0.037761690471532
dmel-FBgn0264959	0.0387558216899533	0.0380904856952762	0.0255322687957418	0.010395874916833
dmel-FBgn0264962	0.0657980456026058	0.0652768729641694	0.0449511400651466	0.0360912052117264
dmel-FBgn0264975	0.0387757835521029	0.0344896865791589	0.0127913206536298	0.0127243503884275
dmel-FBgn0264978	0.0368736983951977	0.0434889133896851	0.0262158520151905	0.0216832047041529
dmel-FBgn0264979	0.0251263401501912	0.0274406083219195	0.00198365843290984	0.0999386010485052
dmel-FBgn0264980	0.655963302752294	0	0	0
dmel-FBgn0264982	0	0	0	0.511363636363637
dmel-FBgn0264984	0	0	0	0.372549019607844
dmel-FBgn0264987	0.510729613733906	0	0.292918454935622	0
dmel-FBgn0264992	0.426666666666668	0	0	0
dmel-FBgn0264994	0.366666666666666	0	0	0
dmel-FBgn0264997	0	0	0.55078125	0
dmel-FBgn0264998	0	0	0.476190476190476	0
dmel-FBgn0265002	0.52	0	0	0
dmel-FBgn0265003	0.107117688513037	0.113107822410148	0.0563777307963354	0.0264270613107822
dmel-FBgn0265011	0.116527942925089	0.0546967895362662	0	0
dmel-FBgn0265041	0.561797752808989	0	0	0
dmel-FBgn0265042	0.023546371936569	0.0315953868332532	0.0228856319077367	0.00450504565112926
dmel-FBgn0265045	0.0861040068201194	0.0971867007672634	0.00596760443307757	0.0502983802216539
dmel-FBgn0265046	0.414779499404053	0.128724672228844	0	0
dmel-FBgn0265047	0.438356164383562	0	0	0
dmel-FBgn0265048	0.0323554381662106	0.00584850485803227	0	0.166399396283369
dmel-FBgn0265052	0.0672823218997361	0.0171503957783641	0.129287598944591	0
dmel-FBgn0265060	0.489130434782608	0	0	0
dmel-FBgn0265064	0.519125683060109	0	0	0
dmel-FBgn0265065	0.505376344086023	0	0	0
dmel-FBgn0265067	0.547717842323652	0	0	0
dmel-FBgn0265081	0.0955414012738854	0	0.441613588110403	0
dmel-FBgn0265082	0.0545682102628286	0.0440550688360451	0.0670838548185231	0.0300375469336671
dmel-FBgn0265085	0.635135135135136	0	0	0
dmel-FBgn0265089	0.283049661925857	0	0	0
dmel-FBgn0265096	0.555555555555556	0	0	0
dmel-FBgn0265101	0.0599818629356135	0.0505678628492464	0.0244418534352464	0.0219803946970679
dmel-FBgn0265102	0.156743620899149	0.0279465370595383	0	0.00729040097205346
dmel-FBgn0265105	0.607843137254901	0	0	0
dmel-FBgn0265106	0.576923076923077	0	0	0
dmel-FBgn0265137	0.0833758546790488	0.0817430350035718	0.0390856209817329	0.28196754770895
dmel-FBgn0265140	0.148077655119909	0.22915873620099	0.0890749904834411	0.0205557670346403
dmel-FBgn0265145	0.637931034482758	0	0	0
dmel-FBgn0265146	0.028324154209284	0.242722265932337	0	0
dmel-FBgn0265174	0.106158833063209	0.0285251215559157	0.0252836304700162	0.0162074554294976
dmel-FBgn0265177	0.0566292134831461	0.0886891385767791	0.0328838951310861	0.0334082397003746
dmel-FBgn0265178	0	0	0	0
dmel-FBgn0265180	0.0225292491484425	0.100366539961495	0.00105519079824258	0.000141926247716839
dmel-FBgn0265182	0.117370892018779	0.0269953051643193	0.0669014084507042	0
dmel-FBgn0265184	0.208955223880597	0.199004975124378	0	0.0746268656716419
dmel-FBgn0265185	0.0117340286831812	0.000118525542254356	0.0490422224450907	0
dmel-FBgn0265186	0.0173400948797644	0	0.0672337641092753	0
dmel-FBgn0265187	0.35195530726257	0.121508379888268	0.0307262569832402	0
dmel-FBgn0265188	0.52054794520548	0	0	0
dmel-FBgn0265189	0.188501413760603	0.180018850141376	0.0819981149858624	0.0508953817153629
dmel-FBgn0265190	0.0595611285266458	0.0467980295566503	0.0221674876847291	0.0212718316166592
dmel-FBgn0265191	0.0354294001864705	0.106184605822025	0.00186470527297213	0.000492075002589868
dmel-FBgn0265192	0.0673396111374567	0.025540275049116	0.037937809091525	0.0266919585393943
dmel-FBgn0265193	0.198813056379822	0.172700296735905	0.0919881305637982	0.0320474777448071
dmel-FBgn0265194	0.0327974276527331	0.0220793140407288	0.0160771704180064	0.0195069667738478
dmel-FBgn0265199	0.544827586206896	0	0	0
dmel-FBgn0265201	0.388571428571429	0	0	0
dmel-FBgn0265255	0.548523206751054	0	0	0
dmel-FBgn0265257	0.370569280343716	0	0	0
dmel-FBgn0265262	0.0568102118109132	0.138588862393042	0.0113620423621826	0.0050497966054145
dmel-FBgn0265263	0.612648221343874	0	0	0
dmel-FBgn0265265	0.570093457943925	0	0	0
dmel-FBgn0265266	0	0	0	0
dmel-FBgn0265269	0.290775401069519	0	0	0
dmel-FBgn0265271	0.348547717842324	0	0	0
dmel-FBgn0265272	0.607843137254902	0	0	0
dmel-FBgn0265274	0.0557229284542092	0.0834986650990764	0.00428637911186225	0.0210889852303623
dmel-FBgn0265276	0.130300272975432	0.0456778889899909	0.0114649681528662	0.000909918107370339
dmel-FBgn0265296	0.52760736196319	0	0	0
dmel-FBgn0265297	0.0672827256203865	0.0273841759709188	0.0225944953447828	0.033184650765978
dmel-FBgn0265298	0.051840295014538	0.0378696546344231	0.0178001560173037	0.00609885823700447
dmel-FBgn0265311	0.198019801980198	0	0	0.311881188118812
dmel-FBgn0265313	0.112676056338028	0.0915492957746479	0	0.218309859154929
dmel-FBgn0265338	0	0	0	0.414965986394557
dmel-FBgn0265341	0.275510204081633	0	0.153061224489796	0
dmel-FBgn0265342	0.590909090909091	0	0	0
dmel-FBgn0265348	0.633165829145729	0	0	0
dmel-FBgn0265351	0.0364616360177552	0.0500951173113507	0.0405833861762841	0.0440710209258085
dmel-FBgn0265356	0.0884179153903468	0.426856527858267	0.011010845268648	0.000910671413196457
dmel-FBgn0265364	0.655737704918032	0	0	0
dmel-FBgn0265373	0.614285714285714	0	0	0
dmel-FBgn0265375	0	0	0	0.613333333333333
dmel-FBgn0265377	0	0	0.531120331950207	0
dmel-FBgn0265383	0.560283687943262	0	0	0
dmel-FBgn0265413	0.0160957642725599	0.0162799263351749	0.0050828729281768	0.0212523020257827
dmel-FBgn0265414	0.612612612612614	0	0	0
dmel-FBgn0265416	0.0555555555555555	0.017094017094017	0.0341880341880342	0.0256410256410256
dmel-FBgn0265419	0	0.291866028708134	0.177033492822966	0
dmel-FBgn0265422	0.477477477477478	0	0	0
dmel-FBgn0265423	0.520325203252032	0	0	0
dmel-FBgn0265434	0.0660631908782313	0.0717904082165551	0.0646009226216381	0.0243885455653233
dmel-FBgn0265443	0.52	0	0	0
dmel-FBgn0265444	0.637130801687763	0	0	0
dmel-FBgn0265458	0.631578947368421	0	0	0
dmel-FBgn0265464	0.0635376756066411	0.0801404853128991	0.0421455938697318	0.0178799489144317
dmel-FBgn0265487	0.0568469505178366	0.0513233601841196	0.0163406214039126	0.00161104718066743
dmel-FBgn0265500	0.517857142857142	0	0	0
dmel-FBgn0265508	0.485729386892177	0	0	0.00422832980972517
dmel-FBgn0265512	0.0391606324811585	0.0349490172897886	0.0873355992315649	0.00181025565243091
dmel-FBgn0265523	0.0837581937363439	0.0560815731973781	0.0356882738528769	0.0140810876426317
dmel-FBgn0265525	0	0.506024096385541	0	0
dmel-FBgn0265535	0.605166051660517	0	0	0
dmel-FBgn0265542	0	0	0	0.389610389610389
dmel-FBgn0265547	0.556818181818181	0	0	0
dmel-FBgn0265574	0.0758853288364249	0.0711073636874648	0.0236087689713322	0.012928611579539
dmel-FBgn0265575	0.0249684154531551	0.113471640401623	0	0
dmel-FBgn0265576	0.619834710743802	0	0	0
dmel-FBgn0265578	0.265017667844523	0	0	0
dmel-FBgn0265580	0	0.531818181818182	0	0
dmel-FBgn0265585	0.701149425287356	0	0	0
dmel-FBgn0265590	0.150684931506849	0.153175591531756	0.0535491905354918	0.145703611457036
dmel-FBgn0265591	0.542763157894737	0	0	0
dmel-FBgn0265593	0.604166666666667	0	0	0
dmel-FBgn0265595	0.0492227979274611	0.0284974093264249	0.0233160621761658	0
dmel-FBgn0265597	0.174311926605505	0	0	0
dmel-FBgn0265598	0.168333333333333	0.0583333333333335	0.025	0
dmel-FBgn0265605	0.0560797769676173	0.101436843233969	0.0321681321037958	0.0155479305168347
dmel-FBgn0265606	0.302073050345508	0	0	0
dmel-FBgn0265611	0	0.475609756097562	0	0
dmel-FBgn0265623	0.0584932147870847	0.0776789892372484	0.027608797379504	0.0219934487599439
dmel-FBgn0265625	0.356608478802993	0	0	0
dmel-FBgn0265629	0.572854291417166	0	0	0
dmel-FBgn0265630	0.292590246991767	0.084230525649145	0.0823305889803673	0.0379987333755542
dmel-FBgn0265648	0.596778751059621	0	0	0
dmel-FBgn0265658	0	0.48	0	0
dmel-FBgn0265686	0.559322033898305	0	0	0
dmel-FBgn0265708	0.460674157303371	0	0	0
dmel-FBgn0265719	0.149732620320856	0	0	0.275401069518716
dmel-FBgn0265721	0.559241706161137	0	0	0
dmel-FBgn0265726	0.0298981084364231	0.078439150159903	0.00215682871805042	0.00473510672583484
dmel-FBgn0265728	0.55813953488372	0	0	0
dmel-FBgn0265752	0.563492063492064	0	0	0
dmel-FBgn0265757	0.507692307692307	0	0	0
dmel-FBgn0265765	0.542168674698794	0	0	0
dmel-FBgn0265767	0.0947368421052632	0.0189473684210526	0	0.0568421052631579
dmel-FBgn0265778	0.107766143106457	0.0403577661431065	0.0296684118673647	0.0320680628272251
dmel-FBgn0265784	0.0411397005378688	0.0484081988661142	0.0280564035470272	0.0114842273586277
dmel-FBgn0265793	0.635416666666666	0	0	0
dmel-FBgn0265812	0.557017543859649	0	0	0
dmel-FBgn0265817	0.584615384615385	0	0	0
dmel-FBgn0265831	0	0.5625	0	0
dmel-FBgn0265835	0.199481865284974	0	0	0
dmel-FBgn0265836	0.395522388059702	0	0	0
dmel-FBgn0265842	0.46875	0	0	0
dmel-FBgn0265843	0	0	0	0.575342465753424
dmel-FBgn0265873	0	0	0	0.5
dmel-FBgn0265878	0.515151515151515	0	0	0
dmel-FBgn0265885	0.6171875	0	0	0
dmel-FBgn0265889	0.596774193548387	0	0	0
dmel-FBgn0265897	0.657534246575343	0	0	0
dmel-FBgn0265901	0.195652173913043	0.108695652173913	0	0.217391304347826
dmel-FBgn0265920	0	0.510204081632653	0	0
dmel-FBgn0265935	0.0405707409317518	0.0528909518079193	0.0511432009626955	0.00899661910492238
dmel-FBgn0265958	0.476190476190476	0	0	0
dmel-FBgn0265959	0.0246284501061571	0.0581740976645436	0	0
dmel-FBgn0265961	0	0.565217391304348	0	0
dmel-FBgn0265968	0	0	0	0
dmel-FBgn0265974	0.0400567174760724	0.0269408011343495	0.0145338532435307	0.0145338532435307
dmel-FBgn0265977	0.140243902439024	0.109756097560976	0.158536585365854	0
dmel-FBgn0265979	0	0	0.516666666666667	0
dmel-FBgn0265988	0.0311538843139201	0.0401825577934319	0.0486159341204484	0.0357178291497172
dmel-FBgn0265991	0.0227191933555247	0.0494780725850758	0.015738616165207	0.000355492356914327
dmel-FBgn0265998	0.049445423447704	0.140043536850834	0.0260184513320203	0.0063232092878615
dmel-FBgn0266000	0.122554660529344	0.0397008055235903	0.00560989643268124	0.00201380897583429
dmel-FBgn0266003	0.534883720930233	0	0	0
dmel-FBgn0266004	0.590361445783133	0	0	0
dmel-FBgn0266005	0.136563876651982	0.286343612334802	0.0176211453744493	0.0440528634361233
dmel-FBgn0266019	0.0394080290315264	0.0358357904286686	0.0921410750737128	0.0195622590156498
dmel-FBgn0266021	0.568627450980392	0	0	0
dmel-FBgn0266042	0	0.0813008130081301	0.219512195121951	0.154471544715447
dmel-FBgn0266044	0	0	0	0.575757575757576
dmel-FBgn0266046	0.155088852988691	0.361873990306947	0	0
dmel-FBgn0266053	0.0532768938841046	0.0740037950664136	0.0252517880601372	0.0258356444314699
dmel-FBgn0266064	0.0412205567451821	0.0539920464973998	0.0136127256041603	0.0112419700214133
dmel-FBgn0266072	0.368181818181818	0	0	0
dmel-FBgn0266083	0.0788696752425136	0.0447068747363981	0.0274145929987347	0.00674820750738084
dmel-FBgn0266084	0.0216424547880225	0.0228283427216128	0.0525743650558355	0.00928945547979049
dmel-FBgn0266097	0.552325581395349	0	0	0
dmel-FBgn0266098	0.5	0	0	0
dmel-FBgn0266100	0.5	0	0	0
dmel-FBgn0266101	0.259615384615385	0.221153846153846	0.0272435897435898	0
dmel-FBgn0266111	0.397849462365591	0.0403225806451613	0.0295698924731183	0
dmel-FBgn0266124	0.0423001783742462	0.0580990401766755	0.0306633823154675	0.0283699991505988
dmel-FBgn0266129	0.140776699029126	0	0	0
dmel-FBgn0266137	0.225806451612903	0	0	0
dmel-FBgn0266140	0.590909090909091	0	0	0
dmel-FBgn0266146	0.622340425531915	0	0	0
dmel-FBgn0266183	0	0.484162895927602	0	0
dmel-FBgn0266186	0.0287321631214236	0.0395248327981264	0.0531424294371876	0.0373518120578507
dmel-FBgn0266195	0	0	0	0
dmel-FBgn0266205	0.504854368932038	0	0	0
dmel-FBgn0266216	0.629370629370629	0	0	0
dmel-FBgn0266223	0.0763435459568057	0.404319437468608	0	0
dmel-FBgn0266225	0.588652482269504	0	0	0
dmel-FBgn0266227	0.527272727272727	0	0	0
dmel-FBgn0266228	0	0.3828125	0	0
dmel-FBgn0266237	0	0	0	0.405063291139241
dmel-FBgn0266248	0.58974358974359	0	0	0
dmel-FBgn0266255	0.47191011235955	0	0	0
dmel-FBgn0266259	0.453488372093023	0	0	0
dmel-FBgn0266260	0.583333333333333	0	0	0
dmel-FBgn0266261	0.507901580316063	0	0	0
dmel-FBgn0266268	0.0711302064685524	0.0739945100847358	0.0330588375701158	0.0272108843537415
dmel-FBgn0266279	0	0.521739130434783	0	0
dmel-FBgn0266282	0.22271986970684	0.0403094462540717	0.0264657980456027	0.00977198697068405
dmel-FBgn0266284	0.0521813515825492	0.056672369546621	0.0288708297690334	0.0111206159110351
dmel-FBgn0266306	0.67109634551495	0	0	0
dmel-FBgn0266316	0.171903881700554	0.268022181146026	0	0.044362292051756
dmel-FBgn0266322	0.165289256198347	0.0867768595041322	0.12396694214876	0.140495867768595
dmel-FBgn0266327	0.0669856459330143	0.397129186602871	0	0
dmel-FBgn0266328	0.3601108033241	0.21606648199446	0	0
dmel-FBgn0266329	0.52923076923077	0	0	0
dmel-FBgn0266346	0.0499412455934194	0.0293772032902468	0.082256169212691	0
dmel-FBgn0266347	0.158878504672897	0.0996884735202494	0.0311526479750778	0.015576323987539
dmel-FBgn0266349	0	0	0	0.634146341463415
dmel-FBgn0266354	0.126373626373626	0.450549450549451	0	0
dmel-FBgn0266356	0.5	0	0	0
dmel-FBgn0266369	0.0255255255255255	0.0132632632632633	0.00479646312979646	0.115782449115782
dmel-FBgn0266375	0.136131013306039	0.175025588536336	0.0972364380757422	0.0880245649948824
dmel-FBgn0266376	0.204878048780488	0.131707317073171	0.0829268292682927	0.048780487804878
dmel-FBgn0266377	0.0315601106230682	0.0548234911338863	0.0136652025378233	0.0201724418415487
dmel-FBgn0266381	0.592592592592593	0	0	0
dmel-FBgn0266390	0.556390977443609	0	0	0
dmel-FBgn0266408	0.0827586206896553	0	0.262068965517241	0.0862068965517242
dmel-FBgn0266409	0.145245901639345	0.24655737704918	0.0262295081967213	0.0652459016393442
dmel-FBgn0266410	0.100744374894265	0.213246489595669	0.123752326171545	0.0457621383860598
dmel-FBgn0266411	0.0569450647610541	0.04890576150067	0.0318222420723537	0.0233363108530594
dmel-FBgn0266415	0.694915254237288	0	0	0
dmel-FBgn0266416	0.651851851851851	0	0	0
dmel-FBgn0266417	0.0214440984666001	0.0126020797837965	0.119851947594148	0.00449444803478056
dmel-FBgn0266418	0.169375534644996	0.230966638152267	0.0778443113772454	0.00940975192472199
dmel-FBgn0266420	0.115870967741936	0.040258064516129	0.0188387096774193	0
dmel-FBgn0266421	0.0472798722829423	0.0227188996684269	0.0153506078840722	0.00577182856441116
dmel-FBgn0266430	0	0	0.444578313253012	0
dmel-FBgn0266432	0.507853403141361	0	0	0
dmel-FBgn0266436	0.474513438368861	0	0	0
dmel-FBgn0266437	0.0817120622568093	0	0	0
dmel-FBgn0266441	0.0499892264598147	0.0387847446670976	0.00581771170006464	0
dmel-FBgn0266446	0.0776699029126214	0.33246952332287	0.00321191327834148	0.00032849113073947
dmel-FBgn0266448	0.0889121338912136	0.292887029288703	0.0140167364016736	0
dmel-FBgn0266449	0.0459222891715639	0.0416325720945226	0.045153611545042	0.0128443551786556
dmel-FBgn0266450	0.0160281469898358	0.0111415168100078	0.00390930414386238	0.00527756059421423
dmel-FBgn0266451	0	0.373493975903614	0	0
dmel-FBgn0266452	0.0623035681271953	0.055463117027177	0.0234793862081716	0.0125716398594935
dmel-FBgn0266456	0.464383561643836	0	0	0
dmel-FBgn0266464	0.0463753966316818	0.0500366121552356	0.0347815474737613	0.020136685379546
dmel-FBgn0266465	0.0575294550810014	0.0567010309278349	0.0595544918998528	0.0244845360824742
dmel-FBgn0266518	0.0654965057695432	0.0763855030066636	0.0414431984397855	0.0162522346822688
dmel-FBgn0266521	0.084616542107639	0.0799518483222149	0.00371169182926218	0.00456437779003862
dmel-FBgn0266534	0.163793103448276	0.255747126436782	0	0.0517241379310344
dmel-FBgn0266549	0.140545538603791	0.16551086453999	0.089690245030051	0.0906148867313916
dmel-FBgn0266557	0.0820005301758416	0.051868869841831	0.0256251656799505	0.0321640010603516
dmel-FBgn0266566	0.0426356589147287	0.0658914728682171	0	0
dmel-FBgn0266569	0.027391109115402	0.0815446789402785	0.0126627750336776	0.0124831612034127
dmel-FBgn0266570	0.135628050346776	0.189571024916517	0.0642178268687388	0.011045466221423
dmel-FBgn0266572	0.0755573354692299	0.0626084634895206	0.0822320117474301	0.0367107195301028
dmel-FBgn0266579	0.0181055420622654	0.0150143519540738	0.00264959152130713	0.00132479576065357
dmel-FBgn0266580	0.0920096852300244	0.0603464332277891	0.0204879865896815	0.0186254423542559
dmel-FBgn0266581	0.0519607843137255	0.0441176470588235	0.0264705882352941	0.0129901960784314
dmel-FBgn0266582	0.0571743648470967	0.0468252958391653	0.0476735801840777	0.0166263731602834
dmel-FBgn0266591	0.484042553191489	0	0	0
dmel-FBgn0266595	0.503311258278145	0	0	0
dmel-FBgn0266598	0	0	0	0
dmel-FBgn0266599	0.0578388732331395	0.0884292913557446	0.0301433327698195	0.0176710485688379
dmel-FBgn0266619	0	0.490566037735849	0	0
dmel-FBgn0266631	0	0	0	0.518421052631579
dmel-FBgn0266633	0	0	0.357142857142858	0.23469387755102
dmel-FBgn0266639	0	0.525525525525525	0	0
dmel-FBgn0266648	0.540880503144655	0	0	0
dmel-FBgn0266666	0.0185563822784305	0.106431150385989	0.0359607827491971	0.00778959127087032
dmel-FBgn0266667	0.0597388163378716	0.0514031675465407	0.0511253125868296	0.0250069463739928
dmel-FBgn0266668	0.0447142857142856	0.0607142857142859	0.0549999999999999	0.0314285714285714
dmel-FBgn0266669	0.0488064791133844	0.0552003410059675	0.0507246376811594	0.0274936061381074
dmel-FBgn0266670	0.14756446991404	0.141356255969437	0.142311365807068	0.066857688634193
dmel-FBgn0266671	0.0464558342420938	0.0532170119956379	0.0610687022900763	0.0263904034896401
dmel-FBgn0266672	0.179425837320574	0.155844155844156	0.0943267259056733	0.0690362269309637
dmel-FBgn0266673	0.0628665259207131	0.0494956603330987	0.0638048322777387	0.0431620924231761
dmel-FBgn0266674	0.0595594234430242	0.07016589611096	0.0497688332880065	0.0334511830296437
dmel-FBgn0266676	0.588235294117647	0	0	0
dmel-FBgn0266680	0	0	0	0.360869565217392
dmel-FBgn0266684	0.6	0	0	0
dmel-FBgn0266687	0	0.448598130841122	0	0
dmel-FBgn0266696	0.172607879924953	0.148753685339051	0.149557759313857	0.0249262932189761
dmel-FBgn0266698	0.63716814159292	0	0	0
dmel-FBgn0266708	0.305343511450382	0	0	0
dmel-FBgn0266709	0.232227488151659	0	0	0
dmel-FBgn0266710	0.421621621621622	0	0	0
dmel-FBgn0266711	0.0506645259120507	0.0462046204620462	0.0328546368150328	0.0472452650670473
dmel-FBgn0266717	0.183431952662722	0.130424063116371	0.116617357001973	0.0761834319526627
dmel-FBgn0266719	0.0400645877485114	0.10767988697144	0.0133212231304874	0.00807346856393179
dmel-FBgn0266720	0.039761608254759	0.0778331257783314	0.0331791496175057	0.0168119551681196
dmel-FBgn0266722	0.0377944602640435	0.0471136422469583	0.0481491069117266	0.0194149624644059
dmel-FBgn0266723	0.0401406387342514	0.0802812774685028	0.0406289676726244	0.0389686492821565
dmel-FBgn0266724	0.0301024765157984	0.0877455166524338	0.0371477369769428	0.0299957301451751
dmel-FBgn0266730	0.638349514563107	0	0	0
dmel-FBgn0266737	0.478753541076487	0	0	0
dmel-FBgn0266742	0.104323308270677	0	0.414473684210526	0.0328947368421054
dmel-FBgn0266745	0.197268588770865	0.179059180576631	0.0971168437025795	0
dmel-FBgn0266750	0.527777777777777	0	0	0
dmel-FBgn0266756	0.0493694247923716	0.0576745616733313	0.0218394340203014	0.000922792986773301
dmel-FBgn0266757	0.247813411078717	0	0	0
dmel-FBgn0266758	0.0435876433419143	0.109290896325767	0.00157968640299555	0.0361572665574538
dmel-FBgn0266769	0.554545454545454	0	0	0
dmel-FBgn0266773	0.644067796610169	0	0	0
dmel-FBgn0266777	0.47972972972973	0	0	0
dmel-FBgn0266787	0	0	0	0.521052631578948
dmel-FBgn0266801	0.148588410104012	0.0208023774145617	0	0
dmel-FBgn0266815	0.6015625	0	0	0
dmel-FBgn0266817	0.595419847328244	0	0	0
dmel-FBgn0266824	0.6	0	0	0
dmel-FBgn0266848	0.0731253873166701	0.0955381119603387	0.0235488535426565	0.0263375335674448
dmel-FBgn0266873	0.649122807017543	0	0	0
dmel-FBgn0266911	0	0.789473684210526	0	0
dmel-FBgn0266916	0.125721616420783	0.0487491982039768	0.0192431045542014	0.0102629890955741
dmel-FBgn0266917	0.0833952451708768	0.0759658246656759	0.024331352154532	0.0176448736998514
dmel-FBgn0266918	0.0592566863494268	0.0514762070163251	0.0545328238971866	0.0143105244876693
dmel-FBgn0266929	0	0	0	0.440909090909091
dmel-FBgn0266958	0.246575342465753	0.301369863013699	0	0
dmel-FBgn0266959	0.712121212121213	0	0	0
dmel-FBgn0266962	0.549618320610687	0	0	0
dmel-FBgn0266970	0	0.31740614334471	0	0
dmel-FBgn0266972	0.611650485436894	0	0	0
dmel-FBgn0266974	0	0	0	0.317567567567567
dmel-FBgn0266977	0.656330749354005	0	0	0
dmel-FBgn0266978	0.549999999999999	0	0	0
dmel-FBgn0266985	0.545454545454546	0	0	0
dmel-FBgn0267001	0.350089766606822	0.0897666068222623	0.0287253141831238	0
dmel-FBgn0267002	0.0692786715101194	0.0373637778930981	0.0371043072132849	0.018681888946549
dmel-FBgn0267029	0.140661938534279	0.190307328605201	0.036643026004728	0.146572104018912
dmel-FBgn0267033	0.0747531734837801	0.0253878702397743	0.0155148095909732	0.0126939351198872
dmel-FBgn0267035	0.484848484848484	0	0	0
dmel-FBgn0267073	0.163132137030995	0.31973898858075	0	0
dmel-FBgn0267111	0.258064516129032	0.403225806451613	0	0
dmel-FBgn0267113	0	0.512195121951219	0	0
dmel-FBgn0267119	0.442748091603053	0	0	0
dmel-FBgn0267123	0.568421052631578	0	0	0
dmel-FBgn0267142	0	0	0	0.510436432637571
dmel-FBgn0267151	0	0.37984496124031	0	0
dmel-FBgn0267153	0.0465346534653467	0.0257425742574258	0	0.172277227722772
dmel-FBgn0267159	0.553398058252428	0	0	0
dmel-FBgn0267163	0.583493282149711	0	0	0
dmel-FBgn0267182	0.445544554455446	0	0	0
dmel-FBgn0267195	0	0	0.446280991735538	0
dmel-FBgn0267213	0.677914110429448	0	0	0
dmel-FBgn0267246	0.635416666666666	0	0	0
dmel-FBgn0267252	0.441747572815534	0.0631067961165048	0	0
dmel-FBgn0267253	0.49122807017544	0	0	0
dmel-FBgn0267296	0.488372093023256	0	0	0
dmel-FBgn0267314	0.0813793103448277	0.442758620689655	0	0
dmel-FBgn0267326	0.424543946932007	0	0	0
dmel-FBgn0267330	0.157468669728341	0.14594847046003	0.072701798085156	0.12703354868841
dmel-FBgn0267336	0.0115949282615949	0.0112612612612613	0.0192692692692693	0.00508842175508842
dmel-FBgn0267337	0.162116040955632	0.0221843003412969	0	0
dmel-FBgn0267339	0.0205748865355522	0	0.0415532022188602	0.0248108925869894
dmel-FBgn0267347	0.29778933680104	0.0546163849154746	0	0
dmel-FBgn0267348	0.0533077966642727	0.0292873673290239	0.0105338759875509	0.0753331737291518
dmel-FBgn0267350	0.058969493504598	0.0680192672602538	0.0451029046854474	0.0141585170048168
dmel-FBgn0267351	0.0821917808219178	0.0413449564134495	0.0283935242839352	0.0196762141967621
dmel-FBgn0267363	0.379471228615863	0	0	0
dmel-FBgn0267365	0.0600471359770468	0.0652730812583256	0.0306383850804386	0.0413976841889539
dmel-FBgn0267366	0.572245801808453	0	0	0.00461339730577596
dmel-FBgn0267376	0.0208451102317694	0.0166054267947993	0.00890333521763708	0.00508762012436405
dmel-FBgn0267378	0.156269791006967	0.145028499050032	0.133153894870171	0.060956301456618
dmel-FBgn0267383	0.322338340953625	0	0	0
dmel-FBgn0267384	0.13752591568763	0.199723565998618	0.116793365583967	0.0725639253628196
dmel-FBgn0267385	0.0493195270154994	0.0542278567397665	0.0148168563066787	0.014987466698164
dmel-FBgn0267390	0.0707573870712102	0.0632854069964904	0.030340767576135	0.030227555756821
dmel-FBgn0267398	0.0452245288281468	0.0765430131091365	0.0385305016535841	0.0450253018289039
dmel-FBgn0267408	0.0368229501177477	0.00433526011560694	0.10019267822736	0.00331834724898309
dmel-FBgn0267430	0.564102564102564	0	0	0
dmel-FBgn0267431	0.571428571428572	0	0	0
dmel-FBgn0267432	0.714285714285714	0	0	0
dmel-FBgn0267433	0.630769230769231	0	0	0
dmel-FBgn0267435	0.0774410774410773	0.0117845117845118	0	0
dmel-FBgn0267449	0.620689655172414	0	0	0
dmel-FBgn0267454	0	0	0	0.441747572815534
dmel-FBgn0267458	0.611764705882353	0	0	0
dmel-FBgn0267461	0.0581039755351683	0.17737003058104	0.22782874617737	0
dmel-FBgn0267471	0.227642276422764	0.146341463414634	0	0
dmel-FBgn0267474	0.574074074074073	0	0	0
dmel-FBgn0267484	0.689393939393939	0	0	0
dmel-FBgn0267486	0.0781038374717834	0.18058690744921	0.0121896162528217	0
dmel-FBgn0267487	0.03687957286929	0.0396480126557248	0.0226418825390548	0.00613011666996244
dmel-FBgn0267488	0.0897389192471159	0.0568306010928962	0.00850030358227078	0.0331511839708561
dmel-FBgn0267489	0.555555555555556	0	0	0
dmel-FBgn0267492	0.552083333333333	0	0	0
dmel-FBgn0267495	0.321428571428571	0.278571428571428	0	0
dmel-FBgn0267511	0	0.0739219712525667	0.0657084188911706	0.338809034907597
dmel-FBgn0267534	0.46376811594203	0	0	0
dmel-FBgn0267537	0.602409638554217	0	0	0
dmel-FBgn0267539	0.53125	0	0	0
dmel-FBgn0267557	0.58	0	0	0
dmel-FBgn0267568	0	0	0.465116279069768	0
dmel-FBgn0267575	0	0	0.521472392638036	0
dmel-FBgn0267592	0.644444444444443	0	0	0
dmel-FBgn0267624	0	0	0	0.40625
dmel-FBgn0267635	0.363636363636364	0	0	0
dmel-FBgn0267644	0.610132158590308	0	0	0
dmel-FBgn0267654	0.727272727272727	0	0	0
dmel-FBgn0267661	0	0	0.604166666666667	0
dmel-FBgn0267665	0.399999999999999	0	0	0
dmel-FBgn0267667	0	0.384615384615385	0	0
dmel-FBgn0267668	0.12987012987013	0.0909090909090908	0.0779220779220779	0.142857142857143
dmel-FBgn0267671	0.679611650485437	0	0	0
dmel-FBgn0267674	0.644444444444444	0	0	0
dmel-FBgn0267678	0	0.527065527065527	0	0
dmel-FBgn0267689	0.340296866410115	0	0	0
dmel-FBgn0267698	0.0360679662253726	0.0237673303450433	0.0517043677681642	0.0146982174502241
dmel-FBgn0267702	0.149038461538461	0.240384615384616	0	0.192307692307692
dmel-FBgn0267707	0.601010101010102	0	0	0
dmel-FBgn0267710	0.598591549295775	0	0	0
dmel-FBgn0267717	0	0.517412935323384	0	0
dmel-FBgn0267726	0.602809482001755	0	0	0
dmel-FBgn0267727	0.264766495511544	0.0182681895979601	0.0191065004016905	0.00153690314017255
dmel-FBgn0267728	0.103294746215494	0.0471950133570793	0	0
dmel-FBgn0267733	0.229235880398671	0.192691029900332	0.0564784053156147	0
dmel-FBgn0267758	0.2	0.342857142857143	0	0
dmel-FBgn0267760	0.580459770114943	0	0	0
dmel-FBgn0267762	0.550724637681161	0	0	0
dmel-FBgn0267777	0.479674796747968	0	0	0
dmel-FBgn0267790	0.0737799220634626	0.0531452959732788	0.0231582853961774	0.0217480051957691
dmel-FBgn0267791	0.0676501266577261	0.0814583022897731	0.0355635027069985	0.0193215119455621
dmel-FBgn0267792	0.0330786800031503	0.0405607623848154	0.0438686303851304	0.0846656690556823
dmel-FBgn0267793	0.34	0.14	0	0
dmel-FBgn0267794	0.588235294117647	0	0	0
dmel-FBgn0267795	0.0814135540147619	0.0880116305077163	0.0093938716170879	0.00559159024826662
dmel-FBgn0267796	0.276595744680851	0.212765957446808	0	0
dmel-FBgn0267798	0.370041256743891	0.137734052681689	0.0358616312281815	0
dmel-FBgn0267803	0.244897959183674	0	0.244897959183674	0
dmel-FBgn0267811	0.504065040650406	0	0	0
dmel-FBgn0267814	0	0	0.55	0
dmel-FBgn0267821	0.0652917603362331	0.0558107711856123	0.042517837943505	0.0137816440230671
dmel-FBgn0267823	0.0598885793871866	0.0654596100278552	0.0271587743732591	0.026230269266481
dmel-FBgn0267824	0.132580729850354	0.10658965607771	0.213179312155422	0.0606458388028354
dmel-FBgn0267828	0.0245240400129074	0.028783478541465	0.0516295579219103	0.0152952565343659
dmel-FBgn0267841	0.155126050420168	0.162521008403361	0.0616806722689074	0.0710924369747899
dmel-FBgn0267849	0.0379037650151016	0.033315657206096	0.0801881354759872	0.0241394415880848
dmel-FBgn0267861	0.0137604331152719	0.0179111211369275	0.011279043537108	0.00843672456575682
dmel-FBgn0267910	0.113858165256994	0.152895250487964	0.223162003903708	0
dmel-FBgn0267911	0.0208337078247739	0.00354119106253708	0.000970681814096457	0.107080584566159
dmel-FBgn0267912	0.173770491803279	0.238251366120219	0.0415300546448088	0.0207650273224044
dmel-FBgn0267913	0.184633027522936	0.173165137614679	0.055045871559633	0.0986238532110093
dmel-FBgn0267920	0.163454124903624	0.331534309946029	0	0
dmel-FBgn0267924	0	0.0594594594594595	0	0
dmel-FBgn0267954	0	0.561837455830389	0	0
dmel-FBgn0267967	0.238064516129032	0	0	0
dmel-FBgn0267972	0.0499938126469496	0.082663036752877	0.0254300210370004	0.0389803242172998
dmel-FBgn0267975	0.134056987788331	0.16336499321574	0.136499321573949	0.0605156037991858
dmel-FBgn0267976	0.0706765690035093	0.0504094235425338	0.0311760385211785	0.0225795043390734
dmel-FBgn0267977	0.305555555555556	0.138888888888889	0.0674603174603174	0
dmel-FBgn0267978	0.0864326872708224	0.0214772132006286	0	0.0924567836563648
dmel-FBgn0268063	0.0356182795698925	0.0206093189964158	0.015905017921147	0.122909199522103
dmel-FBgn0270924	0.0753363228699552	0.0627802690582961	0.0310538116591928	0.0193946188340807
dmel-FBgn0270925	0.427082299215725	0.000496376451901121	0	0.00183659287203414
dmel-FBgn0270926	0.0656656207978484	0.0429553264604811	0.0103092783505155	0.226953533542508
dmel-FBgn0270927	0.0337639459776864	0.0234879624192601	0.0257388921511059	0.0383636719514583
dmel-FBgn0270928	0.396039603960396	0.0792079207920795	0	0
dmel-FBgn0275436	0.0640705608254284	0.0595773007155932	0.0552504576468633	0.035280412714262
dmel-FBgn0278598	0.206896551724138	0.195402298850575	0	0.0919540229885058
dmel-FBgn0278604	0.0791760540714515	0.0617959446411329	0.0337946572256195	0.0157708400386224
