Gene	Whole_Body	Muscle	Gut	Fat_Body
FBgn0000008	0.109965635738832	0.0446735395189003	0.00630011454753723	0.183848797250859
FBgn0000014	0.0478870800138552	0.148164184274333	0.00337720817457569	0.0267578801524074
FBgn0000015	0.0344488188976378	0.0871062992125985	0.00196850393700787	0.00935039370078741
FBgn0000017	0.0692410119840214	0.051930758988016	0.0255659121171771	0.0178428761651132
FBgn0000018	0.0974539069359087	0.0899912203687445	0.0333625987708516	0.033801580333626
FBgn0000022	0.200549450549451	0.118131868131868	0	0
FBgn0000024	0.0557865557865558	0.0249480249480249	0.0367290367290367	0.0370755370755371
FBgn0000028	0.191176470588235	0	0	0
FBgn0000032	0.0583310645249116	0.0545194663762592	0.0711952082766132	0.0383882384971413
FBgn0000036	0.197080291970803	0	0	0
FBgn0000037	0.210526315789474	0	0	0
FBgn0000038	0.176811594202898	0	0	0
FBgn0000039	0.240963855421686	0	0	0
FBgn0000042	0.156698862535632	0.194489801566435	0.10549912822074	0.0628465207243609
FBgn0000043	0.243874586797556	0.108604627867375	0.159911850145247	0.0249624361414404
FBgn0000044	0.0802066095674632	0.480775755225823	0.00311229894687282	0.000713163051230034
FBgn0000045	0.461538461538462	0	0	0
FBgn0000046	0.0850384980487289	0.527779242695919	0.0032565130260521	0.00158211159160426
FBgn0000047	0.494117647058824	0	0	0
FBgn0000052	0.0508711288013687	0.00558639712300548	0.00261862365140882	0.167556998708146
FBgn0000053	0.0693889776357827	0.00319488817891374	0.00342784877529286	0.288371938232162
FBgn0000054	0.0715589948700112	0.0526910703417094	0.0291279019215721	0.015650812972785
FBgn0000055	0	0	0	7.78411121371985e-05
FBgn0000056	0	0	0	0
FBgn0000057	0.0925982800982801	0.0542076167076168	0.0182739557739558	0.0790847665847667
FBgn0000061	0.0734736115902035	0.0869265263884098	0.047602621593653	0
FBgn0000063	0.161835748792271	0.0374396135265699	0.0217391304347826	0
FBgn0000064	0.0100915134828237	0.0182019645789709	0.00125762357983162	0.0129150615686107
FBgn0000071	0.0531089168664398	0.0116008113862299	0.0141154381318	0.222879750549027
FBgn0000075	0.294117647058824	0.176470588235294	0	0
FBgn0000077	0.024616549895853	0.0335163794735845	0.0340844537019504	0.0295398598750236
FBgn0000078	0.0419474521087304	0	0.57181797531612	0
FBgn0000079	0.0562584036181396	0	0.530130790856864	0
FBgn0000083	0.0365767475669346	0.057000363445463	0.0138109275935872	0.0174352865161733
FBgn0000084	0.114381388790976	0.304899541769475	0.0431794148748678	0.0396545646810011
FBgn0000097	0.0792958656330751	0.0398901808785529	0.0290697674418605	0.0429586563307494
FBgn0000100	0.0518972788281588	0.0596261193632787	0.0237023945294337	0.0303694159069301
FBgn0000108	0.189873417721519	0.01879555044112	0.0046029919447641	0
FBgn0000109	0.0188721635587508	0.0172994832621883	0.0196585037070321	0.0290945854864075
FBgn0000114	0.11533180778032	0.00251716247139589	0	0.0272311212814646
FBgn0000115	0.059242064893778	0.083160922440329	0.0340112025029016	0.0268456375838926
FBgn0000116	0.0140297579428586	0.0594053001771455	0.00188412721927443	8.97203437749728e-05
FBgn0000117	0.0710652206853257	0.0624932354914822	0.0355001407017772	0.0201095309219214
FBgn0000119	0.095038852361028	0.0527993624227933	0.0253038453875274	0.0458258617254433
FBgn0000120	0.0770901194353964	0	0	0
FBgn0000137	0.177777777777777	0	0	0
FBgn0000139	0.0672379696769941	0.0457042408261921	0.0459239727532411	0.025708635464733
FBgn0000140	0.218537414965986	0.0416666666666666	0.016156462585034	0
FBgn0000146	0.231759656652361	0	0	0
FBgn0000147	0.298395721925134	0.018716577540107	0	0
FBgn0000150	0.0535641571556548	0.0533663746466092	0.0296382906937512	0.0133037822996289
FBgn0000152	0.0210843373493976	0.0522678951098512	0.00460666194188519	0.00690999291282778
FBgn0000153	0.0768802486892775	0.0871340416647334	0	0
FBgn0000157	0.138741916519694	0.0482069370958259	0	0
FBgn0000158	0.509803921568628	0	0	0
FBgn0000163	0.115450791465933	0.0696834136269786	0.0679628355127324	0.0170337233310392
FBgn0000173	0.0254480440228679	0.0351904588570328	0.0324069117615571	0.014003383080316
FBgn0000179	0.157952069716776	0.047930283224401	0	0.00762527233115468
FBgn0000180	0.121010004764173	0.0438303954263936	0.106717484516436	0
FBgn0000181	0.0487925266448511	0.0560989134872611	0.0169893298720925	0.0163616752893
FBgn0000182	0	0	0	0
FBgn0000183	0.0467554250969704	0.0613271831428871	0.0287241849250445	0.00712862983541253
FBgn0000210	0.194035485088713	0.251038127595318	0.0847112117780295	0.0476406191015477
FBgn0000212	0.0751370525636891	0.0785768031817694	0.0211759647425562	0.0145114479200258
FBgn0000216	0.119760479041916	0.0651197604790419	0	0
FBgn0000221	0.0940246045694201	0.0738137082601054	0.0448154657293497	0.0184534270650264
FBgn0000228	0.0630285944422068	0.0767217076117599	0.0501409585179219	0.0285944422070076
FBgn0000229	0.043261349868149	0.0492480935072339	0.029791176680208	0.0237331622835151
FBgn0000233	0.138613861386139	0.0528052805280528	0	0
FBgn0000239	0.0491674930841902	0.0495850514118691	0.0214520590845034	0.0249491100788141
FBgn0000241	0.0532966142880286	0	0.0332091365624493	0.128462659970841
FBgn0000244	0.0276444890066605	0.0880183341688749	0.015182983599513	0.00408221728854831
FBgn0000246	0.071680376028202	0.0387779083431257	0.0176263219741481	0.0164512338425382
FBgn0000247	0.0730944938687182	0.0687665304159654	0.0331810531377735	0.0163500841548449
FBgn0000250	0.0368641339343207	0.072665808113329	0.016677398583387	0.0158403090792015
FBgn0000251	0.0948837209302325	0.0111627906976744	0.113116279069768	0
FBgn0000253	0.0192356225748446	0.0242436669926497	0.00657749455818795	0.0156787280355847
FBgn0000256	0.103559870550162	0.0275080906148868	0.0862459546925568	0.013915857605178
FBgn0000257	0.0466633216256899	0.039136979427998	0.0376317109884596	0.0180632212744606
FBgn0000259	0.0322195704057279	0.0305074193213656	0.0117775241257653	0.0125557746186573
FBgn0000261	0.0420886008256861	0.0603820402575456	0.0182121542706796	0.0895120751246015
FBgn0000273	0.060524762569083	0.133497880560176	0.0175457423405054	0.0105167140634222
FBgn0000274	0.248837209302326	0	0	0
FBgn0000278	0	0	0	0
FBgn0000279	0.0530035335689046	0	0	0
FBgn0000283	0.11269592476489	0.102037617554859	0.05987460815047	0.040282131661442
FBgn0000286	0.0524867122247531	0.0620728929384966	0.0271450265755505	0.0441343963553531
FBgn0000287	0.150390625	0.0439453125	0	0
FBgn0000289	0.0837277029486713	0.0558184686324474	0.034461837155685	0.022327387452979
FBgn0000299	0.036144578313253	0.0216085581263106	0	0.0442833280022746
FBgn0000303	0.0984251968503937	0.0393700787401575	0	0
FBgn0000307	0.0695167286245355	0.0773234200743496	0.0459107806691449	0.025092936802974
FBgn0000308	0.0263045302853481	0.0497543053459297	0.0150020300077013	0.00878638310887944
FBgn0000316	0.0586408249471983	0.0715616846813268	0.0408746428127719	0.0416200770282024
FBgn0000317	0.0562259306803594	0.0439024390243903	0.0290115532734275	0.0138639281129653
FBgn0000318	0.0394255346536474	0.051819569334878	0.0269579448704511	0.0176532244717824
FBgn0000319	0.0492507087889832	0.050903199675982	0.0457513163223977	0.0407128392061563
FBgn0000320	0.171063149480416	0.0935251798561151	0	0.00719424460431655
FBgn0000326	0.0391257094553798	0.0565149136577708	0.0312764158918005	0.0448013524936603
FBgn0000330	0.0476352500850629	0.0328342973800612	0.0226267437904049	0.0258591357604627
FBgn0000337	0	0	0	0
FBgn0000339	0.0343112713193819	0.0415873969493675	0.0166883615366644	0.0185240813056974
FBgn0000346	0.454054054054054	0.0522522522522523	0	0
FBgn0000351	0.475409836065573	0	0	0
FBgn0000352	0.1024	0.0828000000000001	0.0236000000000001	0.0292
FBgn0000370	0.143877151799687	0.205183881064162	0.0569248826291079	0.0983959311424102
FBgn0000376	0.0780246913580247	0.0829629629629629	0.0444444444444444	0.0123456790123457
FBgn0000377	0.0632434575733543	0.0644329896907215	0.0442109436954798	0.0194290245836638
FBgn0000382	0.0685956597655276	0.0548765278124221	0.0324270391618858	0.0132202544275381
FBgn0000384	0.182461103253183	0.173031588873173	0.0825082508250825	0.0862800565770863
FBgn0000392	0	0	0	0
FBgn0000394	0.023131076097888	0.03117666778411	0.00452564532349983	0.0129064699966477
FBgn0000395	0.070801317233809	0.090010976948408	0.0510428100987925	0.0161909989023052
FBgn0000404	0.143972576652066	0.0316130260902685	0.0222814701961531	0.00438011807274805
FBgn0000405	0.163773452568823	0.0306856040680344	0.0117482027003331	0.00438365772400491
FBgn0000406	0.0157778864970646	0.00129647749510763	0.00447651663405088	0.102470645792563
FBgn0000409	0.0191414991400196	0.0257624234802389	0.0100238575206673	0.00669490114848997
FBgn0000411	0.0960163432073544	0.038815117466803	0	0
FBgn0000412	0.0887766149404547	0.056761354848688	0.017502706604114	0.0123214930143836
FBgn0000414	0.0575065847234416	0.0746268656716415	0.00724319578577699	0.00263388937664618
FBgn0000416	0.0390145515533371	0.0385748571409537	0.121683763117967	0.011905059317108
FBgn0000422	0.0309463037240197	0.118252294814275	0	0
FBgn0000426	0.0722715134809201	0.0520285985011628	0.017572573003704	0
FBgn0000439	0.206521739130435	0	0	0
FBgn0000442	0	0	0	0
FBgn0000447	0.0801620719790259	0.04329864145547	0.023834114562644	0.0181933741161516
FBgn0000448	0.0323660714285714	0.015625	0.0100446428571429	0.0301339285714286
FBgn0000449	0.180616740088106	0	0	0
FBgn0000451	0.0997983870967742	0.0816532258064516	0.0362903225806452	0
FBgn0000454	0.0350284900284901	0.0344301994301995	0.0340740740740741	0.0461111111111111
FBgn0000455	0.0385984290623465	0.023073146784487	0.1556823760432	0.0149116347569956
FBgn0000459	0.135135135135135	0.0440967283072545	0.0469416785206259	0
FBgn0000463	0.162947937795808	0.0371872887085868	0.00811359026369169	0
FBgn0000464	0.00904662491301322	0.00487125956854558	0.00208768267223382	0.00208768267223382
FBgn0000473	0	0	0	0
FBgn0000477	0.0412844036697247	0.00326661106477621	0.133514039477342	0.165137614678899
FBgn0000479	0.0348229831688915	0.074095569742697	0.00541690849293867	0.00386922035209905
FBgn0000482	0.0615449026585724	0.063638266694578	0.0401925894913126	0.0370525434373038
FBgn0000489	0.130516840882695	0.398954703832753	0.0136469221835075	0
FBgn0000490	0.0670006261740764	0.0701314965560425	0.00438321853475265	0
FBgn0000492	0.114801444043321	0.0859205776173286	0	0.0584837545126354
FBgn0000497	0.355493998153278	0.180978762696214	0	0
FBgn0000499	0.0927782497875955	0.0594732370433306	0.0288870008496177	0.0139337298215803
FBgn0000504	0.0629235237173283	0.0329138431752177	0.0174249757986447	0.0367860600193612
FBgn0000520	0.0703953712632595	0.0916104146576663	0.0511089681774349	0.0110896817743491
FBgn0000524	0.103481939472828	0.0833062154246664	0.0341685649202733	0.0201757240481614
FBgn0000527	0.0776681353093253	0.0717692895896297	0	0
FBgn0000533	0.051133368476542	0.147074327886136	0	0
FBgn0000535	0.16	0	0	0
FBgn0000536	0.0164395652893474	0.0115849285596072	0.0132399183538368	0.0205770397749213
FBgn0000541	0.24221824686941	0.143470483005367	0.065474060822898	0.0694096601073346
FBgn0000542	0.104912067919951	0.0648878107944209	0.00272892662219527	0
FBgn0000543	0.0674748959098703	0.0810678422728387	0.0511878520695566	0.0282880235121234
FBgn0000546	0.0409014196366525	0.063238359972203	0.0328104834706641	0.0108706442966346
FBgn0000547	0.116576022700402	0.0604161740364151	0.013596594939702	0.00106408134310712
FBgn0000551	0	0.196407185628743	0	0
FBgn0000556	0.129529856123762	0.148742758359176	0.0561482776436785	0.153494718198929
FBgn0000557	0.194878201124297	0.0126483447845097	0	0
FBgn0000559	0.0548630870611411	0.0628399087345976	0.0272030833227015	0.0473965920857825
FBgn0000560	0.48936170212766	0	0	0
FBgn0000562	0.0559911368672234	0.0660473836713822	0.0619567070052837	0.0109936935401398
FBgn0000565	0.0336473869492015	0.0766483563204708	0.00316321151000833	0.0658237104811142
FBgn0000566	0.0397938933955367	0.0183128503290046	0.00774640531977856	0.115586811962539
FBgn0000567	0.0561096000805883	0.0717739498337867	0.0158658204895739	0.0314294348745845
FBgn0000568	0.0482921928817451	0.0401119402985074	0.030927095292767	0.0226033295063146
FBgn0000575	0.0724885844748858	0.0497582594681708	0.0432111200644641	0.0125906526994359
FBgn0000576	0.126957955482275	0.0948062654575432	0	0
FBgn0000577	0.1275	0.08	0	0
FBgn0000578	0.123145749941135	0.0904167647751355	0.0193077466446904	0.00541558747351072
FBgn0000579	0.0193523982448177	0.0428355273112422	0.00610531093962778	0.0144197306702981
FBgn0000581	0.0879668049792529	0.0512448132780083	0.033195020746888	0.0195020746887967
FBgn0000588	0.0874568469505177	0.0563866513233601	0.043728423475259	0
FBgn0000591	0.206747404844291	0.0588235294117648	0	0
FBgn0000592	0	0.247619047619048	0	0.266666666666666
FBgn0000611	0.051453679369251	0.0523570959264126	0.0268561103810775	0.0156455321944809
FBgn0000615	0.434015707480367	0.00128749839062701	0.00566499291875886	0.0292262134672332
FBgn0000617	0.0537313432835821	0.0649253731343284	0.0297014925373134	0.0217910447761194
FBgn0000618	0.0422069330510716	0.0551733262767928	0.0246096851018788	0.0193172797036253
FBgn0000625	0.128358208955224	0.0611940298507464	0	0
FBgn0000629	0.0705964585274931	0.0640726933830383	0.0337837837837838	0.0253960857409133
FBgn0000633	0.192307692307692	0.0352564102564103	0	0
FBgn0000635	0.0736391049039836	0.0466592604348516	0.0252340898270116	0.0079352483732741
FBgn0000636	0.0595033428844318	0.0393505253104106	0.00916905444126074	0.00038204393505253
FBgn0000639	0.0313233268242541	0.000976837977727571	3.17796685820959e-05	0.221727342822163
FBgn0000640	0.0278771583184039	0.000721248038568039	0	0.28567962911321
FBgn0000644	0.213114754098361	0	0	0.366120218579235
FBgn0000658	0.10673049845114	0.143058293438468	0	0
FBgn0000659	0.0861892583120203	0.0030690537084399	0.0813299232736573	0
FBgn0000662	0.0601092896174863	0.0604927619595436	0.0361422682389034	0.0232959447799827
FBgn0000667	0.112298387096774	0.39203629032258	0.0216733870967742	0.0121975806451613
FBgn0000709	0.0547422024188416	0.065404201145767	0.0485359643539148	0.0155951623169956
FBgn0000711	0.141388174807198	0.139845758354756	0.176863753213368	0.0416452442159383
FBgn0000715	0.12962962962963	0	0	0
FBgn0000719	0.0286776420605417	0.0384138785625774	0.00336342715524872	0.047973092582758
FBgn0000721	0.0334160170092133	0.0669029057406094	0.0103118355776045	0.0540751240255139
FBgn0000723	0.0655578655578657	0.102148302148302	0.078863478863479	0.00235620235620236
FBgn0000808	0.0761421319796954	0	0	0
FBgn0000810	0.0613185799907792	0.0633932687874597	0.0198248040571692	0.0163669893960351
FBgn0000928	0.538461538461539	0	0	0
FBgn0000964	0.5	0	0	0
FBgn0000996	0.107881773399015	0.0630541871921183	0.0315270935960591	0.0147783251231527
FBgn0001075	0.190613718411552	0.0476534296028881	0.00216606498194946	0
FBgn0001077	0.414634146341464	0	0	0
FBgn0001078	0.0270270270270269	0.019180470793374	0.018308631211857	0.002615518744551
FBgn0001079	0.0795601552393273	0.0672703751617077	0.0582147477360931	0.0219922380336351
FBgn0001083	0.030816304229046	0.091246858266856	0	0
FBgn0001084	0.0907348242811501	0.063258785942492	0.0357827476038339	0
FBgn0001085	0.125418860698899	0.0378171373863092	0.0205840114887505	0.00478697941598851
FBgn0001086	0.177807848443843	0.0313937753721245	0.0140730717185385	0
FBgn0001087	0.052995391705069	0.0409809084924292	0.0261685319289006	0.0406517445687953
FBgn0001089	0.0476125324941852	0.0738815159392529	0.00424134628540155	0.00519906964016967
FBgn0001090	0.154199408102868	0.0800081640983773	0	0.00102051229717318
FBgn0001091	0.117478004831003	0.235890473755664	0.0297970626090942	0.120916127439745
FBgn0001092	0.119388323127804	0.298094240151937	0.038999312354694	0.0623792527587675
FBgn0001098	0.031378699358299	0.0375921846566422	0.00574657599846758	0.0100924240973087
FBgn0001099	0.0148542600896861	0	0	0
FBgn0001104	0.0648612504179204	0.0642594450016716	0.0502173186225342	0.0161818789702441
FBgn0001105	0.039940265292378	0.0294866914585225	0.0187110187110187	0.0250358701062926
FBgn0001108	0.0612597066436583	0.0820630812002684	0.0415108810277058	0.0193653532738951
FBgn0001112	0.0307743373322586	0.101095357769453	0	0
FBgn0001114	0.0416495410330182	0.0197173128739097	0.00013700506918756	0.145350961318902
FBgn0001122	0.0486396108831131	0.032375740994072	0.0416476668186654	0.00638394892840857
FBgn0001123	0.0364462994708206	0.0745323097562793	0.0192293359171201	0.017887754341507
FBgn0001124	0.150071422569532	0.104276951516679	0.117553146794387	0.0913368624485336
FBgn0001125	0.121178695241097	0.142504464754701	0.0257379976888328	0.200178590188044
FBgn0001128	0.0700179533213644	0.120686215838819	0.0602433672451627	0.0895671254737683
FBgn0001133	0.0534386617100372	0.0697026022304833	0.0439126394052044	0.0232342007434944
FBgn0001134	0.119718309859155	0.0563380281690142	0.0915492957746479	0.26056338028169
FBgn0001137	0.0297443461160276	0.132866273352999	0.00331858407079646	0.00430186823992135
FBgn0001138	0.0516488845780795	0.0169738118331716	0.123666343355965	0
FBgn0001139	0.0721373022257978	0.0594439974970949	0.0251184410476446	0.0151962098864754
FBgn0001142	0.0474596828534208	0.0405282781546201	0.00467633978707156	0.18337900363865
FBgn0001145	0.048542171047297	0.0851587568199984	0.0702097837293084	0.00194608870921033
FBgn0001147	0.107758620689655	0.0991379310344828	0	0
FBgn0001148	0.153846153846154	0.128205128205128	0	0
FBgn0001149	0.0480454132222668	0.17544768388338	0.0185592366293861	0.0173435661078106
FBgn0001150	0	0	0	0
FBgn0001168	0.0498742275084624	0.063786838918046	0.0617993230023912	0.0280736623086239
FBgn0001169	0.0854855371900824	0.0485537190082645	0.0268595041322314	0.0255681818181818
FBgn0001170	0.0286944045911047	0.0258249641319943	0.131994261119082	0
FBgn0001179	0.050780437044745	0.0462018730489074	0.0245577523413111	0.0197710718002081
FBgn0001185	0.0620786516853933	0.0553370786516854	0.0314606741573034	0.0205056179775281
FBgn0001186	0.101170160897124	0.191491955143832	0.0589956118966357	0.0469283276450511
FBgn0001187	0.105263157894737	0.0622009569377991	0	0.303827751196172
FBgn0001189	0.0356201375940334	0.0344628046036135	0.0393493216742751	0.029126213592233
FBgn0001197	0.0633363787821788	0.0382920406298705	0.0146181544579997	0.00300962003547052
FBgn0001202	0.0498461538461538	0.0673846153846154	0.0630769230769231	0.031897435897436
FBgn0001206	0.261083743842364	0.157635467980295	0.0467980295566503	0.0344827586206897
FBgn0001208	0.0251923097159814	0.000904986898736176	0	0.13114943859243
FBgn0001215	0.0852185948835432	0.0640511645666285	0.0171821305841924	0.0189242077128675
FBgn0001216	0.360714285714286	0	0	0
FBgn0001217	0.192479286169535	0.0309114085404717	0	0.00685149776927978
FBgn0001218	0.0576378032175098	0.0614907458772504	0.0134802561904282	0.059771042412628
FBgn0001220	0.0881048305050259	0.0473690636063973	0.0282423798478004	0.0232775810849307
FBgn0001222	0.0651790957134469	0.0715208455666471	0.0307692307692308	0.0333529066353494
FBgn0001223	0	0	0	0
FBgn0001224	0.0679947516895987	0.0185841624381657	0.00473167273393502	0.265285476450312
FBgn0001225	0.126594134239444	0.10608684287908	0.0148658803541673	0.0271942148310299
FBgn0001226	0.07218392381475	0.0634267357181238	0.00754535789004356	0.0257285271690045
FBgn0001227	0.0436484045755569	0.00511739915713426	0	0
FBgn0001228	0	0	0	0
FBgn0001229	0.198298187199408	0.0103588605253422	0.100752250585769	0
FBgn0001230	0.116864075436983	0.204088086476541	0.0133969641214351	0.0422608095676173
FBgn0001233	0.085157309819472	0.0439156579359282	0.0389393978921006	0.0270987686528227
FBgn0001234	0.202492211838006	0.168224299065421	0.142523364485981	0.0646417445482867
FBgn0001235	0.0644951140065147	0.0838219326818675	0.0110749185667752	0.00412595005428883
FBgn0001247	0.0773563650018776	0.0633370884966831	0.0361747402678683	0.0168982350732257
FBgn0001248	0.0354903341094925	0.0670601613689284	0.0144365625169221	0.0199382682623057
FBgn0001250	0.0489456374540531	0.106500290191526	0.00261172373766686	0.00609402205455601
FBgn0001253	0.194906261054121	0.0304209409267775	0	0
FBgn0001254	0.207977689512381	0.0685089720837207	0	0
FBgn0001255	0.180861893450967	0.156769596199525	0	0
FBgn0001256	0	0	0	0
FBgn0001257	0.0443741661313436	0.217744725008648	0.0140584078667787	0.0312052181647477
FBgn0001258	0.100810642278113	0.422988983579297	0.0120557056744959	0
FBgn0001259	0.146981627296588	0.0748031496062992	0	0
FBgn0001269	0.054641211323239	0.0513495720868992	0	0
FBgn0001276	0.0466864490603363	0.0824925816023739	0.056379821958457	0.0235410484668645
FBgn0001280	0.0661537017922492	0.0500609927747021	0.0170779769165806	0.0147321009665009
FBgn0001281	0.393298059964727	0	0	0
FBgn0001285	0.0780588088711686	0	0.404124096685771	0
FBgn0001291	0.0394595369507562	0.0654791771199197	0.0485986667622393	0.0188158554942298
FBgn0001296	0.0624349635796045	0.040582726326743	0.00780437044745057	0.0395421436004162
FBgn0001297	0.0204362350167027	0.0342568939542805	0.0184384620423135	0.00288203314338114
FBgn0001301	0.0703295371940877	0.143506178822389	0.0145384056215168	0.0249575963169372
FBgn0001308	0.0539228902669183	0.0605284443246158	0.0432281836973129	0.0235463287498877
FBgn0001311	0.0709652054255946	0.188126597208571	0.000786318065657558	0
FBgn0001313	0.368421052631579	0	0	0
FBgn0001316	0.0756570867108817	0.037828543355441	0.0503561778432818	0.0106853352984525
FBgn0001319	0.15234375	0.0859375	0	0
FBgn0001320	0.133460438512869	0.0667302192564346	0.0190657769304099	0
FBgn0001321	0.0227032734952482	0.0316789862724393	0	0
FBgn0001323	0.102189781021898	0.0967153284671534	0.0182481751824817	0
FBgn0001324	0.0828596414516832	0.0559685177087888	0.0334499344118933	0.0155225185832969
FBgn0001325	0.0305084745762712	0	0	0.25115562403698
FBgn0001330	0.0707785642062688	0.0626895854398383	0.0384226491405461	0.0101112234580384
FBgn0001341	0.0628778718258767	0.0399032648125756	0.026199113260782	0.00483675937122129
FBgn0001404	0.0355858930602958	0.0338566552901024	0.035858930602958	0.0278953356086461
FBgn0001491	0.0506345340340983	0.0585822330470451	0.0324317395205743	0.0317907960517883
FBgn0001565	0.0667566655416808	0.105231184610192	0.0463044211947351	0.0357070536618292
FBgn0001612	0.0503655564581641	0.0270782561603033	0.0211210398050366	0.033577037638776
FBgn0001624	0.0389930898321815	0.0459032576505429	0.0108588351431392	0.0124629812438302
FBgn0001941	0.0295651507017409	0.0240049083518675	0.026650816780428	0.00617378633330777
FBgn0001942	0.0438421787273299	0.0595757766496974	0.0251319541710011	0.0176483448370303
FBgn0001961	0.0477535349060435	0.0616531915679106	0.0428065123490974	0.0179975634068003
FBgn0001965	0.0873557805509774	0.0753473039792797	0.0466211443371792	0.0190722863197551
FBgn0001967	0	0	0	0
FBgn0001970	0	0	0	0
FBgn0001974	0.0608089260808927	0.0728033472803347	0.0326359832635983	0.0276150627615063
FBgn0001977	0.0270856616921965	0.052133324567747	0.0160738938925777	0.00986128459667346
FBgn0001978	0.094878144141796	0.0634693079629869	0.0271080411833702	0.0151179460445719
FBgn0001981	0.0564001961745954	0.0384992643452673	0.159391858754292	0
FBgn0001983	0.156583629893239	0	0	0
FBgn0001986	0.0956003969566656	0.0459808137611644	0.028117763810784	0.0165398610651671
FBgn0001987	0.0590835077925099	0.063890827324184	0.0517174536713964	0.00317903388384896
FBgn0001989	0.042566285450536	0.0412841684188932	0.0279501512898098	0.00794912559618442
FBgn0001990	0.0730146782085059	0.0421528039141889	0.0334964245389538	0.0477982687241249
FBgn0001991	0.0779092702169625	0.166666666666667	0.0167652859960552	0
FBgn0001992	0.0315457413249211	0	0	0
FBgn0001994	0.0812934810615819	0.0435454779695956	0.0242205617108993	0.0177789229580005
FBgn0001995	0.0741385985288426	0.0582655826558264	0.0361982191250484	0.0133565621370499
FBgn0002021	0.0564150943396227	0.0739622641509436	0.0377358490566038	0.0264150943396227
FBgn0002022	0.0603731711326648	0.0580305770179188	0.0285632089429558	0.0374815058359362
FBgn0002023	0.111004784688995	0	0.10622009569378	0
FBgn0002031	0.0494749012428942	0.0452355718277291	0.0218710858464206	0.0112727623085076
FBgn0002036	0.133736559139785	0.03125	0.0258736559139785	0.0228494623655914
FBgn0002044	0.0705778561976181	0.0724305249228055	0.0387295985884428	0.0239964711071901
FBgn0002069	0.0100400504745707	0.00751632193997914	0.0105338234487299	0.00927195918143415
FBgn0002121	0.0614518722719964	0.0725936135998161	0.0378474615207903	0.0151619572708477
FBgn0002174	0.0929098760273017	0.0384454659423318	0.0224265217996936	0.00557180665830894
FBgn0002183	0.0952894995093229	0.0596663395485771	0.0261040235525025	0.0117762512266928
FBgn0002283	0.0645719227443066	0.0490054770827327	0.0285384837128856	0.010521764197175
FBgn0002284	0.0474375298424319	0.105292057934108	0.0341238261976762	0.00968486391851027
FBgn0002306	0.0899461066716222	0.152945549154432	0.00111503438022672	0
FBgn0002354	0.0366455250176181	0.0552031947380784	0.0324171952078929	0.0204369274136716
FBgn0002413	0.0507850834151128	0.0425662414131501	0.0225711481844947	0.0112242394504416
FBgn0002431	0.22555168408827	0.120789779326365	0.0803716608594656	0.0819976771196286
FBgn0002440	0.0084458881860147	0.0770730039322961	0	0
FBgn0002441	0.0549525101763908	0.0619629127091814	0.019674355495251	0.0115332428765265
FBgn0002466	0.147422680412371	0.0324742268041237	0.0144329896907216	0
FBgn0002521	0.0559493863861575	0.068679015168839	0.0227151459714917	0.0291942983459106
FBgn0002522	0.0263446761800219	0	0.0834248079034027	0
FBgn0002524	0.0473649647020193	0.0435068133311444	0.0709243145624692	0.0275816778854047
FBgn0002525	0.109189957366177	0.0337123006474024	0.0268435180798989	0.00300015790304754
FBgn0002526	0.073865743602423	0.0279391766596613	0.0221906292495983	0.0711460007417481
FBgn0002531	0.0629291460780446	0.563665650222651	0	3.48744193954084e-05
FBgn0002533	0.0691698779033704	0.600603573230659	0	3.37461071454971e-05
FBgn0002534	0.0843572345497889	0.532174466976169	0	0
FBgn0002535	0.0720087900254689	0.528275691012154	0	3.78098136127429e-05
FBgn0002542	0.115817535545023	0.0725710900473933	0.0195497630331753	0.00503554502369668
FBgn0002543	0.0615901455767077	0.0190369540873461	0.00755879059350504	0.0111982082866741
FBgn0002552	0.0810614322064704	0.074518356961105	0.0385314431115958	0.0185387131952017
FBgn0002562	0.0582766530169518	0.00489349739527617	0	0.405590578213861
FBgn0002563	0.0218105697214508	0.00136083761115319	1.85839714999018e-05	0.102235336194564
FBgn0002564	2.65262041001932e-05	0	0	2.2315695512861e-05
FBgn0002565	0.100870075276176	0.00497604848958844	0	0.208788737902043
FBgn0002566	0.0319910722589046	0.0332000371989212	0.0161815307356087	0.0202734120710499
FBgn0002567	0.0502487248913796	0.0199609596373025	0.0567974308922612	0.133052074806372
FBgn0002569	0.0345518277416124	0	0.209814722083125	0
FBgn0002570	0.0975238095238097	0	0.441142857142857	0
FBgn0002571	0.0160218371706622	0	0.161523854735343	0
FBgn0002573	0.115291262135923	0	0	0
FBgn0002576	0.0958083832335331	0.0329341317365269	0	0
FBgn0002577	0.0761421319796954	0	0	0
FBgn0002578	0.0113797463504349	0	0.0354802866010192	0
FBgn0002579	0.0320136530026713	0.0499835108663389	0.0262985192757972	0.0374583649375062
FBgn0002590	0.0389400885956742	0.0358428554458105	0.0189776548143123	0.0219354349985624
FBgn0002592	0.115806304248515	0.0925079945180447	0	0
FBgn0002593	0.0352609228877198	0.0500777714370641	0.023414251176215	0.0274690304040371
FBgn0002607	0.0415619394687845	0.0332961461022542	0.0226210747425463	0.026968003197218
FBgn0002609	0.131730769230769	0.0432692307692307	0.026923076923077	0
FBgn0002622	0.0497178527537525	0.0502963184953386	0.0316855190742689	0.0311511932888682
FBgn0002626	0.0342285925436123	0.042550419105778	0.0234738131818977	0.0177307998988701
FBgn0002629	0.172016959418534	0.0793458509993943	0	0
FBgn0002632	0.098790322580645	0.0624999999999998	0	0
FBgn0002633	0.149150743099788	0.0642250530785561	0.0403397027600848	0
FBgn0002638	0.0972202218061357	0.0661097508281722	0.0187238945700706	0.00604925824571511
FBgn0002641	0.0254484772632457	0.0254484772632457	0.0175219023779725	0.0116812682519817
FBgn0002643	0.0796491856094503	0.0569178449973152	0.00912833363164489	0.0243422230177197
FBgn0002645	0.0561892503661621	0.0513514713062004	0.0263636767120856	0.00963117482579556
FBgn0002673	0.191881918819188	0.00579862941486558	0	0.0121244069583553
FBgn0002707	0.277777777777778	0.182098765432099	0.0617283950617284	0
FBgn0002709	0	0	0	0
FBgn0002715	0.194752186588921	0.0279883381924198	0.0344023323615161	0
FBgn0002716	0.209090909090909	0.118181818181818	0.209090909090909	0
FBgn0002719	0.0206108897742364	0.00741035856573705	0.00276228419654714	0.0387250996015936
FBgn0002723	0.0596936080295827	0.0464870575805599	0.0390913893291073	0.0169043845747491
FBgn0002732	0.118217691548833	0.059848733969089	0.0322262413679711	0
FBgn0002733	0.070695311673193	0.0722827812466929	0.040850883691396	0
FBgn0002734	0.178461538461539	0	0	0
FBgn0002735	0.185344827586207	0	0	0
FBgn0002736	0.0361910721735502	0.0411451814768461	0.013715060492282	0.0139236545682103
FBgn0002772	0.00890377727878914	0.0419321099172768	0.000392526873462502	0.000121902755733696
FBgn0002773	0.00341038002843562	0.0241110710251114	0.000179992279278547	4.6576949462431e-05
FBgn0002774	0.0985316024686101	0.0753351776973824	0.0468184720153224	0.0359650989572249
FBgn0002775	0.0966400000000003	0.07648	0.04384	0.02016
FBgn0002778	0.0549389567147614	0.0769977802441731	0.0160932297447281	0.00235849056603774
FBgn0002780	0.0650653694131955	0.0644066078848688	0.0334448160535117	0.0206749771967163
FBgn0002781	0.218413320274241	0.207639569049951	0.0656219392752203	0.0333006856023505
FBgn0002783	0.0858054825384905	0.0817686819376642	0.0240330454374765	0.0185880585805483
FBgn0002787	0.0411162515995668	0.112235456245694	0.0348065754503397	0.00947927945663943
FBgn0002789	0.0409336290804492	0.193668783486778	0.011019618567247	0.000476031316783648
FBgn0002791	0.24584487534626	0.122576177285319	0.0844875346260389	0.0457063711911358
FBgn0002838	0.268128161888701	0	0	0
FBgn0002842	0.315565031982942	0	0	0
FBgn0002862	0.382481296758104	0	0	0.0258728179551122
FBgn0002863	0	0	0	0
FBgn0002865	0.386001386001387	0	0	0.00987525987525989
FBgn0002868	0.0319157724681714	0.000715970736990904	0.042278989930514	0
FBgn0002869	0.117504835589942	0	0.727514506769826	0
FBgn0002872	0.0977876106194691	0.0438053097345133	0.00929203539823009	0.00575221238938053
FBgn0002873	0.237628384687208	0.0242763772175536	0.0121381886087768	0.0065359477124183
FBgn0002878	0.0992835209825998	0.0552712384851587	0.0163766632548618	0.00716479017400204
FBgn0002887	0.135135135135135	0.0460189919649379	0.0299488677867057	0.0321402483564646
FBgn0002891	0.0990629183400269	0.0642570281124498	0.0240963855421687	0.0107095046854083
FBgn0002899	0.110912343470483	0.0483005366726297	0.0232558139534883	0
FBgn0002901	0.114707952146376	0.0612244897959184	0.0246305418719213	0.011963406052076
FBgn0002905	0.1125	0.0704545454545455	0.0363636363636365	0.0090909090909091
FBgn0002906	0.138606676342525	0.0253991291727142	0.0174165457184325	0.011611030478955
FBgn0002909	0	0	0	0
FBgn0002914	0.0757411424439624	0.0635394070860448	0.0457339117859726	0.0243130874909617
FBgn0002917	0.130813953488372	0.0174418604651163	0.00872093023255814	0
FBgn0002921	0.0514414923685697	0.10069821092998	0.0123294577788642	0.0127266893801659
FBgn0002922	0	0.0309417040358744	0	0
FBgn0002924	0.123251417769376	0.0446124763705103	0.019281663516068	0
FBgn0002930	0.0327004851170869	0.0148529675989699	0	0.164640354554711
FBgn0002931	0.0627325890483785	0.0882509303561935	0.0127591706539075	0.024455077086656
FBgn0002932	0.0353337072349972	0.0173864273696018	0.0179472798653955	0.00504767246214246
FBgn0002938	0.259259259259259	0	0	0
FBgn0002939	0.00129015610888918	0	0.0402528705973423	0
FBgn0002941	0.0477707006369427	0.152866242038217	0	0
FBgn0002945	0.0990381189882438	0.0723192019950126	0.00961881011756324	0.00463127894549341
FBgn0002948	0.132450331125828	0.0976821192052981	0.0281456953642384	0
FBgn0002962	0.580645161290323	0	0	0
FBgn0002973	0.0542026708562451	0.0562101771842542	0.01885310290652	0.000785545954438334
FBgn0002985	0.0743618201997781	0.0849056603773585	0.0360710321864595	0
FBgn0002989	0.0574632095304835	0.0455501051156273	0.0175192711983181	0.0112123335669236
FBgn0003002	0.0910364145658265	0.0742296918767509	0.0196078431372549	0
FBgn0003008	0.0514550397744436	0.0525626825093143	0.0346390091632264	0.061222434800121
FBgn0003009	0.184149184149184	0	0	0
FBgn0003016	0.0500739488696387	0.0621170504965138	0.0158461863511515	0.053243186139869
FBgn0003023	0	0	0	0
FBgn0003028	0.105354810622551	0.15716151501959	0	0
FBgn0003041	0.0887329756500208	0.0887329756500208	0.0247626908790756	0.00247626908790756
FBgn0003042	0.0720175920835625	0.068719076415613	0.0258383727322705	0.0236393622869708
FBgn0003044	0.113003095975232	0.0662538699690402	0.0222910216718266	0.0145510835913313
FBgn0003046	0.0489120170380341	0.215422635671375	0	0.00435595025215486
FBgn0003048	0.166284403669725	0.129587155963303	0.137614678899083	0.0871559633027523
FBgn0003053	0.057982917214192	0.00886990801576872	0.13584099868594	0
FBgn0003060	0.060306824193264	0.30153412096632	0	0
FBgn0003062	0.100697631723885	0.0586561409950431	0.0507618872774003	0.00211125390123004
FBgn0003067	0	0	0	0
FBgn0003068	0.164556962025316	0.139240506329114	0	0
FBgn0003071	0.0543288003231452	0.0603877743368789	0.00525111081190251	0.00902113908711458
FBgn0003074	0.0332647727448464	0.0457912562052488	0.004098170514823	0.0182948517699457
FBgn0003076	0.0156520122687982	0.0357654057068501	0.00371781764104471	0.0143693651826378
FBgn0003079	0.0523241046482094	0.0535941071882144	0.0335280670561341	0.015748031496063
FBgn0003082	0.155648267008986	0.138318356867779	0.0767008985879332	0.0317715019255455
FBgn0003086	0.449524506217996	0	0	0
FBgn0003087	0.159719516945852	0.0264900662251656	0	0
FBgn0003089	0.340425531914894	0.191489361702128	0	0
FBgn0003090	0.114977307110439	0.0673222390317701	0	0
FBgn0003091	0.0373001776198935	0.0683836589698048	0	0
FBgn0003093	0.0712571534059444	0.0945172604762785	0.0455971940188295	0.0243677312165405
FBgn0003116	0.0626794258373206	0.0263157894736842	0.0229665071770335	0.091866028708134
FBgn0003117	0.0652818991097922	0.0556379821958456	0	0.0089020771513353
FBgn0003118	0.0415604283528811	0.01580826109128	0.046149923508414	0.0178480367159612
FBgn0003124	0.163708690330477	0.0296817625458996	0.00994492044063649	0.0038249694002448
FBgn0003129	0.0962566844919785	0.0588235294117646	0	0.192513368983957
FBgn0003130	0.108187134502924	0.210526315789474	0	0
FBgn0003132	0.455284552845528	0	0	0
FBgn0003134	0.0475683007169154	0.0505715946521992	0.0148227087773687	0.0212168184460376
FBgn0003137	0.0700460829493087	0.0299539170506912	0.00184331797235023	0.00476190476190474
FBgn0003139	0.0690566037735849	0.0806289308176102	0.0345911949685535	0.0226415094339623
FBgn0003140	0.177293934681182	0	0	0
FBgn0003141	0.0303826826439892	0.0718979512949362	0.0139930421337457	0.0324700425202938
FBgn0003149	0.0175127823181287	0.0812604602209659	0.00104674101211804	0.000120777809090543
FBgn0003159	0.0479285627505771	0.0815818248086502	0.0332887862957114	0.000668205564329972
FBgn0003162	0.0541831177140717	0.0499071458668206	0	0.218925076858253
FBgn0003165	0.0716768746896208	0.0698559841085915	0.00860784638304915	0.0033107101473266
FBgn0003169	0.0530058790062582	0.051868006827233	0.0296794993362411	0.0249383652569695
FBgn0003174	0.0667547918043622	0.132848645076008	0	0
FBgn0003175	0.0864784546805349	0.0906389301634475	0.05111441307578	0.0487369985141159
FBgn0003187	0.176595744680851	0.00567375886524823	0	0
FBgn0003189	0.0704225352112674	0.0267191383595692	0.027754763877382	0.0136702568351284
FBgn0003204	0.0449345636004143	0.0439224178514264	0.0132520478297712	0.0842670181715467
FBgn0003205	0.0635950924848985	0.0757888417814129	0.0559036506209433	0.0256631523655874
FBgn0003206	0.0521038143924499	0.15316555249705	0.0152968934329533	0.016515926071569
FBgn0003209	0.0559486468743162	0.0773944124297907	0.0308556422787949	0.0199139251586549
FBgn0003210	0.0628405994550409	0.0558583106267028	0.0240122615803815	0.0374659400544959
FBgn0003218	0.0635196112460951	0.0444290177021868	0.0343630683790351	0.017702186740715
FBgn0003227	0.102893890675241	0.045016077170418	0	0
FBgn0003231	0.0287961487063066	0.0303015666006538	0.0597658954418845	0.0162778341303193
FBgn0003254	0.315573770491803	0	0	0
FBgn0003255	0.0502152080344334	0.0473457675753228	0	0
FBgn0003256	0.0187995691765397	0.0212474297464016	0.0143934201507882	0.0136101047684324
FBgn0003257	0.047943649170643	0.0488525335151102	0.0297659622812997	0.00522608498068621
FBgn0003261	0.0564089947350294	0.0611327067854156	0.0190424642031196	0.0107070806475422
FBgn0003268	0.0992990654205608	0.0274532710280374	0.0122663551401869	0.00350467289719626
FBgn0003274	0.042899223751283	0.0542594451154167	0.039138471657566	0.0120137105142293
FBgn0003275	0.0826440284428966	0.0565955594253374	0.0242345087795675	0.00906980118995792
FBgn0003277	0.0638891561628018	0.0698547099008948	0.0333878572115848	0.0268449918214183
FBgn0003278	0.0858059342421813	0.0633520449077786	0.0513231756214915	0
FBgn0003279	0.101207275576612	0.109137276810006	0.0455449064433981	0.0270258504980737
FBgn0003285	0.0770598695909898	0.0752815649081208	0	0
FBgn0003292	0.0697896749521987	0.0889101338432122	0	0
FBgn0003295	0.0984081041968164	0.0274963820549927	0	0
FBgn0003300	0.155555555555555	0.188888888888888	0	0
FBgn0003301	0.0543390105433901	0.0305487969721547	0.0267639902676399	0.0048661800486618
FBgn0003302	0.181859003143242	0.041311180960934	0.0197575213291424	0.0116748989672205
FBgn0003308	0.0408141742248471	0.0695001054629826	0.0106517612318076	0.0556844547563805
FBgn0003310	0.0905702571748043	0.0570257174804324	0.042862467387253	0.0119269474468878
FBgn0003312	0.165326902465166	0.280546623794212	0	0
FBgn0003317	0.0816536404771697	0.0631427396133277	0.0440148087206911	0.0168654874537227
FBgn0003319	0.107822410147992	0.0591966173361522	0	0
FBgn0003321	0.107299912049252	0.0741299158185702	0.0493780625706747	0.0325417766051011
FBgn0003326	0.148058252427185	0.0400485436893204	0	0
FBgn0003328	0.026395191953882	0.0271065865325647	0.0656690788666748	0.00201152949834417
FBgn0003330	0.0920010920010917	0.0737100737100737	0.0292110292110292	0.0117390117390117
FBgn0003334	0.0909504320145518	0.0814006366530239	0.0279672578444748	0.0200090950432014
FBgn0003339	0.134676564156946	0.0434782608695653	0	0
FBgn0003345	0.0543311906948269	0.0454545454545455	0.0289256198347107	0.00459136822773186
FBgn0003346	0.0888357550119551	0.0457973146956042	0.0259334191649807	0.00956409784807796
FBgn0003353	0.0618556701030928	0	0	0
FBgn0003356	0.0284358588136216	0	0.40505373311621	0
FBgn0003357	0.0342407357609944	0	0.397906283027009	0
FBgn0003358	0.0785889240695382	0	0.464185435211183	0
FBgn0003360	0.0232012938777876	0.040012222298319	0.0112845530168531	0.00464658065399833
FBgn0003366	0.03885948026949	0.134744947064485	0	0
FBgn0003371	0.154710458081245	0.136560069144339	0.125540190146932	0.0916162489196194
FBgn0003372	0.0354974829730531	0	0	0
FBgn0003373	0.0930612282926817	0.000775646109715492	0	0.000306298688971733
FBgn0003374	0.522916742509738	0.00651643671047363	0	0.00243911318213258
FBgn0003375	0.527595369959689	0.00317147556040522	0	0.00136985763685819
FBgn0003377	0.553528637119233	0.00722404524945489	0	0.000712419852766564
FBgn0003378	0.574263041228099	0.00324701411765818	0	0.000742039616408054
FBgn0003380	0.0395683453237409	0.0482014388489208	0.00503597122302157	0
FBgn0003382	0	0	0	0
FBgn0003386	0.0973574408901251	0.0194714881780251	0.121001390820584	0
FBgn0003388	0.0241860223973455	0.0141020323517213	0.109653670676068	0.0337515553712153
FBgn0003390	0.084957302386687	0.069629954017955	0.00656886358659953	0.0146704620100723
FBgn0003391	0.0799278208258147	0.0610338605243606	0.0348158369599829	0.0590170894809467
FBgn0003392	0.048826487845767	0.0332495110366025	0.0359038837664151	0.0120843811120425
FBgn0003396	0.0770721205597415	0.0398277717976319	0.0480086114101184	0.0286329386437029
FBgn0003401	0.0735455543358945	0.0395170142700329	0.0340285400658616	0
FBgn0003410	0.0964951528709919	0.0511558538404174	0.0401193139448173	0.0347501864280388
FBgn0003411	0	0	0	0
FBgn0003415	0.0918169209431343	0.0660194174757282	0.0335644937586685	0.0188626907073509
FBgn0003416	0.037124060150376	0.0270206766917293	0.0382988721804511	0.0211466165413534
FBgn0003423	0.161398887913374	0.280070237050044	0.003219198127012	0.00146327187591454
FBgn0003429	0.0316276677809205	0.0514271020827977	0.0676266392388789	0
FBgn0003430	0.110497237569061	0.0570902394106812	0	0
FBgn0003435	0.093019726858877	0.00379362670713202	0.00500758725341427	0.00242792109256449
FBgn0003444	0.0683696468820435	0.0672426746806911	0.0217881292261457	0.0274229902329075
FBgn0003447	0.129119813881349	0.0723148507173324	0.0160915083365645	0.0103722373012796
FBgn0003448	0.0611764705882353	0	0.0611764705882353	0
FBgn0003449	0.0614847534910231	0.0825021373610715	0.0322029068110573	0.0193074950128242
FBgn0003450	0.0694444444444447	0.128968253968254	0	0
FBgn0003459	0.274603174603175	0.0936507936507938	0.0841269841269842	0.0365079365079365
FBgn0003460	0.0707751564756861	0.137698603755416	0	0
FBgn0003462	0.0469401108929985	0.0826101181251506	0.0275596652546751	0.0233409098736095
FBgn0003463	0.0620554765291606	0.0993954480796584	0.0496088193456615	0.00266714082503556
FBgn0003464	0.0593928728552574	0.0481008945593194	0.0404751429828421	0.00483941926968764
FBgn0003475	0.0856093642414504	0.0144594904750976	0.0759697039247187	0.0151480376405784
FBgn0003479	0.0524193548387096	0.034274193548387	0.049899193548387	0.0211693548387097
FBgn0003480	0.0753246753246753	0.0649350649350649	0	0
FBgn0003482	0	0	0	0
FBgn0003483	0.10499139414802	0.0154905335628227	0	0
FBgn0003495	0.231827111984283	0.143418467583497	0	0.145383104125737
FBgn0003499	0.13013698630137	0.39041095890411	0	0
FBgn0003502	0.0647029204431017	0.0516112789526687	0.006797583081571	0.0188821752265861
FBgn0003507	0.0672742336371167	0.0140845070422535	0.00878210439105222	0.139850869925435
FBgn0003510	0	0	0	0
FBgn0003511	0	0	0	0
FBgn0003512	0.0922638614946305	0.0815253122945431	0.0416392724085032	0.0151216305062459
FBgn0003513	0.136054421768707	0.0612244897959184	0	0
FBgn0003514	0.0295436560274334	0.0538556229666755	0.0328775755444181	0.0122439110173217
FBgn0003515	0.116279069767442	0	0.104651162790698	0
FBgn0003517	0.0427290214887742	0.0481633467772709	0.0177804391686285	0.0134106702204062
FBgn0003520	0.0753452755367156	0.0923013811021469	0.0220155886776973	0.00847805278271573
FBgn0003525	0.136081560283688	0.0527482269503547	0.00531914893617022	0
FBgn0003527	0.284741144414169	0	0	0
FBgn0003545	0.205479452054795	0.0239726027397261	0.010958904109589	0
FBgn0003557	0.0447406726423045	0.0324829541101662	0.0548532904313185	0.0344748333716387
FBgn0003559	0.0620182200420463	0.0560616678346183	0.0334618079887877	0.0211983181499649
FBgn0003567	0.0819112627986348	0.0689779055146398	0.0296389437758218	0.0154481767558829
FBgn0003575	0.0656959024720621	0.062986793091771	0.0399593633592956	0.03860480866915
FBgn0003598	0.0903265181568507	0.0714067744888617	0.0256332010985657	0.0250228867866951
FBgn0003607	0.0719785956669276	0.0803967632471939	0.0262986165492039	0.0149765074393109
FBgn0003612	0.0756226415094339	0.0528301886792454	0.0226415094339623	0.0135849056603774
FBgn0003638	0.0553470279123728	0.053026683955504	0.0351463864055143	0.0192452057599126
FBgn0003651	0.0555295220243674	0.0133552014995314	0	0.122305529522024
FBgn0003654	0.109615384615385	0.196153846153846	0.153461538461539	0.0380769230769231
FBgn0003655	0.364864864864864	0	0	0
FBgn0003656	0.0955435516542877	0.0443956785955435	0.0587440918298447	0.0420324105334233
FBgn0003660	0.039757253180456	0.0413365998035143	0.0780222103391241	0.0258291569771057
FBgn0003676	0.0744238760861352	0.0869938523886389	0.031459284953807	0.00659408592918226
FBgn0003687	0.0659630606860158	0.0677220756376429	0.0351802990325418	0.0143652887716212
FBgn0003701	0.198333333333334	0.0316666666666666	0.0216666666666667	0
FBgn0003710	0.117647058823529	0	0	0
FBgn0003714	0.0244570177039606	0.0226318671290381	0.0167913852892864	0
FBgn0003716	0.0593031440638198	0.0711520412951665	0.0547278273111215	0.0146644767714688
FBgn0003719	0.250704225352113	0.250704225352113	0	0.0957746478873241
FBgn0003720	0.540983606557377	0	0	0
FBgn0003721	0.0123283073427657	0.0343837137250853	0.00402767737271507	0.00136837756893525
FBgn0003731	0.0640187870124566	0.0445170512558708	0.0172554625280784	0.0618746171125179
FBgn0003732	0.118852043403306	0.0585133353615251	0.0223101105364567	0.00618598519419936
FBgn0003733	0.0732484076433121	0.226114649681529	0	0
FBgn0003741	0.143308080808081	0.178030303030303	0.0959595959595961	0.0757575757575758
FBgn0003742	0.0727470141150924	0.0382736156351791	0.0242942453854506	0.0107220412595005
FBgn0003744	0.0524765729585006	0.0738955823293173	0.065528781793842	0.0215528781793841
FBgn0003748	0.0412028004131757	0.0892153487126516	0.0413175714449673	0.0379509545124144
FBgn0003861	0	0	0	0
FBgn0003862	0.10303239145417	0.0706409372846312	0.0327360441075121	0.0186078566505858
FBgn0003863	0.0571770282159934	0.000105384149733721	0.44896833818999	0
FBgn0003866	0.0662020905923345	0.12685507807459	0.0130339398632082	0.00219383146212415
FBgn0003867	0.0346865764504589	0.0385752060973713	0	0.0567739928449216
FBgn0003870	0.118220597196831	0.109079829372334	0.0390006093845217	0.0624619134673979
FBgn0003882	0.0629370629370629	0.0588235294117648	0.0393870835047307	0.0761003702180174
FBgn0003884	0.185625417975798	0.240470151796192	0.0813428221725909	0.0323970675448891
FBgn0003885	0.241318042319496	0.159263446939105	0.066225165562914	0.024390243902439
FBgn0003886	0.0117274901627961	0.0413548337319652	0	0
FBgn0003887	0.043772827110135	0.102827737684343	0.0143457797301538	0.00251521807342328
FBgn0003888	0.0519507481993706	0.0359167638181325	0.0160180142772729	0.0267978344539023
FBgn0003889	0.230499607637981	0	0	0.00878890923358619
FBgn0003890	0.0174231593995711	0.0479807005003574	0.0315403859899929	0.00268048606147248
FBgn0003891	0.0759804769981654	0.0892381183149295	0.0261345148672505	0.0468344352521721
FBgn0003892	0.135196034249662	0.0653447498873366	0.00766110860748085	0.00540784136998648
FBgn0003896	0.0932256059664388	0.127408328154133	0	0
FBgn0003900	0.12396694214876	0.0727272727272729	0	0
FBgn0003941	0.0429257245174152	0.0590065115996762	0.0317556661159721	0.0426070677316379
FBgn0003942	0.0486697779663413	0.0458367981897894	0.0264652807240843	0.0475021920520434
FBgn0003943	0.150803461063041	0.109517923362176	0.174585908529048	0.0712484548825711
FBgn0003944	0.0426279938475061	0.0969017798286092	0	0.00373544275983301
FBgn0003950	0.287671232876712	0	0	0
FBgn0003961	0.271475172163827	0	0	0
FBgn0003963	0.0459644322845418	0.0383036935704515	0.0207934336525308	0.0358413132694939
FBgn0003964	0.0477815699658703	0.0581955018815088	0.0590706222105539	0.0111140281788746
FBgn0003965	0.0305973773676542	0	0	0.234579893152015
FBgn0003969	0.0459101196249597	0.0354995150339476	0.0569673456191401	0.0344649207888782
FBgn0003975	0.147569444444444	0.0677083333333333	0	0
FBgn0003977	0.0887747615553925	0.0674981658107116	0.0267791636096845	0.0172413793103449
FBgn0003978	0.0631089459698849	0.0664304694419841	0.0188219663418955	0.00686448184233833
FBgn0003984	0.0884353741496598	0.0699708454810496	0.0165208940719145	0
FBgn0003996	0.0611461053925334	0.0129052081732985	0.00445536948840067	0.24942387463512
FBgn0003997	0.0955696202531645	0.0569620253164557	0	0
FBgn0004003	0.0675091882132955	0.148623379972919	0	0
FBgn0004009	0.144136078782453	0.081468218442256	0	0
FBgn0004028	0.0237890025937661	0.105227591844002	0.00241572283525741	0.000315622078978356
FBgn0004049	0.0856209150326799	0.0799564270152504	0.0405228758169935	0.00827886710239655
FBgn0004050	0.0899822695035458	0.0797872340425532	0.0305851063829787	0.0070921985815603
FBgn0004055	0.0226276628274386	0.0365915808786058	0.00101926409132606	0.00132504331872388
FBgn0004057	0.0337175984540549	0.0539081761844474	0.0205237555807291	0.00719664156726861
FBgn0004066	0.125788589217334	0.266095484724097	0.0846028816220835	0.0210749607427202
FBgn0004087	0.0386747990019407	0.0758247851400054	0.0274466315497644	0.0436650956473524
FBgn0004101	0.0466666666666667	0.0808695652173913	0.0246376811594203	0.00753623188405798
FBgn0004102	0.110280373831776	0.0560747663551402	0	0
FBgn0004103	0.15412404992024	0.162569203340527	0.108285633855682	0.0844515342028714
FBgn0004106	0.144519131334023	0.0359358841778697	0.0243019648397104	0
FBgn0004107	0.0564844103027565	0.0402169001355626	0.0153637596023497	0
FBgn0004108	0.12943302462164	0.0234922069121301	0.0056471651231082	0.0894510955500338
FBgn0004117	0.0112526528069601	0.0535075123269736	0.000871070942129214	0.000142538881439326
FBgn0004118	0.0844155844155844	0	0	0
FBgn0004132	0.0496665900206944	0.0655323062773051	0.0168621138959148	0.0225339158427225
FBgn0004133	0.0997045790251107	0.0950270802560317	0.0297882816346627	0
FBgn0004167	0.0598024316109422	0.0319908814589665	0.0484802431610943	0.0340425531914893
FBgn0004168	0.488372093023256	0	0	0
FBgn0004169	0.0143265382267146	0.0568503663252154	0.00135676005698392	0.000182314632657215
FBgn0004170	0.216216216216216	0.0956340956340954	0	0
FBgn0004171	0.38654583478564	0	0	0
FBgn0004173	0.393726431264998	0	0	0
FBgn0004174	0.392049272116461	0	0	0
FBgn0004175	0.392322549492999	0	0	0
FBgn0004177	0.0424174871509071	0.0467830825438106	0.0345841847792433	0.029336181806923
FBgn0004179	0.042160897280723	0.0493423706931333	0.0323973210683451	0.018800936012265
FBgn0004197	0.139931740614334	0.0658215504631887	0	0.00341296928327644
FBgn0004198	0.113531353135314	0.0752475247524753	0	0
FBgn0004227	0.0316948320594629	0.0381459925671411	0.0169693569875885	0.0192833602131688
FBgn0004228	0.00554846278596322	0	0.026210275697871	0
FBgn0004237	0.0771087863047772	0.104933304070037	0.0241909917818909	0.0121686541322213
FBgn0004240	0.122853368560106	0	0	0.0885072655217966
FBgn0004242	0.0213822069492173	0.00133638793432608	0.000318187603410972	0.101247295405371
FBgn0004244	0.204081632653061	0.0204081632653061	0	0
FBgn0004359	0.0644244433917574	0.14021790620559	0	0
FBgn0004360	0.174311926605505	0.0493119266055045	0	0
FBgn0004362	0.0438754720409037	0.024202234651371	0.0108098989086285	0.00275113873785022
FBgn0004363	0.0257445326928317	0.0285097235818305	0.0169544550858319	0.00873961791924432
FBgn0004364	0.1	0.0600490196078432	0.0504901960784314	0.0159313725490196
FBgn0004367	0.113636363636364	0.0437062937062937	0.0279720279720279	0.013986013986014
FBgn0004368	0.0590398365679264	0.0888661899897855	0.00858018386108273	0.0114402451481103
FBgn0004369	0.0443937087772704	0.0334855403348554	0.0187721968543887	0.00837138508371385
FBgn0004370	0.0705950991831971	0.122666277712952	0.00641773628938158	0.00627187864644106
FBgn0004372	0.308068459657702	0	0	0
FBgn0004373	0.0736872364890762	0.0605596013798391	0.0369873514756613	0.0408202376389421
FBgn0004374	0.134171057965139	0.0105391163356303	0.0312119983785975	0.0158086745034455
FBgn0004378	0.124468085106383	0.0446808510638298	0.0154255319148936	0
FBgn0004379	0.155658198614318	0.0217090069284065	0.00646651270207853	0
FBgn0004380	0.0577306924612313	0.117150314755105	0.0400736987563335	0.0207277752187932
FBgn0004381	0.061617458279846	0.0645057766367138	0.030808729139923	0.0186136071887034
FBgn0004387	0.0625	0.0975814176245212	0.0417863984674328	0.0225095785440613
FBgn0004390	0.0828267477203647	0.0455927051671732	0.0307750759878419	0.0151975683890577
FBgn0004391	0.0933098591549296	0.0647007042253521	0.0352112676056338	0.011443661971831
FBgn0004394	0.076749435665914	0.0203160270880361	0.0677200902934537	0
FBgn0004395	0.0474143545655854	0.0405106161260911	0.043246059658721	0.0281359906213365
FBgn0004396	0.0673275955986491	0.0613356574790283	0.0143806514870901	0.0155790391110143
FBgn0004397	0.052168738428987	0.085294895530283	0.0564665432425285	0.0127611742925152
FBgn0004401	0.200897409749133	0.212318988374465	0.0485417091576586	0.0450064586307703
FBgn0004403	0.129004628485777	0.111791932269276	0.147567986032185	0.0967864143235989
FBgn0004404	0.042484821332015	0.183256345687404	0.113457646495388	0.137233697415378
FBgn0004406	0.0680100755667506	0.0453400503778338	0.0293870696893368	0.0109151973131822
FBgn0004407	0	0	0	0
FBgn0004419	0.061043537569626	0.0797999317949301	0.031431169716949	0.031203819483915
FBgn0004425	0.0875224928919743	0	0.42614448727079	0
FBgn0004426	0.00809288410522502	0	0.514637310240858	0
FBgn0004427	0.0617738034529512	0	0.421055801608558	0
FBgn0004428	0.104768370662362	0	0.376433178382647	0
FBgn0004429	0.530701754385964	0	0	0
FBgn0004430	0.0688126028135043	0	0.384749354579994	0
FBgn0004431	0.0597656829304464	0	0.488012259627268	0
FBgn0004432	0.048698954456425	0.070260049544644	0.0179908490005305	0.0133355672303267
FBgn0004435	0.0238774055595154	0.0122950819672131	0.00588025659301497	0.0122950819672131
FBgn0004436	0.0549508059451538	0.0999319656688298	0.0244400251203684	0.0183692694159514
FBgn0004449	0.103361945636624	0.0422031473533619	0.00912017167381973	0.0413090128755364
FBgn0004456	0.0642810880829014	0.0497085492227978	0.0568329015544042	0.0126295336787565
FBgn0004462	0.0300376856572822	0.0211704721791177	0.0484371536244736	0.00997561516293505
FBgn0004463	0.0805243445692883	0.0613295880149813	0.0341760299625468	0.0173220973782771
FBgn0004465	0.054964128673918	0.0675769497801436	0.038995602869706	0.023489932885906
FBgn0004507	0.018771233619779	0.0567062551745794	0.00850772261398348	0.00643789076997744
FBgn0004509	0.0428516278471239	0.0425942607129068	0.0266374983914554	0.0473555526959209
FBgn0004510	0.0775047258979205	0.0555765595463138	0.0366729678638941	0.0162570888468809
FBgn0004511	0.526315789473684	0	0	0
FBgn0004512	0.0631347118561116	0.0593417349810352	0.0621558791141563	0.0721889147191975
FBgn0004513	0.0325991189427312	0.0185022026431718	0	0
FBgn0004514	0.204545454545454	0.0568181818181819	0	0
FBgn0004516	0.127659574468085	0	0	0
FBgn0004552	0.152008686210641	0	0	0
FBgn0004554	0.352517985611511	0.139088729016787	0	0
FBgn0004556	0.0753052917232022	0.0440976933514248	0.0440976933514248	0.0264586160108548
FBgn0004567	0.10204081632653	0.0779220779220779	0	0
FBgn0004569	0.0942111237230421	0.0760499432463109	0	0
FBgn0004573	0.0570987654320986	0	0.149691358024691	0
FBgn0004574	0.0482233502538071	0.0576504713560551	0.0464507291918459	0.0152284263959391
FBgn0004575	0.168079096045198	0.0183615819209039	0.0183615819209039	0
FBgn0004577	0.0430006882312456	0.166097728836889	0	0
FBgn0004580	0.0290820963344441	0.0042411390487731	0.033626173886701	0
FBgn0004581	0.274744027303755	0	0	0
FBgn0004583	0.101167315175097	0.0543055320588733	0.032989341904923	0.0175943156826256
FBgn0004584	0.321238509917755	0.0880503144654088	0.0662796323173682	0.0396710208030962
FBgn0004587	0.0700840711256603	0.0734320363068224	0.0210921806413213	0.0195297968901123
FBgn0004588	0.505797101449274	0	0	0
FBgn0004592	0.186761776548633	0.00274121137176309	0	0.000834546573181207
FBgn0004594	0.254573170731707	0	0	0
FBgn0004595	0.186800894854585	0.00447427293064877	0.00391498881431766	0
FBgn0004597	0.0536510590858415	0.0397157190635451	0.0298216276477146	0.0206243032329989
FBgn0004598	0.208528341133646	0.1866874674987	0.0301612064482578	0.080083203328133
FBgn0004606	0.224247226624406	0.0998415213946118	0.00554675118858953	0.214738510301109
FBgn0004607	0.118725099601594	0.0342629482071714	0.0362549800796813	0.00159362549800797
FBgn0004611	0.0734397677793904	0.0806966618287373	0.0293178519593614	0.025544267053701
FBgn0004618	0.203333333333333	0	0	0
FBgn0004619	0.468085106382979	0	0	0
FBgn0004620	0.0605336519315015	0.237753882915173	0.00477897252090801	0
FBgn0004622	0.103064066852367	0	0.16991643454039	0
FBgn0004635	0.0294301815904822	0.0787413901064497	0.00939261114589856	0
FBgn0004636	0.0433401707139549	0.037451200952822	0.0299411103023887	0.0527029709521604
FBgn0004638	0.0477932211655694	0.0306429326180606	0.0152401853206535	0.0469397707876128
FBgn0004643	0.0556428795976108	0.0556428795976108	0.0410248349575605	0.0157183275699465
FBgn0004644	0.0723423026025585	0.0255844728716365	0.0604322893692104	0
FBgn0004646	0.04406146179402	0.0335132890365448	0	0.00398671096345515
FBgn0004647	0.130028267014568	0.0491411176342683	0.0160904544466189	0.00108719286801479
FBgn0004648	0.0566539586842805	0.0272187250642787	0.0273073854065078	0.109761503679404
FBgn0004649	0.111111111111111	0	0	0
FBgn0004650	0.409090909090909	0	0	0
FBgn0004652	0.0363710666121782	0.0286064568859828	0.0126685737637924	0.00204331834899878
FBgn0004654	0.0303742583295299	0.0528753993610224	0.0179826563213145	0.0173208580556823
FBgn0004655	0.0720213396561944	0.0577949021932424	0.0435684647302904	0.0168938944872555
FBgn0004656	0.0741506646971934	0.0438700147710488	0.0262924667651403	0.0150664697193501
FBgn0004657	0.0456589326550014	0.0534700274929983	0.0570415478301087	0.0162388550579409
FBgn0004666	0.163636363636363	0	0	0
FBgn0004687	0.043986937628031	0.0695374171816475	0.0494810192764268	0.0201849645584593
FBgn0004698	0.0799812177179526	0.0654249491313193	0.0356863358898106	0.0158084207231179
FBgn0004795	0.0879689521345409	0.0776196636481242	0.0103492884864166	0
FBgn0004797	0.0384519350811487	0.0433208489388266	0.00786516853932584	0.0384519350811487
FBgn0004811	0.220720720720721	0.112612612612613	0.0703828828828829	0.116554054054054
FBgn0004832	0.143091206990715	0.0655379574003277	0.034407427635172	0
FBgn0004837	0.132737276478679	0.0570839064649244	0.0240715268225585	0.0199449793672627
FBgn0004838	0.0360018091361375	0.0453317826452153	0.0179233701621761	0.0164372940492343
FBgn0004839	0.128688524590164	0.0331967213114754	0.0155737704918033	0
FBgn0004852	0.0367968632182174	0.134670487106017	0.0266928065148545	0.00196048861408535
FBgn0004854	0.148571428571429	0.0628571428571429	0	0
FBgn0004855	0.0509453186912714	0.0648703724668856	0.0237744820559266	0.00984942828031247
FBgn0004856	0.0602455871066768	0.0606293169608597	0.0363584036838065	0.0146776669224866
FBgn0004858	0.0615423260487315	0.0899271539814115	0.0288872142677719	0
FBgn0004859	0.101472995090016	0.0788573128998662	0.00282696027376878	0.0330307989882458
FBgn0004860	0.196185286103542	0.204359673024523	0.0694822888283379	0.0572207084468665
FBgn0004861	0.234437086092715	0.160264900662252	0.0728476821192052	0.0317880794701987
FBgn0004863	0.0855539971949508	0.123422159887798	0	0
FBgn0004864	0.066560734463277	0.0656779661016949	0.0301906779661017	0.026659604519774
FBgn0004865	0.0798090040927694	0.0928831286948612	0.00966348340154615	0.0686675761709867
FBgn0004867	0.051283917152551	0.0500711013277302	0.0319304086279718	0.021606313919184
FBgn0004868	0.0422362477939637	0.0498638987765846	0.0434925667793366	0.037250854994865
FBgn0004870	0.0999999999999997	0.0225806451612903	0	0
FBgn0004872	0.0836820083682009	0	0	0
FBgn0004875	0.101641414141414	0.0610269360269361	0.0256734006734007	0.0202020202020202
FBgn0004876	0.0640835953393749	0.0171999260218236	0.0840577029776216	0.0129461808766414
FBgn0004878	0.179948586118252	0	0	0
FBgn0004880	0.472527472527473	0.043956043956044	0	0
FBgn0004882	0.187732342007435	0	0	0.00433705080545229
FBgn0004885	0.103335379578474	0.128708819316554	0.0103676420435168	0.116431348475547
FBgn0004888	0.0334031087159845	0.0360196855654032	0.0148309802698971	0.105030508172627
FBgn0004889	0.0715843904015512	0.0466995233093642	0.0273895128060111	0.0194716005494061
FBgn0004892	0.0777873811581676	0.0730337078651684	0.0168539325842696	0
FBgn0004893	0.0615963226076056	0.0591725867112411	0.0280819055578771	0.00200585039699123
FBgn0004895	0	0.581395348837209	0	0
FBgn0004896	0.186602870813397	0	0	0
FBgn0004897	0.114006514657981	0.0716612377850162	0	0
FBgn0004898	0.107142857142857	0.0617760617760619	0	0
FBgn0004901	0.0694073678590497	0.0646022423918848	0.0221569674319274	0.00533902829684998
FBgn0004903	0.114309210526316	0.0456414473684211	0.0169956140350877	0.0142543859649123
FBgn0004907	0.0266573317958251	0.042977666909844	0.013202174475796	0.0114312945661638
FBgn0004908	0.0872894333843799	0.0537901990811639	0.0275650842266463	0.0206738131699847
FBgn0004910	0.0249872802306518	0.0481089942902369	0.0223867940528012	0.0010175815478546
FBgn0004913	0.12344678552134	0.0807671528903296	0.0513236088600756	0.02215018908698
FBgn0004914	0.0296203110704483	0.0343092406221409	0.0425434583714547	0.0239021043000915
FBgn0004915	0.0712968653964352	0.0439020107120907	0.0284485029414347	0.0167705680920186
FBgn0004919	0.0505376344086021	0.026236559139785	0.0707526881720432	0.0851612903225807
FBgn0004921	0.0375993117757198	0.0442285309447902	0.0218275053556669	0.0255553868731339
FBgn0004924	0.0603904949296201	0.0606932041773875	0.0311033752081126	0.0236869986378083
FBgn0004926	0.0554110822164433	0.0669467226778689	0.0270498544153275	0.0276499744393323
FBgn0004956	0.151960784313725	0	0	0
FBgn0004957	0.0814814814814815	0.0874074074074074	0.0330864197530864	0.0177777777777778
FBgn0004959	0.606425702811245	0	0	0
FBgn0005198	0.0758524704244955	0.0651820923219671	0.0593829737879842	0.02366040361865
FBgn0005278	0.0237724309041602	0.0153866866693594	0.00963591252668629	0.0413517204239032
FBgn0005322	0.0400515754694174	0.0357804819082924	0.0277218148118302	0.0131356273672335
FBgn0005355	0.0646344905447362	0.0667513406717472	0.025966694891335	0.0190516511430991
FBgn0005386	0.100161030595813	0.0531400966183575	0.0473429951690821	0.0257648953301127
FBgn0005391	0	0	0	0
FBgn0005411	0.0736413756891572	0.0800078760829613	0.0367550538199003	0.0338671567340509
FBgn0005427	0.0484881016281982	0.0363213455000895	0.0305958132045089	0.0211129003399535
FBgn0005533	0.051666989957564	0.0590686499712443	0.028310073404049	0.0309066097674688
FBgn0005536	0.0488429525290405	0.0755510838745083	0.0315558401170767	0.00713436385255648
FBgn0005558	0.158576051779935	0	0	0
FBgn0005561	0.125	0	0	0
FBgn0005564	0.0318994683421943	0.00773320444659255	0.0647655872402127	0
FBgn0005585	0.0368815057500603	0.0664132840554271	0.0191190816686889	0.0323360035245125
FBgn0005586	0.143706640237859	0.0158572844400396	0.0297324083250743	0
FBgn0005592	0.0469043151969981	0.0431519699812383	0.0431519699812383	0
FBgn0005593	0.0494191077217716	0.0409701151016609	0.0338671158438802	0.0318769685152924
FBgn0005596	0.109326018808777	0.0760188087774295	0.0301724137931035	0.015282131661442
FBgn0005612	0.102448021462106	0.164039794321484	0.243404873686564	0.0335345405767941
FBgn0005613	0.152808988764045	0.0674157303370786	0	0
FBgn0005614	0.0826771653543307	0.0511811023622047	0	0
FBgn0005616	0.0723256821134688	0.0640970116933737	0.0277176266782157	0.0175400606323084
FBgn0005617	0.0675265553869499	0.0594334850784016	0.0397066262013151	0.0290844714213454
FBgn0005624	0.268817204301075	0.120071684587813	0.0770609318996414	0.0698924731182796
FBgn0005626	0.0616226978596317	0.0961672473867597	0	0
FBgn0005630	0.0694358338499688	0.069280843149411	0.0207687538747675	0.0113143211407315
FBgn0005631	0.0864500306560393	0.0882893930104231	0.0389331698344574	0.00950337216431635
FBgn0005632	0.0472207925887803	0.0409161091096243	0.0233530622748327	0.0274060730828616
FBgn0005636	0.114754098360656	0.0750315258511981	0.00693568726355612	0
FBgn0005638	0.0357580210629439	0	0.147991672789615	0
FBgn0005640	0.0451272820776549	0.0311133967600926	0.0163281049112882	0.0246850089997429
FBgn0005642	0.0967391304347829	0.0576086956521739	0.0396739130434783	0.0130434782608696
FBgn0005648	0.0639725218698008	0.0605377555949123	0.0183545322814362	0.0132023828691032
FBgn0005649	0.0615605552896123	0.0683580660603159	0.0389660124461464	0.0230732407850647
FBgn0005654	0	0	0	0
FBgn0005655	0.10299816438915	0.0576177850295736	0.0305935141749949	0
FBgn0005658	0.138775510204081	0.0653061224489796	0	0
FBgn0005659	0.0469893078221722	0.0706246482836241	0	0.0818795723128869
FBgn0005660	0.0218631178707224	0.07319391634981	0.0104562737642586	0
FBgn0005666	0.0842874062376629	0.197394393999211	0.00454007106198183	0.0209238057639163
FBgn0005670	0.0492508529891706	0.00178015131286159	0.0528111556148938	0.256267616080701
FBgn0005671	0.0461076597369242	0.0671138027973484	0.0251969597056884	0.01525353139208
FBgn0005672	0.0735644835809943	0.0618235186204366	0.0321653519231945	0.0222589127377239
FBgn0005674	0.0607263107263106	0.0413660413660415	0.0179172679172679	0.0137085137085137
FBgn0005677	0.166109253065775	0.0345596432552955	0.0044593088071349	0
FBgn0005683	0.092840283241542	0.03147128245476	0.012588512981904	0
FBgn0005694	0.0605871330418488	0.0655840099937539	0.0262336039975016	0.0181136789506558
FBgn0005695	0.0596810152632481	0.0589950265820616	0.0655119190533354	0.0101183330475047
FBgn0005696	0.0876979293544458	0.0499390986601706	0.02557856272838	0
FBgn0005771	0.0733097314566963	0.0878162507555479	0.0186512390985234	0.0348847249805717
FBgn0005775	0.146039603960396	0.0297029702970297	0	0
FBgn0005777	0.0847329071405354	0.0732473724130457	0.03293964676563	0.0284971286163181
FBgn0005778	0.342412451361867	0	0	0
FBgn0005779	0.39430894308943	0	0	0
FBgn0008635	0.0562680145369481	0.0677137725051171	0.0284473035632232	0.0196750073102469
FBgn0008636	0.117408906882591	0	0	0
FBgn0008646	0.158215010141988	0.0851926977687627	0	0
FBgn0008651	0.0729927007299269	0.119916579770594	0	0
FBgn0010014	0.503937007874016	0	0	0
FBgn0010015	0.0240192153722978	0.132425940752602	0.00240192153722978	0
FBgn0010019	0.076022955951405	0.411530148319297	0	0
FBgn0010038	0.129129129129129	0	0.153153153153153	0
FBgn0010039	0.00730802488075646	0.00661069426236367	0.00181305960782126	0.00343086664249254
FBgn0010040	0	0	0.259501965923984	0.0458715596330276
FBgn0010041	0	0	0.302083333333334	0
FBgn0010042	0	0	0.222222222222222	0
FBgn0010043	0	0	0.0264423076923077	0
FBgn0010044	0	0.0797720797720797	0.0512820512820513	0
FBgn0010051	0.103728313030639	0.0771502399409377	0.0439276485788114	0.0852713178294574
FBgn0010052	0.0353798126951092	0	0	0
FBgn0010053	0.0301219364964384	0.012676566461427	0.054026318966558	0.0886152360255946
FBgn0010078	0.0422781566693006	0.0604125272021952	0.0223626976394504	0.0222412307283156
FBgn0010100	0.04573192880494	0.0587359244460588	0.0168906647293861	0.0318924809298946
FBgn0010105	0.0971698113207546	0.0301886792452831	0.0179245283018868	0
FBgn0010109	0	0	0	0
FBgn0010113	0.123893805309734	0.0305076851420587	0.00978108989287377	0.00582207731718677
FBgn0010114	0.170124481327801	0	0	0
FBgn0010173	0.083948698017878	0.0625728721336962	0.0402254178002332	0.0209871745044695
FBgn0010194	0.135225375626043	0.0695603784084586	0.00723427935447968	0
FBgn0010197	0.0280701754385965	0	0	0
FBgn0010198	0.0879594630488527	0.164650716139182	0.0968371370778253	0.140275422430174
FBgn0010213	0.05029183657152	0.0613256576317263	0.0301431198528824	0.0174302390661229
FBgn0010215	0.0645729213993639	0.0612221717401181	0.0344161744661518	0.0298727850976828
FBgn0010217	0.137239629136411	0.177542149300233	0.0968868564536795	0.0715595869242946
FBgn0010220	0.0847114411069862	0.0944988187647654	0.045561930475869	0.0185622679716503
FBgn0010222	0.06226602490641	0.106883642753457	0.0151272060508824	0.154786461914585
FBgn0010223	0.0196941127173685	0	0.135763670647392	0
FBgn0010225	0.0259562105507458	0.025156346486193	0.00612538387258539	0.0737242582607723
FBgn0010226	0.0889201124046567	0.0268076185378474	0.0082519291672242	0.0603952004995762
FBgn0010228	0.0217391304347826	0.0466458621741476	0.0122245946643516	0.00929163049344189
FBgn0010235	0.0471832570699872	0.0681119195859275	0.0436201335233666	0.0334183482109369
FBgn0010238	0.0935280872928814	0.109231568616131	0.00790947404884245	0.00704347324057503
FBgn0010240	0.0463362068965516	0	0	0
FBgn0010241	0.00446179587283881	0	0.0331846068042387	0
FBgn0010246	0.0245790855730615	0.0495057151683658	0.0426706827309237	0.000868860055607043
FBgn0010247	0.283311772315653	0.116429495472186	0.090556274256145	0.036222509702458
FBgn0010258	0.271538918597742	0	0	0
FBgn0010263	0.0295896328293737	0.104535637149028	0.00431965442764579	0
FBgn0010265	0.0382603657838609	0.057843748758956	0.0307965809090633	0.0411360838373433
FBgn0010269	0.0326292789512017	0.0581937363437727	0.0288419519300801	0.0113619810633649
FBgn0010278	0.0928973581637073	0.0692940666955391	0.0234950194889563	0.0081203984408835
FBgn0010280	0.0770725388601036	0.055591537132988	0.0289291882556131	0.0192141623488774
FBgn0010282	0.0767980935875216	0.0994367417677643	0.0258882149046794	0.0166811091854419
FBgn0010287	0.129617627997408	0.0466623460790667	0.0226830848995464	0
FBgn0010288	0.0554704952184934	0.114316909716122	0.0543661052684421	0.0141813709495244
FBgn0010292	0.0659365731234314	0.0700433493041294	0.0367328313940224	0.0191649555099247
FBgn0010294	0.440233236151603	0	0	0
FBgn0010295	0.272047832585949	0	0	0
FBgn0010300	0.0715800636267232	0.019406150583245	0.0136797454931071	0.0144220572640509
FBgn0010303	0.0489193736249515	0.0415426426815064	0.0507312022777276	0.0203183641775592
FBgn0010309	0.132558139534884	0.0379844961240309	0.0248062015503877	0.00930232558139535
FBgn0010313	0.0572600243013367	0.0498177399756985	0.0267314702308627	0.0054678007290401
FBgn0010314	0.0958692971639953	0.0459309494451294	0.0104808877928483	0
FBgn0010315	0.0444897266089319	0.0618101545253862	0.0244523688232298	0.0179996603837663
FBgn0010316	0.0812862885216613	0.0573916927199643	0.0323805270209915	0.0290308173291648
FBgn0010317	0.130208333333333	0	0	0
FBgn0010328	0.0778554113788678	0.0596035933266789	0.0278055040638814	0.0158277484671325
FBgn0010329	0.204819277108434	0	0	0
FBgn0010333	0.157472999651608	0.154569736383695	0.117059574962258	0.0836139821158983
FBgn0010339	0.0731401722787783	0.0534847298355522	0.0242756460454189	0.0152701644479248
FBgn0010340	0.044205495818399	0.0388291517323775	0.0158303464755078	0.0185185185185186
FBgn0010341	0.0411636287119597	0.0450564191588416	0.0443857018858992	0.0289723559272995
FBgn0010342	0.0959503315930578	0.0773246789896996	0.0206011006067447	0.0172146183152251
FBgn0010348	0.0325207065698127	0.0432023480848098	0.0199359369555311	0.0182405446699011
FBgn0010350	0.0386258209709273	0.0359619712487944	0.0377991089881964	0.0266844256648143
FBgn0010352	0.0389427350983326	0.0788828899152195	0.017801773672456	0.00333918775342049
FBgn0010355	0.0822489155822487	0.0670670670670671	0.0355355355355355	0.0205205205205205
FBgn0010356	0.0691729323308271	0.0550375939849624	0.044812030075188	0.0282706766917293
FBgn0010357	0.0407599622213105	0	0.377810744030299	0
FBgn0010358	0.041448724045015	0	0.464098906324299	0
FBgn0010379	0.0460858585858586	0.0497589531680441	0.0205463728191	0.0259412304866851
FBgn0010380	0.147394472707273	0.151244328337687	0.135157431596315	0.0750721847930702
FBgn0010381	0.0836304553865595	0.0161122895698876	0	0.425373471137789
FBgn0010382	0.118267629094947	0.0694058856191006	0.00999444752915048	0.00666296501943366
FBgn0010383	0.032204789430223	0.182493806771263	0	0
FBgn0010385	0	0	0	0
FBgn0010387	0.0110375766189926	0	0.050413076308075	0.00464155636492849
FBgn0010388	0	0.0643969385062021	0	0
FBgn0010389	0.0574125049154543	0.101454974439638	0.0251671254423909	0
FBgn0010391	0.141245241979336	0.227977161500816	0.0633496465470363	0.0477161500815661
FBgn0010395	0.0397322392571798	0	0.175340099330598	0
FBgn0010397	0.0304106787232898	0.0638624253189085	0.0206415845847462	0.00234135314064266
FBgn0010398	0.083245521601686	0.053213909378293	0.0321390937829293	0.024236037934668
FBgn0010399	0.0940766550522649	0	0	0
FBgn0010406	0.0291314414948037	0.0415701900813095	0.0434548489580529	0.0124925959829842
FBgn0010407	0.175141242937853	0	0.032015065913371	0
FBgn0010408	0.0126515827602499	0.00773443925315415	0.0179449489911981	0.00253731604458677
FBgn0010409	0.0487330624339916	0.0580111106025393	0.0315941866832122	0.0384904227419828
FBgn0010411	0.0504534507613586	0.0528894576690565	0.0417506883210078	0.0464693870163387
FBgn0010412	0.0343952855164357	0.0297952723264337	0.0144336307364732	0.00734871538802159
FBgn0010414	0.092485549132948	0.0462427745664741	0	0
FBgn0010415	0.0478239574587181	0.0313986845787853	0.00829135180520571	0.135670305065771
FBgn0010416	0.0672268907563026	0.0681460084033613	0.0321691176470588	0.0307247899159664
FBgn0010417	0.0895931738534207	0.123266798720098	0.0553100716135913	0.0269693737619991
FBgn0010421	0.0676320814767666	0.0852959898154044	0.0284850413749205	0.0284850413749205
FBgn0010422	0.078749462827675	0.066287064890417	0.0257842715943275	0.0160077352814783
FBgn0010423	0.00587657822257371	0.0506258351285758	0.00117258869406343	0
FBgn0010424	0.0310237821424474	0.126939486681413	0.000888528378208909	0.000917879165477073
FBgn0010425	0.0629715773613611	0	0.349997805766446	0
FBgn0010433	0.15916955017301	0	0	0
FBgn0010434	0.0562312633832977	0.0686081370449679	0.0652676659528908	0.00839400428265525
FBgn0010435	0.0545612445249962	0.0617353874037154	0.0235236369128531	0.0413079595227307
FBgn0010438	0.0114793155728829	0	0	0
FBgn0010441	0.0505990313535558	0.0681876115217944	0.025490695895998	0.0412949273515167
FBgn0010452	0.163988657844991	0.053875236294896	0.0146502835538752	0
FBgn0010453	0.10989010989011	0.021978021978022	0.0146520146520147	0
FBgn0010470	0.0323064340239913	0.054343874954562	0.0171301344965467	0.0431964134254211
FBgn0010473	0.109402720283856	0.0260201064458901	0	0
FBgn0010482	0.0224874589171424	0.113013896096408	0.00103788271925273	0.000172980453208788
FBgn0010488	0.0470624926903434	0.0652995984562006	0.0575338193442751	0.0348680363338662
FBgn0010497	0.0497790377720337	0.0692487284249146	0.0335195530726257	0.0478612523972318
FBgn0010501	0.0296757647920865	0.011723758930207	0.038926543322953	0.00403004213225867
FBgn0010504	0.0395866787684144	0.0150806395308245	0.083362424073169	0.0018152621657474
FBgn0010516	0.0425969725638599	0.0551797540208136	0.0396877956480605	0.0549432355723746
FBgn0010520	0.0648592999313658	0.0634866163349349	0.0339739190116678	0.014070006863418
FBgn0010531	0.0443473656341013	0.0747948106963197	0.0407731003441886	0.0368016944665078
FBgn0010548	0.0227700414000753	0.0441475348136997	0.00916447120812945	0.0257245013172751
FBgn0010549	0.335616438356164	0.116438356164384	0	0
FBgn0010551	0.0768280211351628	0.0496846770069883	0.0260354525311062	0.0233935571842509
FBgn0010575	0.0897040130742692	0.0566551661521699	0.0176139458870528	0.0125295078990376
FBgn0010583	0.112111043319097	0.0559792556436851	0.0212019524100061	0.0506406345332522
FBgn0010590	0.0555077130447807	0.120881383855025	0.0366182417253257	0.00884566422045829
FBgn0010591	0.0287721770082128	0.0160453087632784	0.150859272167739	0.00329990174449863
FBgn0010602	0.0447339507141736	0.0427876314550306	0.0210328048971904	0.00875843666614346
FBgn0010607	0.0633784142137365	0.0615221426677274	0.0479978785468046	0.0241315300981172
FBgn0010611	0.0289122261117594	0.0346817062102942	0.0288474004926746	0.00745494619473615
FBgn0010612	0.0219104779810543	0.0333502060886543	0.0164147805336611	0.0115554270012293
FBgn0010620	0.0600489687512968	0.0670207909698302	0.0211644603062622	0
FBgn0010621	0.0744233504421495	0.0945519757590746	0.0333621915775153	0.00544184033145755
FBgn0010622	0.0341113105924596	0.0322304864495171	0.0290672822091134	0.00589894844832008
FBgn0010638	0.0497026529053133	0.06390341087826	0.0173015563910901	0.0081489581616909
FBgn0010651	0.0420268580438211	0.0178872397107596	0.0183765562985919	0.0513238732126353
FBgn0010660	0.102182123373898	0.056021821233739	0.0333613092740243	0.0161561057490558
FBgn0010741	0.0402959704029597	0.0621604506216046	0.0198980101989801	0.0111322201113222
FBgn0010747	0.062678730486147	0.0616004875533261	0.0291594393136749	0.0309408841592049
FBgn0010750	0.0732507288629738	0.0679664723032069	0.0207725947521866	0.0147594752186589
FBgn0010762	0.0889732236980816	0.0653594771241828	0.0269871389415982	0.0130718954248366
FBgn0010768	0.0594326879783881	0.0801440792435839	0.00765420981539847	0
FBgn0010770	0.162011173184357	0.191061452513967	0.10391061452514	0.0301675977653631
FBgn0010772	0.0601092896174863	0.0752253211269604	0.0376126605634803	0.0397416790859415
FBgn0010774	0.0796866221362133	0.0809351395218179	0.0352394032086897	0.0145452275422935
FBgn0010786	0.0720273738237809	0.0822925577416594	0.0208725406330197	0.0150556030795552
FBgn0010803	0.0959595959595958	0.0574665574665573	0.0322140322140322	0.018973518973519
FBgn0010808	0.0471460340993328	0.0697800840128491	0.0309859154929577	0.0162589572522857
FBgn0010812	0.0884861407249465	0.0884861407249465	0.0492537313432836	0.014498933901919
FBgn0010825	0.0856950067476385	0.0668016194331984	0.0278002699055331	0.0126855600539811
FBgn0010830	0.0468213925327951	0.0599394550958627	0.0215943491422805	0.00625630676084761
FBgn0010877	0.0575073402855117	0.0437379771185583	0.0425230333097094	0.0373595221221018
FBgn0010894	0.0894736842105264	0.0916808149405772	0.0147707979626486	0.0183361629881154
FBgn0010905	0.0632266284440196	0.0288262462175506	0.0379041248606466	0.0565376652333173
FBgn0010909	0.0578101071975499	0.0529766462480858	0.0455111026033691	0.0138303981623277
FBgn0010926	0.0628860190903986	0.0527793374508703	0.0359348680516563	0.0112296462661426
FBgn0011016	0.0572920934043425	0.0687628021302745	0.0152601392871774	0.0289840229414175
FBgn0011020	0.113453815261044	0.0642570281124497	0.0261044176706827	0
FBgn0011202	0.030511305241521	0.0261433710174718	0.0676387461459404	0.00950668036998971
FBgn0011204	0.0602313974591651	0.0355036297640652	0.0263157894736842	0.0139519056261343
FBgn0011205	0.0171199779097059	0.0138064337981499	0.031432647613788	0.0192829858714161
FBgn0011206	0.0828034682080925	0.0251445086705202	0.00274566473988439	0.00260115606936416
FBgn0011207	0.0848833776203131	0.0742545025095957	0.0338057277826985	0.034839090640685
FBgn0011211	0.045807146704974	0.044801580175974	0.0223648769976656	0.0146435625785599
FBgn0011217	0.0501467323983474	0.0575540166435276	0.0275507743978984	0.0217064188150008
FBgn0011224	0.0852418290505395	0.0784876950547318	0.00527909323810264	0.00100923841316668
FBgn0011225	0.0362875370799301	0.0353326018936162	0.0718842699825265	0.00188955260270633
FBgn0011227	0.0181829754731393	0.058643808877196	0.0225536790291097	0.00392514639735212
FBgn0011230	0.0829472558802566	0.0873574483250178	0.0337669280114042	0.0222736992159658
FBgn0011232	0.0770447356529601	0.0580659737912337	0.0427022141888839	0.0128784455490285
FBgn0011236	0.0647291941875825	0.095112285336856	0.0095772787318362	0
FBgn0011239	0.282312925170068	0	0	0
FBgn0011241	0.035026704757173	0.0296857533225686	0.024469010060862	0.0572599677058752
FBgn0011244	0.263055465455725	0	0	0.00843334414531299
FBgn0011259	0.13030888030888	0.0260617760617761	0.0231660231660232	0.00386100386100385
FBgn0011260	0.110696517412935	0.0670511080958843	0.0373134328358209	0.0105156037991859
FBgn0011270	0.224592707525213	0	0	0
FBgn0011272	0.0422214315587098	0.0449710679575289	0.0270812656442139	0.0108612198273441
FBgn0011273	0	0	0	0
FBgn0011274	0.0508570352232059	0.0256168770013185	0.119984931248823	0.0502919570540592
FBgn0011278	0.433333333333333	0	0	0
FBgn0011282	0	0	0	0
FBgn0011283	0.0462930325461167	0.122077311714252	0	0
FBgn0011284	0.035259668638403	0.0414888898483713	0.0200555801968073	0.0272562773043604
FBgn0011286	0.0233291298865069	0.0687263556116015	0.00819672131147541	0
FBgn0011288	0.487179487179489	0	0	0
FBgn0011289	0.0574254134463559	0.0717194382115848	0.0304579074212582	0.0307487742042716
FBgn0011290	0.0359712230215826	0.058465903333671	0.0446853784577971	0.0166176917620833
FBgn0011291	0.0534069981583794	0.0856353591160221	0.0552486187845304	0.036279926335175
FBgn0011296	0.0230068746061974	0.103809017596598	0.0024018294736274	0.0002487483382555
FBgn0011297	0.0696533682145193	0.0287769784172662	0.0304120340091563	0.0150425114453891
FBgn0011300	0.0631724410226038	0.0611983022406476	0.0338564801105517	0.0471819168887572
FBgn0011305	0.0695040999609528	0.0541194845763374	0.0133541585318235	0.00734088246778601
FBgn0011327	0.0753178140993891	0.161201915139508	0.0299488195476308	0.0105662869407298
FBgn0011335	0.0549940546967896	0.0665873959571939	0.0478596908442331	0.0326991676575506
FBgn0011336	0.0676293182233596	0.0575397550721989	0.0213489307256443	0.0232864193017729
FBgn0011361	0.0414162564925353	0.0568895657139749	0.0264052429771844	0.0193892257906617
FBgn0011455	0.0332731958762887	0.0542783505154639	0.0255670103092784	0.0117268041237114
FBgn0011474	0.0701134930643127	0.0693568726355612	0.0279949558638083	0.0204287515762926
FBgn0011476	0.0324629498941425	0.0381086803105152	0.0256410256410256	0.0270524582451188
FBgn0011481	0.0834025585645454	0.0579830536633991	0.0222628343578668	0.00880544941020104
FBgn0011509	0.0486224816686838	0.077881398163309	0.0222823378657364	0.016658361215918
FBgn0011554	0.0255078534031414	0	0.182492146596858	0
FBgn0011555	0.0660156858671376	0	0.317508959642653	0
FBgn0011556	0.00706695901501097	0	0.0389610389610389	0
FBgn0011559	0.62962962962963	0	0	0
FBgn0011566	0.0239132995641418	0.0300388738367299	0.0221463069855107	0.00683237130404051
FBgn0011569	0.344961240310077	0	0	0
FBgn0011570	0.0474625679077779	0.0577447992579832	0.0340532661984894	0.0210679740294157
FBgn0011571	0.0816784112748238	0.063466642262286	0.0264940056740185	0.0277294774412007
FBgn0011573	0.0519966722129784	0.0541953886379843	0.0357142857142856	0.0211552174946518
FBgn0011576	0	0	0	0
FBgn0011581	0.0441891294741493	0.0707026071586389	0	0
FBgn0011582	0.5	0	0	0
FBgn0011584	0.116986733463215	0.204842749791261	0.0907319788477596	0.0973188607477504
FBgn0011586	0.0374105400130124	0.0607677293428757	0.0187378009108653	0.0232270657124268
FBgn0011589	0.120879120879121	0.175824175824176	0.0241758241758242	0
FBgn0011591	0.0843394273887548	0.0520869265263886	0.0403587443946188	0.0125905484649879
FBgn0011592	0.101449275362319	0.0207657365347177	0.0408825438027255	0.0964741509842096
FBgn0011596	0.466991341991342	0	0	0.0178571428571428
FBgn0011603	0.053224155578301	0.0220061412487205	0.115660184237462	0
FBgn0011604	0.131596798263465	0.0526387193053858	0.0191290191290191	0.0111246777913444
FBgn0011606	0.18728845430613	0.0308386611508085	0.0112824370063934	0.00564121850319668
FBgn0011638	0.0527329641223212	0.0475559836262942	0.0220924632795569	0.00589934986756562
FBgn0011640	0.199650611429997	0.189792862490641	0.0832293486398801	0.0431744447217369
FBgn0011642	0.0703111858704795	0.1026913372582	0.0306980656013458	0.0572750210260723
FBgn0011648	0.0509031198686371	0.0420543696405766	0.0414158000364896	0.0226236088305054
FBgn0011653	0.139674378748929	0.0865467009425879	0	0
FBgn0011655	0.0576845502218637	0.0541885168750839	0.0384563668145758	0.009009009009009
FBgn0011656	0.0294786191220343	0.0605199602216223	0.0125728086375906	0.00525642846995312
FBgn0011659	0.102189781021898	0.0556569343065693	0.0282846715328466	0.0136861313868613
FBgn0011660	0.11134789557805	0.0362280234416623	0.0101225359616409	0
FBgn0011661	0.050719939948137	0.0854374232291523	0.0139552340657841	0.00585164460215639
FBgn0011666	0.0758768790264854	0.0397279885468862	0.00536864710093057	0
FBgn0011672	0.0367876293802219	0.0430851727148024	0.0444569148272852	0.025595460780646
FBgn0011674	0.0384341637010676	0.0380782918149466	0.0469750889679715	0.0437722419928826
FBgn0011676	0.10752688172043	0	0	0
FBgn0011692	0.130752688172043	0.0468817204301075	0.0167741935483871	0
FBgn0011695	0.0265370467682606	0.169206516027325	0	0
FBgn0011701	0.110843373493976	0.0457831325301205	0	0
FBgn0011703	0.0964355468750002	0.0615234375	0.037353515625	0.00341796875
FBgn0011704	0.0461886304909561	0.0431201550387597	0.0272932816537468	0.0386789405684755
FBgn0011705	0.0401785714285714	0.0395408163265306	0.0157844387755102	0.0105229591836735
FBgn0011706	0.0373134328358209	0.041044776119403	0	0
FBgn0011708	0.050476889214967	0.0692100758131573	0.035265346050379	0.0273905600391294
FBgn0011710	0.0743432084963667	0.0648406931246507	0.0507732438978945	0.0241289360909261
FBgn0011715	0.0853117662405427	0.0767023219410384	0.0384816070962692	0.0155230889642578
FBgn0011722	0.0357723577235773	0.0227272727272727	0	0.114449371766445
FBgn0011723	0.145933014354067	0.100478468899522	0	0
FBgn0011725	0.276536907041055	0.0876409274622419	0.0540310572218677	0.0491384811742183
FBgn0011726	0.0347496795743194	0.0623334757447468	0.0229521886044976	0.017085485687653
FBgn0011737	0.12673031026253	0.0439140811455847	0.0210023866348449	0.0138424821002386
FBgn0011739	0.0850691064823829	0.0877944325481797	0.0457465446758808	0.0210239439361495
FBgn0011740	0.0882182240278584	0.0632617527568195	0.00599729154575351	0.0143161153027665
FBgn0011741	0.0799003322259135	0.0875415282392028	0.0465116279069767	0.0307308970099668
FBgn0011742	0.0432790970389915	0.0283274699501613	0.0637642919964819	0.0230870712401055
FBgn0011743	0.314383561643836	0	0	0.0133561643835616
FBgn0011745	0.0511856655076278	0.0660965448109514	0.0516242207812549	0.0197349873132225
FBgn0011746	0.0735294117647059	0.0388071895424837	0.0326797385620916	0
FBgn0011747	0.0628343546347631	0.0714586778199267	0.0360859838537107	0.0509678046882599
FBgn0011754	0.0551093035078801	0.0567361464158617	0.023284189120488	0.0323335027961362
FBgn0011758	0.147335423197492	0.0721003134796239	0	0
FBgn0011760	0.195883061425599	0.215482316872879	0.0444541771597503	0.0754407095149459
FBgn0011761	0.506849315068493	0	0	0
FBgn0011762	0.0530104712041885	0.0536649214659685	0.0340314136125654	0.0242146596858638
FBgn0011763	0.0655917918651522	0.0731037009893734	0.0319714181018687	0.0174056430927079
FBgn0011764	0.246660305343511	0.14456106870229	0.08206106870229	0.0362595419847328
FBgn0011766	0.0461053295490382	0.0584673604541154	0.022075055187638	0.00542415641753391
FBgn0011768	0.046781844292615	0.0670177118238394	0.031963967100396	0.0279385525914966
FBgn0011769	0.0442580271912062	0.0315302285218397	0.0347121781891814	0
FBgn0011770	0.0185378980415607	0.0303483330841681	0.0174540290028405	0.00687696217670803
FBgn0011771	0.0726445553272674	0.0570883475198123	0.0412386263574993	0.0374229527443499
FBgn0011774	0.0489967335510966	0.0653289780681288	0.0289314045730285	0.0125991600559963
FBgn0011785	0.0822964806256664	0.0648773551368647	0.0495911837895485	0.0165303945965162
FBgn0011787	0.079915747738818	0.054020567463759	0.0392764217569076	0.00817742535001859
FBgn0011802	0.117842323651452	0.0672199170124481	0.0174273858921162	0.0224066390041494
FBgn0011817	0.127830188679245	0.0360849056603773	0.0136792452830188	0.0186320754716981
FBgn0011818	0.102880658436214	0.0511463844797178	0.0429159318048207	0.017636684303351
FBgn0011822	0.00551679376926819	0	0.0227162096381632	0
FBgn0011824	0.0890271780543562	0.0458470916941833	0.0356870713741428	0.0096520193040386
FBgn0011826	0.157726692209451	0.178799489144317	0.0938697318007663	0.0676883780332056
FBgn0011828	0.0756912565389131	0.0477207216825024	0.00181488203266788	0.00843386356357424
FBgn0011829	0.0425963488843814	0.0933062880324542	0.0344827586206897	0
FBgn0011834	0.0398839738941261	0	0.383611312545322	0
FBgn0011836	0.0958904109589044	0.0635118306351183	0.0205479452054794	0.0149439601494396
FBgn0011837	0.0595629195829167	0.0277817454649337	0.0266390515640622	0.0571346950435653
FBgn0012034	0.0245284663896073	0.0223778662559214	0.00764334912377576	0.0622802173849865
FBgn0012036	0.0253415165313799	0.0232255988913087	0.0102949910908731	0.0236091862997426
FBgn0012037	0.0612516087179433	0.0690466972889834	0.0176723551630691	0.0100342146840635
FBgn0012042	0	0.394822006472492	0	0.333333333333333
FBgn0012051	0.0479034762871821	0.0878031298530642	0.0139768247521204	0.0236530880420499
FBgn0012058	0.109996540989277	0.0539605672777586	0.0271532341750259	0.0204081632653061
FBgn0012344	0.22202486678508	0	0.152753108348135	0
FBgn0013263	0.00497737556561087	0.00678733031674209	0.00339366515837104	0.00316742081447964
FBgn0013269	0.0876867706402007	0.0626022467008398	0.0434071327298505	0.0081797360671829
FBgn0013272	0.0418150307231762	0.0332046636206082	0.0747282180557744	0.00898849850322987
FBgn0013277	0	0.8	0	0
FBgn0013278	0	0.76271186440678	0.101694915254237	0
FBgn0013279	0.563218390804597	0.310344827586207	0	0
FBgn0013300	0.389566395663957	0	0	0
FBgn0013301	0.391945896095912	0	0	0
FBgn0013303	0.0532389034739606	0.0739361377373466	0.0208193418401612	0.0432871359667867
FBgn0013305	0.0346021655425485	0.0477039563790475	0.0190712458330103	0.0368245600434142
FBgn0013307	0.0772735726241399	0.00195276176306491	0	0.357820345917799
FBgn0013308	0.062589928057554	0	0	0.353956834532374
FBgn0013323	0.504761904761906	0	0	0
FBgn0013325	0.0515863236662733	0.0437235624802489	0.031624999637594	0.0338400252814446
FBgn0013334	0.0569219066937121	0.0386663286004058	0.037525354969574	0.0169878296146045
FBgn0013342	0.156387665198238	0.0279001468428782	0.0110132158590308	0
FBgn0013343	0.159001956947162	0.188356164383561	0.119373776908024	0.0347358121330725
FBgn0013347	0.0568306010928962	0.0782513661202185	0.0381576893052302	0.023544106167057
FBgn0013348	0	0.604166666666667	0	0
FBgn0013432	0.0280286515104329	0.0509706218208244	0.0218000622858922	0.0257448354614347
FBgn0013433	0.170854271356783	0	0	0
FBgn0013435	0.0682862770847013	0.0426789231779383	0.0262639527248851	0.025607353906763
FBgn0013467	0.165354330708661	0.0446194225721785	0	0
FBgn0013469	0.0875706214689265	0.0529661016949153	0.0148305084745763	0.0155367231638418
FBgn0013531	0.0478072651985696	0.0468661773009599	0.0148691887822322	0.00903444381705251
FBgn0013548	0.0673135233474833	0.0563978168587023	0.0442692540933899	0
FBgn0013563	0.0535425801984768	0.0660050773136395	0.0953150242326335	0.0327717516732056
FBgn0013576	0.0505570639453235	0.0360453141091657	0.0711543862934181	0.00617919670442842
FBgn0013672	0.0843919113269516	0.139364384954479	0.0948539396493481	0.192483929013399
FBgn0013674	0.100451676552044	0.0651840581949579	0.0759743732987841	0.283141767006216
FBgn0013675	0.128971013627093	0.0823812002423352	0.0769969196112396	0.2394340958931
FBgn0013676	0.137930745712337	0.0777207476612746	0.0703551330150069	0.230719980267005
FBgn0013678	0.0778498691747401	0.0373559154232374	0.0773062371826603	0.309865815713175
FBgn0013679	0.0817887774385811	0.0480992876871639	0.0593291176043028	0.335277656636139
FBgn0013680	0.257477644156645	0.0101757631822387	0.0246685168054271	0.261486278137527
FBgn0013681	0	0.0143289606458123	0.430070635721493	0
FBgn0013683	0.568759342301944	0	0	0
FBgn0013684	0.107696055543149	0.0128098418563105	0.077366572606021	0.327209240950892
FBgn0013685	0	0	0	0.462686567164179
FBgn0013686	0.088066203265729	0.0448190324903416	0.143131320540904	0.24936214918205
FBgn0013688	0.017118014672584	0.0184765872656462	0.0894846481296982	0.418440358663164
FBgn0013717	0.0820128479657389	0.0762312633832978	0.049678800856531	0.0173447537473233
FBgn0013718	0.0453594981502332	0.0799420942576805	0.0275052276017372	0.0291137204439441
FBgn0013720	0.0831273176761434	0.077152863617635	0.0209105892047796	0.0124639472599917
FBgn0013725	0.223325062034739	0	0	0
FBgn0013726	0.0712296436157659	0.0682086381873968	0.064196365352844	0.00410667925418929
FBgn0013732	0.151147098515519	0.0701754385964911	0.0134952766531714	0
FBgn0013733	0.0779816513761467	0.0686593666765315	0.0520124297129328	0.0352175199763244
FBgn0013746	0.0389418185181759	0.0478216631208953	0.0245120710387568	0.0229395985570253
FBgn0013749	0.0289999414142598	0.0423770187669655	0.0202316089597125	0.0264416974241803
FBgn0013750	0.0382710053423993	0.0415735794074793	0.0241379310344828	0.035065565808645
FBgn0013751	0.0653804930332261	0.22615219721329	0	0
FBgn0013753	0.110711718188354	0.0838725137790561	0.0124610591900311	0.0100647016534867
FBgn0013756	0.203263670197538	0.181219582021185	0.0632693959347266	0.0626968222158603
FBgn0013759	0.0506242905788876	0.0458569807037457	0.0562996594778661	0.00930760499432465
FBgn0013762	0.0503409255766721	0.0474394313071232	0.0358334542289279	0.0420716669084579
FBgn0013763	0.0580153561490157	0.0337864417151099	0.00150064833835977	0.120488949109081
FBgn0013764	0.0734529995276333	0.0832546055739253	0.0314123760037789	0.0172413793103448
FBgn0013765	0.120345607899609	0.028389220325036	0.0156346430775561	0.0559555646986218
FBgn0013767	0.166051660516605	0	0	0
FBgn0013770	0.0211935660561937	0.0163768464979678	0.0692968228832543	0.00622550346441489
FBgn0013771	0.073923639317628	0.00609260763606824	0.344029244516653	0.0357432981316003
FBgn0013772	0.0685975609756097	0	0.0198170731707317	0.0716463414634148
FBgn0013773	0.0105695830886671	0	0	0.0428655314151497
FBgn0013799	0.0725102440762517	0.0562978799216104	0.0331373597006948	0.0208444681988242
FBgn0013809	0.411255411255412	0	0	0
FBgn0013810	0.28060263653484	0	0	0.00941619585687384
FBgn0013811	0.239130434782609	0.0193236714975846	0.0144927536231884	0.0120772946859904
FBgn0013812	0.230769230769231	0	0	0
FBgn0013813	0.23	0	0	0.00714285714285716
FBgn0013949	0.0245818701267782	0.00398785786560323	0	0.107731682637938
FBgn0013953	0.0844714213454729	0.0723318158826505	0	0
FBgn0013954	0.0641999213384563	0.0786161619217621	0.0218890872235501	0.0317142165612804
FBgn0013972	0.156156156156156	0	0	0.15915915915916
FBgn0013973	0.151515151515151	0	0	0
FBgn0013983	0.0429691583899634	0.0463146889702039	0.0299006795608991	0.0421327757449032
FBgn0013984	0.0716049382716049	0.0378600823045268	0.0329218106995885	0.0353909465020576
FBgn0013987	0.134720327421555	0.169963619827194	0.134720327421555	0.0743519781718963
FBgn0013995	0.0477150537634408	0.0117607526881721	0.0147849462365592	0.00168010752688172
FBgn0013997	0.110636935879654	0.0651872399445216	0.0169636189053665	0.0311533127067107
FBgn0014000	0.0311026669481387	0	0	0.197663781577651
FBgn0014002	0.0428245121131301	0.0483545645195044	0.015606146283689	0.0207755430983432
FBgn0014006	0.168453976764969	0.179177837354781	0.0947274352100089	0.0545129579982127
FBgn0014007	0.0838083175005276	0.0757863626767999	0.0287101541059742	0.0339877559636901
FBgn0014009	0.0296565528866414	0.0436332350049164	0.0538874841972187	0.02015732546706
FBgn0014010	0.0235651338254238	0.0221747398122968	0.0496759155131168	0.012247735497986
FBgn0014011	0.148636953699697	0.118130679359585	0.17741237559498	0.0549545651233233
FBgn0014018	0.0419968304278922	0.0715795034337031	0.025658440872387	0.054675118858954
FBgn0014019	0.403361344537815	0.19327731092437	0	0
FBgn0014020	0.0330202869736963	0.0375394032935267	0.0287562293173584	0.0242240330660668
FBgn0014022	0.0652818991097923	0.0791295746785361	0.036102868447082	0.0192878338278932
FBgn0014023	0.0708210380142337	0.0598854365561535	0.0371463287623676	0.0177052595035584
FBgn0014024	0.0615448161916563	0.0563816604708798	0.023543990086741	0.0109458901280463
FBgn0014026	0.0394835578908466	0.0443378566206304	0.0262672033551062	0.0314541203692545
FBgn0014028	0.038261196434325	0.0653796584684781	0.0444366877886371	0.00880678767049723
FBgn0014029	0.0688264160359312	0.0699492639108376	0.0431672627464027	0.0214172835398819
FBgn0014031	0.0234082397003745	0.000902889245585875	0	0.0594569288389514
FBgn0014032	0.0282945304667484	0.094129441907096	0.00423303999108835	0
FBgn0014033	0.232472324723247	0.164575645756457	0.018450184501845	0.0435424354243543
FBgn0014037	0.0739419027906644	0.0688744557847406	0.0373991863535794	0.0216972378845192
FBgn0014073	0.0675505050505051	0.124368686868687	0	0
FBgn0014075	0.0697180963928463	0.0540567848843083	0.0137415378397494	0.0182883702131959
FBgn0014092	0.0985500679655641	0.0659265971907567	0.043271409152696	0.026506570004531
FBgn0014127	0.19937275985663	0.0416666666666667	0.0192652329749104	0.00627240143369176
FBgn0014133	0.0475588845772043	0.0180489125530187	0.0780615467918057	0.0118220377222272
FBgn0014135	0.10183299389002	0.102851323828921	0.00916496945010183	0
FBgn0014141	0.0439248471571794	0.120664796414481	0.0143957259894267	0.00134121670708945
FBgn0014143	0.53125	0	0	0
FBgn0014163	0.0748908168661015	0.0199369381719903	0.0328039012161924	0.0323730440061887
FBgn0014179	0.210526315789474	0	0	0
FBgn0014184	0.0346869053662244	0.0430331889343229	0.0329958486582104	0.023973765263889
FBgn0014189	0.0623939534166281	0.0506324232608361	0.0162733302483419	0.0129955267623014
FBgn0014269	0.0790145985401459	0.076824817518248	0.0403284671532847	0.0231751824817518
FBgn0014340	0.111604938271605	0.0587654320987655	0.0306172839506173	0.011358024691358
FBgn0014342	0.358490566037736	0.050314465408805	0.0723270440251573	0
FBgn0014343	0.0662205001761184	0.0246565692145121	0.107079957731595	0.0133849947164495
FBgn0014366	0.199294532627866	0.192680776014109	0.066137566137566	0.0432098765432099
FBgn0014368	0.57852564102564	0	0	0
FBgn0014380	0.021716225708265	0.0165359400608756	0.0714996487941933	0.00681924607820183
FBgn0014388	0.0533794862452177	0.0406267079613772	0.0353434141009291	0.0251411914738568
FBgn0014391	0.0289385940539038	0.0332036676854682	0.0129202556265629	0.00650180605723812
FBgn0014395	0.115121951219512	0	0.0117073170731707	0
FBgn0014396	0.0219298245614035	0.0153508771929824	0	0.0635964912280702
FBgn0014411	0.0602240896358543	0.065826330532213	0.0314757481940144	0.0239569512015332
FBgn0014417	0.0393170074140642	0.0280835767243316	0.00921141316558079	0.081554706807459
FBgn0014427	0.0505461554936818	0.0407367744699079	0.02568001713429	0.22600128507175
FBgn0014455	0.0396361273554256	0.0333549924193199	0.0234536959683159	0.0447414833379746
FBgn0014464	0	0	0	0
FBgn0014469	0.0789118271271465	0.0277831371792398	0.0736060196797223	0.282944240787189
FBgn0014859	0.0336538461538462	0.170673076923077	0	0
FBgn0014861	0.102698348771647	0.0443012484897302	0.0229561014901329	0
FBgn0014863	0.0216634698675907	0.0816885286474448	0.000788887513921545	0
FBgn0014865	0	0	0	0
FBgn0014868	0.0636958554066687	0.0669055780617015	0.0191025241508258	0.0117482081645373
FBgn0014869	0.0203346975508367	0.0757890676894726	0.00811030877027575	0.00536758876341897
FBgn0014870	0.0893484198205228	0.0578748862010663	0.0195083886071011	0.0140460397971128
FBgn0014877	0.0867351496203663	0.0509155873157659	0.0192943278249218	0.0188476998660116
FBgn0014879	0.085540482342808	0.0663759689922481	0.0227713178294574	0.0108204134366925
FBgn0014903	0	0	0	0
FBgn0014906	0.0328486293206198	0.00943980929678188	0.0221692491060787	0.0652681764004767
FBgn0014930	0.0553571428571426	0.0596428571428569	0.0289285714285714	0.03625
FBgn0014931	0.135658914728683	0	0	0.410852713178294
FBgn0015000	0.0411162483487451	0.0359973579920739	0.0449966974900926	0.0132926023778071
FBgn0015001	0.0503405221339387	0	0.288706015891033	0
FBgn0015008	0.236734693877551	0	0	0.0183673469387755
FBgn0015010	0.0545692190393203	0	0.0171005337109247	0
FBgn0015011	0.0511145442507173	0.0283822555727212	0.0346501875965571	0.0622820569410726
FBgn0015019	0.0726798104004946	0.0724393762451054	0.0271347118224909	0.00539259462801401
FBgn0015024	0.0430970495453702	0.0454861755427724	0.0276721098534051	0.0215717201707181
FBgn0015025	0.0251846877098724	0.0235057085292142	0.012760241773002	0
FBgn0015031	0.0790289646827497	0.19277017318309	0.159721697043031	0.0336534825682522
FBgn0015032	0.0551816958277256	0.044414535666218	0	0
FBgn0015033	0.0531116967362659	0	0.133184674640178	0.0960875734846949
FBgn0015034	0	0.196428571428572	0	0
FBgn0015035	0.00254183435712773	0.00423639059521288	0.0033891124761703	0.0864223681423427
FBgn0015036	0	0	0	0
FBgn0015037	0.0394160583941606	0.0335766423357664	0.100729927007299	0.109489051094891
FBgn0015038	0.0671834625322998	0	0.126614987080103	0.253229974160207
FBgn0015039	0.0519842073294189	0.00526422352702977	0.244685158939056	0.0801781737193764
FBgn0015040	0	0	0	0
FBgn0015075	0.0948305972755851	0.0756199790429618	0.0186866922808243	0.0176388403772267
FBgn0015218	0.0451576846307385	0.0478403193612775	0.0161117764471058	0.0164311377245509
FBgn0015221	0.0279063618887151	0.0261363076219881	0.0869948063471007	0.0100736252951958
FBgn0015222	0.0250004222636711	0.020432735810131	0.06407549591852	0.0143207707880405
FBgn0015229	0.0532064284599781	0.057419254173818	0.0674832267124355	0.0299578717428616
FBgn0015230	0.318501170960187	0	0	0
FBgn0015239	0.0560547414984793	0.0814210671827482	0.0371855128559579	0.0253663256842687
FBgn0015240	0.0522300469483568	0.0477308294209702	0.0723787167449137	0.0162363067292645
FBgn0015245	0.245650159579944	0.0994543395449398	0.0988366107278905	0.0681560794811079
FBgn0015247	0.0872235872235872	0.0753773253773253	0.0360652860652861	0.0225517725517726
FBgn0015268	0	0.000277777777777778	0	0
FBgn0015269	0.0972602739726027	0.0715753424657534	0.0208904109589041	0.0304794520547945
FBgn0015270	0.0905405405405404	0.0459459459459458	0.0297297297297297	0
FBgn0015271	0.10140562248996	0.0632530120481928	0.0210843373493976	0
FBgn0015277	0.044453109767986	0.0465977773445117	0.0715539091440825	0.0214466757652564
FBgn0015278	0.076233941852603	0.0361730899256254	0.0841784989858012	0.00490196078431373
FBgn0015279	0.0562316880775298	0.0564570655848546	0.0353842686499889	0.0345954473743519
FBgn0015282	0.0376423563223136	0.0966164823639203	0.0389472032505554	0.0118509831773849
FBgn0015283	0.045374530579399	0.0997015826180258	0.0444692194206008	0.0101176904506438
FBgn0015286	0.0434701025769328	0.0394045534150613	0.037027770828121	0.0394045534150613
FBgn0015288	0.0346921904144702	0.0157986349115352	0.021435960069293	0.000498510699285884
FBgn0015295	0.0575928008998875	0.0697412823397073	0.0578177727784027	0.0179977502812149
FBgn0015296	0.0702221312314465	0.0701197666086599	0.0607022213123145	0.0201658306889139
FBgn0015298	0.0414825724104074	0.0397029945999019	0.0266323024054983	0.018654884634266
FBgn0015299	0.0377975192758967	0.0423231645993965	0.0249748575259806	0.0178511565538049
FBgn0015300	0.470284237726098	0	0	0
FBgn0015316	0.0706940874035988	0	0.0295629820051414	0
FBgn0015320	0.065824345146379	0.045362095531587	0.0226194144838212	0.00973805855161788
FBgn0015321	0.0535587369276069	0.0432023555690933	0.034267438318611	0.0204081632653061
FBgn0015324	0.0509055575049258	0.0707711409214824	0.0290831061567114	0.0145887878215336
FBgn0015331	0.190476190476191	0.135298563869992	0.116780045351474	0.0593348450491308
FBgn0015336	0.0244372990353698	0	0.0360128617363344	0
FBgn0015338	0.0548096376678316	0.0451535773404452	0.0274048188339157	0.0227147323891852
FBgn0015351	0.126034958601656	0.112235510579577	0.0671573137074516	0
FBgn0015359	0.107240194335822	0.0529683611802346	0.0347197535252992	0.0299798554331082
FBgn0015360	0.0683778666105616	0.0713233747107091	0.0422890805806859	0.0418682937092363
FBgn0015371	0.108085808580858	0.0515676567656766	0.0111386138613861	0.00165016501650165
FBgn0015372	0.0663208910806904	0.0389422668140465	0.133917183912933	0.00365615168778164
FBgn0015376	0.0954248366013071	0.0575163398692812	0.0196078431372549	0
FBgn0015379	0.0615612439179184	0.0466469219378041	0.0167125026443833	0.00624074465834569
FBgn0015380	0.13280776228017	0.0460885385081868	0.00424499696785931	0
FBgn0015391	0.130232558139535	0.0547803617571059	0.027390180878553	0.00723514211886306
FBgn0015393	0.0624026240262403	0.0451004510045099	0.0487084870848708	0.00410004100041001
FBgn0015396	0.142699115044248	0.0542035398230088	0.053834808259587	0
FBgn0015399	0.112521440823327	0.0408233276157805	0	0.00857632933104632
FBgn0015400	0.190283400809717	0.0242914979757085	0.0283400809716599	0
FBgn0015402	0.0652039555006179	0.0584054388133498	0.0284301606922126	0.0200865265760198
FBgn0015477	0.0698839662447259	0.0569620253164557	0.0574894514767931	0.026503164556962
FBgn0015509	0.0576854357037113	0.0639644698555312	0.0400735106437287	0.0353769972943999
FBgn0015513	0.0442953020134228	0.0277852348993289	0.0473825503355706	0.0319463087248322
FBgn0015519	0.5	0	0	0
FBgn0015520	0.238335435056747	0.0777637662883565	0.0193358554014291	0
FBgn0015521	0.0282036028615445	0.0240889885446697	0.0279976814777528	0.0134382769718879
FBgn0015522	0.0554261760596181	0.0966464834653002	0.0221238938053098	0.107126222636236
FBgn0015524	0.125277161862528	0.0853658536585367	0	0
FBgn0015527	0.0657920890479028	0.0558537070164978	0.0339892665474061	0.0103359173126615
FBgn0015541	0.0556955310966715	0.0677628961676169	0.0399151306192811	0.0107412809972152
FBgn0015543	0	0.523091423185673	0	0
FBgn0015544	0.0587550148828781	0.0452957163193996	0.0234243561537466	0.00608256762003366
FBgn0015546	0.0879541108986616	0.0420650095602295	0.0401529636711281	0
FBgn0015550	0.15527950310559	0	0	0
FBgn0015553	0.0914972273567467	0.0683918669131239	0.0582255083179297	0.0240295748613678
FBgn0015558	0.143042912873862	0.0156046814044213	0	0
FBgn0015561	0	0	0	0
FBgn0015568	0.0238431907942855	0	0.0794285435662393	0.0702130771856259
FBgn0015569	0.0111534529231341	0.00762152616414163	0.00845803513337669	0.00232363602565294
FBgn0015570	0.00571596072109043	0.0029312619082515	0.0161219404953833	0.0433826762421222
FBgn0015571	0	0	0	0
FBgn0015572	0.0774087290694483	0.0065879769420807	0.334614328849849	0.0214109250617623
FBgn0015574	0.258771929824562	0	0	0
FBgn0015575	0.0159152786675208	0.00246236386931454	0.0108103779628443	0.107743433696349
FBgn0015576	0.00995903376183077	0.00197768046334228	0.0141969204689928	0.0586240994490748
FBgn0015577	0.0316467341306349	0.0809567617295307	0.0533578656853725	0.000827966881324747
FBgn0015582	0.0426829268292683	0.0567944250871082	0.048780487804878	0.0337979094076655
FBgn0015585	0	0	0	0.0326086956521739
FBgn0015589	0.0790404040404039	0.045959595959596	0.0467171717171718	0.0411616161616162
FBgn0015591	0.0259026687598116	0.00627943485086341	0.0854003139717424	0
FBgn0015600	0.201488833746898	0.0982630272952855	0.0535980148883375	0.00942928039702234
FBgn0015602	0.0483755983297687	0.0551991037783889	0.0297382625521947	0.0193502393319075
FBgn0015609	0.149355572403336	0.0197119029567855	0.00530705079605762	0.0242608036391206
FBgn0015614	0.142446043165468	0.204172661870504	0.0899280575539567	0.0746762589928057
FBgn0015615	0.073176761433869	0.0687268232385661	0.0447466007416563	0.0143386897404202
FBgn0015618	0.065747613997879	0.0885471898197243	0.0487804878048781	0.0190880169671262
FBgn0015621	0.204204204204204	0.17017017017017	0.0870870870870871	0.03003003003003
FBgn0015622	0.148680384701409	0.138224110937151	0.0490941623797809	0.0576492954596288
FBgn0015623	0.028857449307932	0.0468614331681905	0.0353439910107768	0.0150671637979468
FBgn0015625	0.1785549930971	0.0326737229636448	0.0133456051541648	0
FBgn0015663	0.0154255319148936	0.0127659574468085	0.0180851063829788	0.00771276595744682
FBgn0015664	0.0647121916338934	0.0592301275175784	0.0356334167560481	0.0256226909784293
FBgn0015714	0.105661242264497	0.144396057758423	0.0385056154022461	0.0980976392390559
FBgn0015721	0.33984375	0	0	0
FBgn0015737	0.0446218472747555	0.0616339265482563	0.0274703247285214	0.02089906050095
FBgn0015754	0.0440413251200466	0.0487946839986419	0.0316728913032935	0.0190619391764078
FBgn0015756	0.037362002302446	0.0457829004398498	0.0270881396511473	0.0371716606506474
FBgn0015765	0.0392840539284054	0.0536184720285139	0.0472648380598171	0.0215403688207036
FBgn0015766	0.0487981465392412	0.0848151365961966	0.00164108504681919	0.0193937638768221
FBgn0015772	0.0470085470085471	0.0642282554047258	0.0511563599798895	0.0207390648567119
FBgn0015773	0.0414220482713633	0.0388127853881279	0.0319634703196347	0
FBgn0015774	0.0683003128258603	0.0125130344108446	0.00208550573514077	0.0286757038581856
FBgn0015776	0.0590916275883872	0.118499394067127	0.0270562200326677	0.0203382686126772
FBgn0015777	0.0811591103507271	0.0256629597946963	0.0033147989734816	0.00866124893071001
FBgn0015778	0.0902551171759121	0.0608498961732424	0.0225452388015426	0.0130525066745772
FBgn0015781	0.0543204697986576	0.03125	0.0295721476510067	0.0186661073825503
FBgn0015789	0.0344255065245025	0.0397436895218824	0.0570991257426	0.0276545515863751
FBgn0015790	0.0339031777812004	0.0431028286873042	0.0330920478463986	0.0237486523948868
FBgn0015791	0.0390331704808434	0.0423245050141424	0.0424273592183081	0.0178966315248136
FBgn0015793	0.0580852608650556	0.052380458458666	0.0360958406804273	0.0301835909138056
FBgn0015794	0.0260145383778834	0.037433461164215	0.0424989983401065	0.0262148703565909
FBgn0015795	0.0330553922742545	0.0353123027017613	0.0590715462376359	0.0351018512471062
FBgn0015797	0.0432464777239841	0.0615514333895446	0.0279062177011369	0.0181145623674047
FBgn0015799	0.0878427128427127	0.0786435786435785	0.0438311688311689	0.0115440115440115
FBgn0015801	0.0403658779081328	0.178799327536651	0.00280193062058244	0.0463493555559573
FBgn0015803	0.0403512049318139	0.0618344853353258	0.0181206799925275	0.00728563422379974
FBgn0015805	0.0741681483362966	0.0836296672593345	0.0226695453390907	0.0222885445770892
FBgn0015806	0.031339566790396	0.0282854860686934	0.0249025043461918	0.00958511488042099
FBgn0015808	0.0239126591230552	0.0179676449787836	0.0283769448373409	0.0653067538896747
FBgn0015818	0.0969785575048735	0.0787037037037039	0.0248538011695906	0.0112085769980507
FBgn0015828	0.0875778673506777	0.079149871747893	0.0513008427995603	0.0188713814584097
FBgn0015829	0.0669084542271134	0.0556528264132065	0.0321410705352677	0.0448974487243623
FBgn0015831	0.283321454027085	0	0	0
FBgn0015834	0.0574942329449446	0.0726428539943284	0.032207349505576	0.0433741312684582
FBgn0015838	0.209552017771196	0.204738985560903	0.051462421325435	0.06108848574602
FBgn0015872	0.0517545795630103	0.0140145663209005	0.0345398366806443	0
FBgn0015903	0.0766195330483394	0.0325550805656034	0.0233475830318974	0
FBgn0015904	0.0753806164129223	0.124396583735611	0.00482733011511325	0
FBgn0015905	0.0761986301369863	0.0505136986301369	0.0214041095890411	0.011986301369863
FBgn0015919	0.0709987966305655	0.124749298034497	0	0
FBgn0015924	0.0449271326464309	0.0269810328289861	0.122435718926947	0.0336953494848232
FBgn0015925	0.0795847750865052	0.0695187165775402	0.0289399182132747	0.0141553947782322
FBgn0015926	0.114545454545454	0.0490909090909091	0	0
FBgn0015929	0.106643952299829	0.0528109028960818	0.0269165247018739	0.0030664395229983
FBgn0015949	0.0649435273675066	0.0604546770923834	0.0410512597741095	0.0209962351578338
FBgn0016013	0.171122994652407	0	0	0
FBgn0016031	0.0342917436032708	0.0412819836454762	0.0120021102611448	0.108612503297283
FBgn0016032	0.041121889498102	0.0662167861661745	0.0109658371994939	0.0421060030929285
FBgn0016034	0.140749846342962	0	0	0
FBgn0016036	0	0.591397849462365	0	0
FBgn0016038	0.0743501716527711	0.0580676802354094	0.0313879352623836	0.024816086316822
FBgn0016041	0.0676167854315121	0.0324623911322249	0.0264449722882027	0.0079176563737134
FBgn0016047	0.0319767441860465	0.0436046511627907	0	0
FBgn0016054	0.139020537124802	0	0	0
FBgn0016059	0.0867148998636889	0.0514836950823111	0.0114291705987208	0.0754954388172382
FBgn0016061	0.0660592255125285	0.0455580865603645	0	0
FBgn0016070	0.0780763790664781	0.0534653465346535	0.0288543140028289	0.0200848656294201
FBgn0016075	0.0398969394128669	0.0266239850093692	0	0.0244378513429106
FBgn0016076	0.0364679748241392	0.0448352462051093	0.0820807108478341	0.0116993706034802
FBgn0016078	0.0233207219500093	0.0233517335483471	0.0387334863238851	0.00114742913849779
FBgn0016080	0.236879432624113	0.0163120567375887	0	0.0113475177304964
FBgn0016081	0.0604869388790261	0.0508496068983009	0.0516104488967792	0.0214303829571392
FBgn0016119	0.0226413178668427	0.0383658654212251	0.0182120466025332	0.0120948295555499
FBgn0016120	0.0366164578543162	0.0521796255454929	0.0216789451456994	0.0111679414386936
FBgn0016122	0.0340247452692869	0.041848617176128	0.00218340611353712	0.0402110625909752
FBgn0016123	0.170048585310088	0.124607030580166	0	0
FBgn0016126	0.022115785615893	0.0170228361283474	0.0052572381806923	0.0964248252852935
FBgn0016131	0.0456976178901313	0.0439961108410306	0.0196888672824502	0.00315994166261546
FBgn0016641	0.0707103470645475	0.0810898475510865	0.0298410638987999	0.0269218293869608
FBgn0016650	0.270053475935829	0.0441176470588235	0	0
FBgn0016660	0.103603603603604	0.078078078078078	0	0
FBgn0016672	0.0587332895025204	0.0765943458251151	0.0410913872452334	0.0356125356125355
FBgn0016675	0.0654007526277088	0.453220294995459	0	0
FBgn0016684	0.0983606557377049	0	0	0
FBgn0016685	0.0673873313372476	0.0679122759264299	0.0217754792549675	0.00923513629116926
FBgn0016687	0.0375991870446045	0.047847614105641	0.0199563252686429	0.0176644829300988
FBgn0016691	0.0435770308587726	0.0502926691760492	0.0281559354635449	0.01654865935961
FBgn0016693	0.0596909207984546	0.0791049581455248	0.0274629748873149	0.0129104958145525
FBgn0016694	0.0193905817174515	0.0207756232686981	0.0212373037857802	0.00554016620498615
FBgn0016696	0.0556908695938384	0.0713580409452965	0.0406819827529458	0.0538476729642552
FBgn0016697	0.0419704690970861	0.107635349971689	0.0329108410645062	0.00709961235245438
FBgn0016698	0.069717203456402	0.0583267871170463	0.0247446975648075	0.0251374705420267
FBgn0016700	0.0231927770220987	0.0306838567232441	0.016687365702683	0.0146667455201372
FBgn0016701	0.059810399310543	0.0702097098534903	0.0541223786268314	0.0503878195920712
FBgn0016715	0.0450713629914031	0.00198647859110258	0.00592604957849928	0.224705784158251
FBgn0016726	0.0390630947648009	0.0605176268902065	0.0374389903484211	0.0319379005630793
FBgn0016754	0.0845830833833233	0.0705858828234355	0.0939812037592483	0.00639872025594882
FBgn0016756	0.0795691711389386	0.114974657125819	0.0284734645199762	0.0144230769230769
FBgn0016762	0.161592505854801	0.176424668227947	0.12568306010929	0.0421545667447307
FBgn0016794	0.182250396196514	0.145800316957211	0.140253565768621	0.0388272583201267
FBgn0016797	0.0619269193923635	0.0240180648693034	0.024976050362666	0.100451621732585
FBgn0016917	0.0430472214975215	0.0332898512914166	0.0351682755022176	0.0725802243673363
FBgn0016919	0	0	0	0
FBgn0016920	0.000963236474554503	0.00272917001123776	0	0
FBgn0016926	0.0471098197060995	0.0630195060375831	0.0286040917426822	0.0408221592397647
FBgn0016930	0.0939245219157218	0.0274158063970215	0.0563547131494331	0.0952783888982909
FBgn0016970	0.109243697478992	0.115061409179056	0.0271493212669683	0
FBgn0016974	0.433268858800774	0	0	0
FBgn0016975	0	0	0	0
FBgn0016976	0	0	0	0
FBgn0016977	0.220530835284933	0.11943793911007	0.0901639344262296	0.0878220140515223
FBgn0016978	0.0733333333333332	0.050691823899371	0.0186163522012579	0.0105660377358491
FBgn0016983	0.07675529705027	0.0713543830494392	0.0358329871208974	0.0217075197341089
FBgn0016984	0.0665905631659055	0.0876141552511415	0.035958904109589	0.0162671232876712
FBgn0017414	0.0102578130342611	0.0129932298433974	0.00519729193735895	0.00882171920946454
FBgn0017418	0.0365529117094553	0.039527238572323	0.0385879774577332	0.0163587977457733
FBgn0017429	0.0563349646547038	0.0632952691680261	0.0469820554649266	0.0569874932028277
FBgn0017430	0.0711765608222121	0.0589047399907961	0.0194815155698727	0.0187145267679092
FBgn0017448	0.379310344827586	0	0	0
FBgn0017456	0.222265472946672	0	0	0.0474892954456988
FBgn0017457	0.0711161104861893	0.0518685164354454	0.0202474690663667	0.00874890638670165
FBgn0017482	0.0119907763259032	0.006456571867794	0.0219830899308225	0.0415065334358186
FBgn0017545	0.031013505719745	0.0371754172162403	0.0222587768789567	0.0453483920687539
FBgn0017550	0.0516359309934562	0.0547293277810828	0.0364663890541344	0.016656751933373
FBgn0017551	0.127725856697819	0.0674974039460021	0.028729664243683	0.0141917618553133
FBgn0017556	0.258883248730965	0	0	0
FBgn0017558	0.0466476148604089	0.0202901736645417	0.0825236315673773	0.0304462519234997
FBgn0017561	0.0319148936170213	0	0.0398936170212766	0.027482269503546
FBgn0017566	0.0474559310291741	0.0494573166038026	0.0270956816257409	0.0138942344700177
FBgn0017567	0.0437129828607369	0.0520467529744745	0.0259447560144662	0.0158813354997641
FBgn0017572	0.0484663145213604	0.0638031693077565	0.0358168844407377	0.0273839310536558
FBgn0017577	0.108865411116215	0.0482315112540193	0.0234267340376665	0
FBgn0017578	0.0395627895924914	0.0376618747772366	0.0283949150528692	0.0177022692170607
FBgn0017579	0.0604118409757674	0.0522339753867358	0.0332273092113518	0.0332312925847513
FBgn0017581	0.0654789698645881	0.0731115980029453	0.032775403182357	0.0241191049172085
FBgn0017590	0.18	0.0533333333333335	0	0
FBgn0019624	0.0334687087145863	0.0512917747223175	0.0228262465136762	0.00385330527963987
FBgn0019637	0	0	0	0
FBgn0019643	0.0306247136092868	0.0386436535817933	0.0661371620589584	0.00817168168626853
FBgn0019644	0.0551621054130039	0.0572974127193137	0.0336132958468273	0.00971564824370975
FBgn0019650	0.161082474226804	0	0	0
FBgn0019660	0.157635467980296	0.194088669950739	0.1064039408867	0.038423645320197
FBgn0019661	0.140772460815699	0.13266536398786	0.0910489336049557	0.118696212530661
FBgn0019662	0.0218200744685111	0.0160547703887577	0.0381551026944789	0.00468430956479961
FBgn0019686	0.0489772940514168	0.0553574779508351	0.0153875023456558	0.00262713454681929
FBgn0019828	0.191582825563271	0	0	0.0059515374805158
FBgn0019830	0.0506084891659246	0.0438557435440784	0.0166963490650045	0.023820124666073
FBgn0019886	0.0466493014444708	0.0474780961401847	0.0635409266714027	0.00915620806693503
FBgn0019890	0.0694969742813918	0.0518627080181544	0.0827344931921331	0.0268059757942511
FBgn0019925	0.0465535524920467	0.0655885471898198	0.0294538706256628	0.0565747613997879
FBgn0019932	0.0477672319900421	0.0917224210362533	0.0255951454800063	0.0586587832581297
FBgn0019936	0.0329445497049903	0.0389798211931503	0.0274838086867567	0.0321592980282259
FBgn0019938	0.0699517574086837	0.0441075120606479	0.0279117849758787	0.00861474844934528
FBgn0019940	0.487179487179487	0	0	0
FBgn0019947	0.0500960976017381	0.0531043703518008	0.053689312275424	0.0293724408790841
FBgn0019948	0.0612601907779648	0.0593788163844605	0.0338317325147705	0.071624253226392
FBgn0019949	0.0696728259026954	0.080691642651297	0.0371249364299034	0.0305136463807425
FBgn0019952	0.0178457282377474	0.0150687946012218	0.0130987435685169	0.0422303492648984
FBgn0019957	0.0500611015127892	0.0407062492098942	0.0278117230626606	0.0193417892208504
FBgn0019960	0.0538450453912292	0.0439022047168453	0.0209904414236996	0.0106153033286901
FBgn0019968	0.156067108856809	0.0815450643776822	0.100663285212641	0.187865782286383
FBgn0019972	0.0422433194505523	0.0658871614455338	0.0642315751351631	0.0156245958041234
FBgn0019982	0.057029926595144	0.0694522868435912	0.0378317334839074	0.0104460756634669
FBgn0019985	0.479166666666667	0	0	0
FBgn0019990	0.0770344627859832	0.0567622357370402	0.0222994497538373	0.0202722270489429
FBgn0020018	0.112090926905742	0.0411522633744856	0.0233196159122085	0.0186165000979816
FBgn0020224	0.187146892655367	0.189265536723164	0.0854519774011299	0.0508474576271186
FBgn0020235	0.0344186885541625	0.0534680256155858	0.0235591232975557	0.017028952827636
FBgn0020236	0.0498353377849748	0.117738032422991	0.0110078055348338	0.0164116373428431
FBgn0020238	0.035610704821264	0.0360315275866383	0.017310601321611	0.00803544010099746
FBgn0020248	0.0792682926829267	0	0	0
FBgn0020249	0.0518657915270574	0.0875751594987837	0.0524165786937165	0.0189562583191812
FBgn0020251	0.0756410256410256	0.0435897435897436	0.0431623931623932	0.0217948717948718
FBgn0020255	0.0633409433137417	0.051197357555739	0.0200612036722203	0.010961610077557
FBgn0020257	0.0740779113137173	0.0469332780770825	0.085060091172814	0.0150227932034811
FBgn0020258	0.0299065420560748	0.108411214953271	0	0
FBgn0020261	0.0829383886255925	0.10153117025155	0.0439300036456434	0.0215092963908129
FBgn0020269	0.0860876249039201	0.0983858570330514	0.0718677940046118	0
FBgn0020270	0.0444510739856802	0.0256563245823389	0.0173031026252983	0.00477326968973747
FBgn0020272	0.0565656565656565	0.0700336700336701	0.0235690235690236	0
FBgn0020278	0.0407014911375786	0.0733377098377568	0.0310419206602269	0.0124730376066773
FBgn0020279	0.0735062006764374	0.0609921082299887	0.0289740698985344	0.0151071025930102
FBgn0020280	0.265512265512265	0	0	0
FBgn0020294	0.0801886792452829	0.135908018867924	0.00132665094339623	0.00221108490566038
FBgn0020299	0.071660064818149	0.0640979474252791	0.0270075621173929	0.00216060496939143
FBgn0020300	0.064678798509099	0.0934005700504275	0.00350800263100198	0
FBgn0020304	0.0702969792674851	0.0924048698487087	0.0383067597167745	0.0893994192858234
FBgn0020305	0.0668257756563245	0.064200477326969	0.0439140811455847	0.0147971360381862
FBgn0020306	0.076122016404018	0.0493963689982491	0.0303197861948208	0.0221177771633951
FBgn0020307	0.0789593792788682	0.026928343222273	0.101323596531264	0
FBgn0020309	0.0866104231868281	0.0681725404816982	0.0243570553816845	0.0169410804191046
FBgn0020312	0.071360608943863	0.0620361560418651	0.0249286393910562	0.0131303520456708
FBgn0020369	0.0374382504764195	0.0831282724934781	0.0388998871394476	0.00850154489444762
FBgn0020370	0.0583268308995653	0.12005350574072	0.0257496377215472	0.0165533385352803
FBgn0020371	0.342951750236519	0	0	0
FBgn0020372	0.321428571428571	0	0	0.25
FBgn0020376	0	0	0	0
FBgn0020378	0.148203592814371	0.0441616766467066	0	0
FBgn0020379	0.0838537020517394	0.0686886708296165	0.0446030330062445	0.0428189116859947
FBgn0020381	0.0601251158480075	0.104842446709917	0.0477293790546802	0.0389249304911956
FBgn0020385	0.0339811342197977	0.00593249232867371	0.0151608137288328	0.136288214569838
FBgn0020386	0.0486111111111111	0.0300068587105625	0.0369513031550069	0.0318072702331962
FBgn0020388	0.0608862735679116	0.0718145790801008	0.05091869821064	0.027620991953885
FBgn0020389	0.0608413325804631	0.0262563523433089	0.0107284020327498	0.0914737436476567
FBgn0020391	0.120640904806786	0.0254476908576814	0.0113100848256362	0.00848256361922714
FBgn0020392	0.0806781882218035	0.101973953640757	0.0278483086247849	0.0144975018429028
FBgn0020399	0.313625866050808	0	0	0
FBgn0020407	0.0938303341902314	0.070051413881748	0.0404884318766067	0.0179948586118252
FBgn0020412	0.0679295243914858	0.0894184743863938	0.0137488542621448	0.0146654445462878
FBgn0020414	0.0191901979876663	0.0249377907605756	0.000527426160337552	0.0513496700205562
FBgn0020415	0.0223923814426356	0.0385271218068335	0.000675632198700212	0.087253072517856
FBgn0020416	0.0419491021524557	0.0652277321916993	0	0.11645261029849
FBgn0020429	0.0291120815138283	0.109170305676856	0	0
FBgn0020440	0.0691927512355849	0.0611614497528831	0.0306836902800659	0.0764003294892918
FBgn0020443	0.0534401890903719	0.0554345016065295	0.0208664179931307	0.0237840233408428
FBgn0020445	0.0469011725293131	0.0242610903982277	0.131031501593991	0.0788890690009186
FBgn0020493	0.0595443231859087	0.0819452421979707	0.0076584338502776	0.00880719892781924
FBgn0020496	0.0658034387603481	0.0400658034387604	0.0212269157291445	0.0152303120356612
FBgn0020497	0.078374185541421	0.0707415451442755	0.0327024511324853	0.025193918709277
FBgn0020503	0.0836960823110407	0.0634151167392165	0.0294815987336763	0.0178076770874555
FBgn0020506	0.0564839110620078	0	0.468029277724072	0
FBgn0020508	0.0384444513322796	0	0.299450350763	0
FBgn0020510	0.058293216630197	0.0657330415754923	0.0392122538293216	0.0214442013129103
FBgn0020513	0.02336107299367	0.00223540347926166	0.00119516621663494	0.174035013943605
FBgn0020521	0.0551960515492185	0.11206471072114	0.000932273101179049	0.000356457362215519
FBgn0020545	0.034948224852071	0.0215883875739645	0.0243158284023668	0.00619452662721894
FBgn0020546	0	0.375	0	0
FBgn0020616	0.0750421585160203	0.0671725688589096	0.0421585160202361	0.0171444631815627
FBgn0020617	0.175	0	0	0
FBgn0020618	0.0405097306405373	0.0533248684347124	0.0184590690208668	0.0307291791444064
FBgn0020620	0.0683972911963882	0.0347629796839729	0.0352144469525959	0.0395033860045146
FBgn0020621	0.0487723120757563	0.0863152602027989	0.024469957261376	0.0181848654990363
FBgn0020622	0.14411913175164	0.120898536092883	0.185512367491166	0.0825340737001514
FBgn0020626	0.148049880604935	0.201777659856726	0.0967100026532236	0.0484213319182808
FBgn0020633	0.0295542635658914	0.0155038759689923	0.0106589147286822	0
FBgn0020641	0.502941176470588	0.261764705882353	0	0
FBgn0020642	0.132439426017408	0.43307457068925	0	0
FBgn0020643	0.17910447761194	0	0	0
FBgn0020647	0.0754777753918831	0.0624865793429246	0.0596950826712475	0.0712905303843675
FBgn0020653	0.16984181965131	0.219605126428819	0.0673132432744486	0.0341761921256206
FBgn0020655	0.0637295420730699	0.0519920648040999	0.0767068937014382	0.0187634319722268
FBgn0020660	0.143497214821991	0.175768951319932	0.0798619520465004	0.115705982077985
FBgn0020762	0.0506224066390043	0.00767634854771786	0.237863070539419	0.0204356846473029
FBgn0020764	0.0460089547630076	0.072024085224641	0.0234676547784467	0.00640728732437858
FBgn0020767	0.0901079136690648	0.0606115107913668	0.0410071942446043	0.0205035971223022
FBgn0020880	0.196666666666667	0.176666666666667	0.103333333333333	0
FBgn0020887	0.0860478252683109	0.0668424025607228	0.0636414987761252	0.0295612878930521
FBgn0020906	0.109018192114391	0	0.525468960147235	0
FBgn0020907	0.0952099349497339	0.0792430514488468	0.0496747486694263	0
FBgn0020908	0.0951156812339329	0.359897172236504	0	0
FBgn0020909	0.0639013452914798	0.0478325859491779	0.0411061285500748	0.0130792227204784
FBgn0020910	0.0735177222964917	0.0677006178415291	0.0409590996133974	0.0463381146800593
FBgn0020912	0.0452631578947368	0.0513157894736842	0.0955263157894737	0
FBgn0020930	0.068686401480111	0.0749306197964847	0.0174606845513413	0.0111008325624422
FBgn0021750	0.0855721393034825	0.0701492537313433	0.0293532338308458	0.0208955223880597
FBgn0021760	0.139082365948038	0.0495301271420673	0.0255389718076285	0.0228855721393035
FBgn0021761	0.0903954802259885	0.0570918822479929	0.0731489741302409	0.0136782634552483
FBgn0021764	0.253822629969419	0.149235474006116	0.0801223241590215	0.0422018348623853
FBgn0021765	0.0236760124610592	0.0282721567565128	0.00860535464355051	0.0339879904284619
FBgn0021767	0.043026706231454	0.0667655786350148	0.0741839762611278	0
FBgn0021768	0.0764781851872649	0.0410466618002134	0.0433488685496097	0.0155539334044584
FBgn0021776	0.147612156295224	0.0188133140376266	0.0173661360347323	0
FBgn0021795	0.0574682628957095	0.0631327334083241	0.0238630885425036	0.013960308532862
FBgn0021796	0.0769577973369445	0.0670277589708869	0.0273076055066576	0.048747461069736
FBgn0021800	0.093062605752961	0.0960236886632826	0.0253807106598985	0.00676818950930625
FBgn0021814	0.0453505661672194	0.0563879675168707	0.0506691067139425	0.0177284684890769
FBgn0021818	0.0863448944943005	0.0749454280863449	0.0409895707009459	0.0266796022313849
FBgn0021825	0.050297065626559	0.0704340332894916	0.0473037325955826	0.0154655539933784
FBgn0021847	0.0685979142526072	0.0491309385863268	0.0574739281575898	0.0215527230590962
FBgn0021856	0.0519427402862986	0.0752556237218814	0.0396728016359918	0.0342194955691888
FBgn0021872	0.0303872212630754	0.0525338401497236	0.0134199950672451	0.0182729554456164
FBgn0021874	0.0584291187739464	0.0469348659003832	0.0306513409961686	0.0102171136653896
FBgn0021875	0.0512022630834513	0.0707213578500708	0.0288543140028289	0.0115983026874116
FBgn0021895	0.0744000664286309	0.0947438345927094	0.0158598355891389	0.016275014531263
FBgn0021906	0.0375443820868171	0.0536708280838392	0.0204100332149811	0.00620776543351277
FBgn0021944	0.0649410891548381	0.0586325262083682	0.0336765933760089	0.00946284441970499
FBgn0021967	0.0477616645649433	0.0681588902900379	0.0307377049180328	0.0145018915510719
FBgn0021979	0.0295106579297186	0.0375647060663403	0.0132618113006897	0.0407237696073065
FBgn0021995	0.0647518266565885	0.0614764424288233	0.0299823633156967	0.0131015369110607
FBgn0022023	0.0437668727429966	0.0627227786412986	0.0252200030385546	0.0273353044982295
FBgn0022027	0.0531075620550317	0.0565710987107947	0.048874350586877	0.012988262459111
FBgn0022029	0.0465672481710747	0.0758300506471583	0.0116769836803602	0.00211029825548678
FBgn0022069	0.08016967126193	0.0415694591728526	0.0256627783669141	0.00572640509013786
FBgn0022097	0.134939314227699	0.152937375974895	0.143015367575799	0.0429646038118971
FBgn0022153	0.0632260947274353	0.0537310098302054	0.0655719392314568	0.0195487042001787
FBgn0022160	0.0207532667179093	0.0324750192159877	0.00672559569561877	0.00691775557263643
FBgn0022213	0.0917814405057575	0.0811695642357193	0.0251749830661549	0.0139986452923911
FBgn0022224	0.0343743662543095	0.0712837152707361	0.0510038531737985	0.0150070979517339
FBgn0022238	0.0394004282655246	0.0434332619557459	0.0177730192719486	0.0168451106352605
FBgn0022246	0.0468826705940108	0.0451644575355915	0.0247913598429063	0.0159548355424644
FBgn0022288	0.0698012603005332	0.0508967523024722	0.0245597026983358	0.00937146550331232
FBgn0022338	0.0314998210237442	0.0317384560314998	0.00966471781410333	0.00346020761245675
FBgn0022343	0.0709690230341541	0.0924146147736299	0.0306592533756949	0.0216441620333598
FBgn0022344	0.0798254922768543	0.0553000825374365	0.0326612427779743	0.0168612191958496
FBgn0022349	0.0835800807537013	0.0596231493943472	0.0490578734858681	0.0303499327052489
FBgn0022355	0.0194751911728762	0.0174237927301931	0.000872935507524704	0.0297583714515171
FBgn0022359	0.114964675658317	0.348747591522158	0.0391779062299293	0.031470777135517
FBgn0022361	0.0253565768621236	0.029822792104884	0.0155116938001249	0.0286221966095184
FBgn0022382	0.0434008097165993	0.0829959514170041	0.0179757085020243	0.00445344129554655
FBgn0022699	0.0791469194312794	0.0559241706161138	0.0298578199052133	0.0158767772511848
FBgn0022700	0.0686153846153846	0	0.427692307692308	0
FBgn0022702	0.0327874232826807	0.104565295874495	0.000656404870524139	0
FBgn0022709	0.0619962802231866	0.103878211751739	0.0265895157401668	0.00234208169732038
FBgn0022710	0.0804036458333333	0.0533854166666667	0.0771484375	0.00911458333333333
FBgn0022724	0.0825838103025347	0.0666394112837285	0.0228945216680295	0
FBgn0022740	0.072992700729927	0	0.182481751824817	0
FBgn0022764	0.0754184861717612	0.0759643377001454	0.0318413391557497	0.0267467248908297
FBgn0022768	0.256410256410257	0.130387343153301	0.0905619203491543	0.0365521003818875
FBgn0022770	0.0161014721345951	0.0766298633017875	0	0
FBgn0022772	0.101476014760147	0.0535055350553506	0.0276752767527675	0
FBgn0022774	0.0704339892097749	0.0392930815614091	0.0178713106950174	0.434584258965408
FBgn0022786	0.0951134380453753	0.0693717277486911	0.0270506108202444	0.0196335078534031
FBgn0022787	0.083560152422428	0.0317093086554165	0.0789330430048992	0.0640990745781165
FBgn0022800	0.0615225730303924	0.161257007966952	0.00177043375627029	0
FBgn0022893	0.0743002190080406	0.0437551753225146	0.00997531322793089	0.00568027921590479
FBgn0022935	0.0763980625275212	0.0759577278731837	0.035667107001321	0.0158520475561427
FBgn0022936	0.0763551993250371	0.0704492723054206	0.0217253743935878	0.0149757435140266
FBgn0022942	0.0613030702198805	0.0778194345931705	0.0266491032526092	0.0174283108724288
FBgn0022943	0.107683419988446	0.0756787983824378	0.0249566724436742	0.0228769497400347
FBgn0022959	0.269709172259508	0.148993288590604	0.0608501118568232	0.0120805369127517
FBgn0022960	0.0795533845080251	0.056757385438474	0.045126773668295	0.0116306117701791
FBgn0022981	0.494382022471911	0	0	0
FBgn0022984	0.189250567751703	0.17108251324754	0.0664269492808479	0.0775927327781985
FBgn0022985	0.059472817133443	0.0663920922570015	0.0253706754530478	0.0135090609555189
FBgn0022986	0.0456877204232126	0.0564283424174413	0.0147483167681949	0.00945815966655981
FBgn0022987	0.154820936639118	0.219283746556474	0.0606060606060606	0.0848484848484847
FBgn0023000	0.148347701149425	0.152658045977011	0.0865660919540232	0.136853448275862
FBgn0023001	0.0499583680266445	0.0504579517069109	0.0646128226477933	0
FBgn0023023	0.0871714221523251	0.06470456077286	0.00584138395866098	0.0631318804762975
FBgn0023076	0.175245098039216	0	0	0
FBgn0023081	0.0643957826439577	0.0984590429845903	0.0248175182481752	0.0304947283049473
FBgn0023083	0.0563273279791621	0.0858476231821143	0.0242023008465379	0.0201866724549598
FBgn0023090	0.199115044247788	0	0	0.00958702064896755
FBgn0023094	0.0789632308619651	0.0476190476190477	0.0443037974683545	0.00934297769740805
FBgn0023095	0.0333252101864262	0.0249177531375654	0.0444742293164371	0.0255879127574022
FBgn0023096	0.111111111111111	0.0833333333333333	0.0277777777777778	0.0277777777777778
FBgn0023097	0.106641468682506	0.0818034557235421	0.0345572354211663	0.0124190064794816
FBgn0023129	0.048996131884325	0.0442070362866089	0.0188800884140726	0.0673236323448148
FBgn0023130	0.075598086124402	0.0559808612440191	0.0464114832535885	0.0105263157894737
FBgn0023143	0.0648126998629509	0.0650125628140703	0.0313356555504797	0.0460969620831428
FBgn0023167	0.0414883499762245	0.0407750832144556	0.0215763195435093	0.00867807893485497
FBgn0023169	0.0563474090848541	0.0640291283690778	0.0739754007370898	0.020425380755739
FBgn0023170	0.0426512784543774	0.035243575846458	0.0526541478033539	0.0118041828731748
FBgn0023171	0.217644207464857	0.0867668444013572	0.0722249151720795	0.0887057682985942
FBgn0023172	0.140791814946619	0.141236654804271	0.164590747330961	0.0733985765124555
FBgn0023174	0.0431450801529277	0.110227044067342	0.0359095177409619	0.00953283251727145
FBgn0023175	0.0608568423940379	0.158051758035755	0.0430707329340222	0.0150198893511956
FBgn0023177	0.088023088023088	0.0888648388648388	0.0488215488215487	0.0192400192400192
FBgn0023178	0.449101796407185	0	0	0
FBgn0023179	0.0660493827160495	0.0111111111111111	0.104320987654321	0
FBgn0023180	0.152249134948097	0.173010380622837	0.162629757785467	0
FBgn0023181	0.128939828080229	0.0836676217765043	0.050429799426934	0.033810888252149
FBgn0023197	0.0101280067520045	0	0.0855253903502603	0
FBgn0023212	0.0480843803319373	0.0684659531565069	0.0194819295796494	0.0157592678765317
FBgn0023213	0.0461680309435999	0.0566474768372763	0.0274804353692543	0.036048394350994
FBgn0023214	0.0747468731387731	0.0774270399047052	0.0416914830256105	0.00804050029779631
FBgn0023215	0.0580811175101091	0.0535473593922315	0.0363925989462076	0.0150716823918637
FBgn0023216	0.0631899505138941	0.0491054434716406	0.0152264940997335	0.0114198705748001
FBgn0023388	0.0690943043884221	0.0382819794584501	0.0261437908496732	0.0543106131341424
FBgn0023395	0.282474226804124	0.0288659793814433	0.0371134020618557	0
FBgn0023407	0.079450579046593	0.0374360355507675	0.0247778077026663	0.00861836789657961
FBgn0023416	0.186813186813187	0.0274725274725274	0.0164835164835165	0
FBgn0023441	0.0626508932882665	0.0436986962819895	0.0231772090777402	0.049251569290198
FBgn0023458	0.0509908944831281	0.0467059453668986	0.0522763792179969	0.012747723620782
FBgn0023477	0.0253937774809373	0.0851143763566538	0.00823732398285744	0.0171007959036011
FBgn0023479	0.0181211439214621	0.00194016530208374	0	0.136393620736487
FBgn0023495	0.0943308550185875	0	0.595724907063197	0
FBgn0023496	0	0.016248153618907	0	0
FBgn0023506	0.0859680284191829	0.058259325044405	0.0365896980461811	0.0131438721136767
FBgn0023507	0.052536311862611	0.0316100834400248	0.138227892808265	0.0151869674628052
FBgn0023508	0.158907788719785	0.163384064458371	0.133393017009848	0.0510295434198747
FBgn0023509	0.0799999999999998	0.0928947368421056	0.0478947368421053	0.0263157894736842
FBgn0023510	0.058495377749442	0.0452661778769525	0.0615237488045905	0.0180108383806184
FBgn0023511	0.0508356545961003	0.0357474466109563	0.0197307335190343	0.0227483751160632
FBgn0023512	0.0540066631597406	0.0519025074522181	0.0312116429949149	0.0154304751884973
FBgn0023513	0.217021276595745	0.114893617021277	0.0978723404255317	0.0404255319148936
FBgn0023514	0.0831951354339412	0.0845771144278607	0.054726368159204	0.0342730790491984
FBgn0023515	0.147717099373321	0.0402864816472695	0.0223813786929275	0
FBgn0023516	0.0445380410431043	0.0280491083430414	0.0448964961018012	0.0392508289273232
FBgn0023517	0.0550051891687894	0.0683083309746202	0.025757146900651	0.0131144447589395
FBgn0023518	0.0759312320916906	0.0666189111747851	0.0290114613180516	0.0157593123209169
FBgn0023519	0.0664873748692662	0.0587180636485881	0.0301807858957119	0.0131480651426864
FBgn0023520	0.0952092177077016	0.0636749545178897	0.0297149787750151	0.0181928441479685
FBgn0023521	0.0741405082212257	0.0544095665171898	0.0379671150971599	0.0286995515695067
FBgn0023522	0.0602301330456672	0.0616684645810858	0.0505213951815894	0.0341603739661992
FBgn0023524	0.0723270440251571	0	0	0
FBgn0023525	0.016973125884017	0.0287600188590288	0.00872230080150869	0
FBgn0023526	0.0834269662921348	0.0328651685393258	0.0286516853932584	0.0109550561797753
FBgn0023527	0.151862464183381	0.199617956064948	0.106972301814709	0.0429799426934097
FBgn0023528	0.051346143831693	0.0677498307556111	0.0426495860021871	0.0164036869239181
FBgn0023529	0.0641240057107893	0.0663675300836222	0.0176626555170303	0.0175810728125638
FBgn0023530	0.0253897550111359	0.0347438752783964	0.0210838901262064	0.014105419450631
FBgn0023531	0.126331811263318	0.0319634703196347	0.0136986301369863	0
FBgn0023534	0	0	0.461538461538462	0
FBgn0023535	0.0110773071222404	0	0	0.0280053046259459
FBgn0023536	0.0873836608066184	0.047052740434333	0.0222337125129265	0.0263702171664943
FBgn0023537	0.058722294654498	0.0935593220338983	0.0305084745762712	0.054393741851369
FBgn0023540	0.0540299836722577	0.131215674632626	0.0115036366335164	0.0062342288852605
FBgn0023541	0	0	0	0
FBgn0023542	0.051363900174115	0.0636970400464306	0.0399013348810215	0.0293093441671503
FBgn0023545	0.0655094339622643	0.0629433962264151	0.0431698113207547	0.0344150943396226
FBgn0023549	0.0472982975573649	0.00984455958549223	0.0351344682950901	0.132963237108315
FBgn0023550	0.0477408354646206	0.226295349057497	0.0037889551956048	0.0132613431846169
FBgn0024150	0.0940170940170941	0.0683760683760685	0.0256410256410256	0.00488400488400487
FBgn0024179	0.0554800724637681	0.0486865942028986	0.0423460144927536	0.0174365942028986
FBgn0024182	0	0	0	0
FBgn0024183	0.0712628236443576	0.0458597948216902	0.0251587689301416	0.0147777234978017
FBgn0024184	0.156342182890856	0.0648967551622418	0	0
FBgn0024187	0.0450109082558274	0.0501779768056035	0.0358250086117809	0.0272132276954874
FBgn0024188	0.069024045261669	0.0722065063649222	0.0251060820367751	0.0181046676096181
FBgn0024189	0.111666666666666	0.0683333333333335	0	0
FBgn0024191	0.074750830564784	0.0470653377630121	0.0343300110741972	0.0166112956810631
FBgn0024194	0.0735643094447079	0.0692928334124347	0.0512577123872805	0.0187470336971998
FBgn0024196	0.117030762371823	0.182345073562193	0.131743201069996	0.0657601426660723
FBgn0024222	0.0515245393771399	0.0717430295124736	0.02576226968857	0.0225012228925485
FBgn0024227	0.133457769482035	0.0433971068595427	0.0200653289780681	0
FBgn0024230	0.0505120811375161	0.0664213980312221	0.0223724768817739	0.061151436810182
FBgn0024232	0.157894736842105	0	0	0
FBgn0024234	0.0574874263155048	0.103455735222541	0.0152506624844519	0.0201178951922557
FBgn0024236	0.0496956143620324	0.0448502919617343	0.022859982606535	0.0155298794881352
FBgn0024238	0.0247560039478013	0.0139543809628249	0.0391490294988486	0.0194922688891326
FBgn0024244	0.0498909228872236	0.068196907900977	0.0266527553827184	0
FBgn0024245	0.131578947368421	0.0541795665634675	0.0190918472652218	0.0149638802889577
FBgn0024248	0.0451345755693582	0.0478951000690132	0.0371290545203589	0.030503795721187
FBgn0024250	0.0678127984718243	0.0337472142629736	0.084368035657434	0.0210124164278892
FBgn0024251	0	0	0	0
FBgn0024273	0.050976472397355	0.0661233276949101	0.0918037828694448	0.0125326772258957
FBgn0024277	0.112989117851355	0.059041444778884	0.103264644593656	0.00810372771474881
FBgn0024285	0.0699429296131897	0.0717818642993024	0.037285986049461	0.00913126188966392
FBgn0024288	0.0423216444981864	0	0.120918984280532	0
FBgn0024289	0.0749063670411985	0	0.33358302122347	0.0694132334581773
FBgn0024291	0.0683284136875477	0.0828687001202581	0.0320323603367224	0.0205531868372144
FBgn0024293	0.0751853159195199	0.0305330038828098	0	0.331097776208966
FBgn0024294	0.300030693677103	0.160220994475138	0.0552486187845304	0.00705954573357886
FBgn0024314	0.0712934435976434	0.117669315172153	0.0368628722771742	0.0156748283876547
FBgn0024315	0.0319201178588967	0.0495007366181044	0.00769356686855458	0
FBgn0024320	0.0669303316093703	0.0446607849102526	0.0456343170063888	0.0486766048068148
FBgn0024321	0.0522534291312867	0.0800130633572828	0.039190071848465	0
FBgn0024326	0.031896125890904	0.0349304918495519	0.024557194269988	0.0136899301390163
FBgn0024329	0.157876230661041	0.190576652601969	0.129043600562588	0.0327004219409283
FBgn0024330	0.0715942028985507	0.08	0.028695652173913	0.0153623188405797
FBgn0024332	0.106096595407759	0.0542359461599366	0.0245447347585115	0
FBgn0024352	0.223631255220594	0.207456906371023	0.0730503455083909	0.031665274508315
FBgn0024360	0.22544080604534	0.112090680100756	0.136020151133501	0.0314861460957179
FBgn0024361	0.0105849895839198	0	0.0578608561830229	0
FBgn0024362	0.0674118460474764	0.101405853883383	0.0716755012675731	0.0294998847660751
FBgn0024364	0.0974619289340102	0.082741116751269	0.0507614213197969	0.0116751269035533
FBgn0024365	0.0422093714532778	0.0457763605901745	0.0685834729503324	0.0218342971410042
FBgn0024366	0.0892307692307693	0.0861538461538462	0	0
FBgn0024371	0.0761854022376132	0.0449298526016693	0.028236547682472	0.0294796661339016
FBgn0024432	0.0325807069438829	0.0450937413547275	0.0288140282181694	0.00823561958672938
FBgn0024491	0.0259088170315324	0.0212894155452902	0.00743121108656355	0.00441855794336212
FBgn0024509	0.0357419536587083	0.0531023311500811	0.0216212409324601	0.0127121628283682
FBgn0024510	0.130563798219584	0.0608308605341248	0.0341246290801187	0.029673590504451
FBgn0024542	0.126171143035603	0.0580886945658963	0.0321673953778888	0.0193628981886321
FBgn0024555	0.0804070231444534	0.0535714285714286	0.0402035115722266	0.0182561851556265
FBgn0024556	0.18685376661743	0.1698670605613	0.107644017725258	0.0356351550960118
FBgn0024558	0.0871066768994626	0.057367613200307	0.0395241749808135	0.0101688411358404
FBgn0024689	0.0602450646698435	0.062627637848877	0.0425459496255957	0.0345473110959837
FBgn0024698	0.0822752666328085	0.0507872016251904	0.0238699847638396	0.0167597765363128
FBgn0024728	0.0872827310241342	0.0889083406277354	0.0317619107165187	0.0475178191821934
FBgn0024732	0.0672981056829511	0.0618145563310069	0.0423728813559321	0.0314057826520438
FBgn0024733	0.0250319191624412	0.0252289059935068	0.0193156531572612	0.0278152701273118
FBgn0024734	0.0329195422574031	0.0492359932088285	0.00972372279672789	0.0160298105968734
FBgn0024740	0.025633106856084	0.0500308832612724	0	0.00555898702903027
FBgn0024754	0.0339307048984469	0.0423416965352449	0.0312544802867384	0.0206451612903226
FBgn0024804	0.182721974631471	0.209290366815221	0.0651354130956464	0.055022283167638
FBgn0024806	0.0811816701558503	0.0517562223772969	0.0702488950918817	0.0312863456617818
FBgn0024811	0.0532824228749945	0.104742482752636	0.0312838981212305	0.0623074586714106
FBgn0024814	0.0296901938800334	0.0475233491638726	0.0337095289973873	0.012058005352062
FBgn0024833	0.0499528190610993	0.073661240858693	0.056617126680821	0.0258315640481246
FBgn0024836	0.19060773480663	0.0313075506445671	0	0
FBgn0024841	0.0532911486269373	0.132189732308377	0.00501767308500383	0.0311688953703932
FBgn0024846	0.0387209049380031	0.0460082662606047	0.0519904285403523	0.0119643245594953
FBgn0024887	0.0609046126287506	0.0643379608896852	0.0555306762203314	0.0300044782803403
FBgn0024889	0.127858057435522	0.0793854033290652	0.0371318822023047	0.0286263032741905
FBgn0024897	0.215094339622642	0.150943396226415	0	0
FBgn0024909	0.0857538035961272	0.0534808667588751	0.0267404333794375	0.016597510373444
FBgn0024912	0.0388655462184873	0.0336134453781514	0.0273109243697479	0
FBgn0024913	0.0781954887218044	0	0	0.0255639097744361
FBgn0024920	0.0559490084985835	0.0555949008498583	0.0336402266288952	0
FBgn0024921	0.069059107358263	0.0574989947728188	0.0332730197024527	0.0250301568154403
FBgn0024941	0.123404255319149	0.0595744680851065	0	0
FBgn0024944	0.354838709677419	0.161290322580645	0	0
FBgn0024945	0.0839905908399058	0.0570084405700843	0.0322402103224021	0.0916009409160096
FBgn0024947	0.0399288045090477	0.0284188668051024	0.0820528033224562	0.023257193711065
FBgn0024956	0.0642532221379833	0.060841546626232	0.02710386656558	0.0470053070507961
FBgn0024957	0.0384660720600369	0.0494676044163294	0.0388196927429177	0.0592904011630191
FBgn0024958	0.0651592511548748	0.0330051057622174	0.075006078288354	0.180768295647946
FBgn0024963	0.151898734177215	0	0	0
FBgn0024973	0.0508079978088196	0.0487537660914819	0.0331416050397152	0.0158860586140784
FBgn0024975	0.0710900473933649	0.0442338072669827	0.0221169036334913	0
FBgn0024980	0.0263157894736842	0.0813157894736842	0.0192105263157894	0.0152631578947368
FBgn0024983	0.0514550009635768	0.0607053382154557	0.0080940450953941	0.0165735209096165
FBgn0024985	0.0550327575938058	0.093150684931507	0.0350208457415128	0.0119118522930316
FBgn0024986	0.0150743834330055	0.0266396480996393	0.0233776503731528	0.00276775564671577
FBgn0024987	0.0669367461559708	0.0762360740263328	0.0295552895681797	0.0193352361660989
FBgn0024989	0.210249671484888	0.430026281208936	0.00886990801576874	0
FBgn0024991	0.247689463955638	0.181146025878004	0.0341959334565618	0.0378927911275417
FBgn0024992	0.0546518004021203	0.053555108755255	0.0259550356424785	0.00950466093949916
FBgn0024993	0.0957642725598528	0.0423572744014732	0.0220994475138122	0
FBgn0024994	0.0494643982356649	0.0456836798991809	0.016698172652804	0.00992438563327032
FBgn0024995	0.248259860788863	0	0	0
FBgn0024996	0.044420153035874	0.0573387657756136	0.03179966212859	0.0232535029315314
FBgn0024997	0.0120177103099305	0	0.0480708412397217	0
FBgn0024998	0.0732049036777583	0.0809106830122592	0.0385288966725044	0.0171628721541155
FBgn0025109	0.0752234359483614	0.0456802383316782	0.0382323733862959	0.0292949354518371
FBgn0025111	0.252417036843481	0	0	0
FBgn0025115	0.366666666666667	0	0	0
FBgn0025117	0.0568844434986167	0.0663971057671845	0.0323473079378591	0.0258352841030007
FBgn0025185	0.106551475881929	0.0979121670266378	0.0611951043916486	0.0187185025197984
FBgn0025186	0.05811015664477	0.0601313794845883	0.0500252652854977	0.0281707933299646
FBgn0025286	0.0246357375687839	0.04704270926298	0.0268263232999098	0.035431173132633
FBgn0025335	0.0482034499215928	0.0670893843321743	0.0572032453807869	0.0146587577555056
FBgn0025336	0.200977397678681	0.149053145998778	0.101405009163103	0.0568112400733048
FBgn0025352	0.0423843205010529	0.07364613141839	0.0265824379533143	0.0485214981192521
FBgn0025355	0	0	0	0
FBgn0025360	0.255910987482615	0.00695410292072324	0	0
FBgn0025366	0.0521028705852435	0.0585402295196619	0.0243824903836984	0.0520551864449885
FBgn0025373	0.0557943839751211	0.027622793377847	0.0309155766944115	0.00932955273026617
FBgn0025378	0.404858299595141	0	0	0
FBgn0025381	0.049789198956033	0.0559124673760289	0.0396506725557117	0.0102389078498294
FBgn0025382	0.467213114754098	0	0	0
FBgn0025383	0.207792207792208	0	0	0
FBgn0025387	0.429022082018927	0	0	0
FBgn0025388	0.366004962779157	0.0421836228287841	0.022332506203474	0.0161290322580645
FBgn0025390	0.123809523809524	0.133333333333333	0.133333333333333	0.114285714285714
FBgn0025391	0.0515075376884423	0.0590452261306534	0.0402010050251257	0.231155778894472
FBgn0025393	0	0	0	0
FBgn0025394	0.0435622835977131	0.0504871567759079	0.031645059988727	0.0184394878814719
FBgn0025454	0.0740502433838751	0.00145470821910143	0.100850444805013	0.268057964527499
FBgn0025455	0.0899924102786513	0.0611514691532039	0.0394665510137698	0.0211427951859482
FBgn0025456	0.0278126007812746	0.00535398627071093	0.15279229297556	0.0698612764698608
FBgn0025457	0.0778437724982001	0.0521058315334773	0.0168286537077034	0.0109791216702664
FBgn0025463	0.0601845660024074	0.0643306138825733	0.0220008024608801	0.0176541393607062
FBgn0025469	0.0497869043006587	0.0637349864393648	0.0401007361487795	0.0139480821387059
FBgn0025519	0.0599037261543947	0.0707791050098055	0.0270993046888929	0.0340524157603851
FBgn0025525	0.236119585112874	0.147651006711409	0.114093959731543	0
FBgn0025549	0.0888073394495412	0.0517431192660551	0.0365137614678899	0.0227522935779816
FBgn0025558	0.0210405508798776	0.0143458301453711	0	0
FBgn0025571	0.189594172736733	0.20624349635796	0.0595213319458897	0.0551508844953174
FBgn0025573	0.279711884753902	0	0	0
FBgn0025574	0.0467836257309941	0.0194222931065037	0.116959064327485	0.0563175615807195
FBgn0025578	0.00817184474970038	0.0529657969945607	0	0
FBgn0025582	0.0522024962166207	0.0635444974207933	0.0275657819797244	0.0264104274811645
FBgn0025583	0	0.202898550724638	0	0
FBgn0025592	0.0374142799515935	0.0294473578055667	0.0266236385639371	0.0477006857603873
FBgn0025595	0.0215194988886644	0.000909274600929481	0	0.150030309153364
FBgn0025608	0.0497208189311353	0.0526898874412833	0.0445360276522201	0.0208277940264115
FBgn0025612	0.227790432801822	0	0	0
FBgn0025615	0.0644830160507651	0.0816536020903323	0.024729376633072	0.04180664427025
FBgn0025616	0.202429149797571	0	0	0
FBgn0025620	0.0154957368621133	0.000778407342372511	0	0.0548505638927608
FBgn0025621	0.0669303797468354	0.061392405063291	0.0484177215189873	0.0316455696202532
FBgn0025624	0.0352416244422596	0.033502230961204	0.0639794297814414	0.0241246313242077
FBgn0025625	0.0954495005549391	0.0221975582685905	0.0277469478357381	0.0144284128745838
FBgn0025626	0.0699870394371413	0.0799851879281615	0.0290686909831513	0.0227735604517682
FBgn0025627	0.0691588785046727	0.0934579439252339	0	0.0429906542056075
FBgn0025628	0.107955140970548	0.255214338119694	0.0165601090032491	0.105754113824547
FBgn0025629	0.0709935287400074	0.0683288922725544	0.0399695470118005	0.0138941758660068
FBgn0025630	0.0775036284470247	0.0339622641509434	0.0211901306240929	0.0121915820029028
FBgn0025631	0.0433813095479424	0.0518953983377255	0.0354753699574295	0.0675045611189945
FBgn0025632	0.0484883057615516	0.0387906446092414	0.0467769537934968	0.0250998288648033
FBgn0025633	0.0551413881748072	0.052956298200514	0.0388174807197945	0.030719794344473
FBgn0025634	0.0703428773418171	0.102332979851538	0.0427712972781902	0.0143160127253447
FBgn0025635	0.089566460219152	0.0824202000952835	0.0505002382086708	0.0247737017627441
FBgn0025637	0.029844626977507	0.0480398116862004	0.0258153902704537	0.0187182785969773
FBgn0025638	0.0394853453187314	0.0612932835348484	0.0286288535797936	0.0109514464771792
FBgn0025639	0.0860585197934594	0.0791738382099829	0.055077452667814	0.0243422670272928
FBgn0025640	0.0255988147172608	0.047740554778171	0.0190962219112684	0.00897193184624248
FBgn0025641	0.0989938331710487	0.0269393054203181	0.0467380720545278	0.00357026939305421
FBgn0025642	0.206666666666667	0	0	0
FBgn0025643	0.024759524110872	0.118236615618276	0	0
FBgn0025674	0.0173350962244748	0.0150580285000734	0.0109446158366388	0.00807991773174674
FBgn0025676	0.0564940459706452	0.0440321240653558	0.0152312378842426	0.00720022154527831
FBgn0025678	0.0628096702545704	0.0659277293695542	0.0223389714676235	0.0117888262429523
FBgn0025680	0.0884557721139432	0.0359820089955023	0	0
FBgn0025681	0.090012804097311	0.0830985915492957	0.0556978233034571	0.0326504481434059
FBgn0025682	0.128841708757812	0.0629226949747454	0.0118140570156665	0.326941186542248
FBgn0025683	0.0313919295490585	0.0365187135313226	0.0309454528659184	0.0581497390420765
FBgn0025684	0.0407079646017699	0.0373290426387771	0.0146419951729686	0.0125502815768302
FBgn0025686	0.236641221374046	0.255725190839694	0	0.0801526717557252
FBgn0025687	0.0582776540460282	0.0209106656768127	0.00643405097748081	0.0716406829992576
FBgn0025692	0	0	0	0
FBgn0025693	0.0574432869243502	0.0924934280985299	0.0460519910427418	0.0391393243111674
FBgn0025697	0.0101959038290294	0.000534283170080142	0.00734639358860196	0.149243098842386
FBgn0025700	0.0473958656651561	0.0525172263951828	0.0105531069588429	0.0247222049785834
FBgn0025702	0.351184346035016	0.0741503604531411	0.0133882595262616	0.0113285272914521
FBgn0025709	0.037977136213912	0.0627785312923852	0.0534780081379578	0
FBgn0025712	0.0622458554895215	0.0609946825148578	0.0143884892086331	0
FBgn0025716	0.0863692181743758	0.0649474689589304	0.0210124164278892	0.0133715377268386
FBgn0025720	0.0915636625465017	0.0979239169566783	0.0302412096483859	0.00564022560902437
FBgn0025724	0.060964104407206	0.0616379891279931	0.0253380655015949	0.0225077496742891
FBgn0025725	0.0615997246939679	0.0604198416990315	0.0292021041246743	0.022466938695246
FBgn0025726	0.0499259572667654	0.0188280093082293	0.0122699386503067	0.0139623439813835
FBgn0025739	0.146569646569647	0.0748440748440748	0.0249480249480249	0
FBgn0025740	0.0554649265905384	0.0239260467645459	0.0152256661228929	0.0187601957585644
FBgn0025741	0.0723242456111965	0.0663376749453927	0.0257260739422377	0.0598657066580374
FBgn0025742	0.0664051005394803	0.0556154977930358	0.059146640510054	0.0353114271701815
FBgn0025743	0.0748733345843499	0.069994370425971	0.0386564083317696	0.0105085381872772
FBgn0025777	0.0767482138991123	0.091253518077506	0.0215414591903009	0.0250054124269322
FBgn0025781	0.109798129000492	0.0832102412604628	0.0260955194485476	0.0192023633677991
FBgn0025790	0.0506649185240681	0.0516950739838921	0.0284697508896796	0.018261846787788
FBgn0025800	0.076892163429337	0.0572672471533824	0.0321500334896182	0.0290689886135299
FBgn0025802	0.0814679854242579	0.0393024466423737	0.0424258198854763	0.0299323269130661
FBgn0025806	0.0557580956465795	0.051897919794124	0.032865108299378	0.0291121595539352
FBgn0025807	0.0548872180451127	0.049624060150376	0.0150375939849624	0
FBgn0025808	0.0993843447669306	0.0721196130167105	0.0518909410729992	0.0263852242744063
FBgn0025809	0.0948463991942251	0.0747020312237702	0.0258519388954171	0.0194728890381064
FBgn0025814	0.0327398047099368	0.032165422171166	0.0677771395749568	0
FBgn0025815	0.121854780733285	0.0575125808770668	0.0312724658519051	0.00395398993529835
FBgn0025820	0.0309791332263242	0.0534510433386838	0.0282504012841092	0.0235955056179775
FBgn0025821	0.239458615304529	0	0	0
FBgn0025825	0	0	0	0
FBgn0025830	0.0829228243021346	0.0796387520525452	0.0414614121510674	0.020935960591133
FBgn0025832	0.106894370651486	0.038583175205566	0.0335230866540165	0
FBgn0025833	0.162393162393162	0	0	0
FBgn0025835	0	0	0	0
FBgn0025836	0.0591191753982451	0.058096941817872	0.0649970184853905	0.026918817616492
FBgn0025837	0.0259265703845484	0	0.111884461458152	0
FBgn0025838	0.276722090261283	0	0	0
FBgn0025839	0.0280035249192206	0.0321648878879859	0.0217859590717712	0.00616860863605209
FBgn0025864	0.0573248407643312	0.0397871040921386	0.0828025477707006	0.0288805514353022
FBgn0025865	0.0480748074807481	0.055958929226256	0.0638797213054639	0.0266226622662266
FBgn0025866	0.0328632069012735	0.0973572504450226	0.015199233191839	0.00314939066137204
FBgn0025874	0.0602272727272727	0.0579545454545455	0.0306818181818182	0.031439393939394
FBgn0025878	0.177347242921014	0.0268256333830104	0	0
FBgn0025879	0.0397395384468064	0.122282868907402	0.0208752274250694	0.00248970602317342
FBgn0025885	0.0853374709076803	0.0765299137498289	0.0883037466344179	0.0343175284077945
FBgn0025936	0.171643954769498	0.203247318063207	0.068135691504784	0.0832125253696724
FBgn0026015	0.0258069670821349	0.0255672738894216	0.0134228187919463	0.0047139661233621
FBgn0026056	0.0599426635392234	0.072452436799583	0.0403961428199114	0.0192859004430545
FBgn0026058	0.569230769230769	0	0	0
FBgn0026059	0.0737596679871721	0.11431805319751	0.0748915299000187	0.0514997170345218
FBgn0026060	0.00514579759862779	0.0055746140651801	0	0.00900514579759862
FBgn0026061	0.0140213768532353	0.0117227904838524	0.050453970807953	0
FBgn0026063	0	0	0	0
FBgn0026064	0	0	0	0
FBgn0026076	0.0420471841704718	0.0773718924403857	0.0383688483003552	0.0124302384576357
FBgn0026077	0.0196938065414057	0.0508201610498061	0.000825131722835272	0
FBgn0026079	0.0516862901616444	0.0476950708441429	0.0327279984035123	0.00977848732787865
FBgn0026080	0.0483678343949044	0.0899681528662422	0.0483678343949044	0.012937898089172
FBgn0026083	0.0743839367204138	0.0670824459993915	0.0320961362944934	0.0168846972923639
FBgn0026084	0.034807369643779	0.0251113190500774	0.0691280545517123	0.0151302486663225
FBgn0026085	0.0470372632864997	0.0201588271227856	0	0
FBgn0026086	0.0605335157318741	0.0478796169630643	0.0232558139534884	0.00170998632010944
FBgn0026088	0.0253596586962992	0.0611767040380992	0.026014485564044	0.014485564044052
FBgn0026089	0.0221988242519961	0.0529964025620777	0.0250065806791261	0.0137755549706063
FBgn0026090	0.0379875436194179	0.041609611731967	0.0398869208003887	0.0230133839833915
FBgn0026136	0.21823472356935	0	0	0
FBgn0026141	0.4033203125	0	0	0
FBgn0026143	0.0604321404456449	0.049966239027684	0.024983119513842	0.00708980418636057
FBgn0026144	0.0466211443371792	0.0665410878267012	0.00183659053449494	0
FBgn0026147	0.105196982397317	0.0213746856663873	0.0121542330259849	0.00943000838222967
FBgn0026148	0.0560606060606061	0.038888888888889	0.0146464646464647	0
FBgn0026149	0.0725643896976484	0.0703247480403138	0.0253079507278836	0.0176931690929451
FBgn0026150	0.119879744456971	0.120631341600902	0.18927721407992	0.0460979581610924
FBgn0026160	0.0628901003397329	0.054041242000474	0.0144584024650391	0.00260725290353164
FBgn0026174	0.480549199084668	0	0	0
FBgn0026175	0.559633027522936	0	0	0
FBgn0026176	0.161026837806301	0.0447296771684169	0	0
FBgn0026179	0.0582089552238806	0.0639755766621438	0.0426051560379918	0.02876526458616
FBgn0026181	0.0914366373902132	0.0889272271016311	0.0727728983688835	0.0141154328732748
FBgn0026189	0.0884824518042511	0.0368618035449474	0.0522561965962856	0.0878469034672693
FBgn0026190	0.0649198279233477	0.234161126319907	0	0
FBgn0026192	0.0513104466592838	0.0492801771871539	0.0302694721299372	0.0263012181616833
FBgn0026196	0.0910960916838084	0.0488784405916347	0.0454500930551475	0.0035263003232442
FBgn0026197	0.221830985915493	0.313380281690141	0	0
FBgn0026199	0.0576716999512907	0.0726741354115929	0.0235752557233317	0.0579639551875303
FBgn0026206	0.0500203334688898	0.0154534363562424	0.00813338755591704	0.00854005693371289
FBgn0026207	0.103430619559652	0.0506912442396313	0.0194572452636968	0.0125448028673835
FBgn0026238	0.0432198811453268	0.0563209076175041	0.0231856654060868	0.0403385557356384
FBgn0026239	0.245752427184466	0.101334951456311	0.0910194174757282	0.0624999999999999
FBgn0026250	0.0283130262167157	0.0521339585187213	0.0233588883564926	0.0226144842220549
FBgn0026252	0.0727370689655172	0.070635775862069	0.0328663793103448	0.0148168103448276
FBgn0026255	0.295454545454545	0	0	0.181818181818182
FBgn0026257	0.0808080808080808	0.0202020202020202	0.0101010101010101	0
FBgn0026259	0.0780796623582169	0.0759034555526247	0.0365998417304141	0.0298074386705355
FBgn0026261	0.0740655812886955	0.0582435221279523	0.0412749369410686	0.0176565008025682
FBgn0026262	0.0614490712210583	0.0668192622590017	0.0240338057927634	0.0279073862135752
FBgn0026263	0.0545674322224139	0.0512864790191677	0.0138145398031428	0.0200310827145571
FBgn0026268	0	0	0	0
FBgn0026309	0.113431876606684	0.0742287917737789	0.0353470437017995	0.0302056555269922
FBgn0026313	0.0640872423065432	0.049148491186137	0.0383925903794443	0.0545264415894832
FBgn0026315	0.0377122877122878	0.0142357642357642	0.198801198801199	0.00399600399600401
FBgn0026316	0.0292013330536717	0.0693094688759933	0.0364725348994384	0.014425878020928
FBgn0026317	0.0634195839675292	0.0759343818704551	0.0387282259428378	0.02164721799425
FBgn0026319	0.0928205128205128	0.0394871794871796	0.0138461538461539	0
FBgn0026320	0.155871670702179	0.0559927360774819	0	0
FBgn0026323	0.0507982583454282	0.0734620966841575	0.0643072457295969	0.0192028580998102
FBgn0026324	0.0687749184487133	0.0538238492207321	0.0319862268938022	0.0252808988764045
FBgn0026326	0.0754861821903787	0.0701125895598771	0.0250767656090072	0.0125383828045036
FBgn0026361	0.11119936457506	0.147736298649722	0	0
FBgn0026369	0.0434755682170062	0.0426085340930203	0.0404409487830557	0.0198798538428191
FBgn0026370	0.0908246944143586	0.085796069936562	0.0239826705864149	0.0224354015163237
FBgn0026371	0.120181405895692	0.0244897959183673	0.0226757369614513	0.00816326530612245
FBgn0026372	0.0486666399173062	0.0543260403112861	0.0342678413457221	0.0130804372374025
FBgn0026373	0.0701476793248945	0.0791139240506329	0.0228551336146273	0.0181082981715893
FBgn0026374	0.0881375806136406	0.0631229235880401	0.150087942153606	0.00332225913621263
FBgn0026375	0.0907348242811502	0.0396166134185304	0.0283280085197018	0.022790202342918
FBgn0026376	0.0658482142857143	0.076171875	0.0178571428571428	0.005859375
FBgn0026378	0.0371308016877637	0.0489451476793249	0.0414908579465541	0.0123769338959212
FBgn0026379	0.0584841853988462	0.0590809628008753	0.0290431668987468	0.037199124726477
FBgn0026380	0.118323417340731	0.253916259999554	0.0874612830625931	0.0329567484457517
FBgn0026393	0.0511562718990889	0.040644709180098	0	0
FBgn0026400	0.0609607951408062	0.0665930425179459	0.0360022087244617	0.0153506350082827
FBgn0026401	0.0686629792103757	0.0553118443639137	0.0214571810032424	0.0442494754911311
FBgn0026402	0.118962432915921	0.0688729874776386	0.0263864042933811	0.0165474060822898
FBgn0026403	0.0455790297339593	0.239827856025039	0	0.00254303599374022
FBgn0026404	0.0558008454673556	0.0616251761390324	0.0550962893377173	0.0134805072804134
FBgn0026409	0.0621576942427944	0.0594408107525335	0.0350751096097175	0.021519442248257
FBgn0026411	0.140655105973025	0.0308285163776493	0	0
FBgn0026415	0.0336484590028394	0.0352313399549613	0.0060214749621958	0.0435863404445122
FBgn0026417	0.0657582938388626	0.0598341232227489	0.0918246445497631	0.0361374407582938
FBgn0026418	0.0703100031959093	0.0786193672099713	0.0208533077660594	0.0169915841056781
FBgn0026427	0.103918824352694	0.0622813156053184	0.0220433869839048	0.019594121763471
FBgn0026428	0.0386091964052002	0.01758136288282	0.0224238722624552	0.0444987348398918
FBgn0026430	0.0654496883348175	0.03739982190561	0.0200356188780053	0.0106856634016028
FBgn0026431	0.0969488188976378	0.0570866141732284	0.0344488188976377	0.0127952755905512
FBgn0026432	0.0977734753146177	0.0600193610842208	0.0329138431752177	0.021297192642788
FBgn0026433	0.111745513866232	0.0742251223491027	0.0277324632952691	0.0163132137030995
FBgn0026438	0.170454545454545	0.0189393939393939	0	0
FBgn0026439	0.0183569484190689	0.00467648495847002	0.000279193131848956	0.0467648495847002
FBgn0026441	0.0979633926269659	0.0543954627481309	0.0340293890177881	0.0195926785253931
FBgn0026479	0.198743575099943	0.172853607462403	0.0822387207310109	0.0390253188654102
FBgn0026533	0.0585795749092793	0.0474987039917055	0.0246889580093313	0.0216433385173664
FBgn0026562	0.0565543163777541	0.0228245011004229	0	0.123346274635871
FBgn0026563	0.237870619946091	0	0.00741239892183288	0.02088948787062
FBgn0026565	0.013738019169329	0	0.089776357827476	0
FBgn0026566	0.0588792423046567	0.0462509865824782	0.0231254932912391	0.0143646408839779
FBgn0026570	0.0859598853868195	0.117478510028653	0.16189111747851	0.0587392550143268
FBgn0026573	0.109061090610906	0.066830668306683	0.02870028700287	0.027880278802788
FBgn0026575	0.0886796154600747	0.0512065921130076	0.0251128114577202	0.027270943692368
FBgn0026576	0.0362912666822757	0.0174432217279326	0.0251697494731913	0.0115897916178881
FBgn0026577	0.0982543640897754	0.0648379052369078	0.030423940149626	0.0316708229426434
FBgn0026582	0.0480458945858731	0.0476873431337397	0.0154177124417354	0
FBgn0026592	0.298245614035088	0	0	0
FBgn0026593	0.0143061516452074	0	0.0917183277698297	0.00826577650611984
FBgn0026597	0.0884214825403307	0.070247090055136	0.0289973453134572	0.0167449458852358
FBgn0026598	0.101767541510445	0.096411355115158	0.0117836100696304	0.00428494911622925
FBgn0026602	0.0488803274741151	0.0250421382133398	0.00818685287743797	0.00337105706718035
FBgn0026616	0.0795454545454546	0.0547520661157025	0	0
FBgn0026619	0.0336630416962675	0.0114760369419094	0.126345701950926	0.00103830810426799
FBgn0026620	0.0562804502436019	0.101192809542476	0.0182561460491684	0.0059360474883799
FBgn0026630	0.0794111548828529	0.0475844909807174	0.0194899440182459	0.0266431681526021
FBgn0026634	0.0689322728368281	0.0400096408773198	0.0318148951554591	0.0168715353097132
FBgn0026666	0.0742982938910292	0.0447624289121262	0.0322876536415337	0.0170610897083104
FBgn0026679	0.0633828323071351	0.058674393335748	0.0412893879029337	0.0134009416877942
FBgn0026702	0.066559743384122	0.0457097032878909	0.0256615878107459	0.0120288692862871
FBgn0026713	0.0580240460010454	0.058546785154208	0.0318870883429169	0.0106290294476389
FBgn0026718	0.0414236282748394	0.00177953534354918	0.152941176470588	0.0105783489866535
FBgn0026721	0.0174939778067369	0.0073451012913162	0	0.0478023930813885
FBgn0026722	0.0939524838012959	0.0793736501079914	0.0356371490280778	0.0199784017278617
FBgn0026737	0.0575114804286027	0.0470150885633064	0.0251476055106057	0.0161819374589985
FBgn0026738	0.181858802502234	0.190348525469169	0.0607685433422698	0.0781948168007148
FBgn0026741	0.0494082840236687	0.0476331360946746	0.0331360946745562	0
FBgn0026749	0.0251341088541981	0.0504490386354048	0.0423120969200169	0.0171779880658188
FBgn0026751	0.0941860465116279	0.0775193798449613	0.025968992248062	0.0116279069767442
FBgn0026753	0.0210588383944742	0.0477235395695573	0.015461399149223	0.00278819020342838
FBgn0026755	0.0137711864406779	0	0.0953389830508474	0
FBgn0026760	0.00944746636129402	0	0.0369310048668766	0
FBgn0026761	0.111527854384997	0.0647545504688363	0.0348593491450633	0.0200772200772201
FBgn0026777	0.038592986781941	0.0779350489239846	0.0274036735904118	0.0149815072020475
FBgn0026778	0	0	0	0
FBgn0026787	0.0662806455587038	0.0518664531230749	0.0524824442528027	0.0103486509794259
FBgn0026869	0.0309449254006263	0.0580217351261742	0.0064468594584638	0.0177749125069073
FBgn0026872	0.0271377368151561	0.0373783922171019	0.0445468509984639	0.00640040962621607
FBgn0026873	0.0632668711656442	0.0738113496932514	0.0304831288343558	0.0233895705521473
FBgn0026876	0.0960264900662252	0.0507726269315672	0.0264900662251656	0
FBgn0026878	0.0421487603305785	0	0.0201101928374655	0.224793388429752
FBgn0026879	0.0285204321277595	0.068219821512447	0.0361860028182245	0.0137529356505402
FBgn0027052	0.0423705151472846	0.0654055563311461	0.0317604355716879	0.0413234678207454
FBgn0027053	0.062128695154248	0.0682843031994846	0.0315653854412712	0.0227614343998282
FBgn0027054	0.0517946388005452	0.0646297137664697	0.0317469332121762	0.0201612903225806
FBgn0027055	0.0637937384898712	0.0638674033149171	0.0656353591160221	0.0549539594843463
FBgn0027057	0.063710499490316	0.0715256540944615	0.0328746177370031	0.0260788311247026
FBgn0027066	0.0687591004691798	0.0642560534972766	0.0227039853313919	0.038073666612738
FBgn0027070	0.0392599277978339	0.0451263537906137	0	0.0685920577617329
FBgn0027073	0.00327466230045027	0	0.00757265656979122	0.0122799836266885
FBgn0027074	0.48936170212766	0	0	0
FBgn0027079	0.0457777777777777	0.0465555555555557	0.0255555555555556	0.0111111111111111
FBgn0027080	0.0544179643809688	0.0716682439989675	0.0300696894089306	0.0320915426309903
FBgn0027081	0.0554224738675958	0.0648954703832752	0.0237369337979093	0.0141006097560976
FBgn0027082	0.0487491982039768	0.0423348300192431	0.0551635663887108	0
FBgn0027083	0.052863436123348	0.0293685756240823	0.0161527165932452	0
FBgn0027084	0.0505844845908607	0.0595642933049948	0.0218916046758767	0.0126992561105207
FBgn0027085	0.0759559979046621	0.0743844944997381	0.0576217915138817	0.0225248821372446
FBgn0027086	0.0649379189100099	0.0614218217778265	0.0280188990220855	0.0203274365454346
FBgn0027087	0.0371675990497357	0.0613840141006974	0.020767874932945	0.00613073798758526
FBgn0027088	0.0684057057293718	0.0623374576404761	0.0320750256127355	0.0197809126014658
FBgn0027090	0.0609891777081016	0.0632143218367552	0.0299383028218873	0.0231617275209871
FBgn0027091	0.171615720524018	0.182096069868996	0.0864628820960699	0.062882096069869
FBgn0027093	0.057672963004359	0.0682910472784175	0.0333072538280988	0.0276070191125517
FBgn0027094	0.0628855483020902	0.0642630412648979	0.0212613044259447	0.0123375456668863
FBgn0027095	0.0585996255026552	0.0676243975811155	0.0133836755993492	0.0181416336679252
FBgn0027101	0.0425083435798349	0.0637039639323146	0.0283388957198899	0.0437379237660285
FBgn0027106	0.016947136825831	0	0.115240530415651	0.00160551822560504
FBgn0027107	0.48051948051948	0	0	0
FBgn0027108	0.0442565395836424	0.0516243880729862	0.00731839984176433	0.00271967561687188
FBgn0027109	0.0466744457409569	0	0.147607934655776	0
FBgn0027111	0.170622731080704	0.0351857023177884	0	0
FBgn0027259	0.105577689243028	0.0567729083665339	0.0378486055776893	0
FBgn0027279	0.04880917377242	0.0346956777418406	0.0418994413407821	0.0477800646868567
FBgn0027280	0.0420886906323799	0.0342692206769877	0.0483337706638678	0.066334295460509
FBgn0027287	0.0484467086205175	0.0234741784037559	0.0653281390470482	0.0121865947457797
FBgn0027291	0.128018620890311	0.242944428280477	0.071380079526719	0.0513044321598292
FBgn0027296	0.0543859649122807	0.0479532163742689	0.0228070175438596	0.0175438596491228
FBgn0027329	0.064341942619218	0.0756294320473619	0.0297963697872617	0.00718886214299656
FBgn0027330	0.072289156626506	0.0487166055526454	0.0377160817181771	0.00471451021477213
FBgn0027334	0.0538083984730049	0.0581712415924379	0.0441737865842574	0
FBgn0027335	0.0600868582307098	0.0531857933250045	0.0732345767148551	0.0171931703254209
FBgn0027338	0.0483202287348104	0.0613685099746572	0.034440184547404	0.026798362466697
FBgn0027339	0.0516807182743895	0.0412788787911969	0.0112777838607248	0.0190517902113216
FBgn0027341	0.0398949109662353	0.127882650578963	0.000316240147903084	0
FBgn0027342	0.0562632696390659	0.0591825902335457	0.0727176220806794	0.00822717622080677
FBgn0027343	0.0814479638009049	0.0254524886877828	0.0209276018099547	0
FBgn0027348	0.0109261630388391	0.00367050789586	0.0558258642765685	0.00469483568075117
FBgn0027356	0.0417450812660394	0.0998289136013687	0.00427715996578273	0.0333618477331052
FBgn0027358	0	0	0	0
FBgn0027359	0.0713460427498555	0.0309069901790873	0.018053148469093	0.038633737723859
FBgn0027360	0	0	0	0
FBgn0027363	0.0480857299871771	0.0398424619893753	0.102827135617024	0.0283934786590951
FBgn0027364	0.514285714285714	0	0	0
FBgn0027375	0.0612543962485346	0.0703399765533412	0.0293083235638921	0.0167057444314185
FBgn0027376	0.256729810568295	0	0	0.00897308075772681
FBgn0027378	0.0732892690513221	0.0917573872472782	0.0301321928460342	0.0231337480559876
FBgn0027453	0.0660486674391657	0.0438669094520775	0.0256580036417812	0.00678695580201955
FBgn0027490	0.0893054024255788	0.0584343991179714	0.0363836824696803	0.0187431091510474
FBgn0027491	0.184085510688836	0.0391923990498812	0	0
FBgn0027492	0.0595246249743134	0.0467840263031715	0.0293855743544078	0.0167819713679019
FBgn0027493	0.0496789614285044	0.0460702066832263	0.0379622252425364	0.0128884098045648
FBgn0027494	0.375518672199171	0	0	0
FBgn0027495	0.104954804151322	0.0758285905590894	0.0259457649815869	0.0159022430532307
FBgn0027496	0.0552756222916457	0.0614733447546105	0.0362289630152172	0.0200040310390002
FBgn0027497	0.0700243937437223	0.0902568517721338	0.0406084086669536	0.0110489309800545
FBgn0027498	0	0	0	0
FBgn0027499	0.226925038245793	0.162162162162162	0.0963793982661907	0.0377358490566038
FBgn0027500	0.159327461969576	0.0392313851080864	0.0232185748598879	0
FBgn0027503	0.0910326086956522	0.0538949275362319	0.0326086956521739	0.0203804347826087
FBgn0027504	0.105096214844576	0.0721082681327978	0.0418693169803341	0.0217805032776485
FBgn0027505	0.120633573751944	0.035497100834394	0.0599632300947531	0.0342242964220054
FBgn0027506	0.0647700438547172	0.0752277071854267	0.0555493084448444	0.00989542336669289
FBgn0027507	0.0525628468821417	0.0430950048971597	0.0315594732832735	0.0340624659919468
FBgn0027508	0.0583723105706267	0.0565014031805427	0.0548175865294668	0.0125350795135641
FBgn0027509	0.117773530817009	0.067845198279981	0.0296225513616818	0.0157668418537984
FBgn0027512	0.178726169844021	0.0504766031195841	0.0192807625649914	0.0223136915077989
FBgn0027513	0.283983849259758	0.0403768506056528	0	0
FBgn0027514	0.0867124142233312	0.0530255770430442	0.0368059887710543	0.0168434185901435
FBgn0027515	0.0737860996509045	0.117581720088861	0.0149952396064741	0.032291336083783
FBgn0027518	0.0709290709290709	0.0769230769230769	0.0504495504495505	0.032967032967033
FBgn0027521	0.140197152245345	0.0602409638554216	0.0219058050383352	0
FBgn0027524	0.0838891359122574	0.0583963242922779	0.0308285163776493	0.020453534904402
FBgn0027525	0.029472449666616	0.0484329865560454	0.0218491410203505	0.0230219577351606
FBgn0027526	0.0649431552717645	0.108627939573275	0.0341847064320199	0.0181435913409126
FBgn0027527	0.430232558139535	0	0	0
FBgn0027528	0.0799789989499473	0.0687784389219461	0.0297514875743787	0.00105005250262513
FBgn0027529	0.0520687237026648	0.0684315100514259	0.051309022907901	0.0363487611033193
FBgn0027532	0.0646616541353382	0.0611914401388084	0.0665124349334877	0.0251012145748988
FBgn0027535	0.0568893528183716	0.0477557411273486	0.0357515657620042	0.0563674321503132
FBgn0027537	0.106187780597306	0.0806168260784698	0.0312317001756783	0.0122974819441733
FBgn0027538	0.0527782939973983	0.0587251440252739	0.0299200892027504	0.0546366846311095
FBgn0027539	0.0845524423506074	0.0292586164145797	0.067071658814778	0.0104140838085792
FBgn0027546	0.114234449760766	0.0693779904306221	0	0
FBgn0027547	0.0253693187362176	0.0321409753527311	0.0217590695314482	0.0322385496555628
FBgn0027548	0.0868788567716789	0.0680415719389414	0.0279311464761286	0.0139655732380643
FBgn0027549	0.0636664238076557	0.0512806142464832	0.0415849352687328	0.0219133553774589
FBgn0027550	0.163218390804598	0	0.0436781609195401	0
FBgn0027552	0.0244229569557081	0.00436681222707424	0.0113849033063007	0.107392389270119
FBgn0027553	0.0663643858202803	0.0461665292662819	0.0478153338829349	0.0243198680956307
FBgn0027554	0.0804535637149027	0.0591927645788336	0.025175485961123	0.0269303455723542
FBgn0027556	0.061039804672625	0.0203615348430885	0.00902717111305242	0.00111999641601147
FBgn0027558	0.0722588144130179	0.0788454087562961	0.0207283998450213	0.0141418055017435
FBgn0027559	0.0658198614318706	0.0554272517321016	0.0573518090839107	0.0261739799846036
FBgn0027560	0.0282200570342205	0.00106939163498099	0	0.155180608365019
FBgn0027561	0.0646692607003891	0.0399999999999999	0.0280933852140077	0.0846692607003892
FBgn0027562	0.361111111111112	0	0	0
FBgn0027563	0	0	0	0
FBgn0027564	0.0375578802949751	0.0313839821642943	0.0413308180415023	0.0300120048019208
FBgn0027565	0.0614629190653573	0.0936335929563157	0.0881307145275991	0.0342025059261769
FBgn0027567	0.0620338270826768	0.0774240991700808	0.0204853450992751	0.0415484819834017
FBgn0027568	0.092950717404866	0.0683539791462437	0.0267355850637198	0.032260939310222
FBgn0027569	0.0472988638998377	0.0292140041734292	0.0432800061828581	0.0552592936084704
FBgn0027570	0.0579487894418885	0.139063153492263	0.00134764626609043	0.00934058274083368
FBgn0027571	0.0190996328180443	0.00891727606529051	0.00388780894196057	0.0772933444413589
FBgn0027572	0.0224478069335376	0.0339015514269297	0.0436314882206475	0.0212602949626509
FBgn0027574	0.0862334462580843	0.0791499846011703	0.0443486295041577	0.0286418232214352
FBgn0027575	0.150076569678407	0.0336906584992343	0	0
FBgn0027578	0.0492176572004814	0.00227708922936794	0.0199733255261703	0.506294525226895
FBgn0027579	0.0525615820515786	0.0248062911992599	0.0895108129987279	0.0519255233028796
FBgn0027580	0.0374341128908449	0.0985236170103884	0.00245637377820992	0.0374980809579858
FBgn0027581	0.000877706260971328	0	0	0
FBgn0027582	0.100320337526369	0.0551605594187045	0.0191421204781624	0.0228924134698023
FBgn0027583	0.0457633178405434	0.0370039327851269	0.0323560958169467	0.0169824812298892
FBgn0027584	0.00865594977646723	0.0987348996480549	0	0
FBgn0027585	0.0461134573678804	0.136057527679489	0.00228284442415249	0
FBgn0027586	0.0960067969413763	0.249362786745965	0.181393372982158	0
FBgn0027587	0.0623552123552126	0.0633204633204631	0.0274131274131274	0.0208494208494209
FBgn0027588	0.0818896395804303	0.0788401377533584	0.0307841951681169	0.0241857041457452
FBgn0027589	0.117647058823529	0	0	0
FBgn0027590	0.0295585788391895	0.0281260288111615	0.0238639700321212	0.0412147312411578
FBgn0027592	0.084071596456337	0.0674380762972336	0.0312782498644007	0.0193455071415657
FBgn0027594	0.039649625983489	0.0266268749273284	0.087593504127747	0.0114724235494748
FBgn0027596	0.0427753023551878	0.0227880330999364	0.00789306174411205	0.00789306174411205
FBgn0027597	0.0597735288657879	0.0629292741785781	0.040096528680156	0.0174494152589567
FBgn0027598	0.0619754196642686	0.0749400479616306	0.052982613908873	0.0164118705035971
FBgn0027599	0.0811875189336565	0.0681611632838534	0.042411390487731	0.0215086337473493
FBgn0027600	0.0893583370989608	0.296430185268866	0.004405784003615	0
FBgn0027601	0.0317265125430398	0.0366945400885391	0.0294269552385637	0.0539596655189377
FBgn0027602	0.0740740740740741	0.0486111111111111	0.0324074074074074	0.00617283950617285
FBgn0027603	0.226815642458101	0.169087523277467	0.0644320297951584	0.0543761638733706
FBgn0027605	0.0361358328599382	0.0658650508110838	0.0388184056049991	0.0172315849270971
FBgn0027607	0.0529515729939909	0.04164015553199	0.0275008837044893	0.0117355956168257
FBgn0027608	0.0334531379596351	0.0494885264030965	0.00110588885816975	0
FBgn0027609	0.0918778119820031	0.0864314468387404	0.0307838029836609	0.0279422211697845
FBgn0027610	0.0293093250969311	0.0312808043635409	0.0256292304659263	0.0109745679174607
FBgn0027611	0.0281739245928311	0.0111732771072336	0.00674879219032756	0.186500755399864
FBgn0027615	0.15520677628301	0.0219232685600398	0.0209267563527653	0.00722471350274041
FBgn0027616	0.0726029502151199	0.0798248309772587	0.0212814996926859	0.0154425322679779
FBgn0027617	0.0549450549450548	0.046953046953047	0	0
FBgn0027619	0.0559165313007623	0.0758153192552793	0.0320192427839561	0.0264588279395227
FBgn0027620	0.107278481012658	0.0683544303797469	0.0370253164556962	0.0186708860759494
FBgn0027621	0.0318079697292183	0.0248315005321036	0.0408537306373418	0.0427456544874069
FBgn0027654	0.115413819286256	0.277904328018223	0.00607441154138193	0.122247532270311
FBgn0027655	0.0633757275274844	0.045052813106273	0.0437594309118345	0.031041172666523
FBgn0027657	0.0191282170183167	0.0122884303269186	0.0175052167864595	0.0645722235103177
FBgn0027660	0.0578024007386889	0.137396121883657	0.00387811634349031	0.0064635272391505
FBgn0027779	0.0406006569685594	0.0502299389957766	0.0292632566870014	0.0123134678554669
FBgn0027780	0.0835654596100279	0.0742804085422471	0.0287836583101206	0.0324976787372332
FBgn0027783	0.121667474551624	0.0368395540475036	0.0198739699466796	0.00484730974309258
FBgn0027784	0.058139534883721	0.0566391597899474	0.0461365341335334	0.0183795948987246
FBgn0027785	0.0471235727389721	0.0655513266339914	0.0315161140165932	0.0160729443333972
FBgn0027786	0.0755508919202518	0.0720379579360372	0.0221725443679	0.046033121948994
FBgn0027788	0.181347150259068	0	0	0
FBgn0027790	0.0494488352745424	0.115172628951747	0.00254783693843594	0
FBgn0027791	0.0583232077764277	0.0469015795868773	0.0680437424058323	0.0143377885783718
FBgn0027793	0.0398783372761067	0	0	0.0838120986819871
FBgn0027794	0.0697002527988443	0.0595882990249187	0.0325027085590466	0.00686168291802094
FBgn0027795	0.199088838268793	0.0150341685649203	0	0
FBgn0027835	0.050326472946657	0.0490091259689182	0.0169727748291267	0.0407041124136088
FBgn0027836	0.0466746794871794	0.0366586538461539	0.0267427884615385	0.0103165064102564
FBgn0027841	0.072041692213366	0.0561005518087063	0.0236051502145923	0.0125689760882894
FBgn0027843	0.101989363797518	0.442111483159346	0.020523931455584	0.000354540082726019
FBgn0027844	0.00263729444616817	0.0143586030958045	0.00718792015720343	0.000413693246457751
FBgn0027864	0.0585305105853051	0.0890410958904111	0.0529265255292652	0.0473225404732254
FBgn0027865	0.050073457394711	0.0252203721841332	0.00342801175318315	0.223922624877571
FBgn0027866	0.0779507292560362	0.0667974016423582	0.025861012378968	0.0230420394656208
FBgn0027868	0.0818139317438057	0.0586722767648434	0.0257129499766246	0.0112201963534362
FBgn0027872	0.0564868804664724	0.0448250728862974	0.0244169096209912	0.010932944606414
FBgn0027873	0.0476429287863591	0.0461384152457372	0.0203945168839853	0.0190571715145436
FBgn0027885	0.0813429955833797	0.064233952231894	0.0271429183997256	0.0338750482397839
FBgn0027889	0.133022170361727	0.0369506028782575	0.0130299494360171	0.0044729677168417
FBgn0027903	0.130569306930693	0.0649752475247525	0.0377475247524752	0
FBgn0027929	0.0703666997026759	0.0450941526263627	0	0.0346878097125867
FBgn0027932	0.0634396565161326	0.0262147340975755	0.0494112312422948	0.094996528318998
FBgn0027945	0.0389559196544869	0.00647837115239597	0.00486734763830808	0.142335641324467
FBgn0027948	0.0815932914046121	0.0635639412997905	0.0365618448637316	0.0192033542976939
FBgn0027949	0.194444444444444	0.0343567251461988	0.0153508771929825	0
FBgn0027950	0.0844266970907016	0.0766305381251186	0.02833238258224	0.0250998288648032
FBgn0027951	0.0681358219024061	0.0710591409939286	0.0230492466831572	0.0324938160557679
FBgn0028292	0.0458100558659218	0.0438547486033519	0.041340782122905	0.014804469273743
FBgn0028325	0.031313886811269	0.0706556968337073	0.0154574918972824	0.019047619047619
FBgn0028327	0.0550494854498006	0.0643228781984997	0.0163802583419502	0.0232245145830256
FBgn0028331	0.0590002145462346	0.0432213141932087	0.0881004856546588	0.0188410602484836
FBgn0028336	0.033894514902725	0.0660320097115292	0.0150145353480497	0.0168673929016388
FBgn0028341	0.136765634870499	0.173404927353127	0.091282375236892	0.136133922931144
FBgn0028342	0.00807895634379261	0.0116601296043656	0.00454041609822647	0.00236613233287858
FBgn0028343	0.0792641688083321	0.0714189097795212	0.0275936696875423	0.0348978763695387
FBgn0028360	0.0896911578056692	0.0699478211817796	0.0131152164715837	0.0179100267945283
FBgn0028369	0.0906249999999999	0.0375	0	0
FBgn0028370	0.176470588235294	0	0	0
FBgn0028371	0.0481119249155739	0.141748168939958	0.00140344721722732	0.000350861804306829
FBgn0028372	0.113695090439277	0.0428202288667405	0.0236249538575119	0.0129198966408269
FBgn0028374	0.269541778975741	0	0	0
FBgn0028375	0.043024302430243	0.0464446444644465	0.0131413141314131	0.0111611161116112
FBgn0028379	0.238988580750408	0	0	0
FBgn0028380	0.0456727472226032	0.0237278836922233	0.0159100260595255	0.01097243176519
FBgn0028381	0.0283032008245815	0	0.164442711090063	0.00423433713123659
FBgn0028382	0.0777649769585254	0.0581797235023042	0.0424347158218126	0.0259216589861751
FBgn0028387	0.0809636650868878	0.0754344391785151	0.0343601895734597	0.0201421800947867
FBgn0028394	0.0510913103899288	0.0628627483037684	0.0866508624213193	0.00482301970080929
FBgn0028396	0.0618917647058824	0.00304941176470588	0	0.369474509803921
FBgn0028397	0.0813880126182965	0.00883280757097792	0.00378548895899054	0.00694006309148266
FBgn0028398	0.0505207523705892	0.0588372454531322	0.0620239390642002	0.036608114410073
FBgn0028399	0.0460151155493709	0.050380617172792	0.078033341518649	0.0177484925377207
FBgn0028400	0.171610169491526	0.0268361581920905	0	0
FBgn0028402	0.0788760167611537	0.0638402760660586	0.0463396598471777	0.0300714813901898
FBgn0028406	0.0250323694432455	0.0220112214069918	0.0241691842900303	0.0155373327578766
FBgn0028407	0.0949868073878628	0.0197889182058048	0	0
FBgn0028408	0.168888888888889	0	0.0222222222222223	0
FBgn0028410	0.408317580340264	0	0	0
FBgn0028411	0.0666546891843336	0.115882141573841	0.0558749550844414	0.0181458857348186
FBgn0028412	0.274075621474828	0	0	0.0112805514936286
FBgn0028418	0	0	0	0
FBgn0028421	0.0590124448012846	0.0786832597350464	0.0435568044961862	0.013849859494179
FBgn0028422	0.0578274760383386	0.282428115015975	0	0
FBgn0028424	0.00653961136023918	0	0.015695067264574	0
FBgn0028425	0.055122393472348	0.0293744333635539	0.0373526745240254	0.00308250226654579
FBgn0028426	0.0503384094754654	0.0697969543147208	0.022419627749577	0.0126903553299492
FBgn0028427	0.0391964975534381	0.0685037342261138	0.0391964975534381	0.012207056399691
FBgn0028429	0.0684138511735608	0.0549415850963056	0.0235764656351963	0.0211556678244395
FBgn0028430	0.147101802240623	0.109839259620068	0	0.102045786653678
FBgn0028434	0.0613608748481167	0.0479951397326852	0.0188335358444714	0
FBgn0028436	0.0678466076696165	0.0749262536873156	0.0289085545722713	0.0294985250737464
FBgn0028467	0.0875478113047173	0.0483071256551921	0.0328658450205411	0.0383907068989942
FBgn0028468	0.0585639791415965	0.128359406337746	0.0322235592993716	0.00695280117662788
FBgn0028471	0.0830433774066339	0.0723729993041057	0.0368823938761308	0.019948967756901
FBgn0028473	0.0307068498143466	0.0506617462812365	0.0161431163959695	0.0230377305481521
FBgn0028474	0.0845521939491087	0.0777399318773791	0.0308555399719495	0.0148266880384693
FBgn0028475	0.0762115582259466	0.0551822278440984	0.0301209581785121	0.0260099612617599
FBgn0028476	0.0903115871470304	0.060856864654333	0.0428432327166504	0.0255598831548199
FBgn0028479	0.0408419876123504	0.0475713686955712	0.0229124947608625	0.0646625995436129
FBgn0028480	0.0401792860573074	0.0421002080998879	0.0243316792060188	0.0358572114615015
FBgn0028481	0.180851063829787	0	0	0
FBgn0028482	0.0930232558139535	0.118863049095607	0.0180878552971576	0.0284237726098191
FBgn0028484	0.116726580672447	0.0833157115669273	0.0249524212307042	0.0232607316557412
FBgn0028487	0.0939807976366323	0.0367429837518463	0.0404357459379616	0.00941654357459379
FBgn0028490	0.0352716873212584	0.0732565813595366	0.00301874801398157	0.0748820610593727
FBgn0028491	0.0181974383005311	0.0247058210975736	0.0155159845881496	0
FBgn0028494	0.0426783666550331	0.0679563244752455	0.0269232686842499	0.00189460038889166
FBgn0028496	0.0614657210401891	0.0118203309692672	0.0472813238770686	0
FBgn0028497	0.148327678138633	0.116820164808531	0.196800775569559	0.0470189045079981
FBgn0028499	0.0709714950552647	0.0762070971495056	0.0186154741128564	0.00872600349040139
FBgn0028500	0.0716597998822836	0.0542966450853443	0.0360506180105945	0.0250147145379635
FBgn0028504	0.0606407322654463	0.0411899313501144	0.0148741418764302	0.0183066361556064
FBgn0028506	0.0791060934116919	0.0883080729972162	0.0115218063717909	0.00440767089390659
FBgn0028507	0.0638640429338104	0.0508050089445438	0.0309481216457961	0.0189624329159213
FBgn0028509	0.0398480296872238	0.0323378688814278	0.069093479413324	0.019084643930023
FBgn0028513	0.274249825540823	0	0	0.00953710165154689
FBgn0028514	0.0648489314664701	0.0162122328666175	0	0.343404568901989
FBgn0028515	0.0409825886093242	0.0592633069223318	0.0262288567099675	0.0166910906336157
FBgn0028516	0.201478743068392	0	0	0
FBgn0028518	0.0255457501161171	0	0.124864530113021	0
FBgn0028519	0.0343303874915024	0.000764785859959212	0	0.133582596872876
FBgn0028520	0.324354657687991	0	0	0
FBgn0028523	0.0814639905548997	0.0726092089728453	0	0.0171192443919716
FBgn0028526	0.0166666666666667	0	0	0.536781609195402
FBgn0028527	0.04256764406204	0.0679270915883619	0.00645307370089438	0
FBgn0028530	0.0526742301458671	0.0613182063749325	0.0321447866018369	0.0451107509454349
FBgn0028531	0.400621118012422	0	0	0
FBgn0028532	0.0107611548556431	0	0.0959317585301837	0
FBgn0028533	0.0293017070757051	0.000109644190544735	0.230793992622914	0
FBgn0028534	0.0273178923798195	0	0.226914375014578	0
FBgn0028538	0.0824693123584794	0.0471934215230604	0.0399237278035992	0.0227624836133953
FBgn0028539	0.0701907492831317	0.0552300211943647	0.0658272035905747	0.0908864231392594
FBgn0028540	0.0594637223974765	0.0217665615141956	0.120662460567823	0.0367507886435331
FBgn0028541	0.0685506661283811	0.0500605571255552	0.0324586192975373	0.0334275333064191
FBgn0028542	0.0694389438943894	0.0221782178217822	0	0.111947194719472
FBgn0028543	0.0275361891565199	0.00300716412630089	0	0.0749727291488546
FBgn0028544	0.0805655959444404	0.144490668121576	0	0
FBgn0028546	0.0349928320083409	0.0969959598592467	0.0176919066857813	0.0164537990355793
FBgn0028550	0.0415767797607374	0.0631496371837614	0.0370660913904687	0.00451068837026869
FBgn0028552	0.0229508196721312	0.0170491803278689	0.0313114754098361	0.00885245901639344
FBgn0028554	0.158747070104411	0.104410824632431	0.0317494140208822	0.00788408267632643
FBgn0028560	0.231762573629361	0	0	0.0086089714544631
FBgn0028561	0.288571428571428	0	0	0
FBgn0028562	0.0508905852417303	0.073791348600509	0.0534351145038168	0.0381679389312977
FBgn0028563	0.0544611819235226	0.0637311703360371	0.0226921591348011	0.0637311703360371
FBgn0028567	0.238146657504663	0	0	0
FBgn0028569	0.358139534883721	0	0	0
FBgn0028570	0.251126126126126	0	0	0
FBgn0028572	0.0965813562488323	0.00560433401830749	0.0784606762563049	0.0521203063702597
FBgn0028573	0	0	0	0
FBgn0028577	0.0610219335865703	0.0647592206837397	0.03706653596373	0.0267736796961157
FBgn0028579	0.131569343065693	0.0531021897810219	0.0421532846715329	0.0193430656934306
FBgn0028581	0	0	0	0
FBgn0028582	0.0343227015287655	0.0365157773708641	0.0482476685261679	0.00594046757228634
FBgn0028583	0.0499999999999999	0	0	0
FBgn0028622	0.0366043401119149	0.114344206360038	0.00174696328647468	0
FBgn0028644	0.155844155844156	0	0	0
FBgn0028645	0.482758620689655	0	0	0
FBgn0028646	0.0486068111455109	0.0366563467492259	0.0114551083591331	0.133374613003096
FBgn0028647	0.0765524625267667	0.0653104925053534	0.0487152034261241	0.0294432548179871
FBgn0028648	0.0545661775181651	0.10542812366434	0.0384670180937455	0.0206582134207152
FBgn0028658	0.301204819277108	0.192771084337349	0	0
FBgn0028662	0.0362227057690017	0.0579498338259014	0.028536477109112	0.00982971214532387
FBgn0028663	0.0259123846441865	0.0305266171838865	0.0198445036671586	0.00997731427438716
FBgn0028664	0.0488805332421809	0.098701076739019	0.0452059477012476	0.033413091779183
FBgn0028665	0.0415100130438119	0.0560270083633853	0.0288958796900177	0.0100514079643981
FBgn0028667	0.346358792184725	0	0	0
FBgn0028669	0.2883046237534	0	0	0
FBgn0028670	0.0539646032591927	0.089585729111155	0.0155667124786133	0.00252433175328864
FBgn0028671	0.0505980861244019	0.0534688995215311	0.0464912280701755	0.0692583732057416
FBgn0028675	0.084260731319555	0.225755166931637	0.0254372019077901	0
FBgn0028683	0.0700840336134454	0.0581512605042015	0.0181512605042017	0.0302521008403361
FBgn0028684	0.041801347723662	0.105144359831261	0.0363994959732645	0.0130827809127267
FBgn0028685	0.0926409796427738	0.292586381717495	0.0865962093440447	0.0235551049060136
FBgn0028686	0.0469014147166119	0.1372897944657	0.0562438829077321	0.0104213008274757
FBgn0028687	0.0948351327691858	0.261647699640113	0.115650228576987	0.0264371170119638
FBgn0028688	0.0460346202763587	0.118314686671409	0.037336437517515	0.0141305050766345
FBgn0028689	0.0523380926356059	0.0915767181308922	0.0490418773056427	0.0174033337887689
FBgn0028690	0.0428723158623874	0.118060494112214	0.0373308704687138	0.0120064650196259
FBgn0028691	0.0365939293927638	0.107183610413777	0.0292646103611115	0.011937573512631
FBgn0028692	0.0465289619048592	0.106637805164439	0.0415666894699762	0.0118134757348962
FBgn0028693	0.0405559378631137	0.101711359046964	0.0465913834143701	0.00997258666787
FBgn0028694	0.0360153150210895	0.106551966145743	0.0374328578079508	0.00844966680795769
FBgn0028695	0.0513457106400656	0.115490756585129	0.0432843054827447	0.0113749888722935
FBgn0028697	0.0369383514932357	0.0478942090970449	0.0302312589984475	0.0323811940598352
FBgn0028699	0.0605643496214728	0.0991052993805919	0	0
FBgn0028700	0.0881440099317194	0.0850403476101801	0.0285536933581626	0.0130353817504655
FBgn0028703	0.0456612586037365	0.0382251720747295	0.152040314650934	0.00565388397246805
FBgn0028704	0.145907473309609	0.0284697508896798	0	0
FBgn0028707	0.0578747628083491	0.0521821631878557	0.0265654648956357	0
FBgn0028708	0.0592184541229129	0.0681700809089344	0.0246169736615597	0.0316749870889998
FBgn0028717	0.0533950993538949	0.0553456052663659	0.0415701572595393	0.0349871998049494
FBgn0028734	0.0854459430831156	0.0743591554268767	0.0247863851422922	0.0162417908339807
FBgn0028737	0.0261345006652075	0.0384773185700184	0.0155117806102742	0.0182910604695078
FBgn0028738	0	0	0	0
FBgn0028740	0	0.38235294117647	0	0
FBgn0028741	0	0	0	0
FBgn0028743	0.0535936850851682	0.0575405068550062	0.0810137100124636	0
FBgn0028744	0.0675795053003533	0.0627208480565371	0.0355565371024735	0.0106007067137809
FBgn0028746	0.0370463498449417	0.0262341798675718	0.0234682759198726	0.0221272315815942
FBgn0028789	0.166454081632653	0.0631377551020408	0	0
FBgn0028833	0.0484611930503264	0.0779593105592207	0.0294635763876895	0.0146799765120376
FBgn0028836	0.0589868540344515	0.057853581142339	0.0455009066183137	0.0217021758839529
FBgn0028837	0.073285088166344	0.0799103047599632	0.0457649577005403	0.0262970135562124
FBgn0028838	0.23768115942029	0	0	0
FBgn0028841	0	0	0	0
FBgn0028844	0.391999999999999	0	0	0
FBgn0028847	0.230473751600512	0	0	0
FBgn0028848	0.256594724220624	0	0	0
FBgn0028850	0.165109034267913	0	0	0
FBgn0028852	0.336655592469545	0	0	0
FBgn0028855	0.0947235097553091	0.507788078042471	0	0
FBgn0028856	0.233843117908239	0	0	0
FBgn0028857	0.210831721470019	0	0	0
FBgn0028858	0.129071170084439	0	0	0
FBgn0028862	0.145038167938931	0	0	0
FBgn0028863	0.125925925925926	0	0	0
FBgn0028868	0.282138794084186	0	0	0
FBgn0028870	0.38065438941534	0	0	0.0109064902556767
FBgn0028872	0.194410692588092	0	0	0
FBgn0028875	0.184210526315789	0	0	0
FBgn0028878	0.130281690140845	0.0669014084507042	0	0
FBgn0028879	0.115942028985507	0	0	0
FBgn0028880	0.188464118041583	0	0	0
FBgn0028884	0.218633540372671	0	0	0
FBgn0028886	0.0295615369353879	0.108789101249917	0.000727465114741089	0
FBgn0028887	0.269874476987448	0	0	0
FBgn0028888	0.168539325842697	0	0	0
FBgn0028892	0.225523295070898	0	0	0
FBgn0028893	0.231990924560408	0	0	0
FBgn0028894	0.0281386197266534	0.0208606609402107	0.0505225743663521	0.0169254855498667
FBgn0028895	0.0769944341372914	0.0630797773654918	0.0315398886827457	0
FBgn0028896	0.416666666666667	0	0	0
FBgn0028897	0.198722044728435	0.053035143769968	0.0319488817891374	0
FBgn0028899	0.30718954248366	0.0784313725490196	0	0.0424836601307189
FBgn0028900	0.120305164319249	0	0	0
FBgn0028901	0.2280163599182	0	0	0.0132924335378323
FBgn0028902	0.184760956175299	0	0	0
FBgn0028903	0.226353198469109	0	0	0
FBgn0028906	0.185654008438819	0	0	0
FBgn0028913	0.377331420373027	0	0	0
FBgn0028916	0.0382329100243177	0.00864631180761955	0.168467981626588	0.00945690353958388
FBgn0028919	0.0278856336039534	0.0427109071655489	0.0187080833039181	0.00847158489234028
FBgn0028920	0.0232162110418073	0	0.14659893592366	2.89698813998247e-05
FBgn0028926	0.0752336448598131	0.0668224299065421	0.0286604361370716	0.0101246105919003
FBgn0028931	0.0420233463035019	0.038910505836576	0.021011673151751	0
FBgn0028932	0.0358790363915941	0.0276781137878011	0.0452759268751068	0.0111054160259696
FBgn0028935	0.199211045364892	0	0	0
FBgn0028936	0.0325844018350782	0.00341136336901541	0	0.148453123161981
FBgn0028939	0.0284135306841217	0.000917296128104369	0	0.17342559142951
FBgn0028940	0.00408928267166468	0	0.00817856534332936	0.0149940364627705
FBgn0028941	0.270861833105335	0	0	0
FBgn0028942	0.233730522456462	0	0	0
FBgn0028943	0.38235294117647	0	0	0
FBgn0028945	0	0	0.0269047020367111	0
FBgn0028947	0	0	0	0
FBgn0028949	0	0	0.00288146692861821	0
FBgn0028950	0.00126273854198161	0	0.00780763690042149	0
FBgn0028952	0.148184494602551	0.0215897939156035	0	0
FBgn0028953	0.0537334716100596	0.0686414311641172	0.0300751879699249	0.0211304122374903
FBgn0028955	0	0	0	0
FBgn0028956	0.131285395572336	0.217950918139694	0.0777415479663635	0.104341856873177
FBgn0028962	0.0578984989278056	0.0689778413152252	0.0246604717655468	0.0182273052180129
FBgn0028963	0	0	0	0
FBgn0028965	0.0648565758614469	0.0644055565578206	0.0359011365686452	0.0195742377773769
FBgn0028968	0.0534938922017021	0.0548254501244718	0.0291205928327448	0.0236206796734788
FBgn0028969	0.0531625615763547	0.0516256157635468	0.0321970443349753	0.0148177339901477
FBgn0028970	0.0519381032633675	0.0315612072927838	0.0661866094683621	0.0139420867167152
FBgn0028974	0.0682226211849192	0.0345601436265709	0.0157091561938959	0.0112208258527828
FBgn0028978	0.0348055870139676	0.0585881464703662	0.0252925632314081	0.00973952434881087
FBgn0028979	0.0895225464190982	0.0258620689655173	0	0
FBgn0028980	0.0946558864129363	0.0617235259317687	0.0345099585880497	0.0246499704200355
FBgn0028982	0.188476790296244	0.166316771635176	0.103568929321204	0.0450198273851178
FBgn0028983	0.0315014283093535	0.0311607306654087	0.124118772440182	0.0126582278481013
FBgn0028984	0.0715179790623577	0.135298133818844	0.00557578516158398	0.00421028675466546
FBgn0028988	0.0387365911799763	0.0159203132981441	0.00289460241784437	0.296100800272433
FBgn0028990	0.0499978032599622	0.0507007600720531	0.00606300250428364	0.0346645577962304
FBgn0028991	0	0	0	0
FBgn0028992	0.0418729164562077	0.0489443378119002	0.0233862006263258	0.0465703606424891
FBgn0028993	0.150765606595996	0	0	0
FBgn0028996	0.249077490774908	0.018450184501845	0	0
FBgn0028997	0.153	0.014	0.00975	0.0535
FBgn0028999	0.18095238095238	0	0	0
FBgn0029002	0.0346603502977096	0.0251423356078057	0.025055413099222	0.0757312356034597
FBgn0029003	0.260423348300193	0.146568313021167	0.0936497754971135	0
FBgn0029006	0.088690884167238	0.0542837559972584	0.0389307745030843	0.0341329677861549
FBgn0029067	0.0530697190426639	0.0478668054110302	0.027471383975026	0.0372528616024974
FBgn0029079	0.0748629270350062	0.0474483340362717	0.0225643188528048	0
FBgn0029082	0.133447880870561	0.122565864833906	0	0
FBgn0029084	0.22565157750343	0	0	0
FBgn0029088	0.0688194812069879	0.0550555849655902	0.0473795659078878	0.0243515087347803
FBgn0029091	0.0654529692241006	0	0.222800173385349	0
FBgn0029092	0.0378441407009134	0.036522640409406	0.0407462589881452	0.0631858521733499
FBgn0029093	0.0311675217637809	0.0232328536038363	0.05276093495583	0.0873721194585099
FBgn0029094	0.0447579664315253	0.0647044514716612	0.0306494770128922	0.010702991972756
FBgn0029095	0.0801771871539315	0.0897009966777408	0.010188261351052	0.00332225913621262
FBgn0029105	0.118694362017804	0	0	0
FBgn0029113	0.104890706085863	0.0657336059128795	0.0228809561251769	0.012580594433087
FBgn0029114	0.0982326346074804	0.0735717221537197	0.00369913686806412	0.0123304562268804
FBgn0029117	0.076271186440678	0.132896764252696	0.0346687211093991	0.0288906009244992
FBgn0029118	0.0176271520567749	0.00790182678407148	0.0125016427914312	0.0694407937968195
FBgn0029121	0.0546496253856324	0.0630233583076244	0.0401057734684883	0.0279858968708682
FBgn0029123	0.100174723354689	0.075713453698311	0.00669772859638905	0
FBgn0029128	0.0555797733217088	0.011333914559721	0.005231037489102	0.00588491717523975
FBgn0029131	0.0530472103004292	0.089098712446352	0.0181974248927039	0.0111587982832618
FBgn0029133	0.0842868039664377	0.0475972540045767	0.0283752860411899	0.0131197559115179
FBgn0029134	0.0374893700529862	0.113625956695231	0.0259109046902596	0.00963563812389613
FBgn0029147	0.0582377791188895	0.0425467712733857	0	0.0129752564876282
FBgn0029148	0.0586707079454428	0.0612686728729163	0.0330158042866422	0.0112578480190518
FBgn0029152	0.0641661500309981	0.060136391816491	0.0289315974374871	0.0188055383343666
FBgn0029153	0	0	0	0
FBgn0029154	0	0	0	0
FBgn0029155	0.0495710200190657	0.0669685414680648	0.0259771210676835	0.00206545916746107
FBgn0029157	0.0753054608926939	0.0685728534618901	0.0356578838001829	0.00997423323082038
FBgn0029158	0.0824070525105403	0.0592180912226907	0.0287466462246071	0.0406285933307781
FBgn0029161	0	0	0	0
FBgn0029167	0.121539014742899	0.0604099244875944	0	0.0176195613088817
FBgn0029170	0.0468965517241378	0.0524137931034485	0	0
FBgn0029172	0	0	0	0
FBgn0029173	0.0841772151898734	0.0721518987341772	0.0481012658227848	0.0265822784810127
FBgn0029174	0.102929185222355	0.0952142005896005	0.0349369629304398	0.0215141441384933
FBgn0029175	0.171324422843256	0.131227217496962	0.100850546780073	0.128797083839611
FBgn0029176	0.056565481634619	0.0691265687829113	0.0237313085503066	0.028196149953728
FBgn0029501	0.268954918032787	0	0	0
FBgn0029502	0.0420402470611677	0.0749153217772465	0.034469017732616	0.0106594939230923
FBgn0029503	0.0836332476435305	0.0712939160239933	0.0207369323050557	0.0229648671808055
FBgn0029504	0.0411065149948293	0.0354188210961737	0.0271458117890382	0.0336091003102378
FBgn0029506	0.153321629392159	0.311477495356589	0.0162074141923008	0.0319568480777549
FBgn0029507	0.0155723836588531	0.00164265650409843	0.0343479475006981	0.0496739326839365
FBgn0029508	0.00491126241768056	0.00178591360642929	0	0
FBgn0029512	0.098809630358901	0.0779557862704734	0.0222858677168173	0.0119931978877652
FBgn0029514	0.0522617479139219	0.0456741326306544	0.0316205533596838	0.0166886253842776
FBgn0029523	0.209150326797386	0.156862745098039	0.143790849673202	0
FBgn0029524	0.145631067961165	0.203883495145631	0.148867313915857	0
FBgn0029525	0.231111111111111	0.133333333333333	0.0962962962962964	0.0281481481481481
FBgn0029526	0.127906976744186	0.153488372093023	0.141860465116279	0.0860465116279068
FBgn0029529	0.039089116012193	0.0433925049309665	0.0523578985117447	0.0102205486820871
FBgn0029531	0	0	0	0
FBgn0029539	0.398865784499055	0	0	0
FBgn0029552	0.242105263157895	0	0	0
FBgn0029573	0	0	0	0
FBgn0029580	0	0.0322580645161291	0	0
FBgn0029584	0.16732242700352	0.206460965003106	0.0559121971422655	0.137295506316008
FBgn0029589	0.552631578947368	0	0	0
FBgn0029590	0.551020408163265	0	0	0
FBgn0029594	0.0399074609600925	0.0637651821862348	0.0419317524580682	0.0157605552342394
FBgn0029596	0.407407407407407	0	0	0
FBgn0029603	0.140512820512821	0	0	0.0348717948717948
FBgn0029608	0.0078740157480315	0.0096012192024384	0.0220980441960884	0.00132080264160528
FBgn0029629	0.0456652718212283	0.0852013265501018	0.0369315715451531	0.0241696039449239
FBgn0029639	0	0	0	0
FBgn0029646	0	0	0	0
FBgn0029648	0.0211602472658107	0.0225867807893485	0.0160485021398003	0.0634807417974323
FBgn0029656	0.263245033112583	0	0	0
FBgn0029657	0.125	0	0	0
FBgn0029658	0.261348005502063	0	0	0
FBgn0029659	0.236208991494532	0	0	0.0138517618469016
FBgn0029660	0.248021108179419	0	0	0
FBgn0029661	0.246841593780369	0	0	0
FBgn0029662	0.0385579064587973	0.0826837416481069	0	0
FBgn0029663	0.111111111111111	0	0	0
FBgn0029664	0.0527263374485597	0.0594135802469136	0.0357510288065843	0.0375514403292181
FBgn0029665	0.0588131402331332	0.0367361356411162	0.0245496291063229	0.0139526669021547
FBgn0029666	0.219753086419753	0.14156378600823	0.0617283950617284	0.0962962962962963
FBgn0029667	0.220338983050848	0	0	0
FBgn0029669	0.446808510638298	0	0	0
FBgn0029672	0.0604462474645031	0.0446247464503043	0.0219066937119675	0.00730223123732251
FBgn0029676	0.127672761078401	0.210722032847846	0.0604276417725441	0.122404710257205
FBgn0029679	0.334615384615385	0	0	0
FBgn0029685	0.0673835125448027	0.042831541218638	0.0915770609318995	0.0403225806451613
FBgn0029686	0.114705882352941	0.182352941176471	0.108823529411764	0.0823529411764705
FBgn0029687	0.0485543774262704	0.0499449562547077	0.0237557216524711	0.0157309229966974
FBgn0029688	0.0663203271802807	0.0553774731955344	0.0288493423234221	0.0231015806344645
FBgn0029689	0.0344311377245509	0.0261976047904191	0.0235778443113772	0.0348053892215569
FBgn0029690	0	0	0	0
FBgn0029693	0.0667046750285063	0.0507411630558723	0.048460661345496	0.0262257696693273
FBgn0029694	0.508620689655173	0	0	0
FBgn0029700	0.348387096774194	0	0	0
FBgn0029701	0.463414634146341	0	0	0
FBgn0029702	0.265015015015015	0	0	0
FBgn0029703	0.321260898725688	0	0	0
FBgn0029705	0.270416024653313	0	0	0
FBgn0029706	0.0466290466290468	0.0752895752895753	0.0216810216810217	0.0292545292545293
FBgn0029707	0	0	0	0
FBgn0029708	0.160046728971963	0.0257009345794392	0	0
FBgn0029709	0.0313452767908887	0.0441454380527629	0.0187466928717212	0.0170584826265528
FBgn0029710	0.0489813610749891	0.0387949718248808	0.0104031209362809	0.0403120936280884
FBgn0029711	0.0510321100917431	0.0478784403669725	0.0237958715596331	0.0160550458715597
FBgn0029712	0.0134938001458789	0.0102115244347192	0	0
FBgn0029713	0.0672176308539946	0.0457300275482094	0.0352617079889807	0.0170798898071625
FBgn0029714	0.0613333333333333	0.0625185185185185	0.0349629629629629	0.0162962962962963
FBgn0029715	0.0468982035928143	0.0669700598802395	0.0243832335329342	0.0243353293413173
FBgn0029717	0.255779269202088	0	0	0
FBgn0029718	0.0709385718740257	0.0924540068599939	0.0428749610227627	0.0336763330215154
FBgn0029719	0.146853146853147	0.0909090909090908	0.104895104895105	0
FBgn0029720	0.0838509316770187	0.0434782608695653	0	0
FBgn0029722	0.255275697753574	0	0	0
FBgn0029723	0.0319258496395467	0.0916580844490216	0	0
FBgn0029724	0.295208655332303	0	0	0
FBgn0029725	0.431211498973306	0	0	0
FBgn0029726	0.397560975609756	0	0	0
FBgn0029727	0.48936170212766	0	0	0
FBgn0029728	0.394195888754535	0	0	0.0120918984280532
FBgn0029729	0.425641025641026	0	0	0
FBgn0029730	0.257872340425532	0	0	0
FBgn0029736	0.0858838226108681	0.0705808869456591	0.0359150530918176	0.0246720799500313
FBgn0029737	0.0649840783111218	0.0528364193890788	0.0445807288595354	0.0259464559499941
FBgn0029740	0.228395061728395	0	0	0
FBgn0029745	0.249303621169916	0	0	0
FBgn0029746	0	0	0	0
FBgn0029747	0.293083235638921	0	0	0
FBgn0029750	0.267800632911393	0.00791139240506329	0	0
FBgn0029751	0.276243093922652	0	0	0
FBgn0029752	0.239461883408072	0	0	0.00717488789237668
FBgn0029753	0.316996871741398	0	0	0
FBgn0029754	0.181081081081081	0	0	0
FBgn0029755	0.066947207345065	0.0608263198163734	0.0340474368783474	0.00956388676358072
FBgn0029756	0.0813287514318442	0.0727376861397479	0.0274914089347079	0.025200458190149
FBgn0029761	0.10615711252654	0.097664543524416	0.0212314225053078	0
FBgn0029762	0.142581888246628	0.037893384714194	0.269107257546564	0
FBgn0029763	0.0589036431733061	0.038134150493701	0.0327999092044036	0.0115764385427307
FBgn0029765	0	0	0.0184145519874242	0.0116775207725129
FBgn0029766	0.0244545258155109	0.0796284294664075	0.0191834089436163	0.00375891121192482
FBgn0029768	0.142857142857143	0.0571428571428571	0.12	0
FBgn0029769	0	0	0	0
FBgn0029770	0.608823529411765	0	0	0
FBgn0029771	0.0303700971351285	0.0322144350178286	0.0266814213697283	0.00245911717693348
FBgn0029778	0.068380213385063	0.0720174587778855	0.0278855480116392	0.0177012609117362
FBgn0029783	0	0.00934579439252336	0.00965732087227411	0
FBgn0029785	0.0343771241988736	0.0328886677024665	0.019914364439697	0.0235543309380462
FBgn0029789	0.0617812249264509	0.072211821342605	0.0430596416154052	0.0181866809307302
FBgn0029791	0.0857805255023184	0.0583462132921174	0.0108191653786708	0
FBgn0029795	0.0555555555555557	0	0.277341191879502	0
FBgn0029798	0.070806100217865	0.0501089324618735	0.0359477124183007	0.0174291938997821
FBgn0029799	0.171052631578947	0	0	0.401315789473684
FBgn0029800	0.0198918501351873	0.0229818462726922	0.0146774816531479	0.0071456160679799
FBgn0029801	0.0384956187850742	0.0166387712907354	0.0394801614649996	0.039184798661022
FBgn0029804	0.275653923541248	0.309859154929577	0	0
FBgn0029809	0.364341085271319	0	0	0
FBgn0029810	0.123003194888179	0	0	0
FBgn0029812	0.315646258503401	0	0	0
FBgn0029813	0	0.137071651090343	0.0747663551401869	0
FBgn0029814	0.178	0.018	0	0
FBgn0029816	0.412213740458015	0	0	0
FBgn0029817	0.2627688172043	0	0	0
FBgn0029818	0.0757188498402556	0.051597444089457	0.0476038338658147	0.0333865814696486
FBgn0029819	0.082351692666879	0.0647352223283454	0.0275920619760161	0.0267430754536772
FBgn0029820	0.0567809404573407	0.0590639614095814	0.0715837537283205	0.0120779172957248
FBgn0029821	0.0317302925136341	0.159271194843827	0	0
FBgn0029822	0.0817331363860167	0.0595765632693254	0.03397341211226	0.0132939438700148
FBgn0029823	0.0529332434254889	0.0289765490372368	0.0264104293099573	0.195605754102045
FBgn0029824	0.0593561368209255	0.0191146881287727	0.0523138832997988	0.0191146881287727
FBgn0029825	0.219047619047619	0.144761904761905	0.0819047619047618	0.0914285714285715
FBgn0029826	0.0157396678254153	0.00304171494785632	0.048184627269216	0
FBgn0029827	0.0020624422160586	0	0.0105966858687149	0
FBgn0029828	0.038548987184787	0	0.020773046713518	0.26322860686234
FBgn0029830	0.0233275496433391	0.0136880663196453	0.0289184499710815	0.0314247156352419
FBgn0029831	0.0369316867859951	0.000555015956708756	0.00092502659451459	0.295800379260904
FBgn0029833	0.0464365031294164	0.0501716131637392	0.0170603674540682	0.0121138703815869
FBgn0029834	0.0497667185069986	0.00622083981337479	0.0139968895800933	0
FBgn0029835	0.0212546125461254	0.00236162361623616	0.0937269372693728	0
FBgn0029837	0.121693121693121	0.0423280423280423	0	0
FBgn0029838	0.0199205584978334	0.0925312951372171	0.00517573423206547	0
FBgn0029839	0	0	0	0
FBgn0029840	0.18314606741573	0.159550561797753	0.10561797752809	0.048314606741573
FBgn0029843	0.0245315161839864	0.0633730834752981	0.0589437819420782	0
FBgn0029848	0.0174216027874565	0	0.0198170731707317	0
FBgn0029849	0.0447973453424982	0.0431381844038872	0.0594927707987675	0.0194358852808722
FBgn0029851	0.0239669421487604	0.0933884297520663	0	0
FBgn0029853	0.0452895419187554	0.0760587726879863	0.0401037165082108	0.0382022471910112
FBgn0029854	0.0761273209549071	0.0888594164456235	0.0275862068965517	0.0641909814323607
FBgn0029856	0.543071161048689	0	0	0
FBgn0029857	0.0570517928286852	0.0599203187250995	0.0460557768924303	0.0157768924302789
FBgn0029858	0.0451781059947871	0.0721112076455257	0.0165073848827107	0
FBgn0029859	0.0255957634598411	0	0	0
FBgn0029860	0.0201822092876122	0.0249272428191825	0.0428318360116412	0.00778185499177528
FBgn0029861	0.100234009360374	0.0686427457098284	0.0273010920436817	0.00975039001560062
FBgn0029863	0.0115949497552177	0.0149446019067251	0	0
FBgn0029864	0.137931034482759	0	0.0413793103448276	0
FBgn0029866	0.0932126696832579	0.126696832579185	0	0.0665158371040724
FBgn0029867	0.0439868975198877	0.0600530338480737	0.0331461550460147	0.0124785524879114
FBgn0029868	0.0292097913586331	0.0410054213898472	0.0194512896336454	0.0089042221126992
FBgn0029870	0.0450345022396191	0.0521367176465841	0.0585529236108309	0.0125095839554497
FBgn0029873	0.0755153554901138	0.0969709718132102	0.0340765671013883	0.0113588557004628
FBgn0029874	0.0407646893449536	0.0508855777340455	0.0455439977509137	0.0140567894292944
FBgn0029877	0.244791666666666	0	0	0
FBgn0029878	0.0333511047923702	0.0279604288845447	0.00995201706060067	0.0495823707126355
FBgn0029879	0	0.438356164383562	0	0
FBgn0029880	0.625	0	0	0
FBgn0029881	0.06656	0.03744	0.0256	0.0032
FBgn0029882	0.0750391142135035	0.0510891804067878	0.0287639908532916	0.0178120110723312
FBgn0029885	0.0342598035099505	0.0388781593752623	0.0277101351918717	0.011755814929885
FBgn0029887	0.0501197715128064	0.0477243412566795	0.0206375529758614	0.0121614151464898
FBgn0029888	0.0290271671739376	0.0313944312929772	0.0164017585390599	0.0121181377522264
FBgn0029890	0.257060101375814	0.0166545981173063	0	0
FBgn0029891	0.0463706563706564	0.0772586872586873	0.0701158301158301	0.0101544401544402
FBgn0029892	0.0681596884128529	0.0701071080817916	0.0321324245374878	0.0516066212268745
FBgn0029893	0.0714671467146713	0.0716471647164718	0.0381638163816382	0.0154815481548155
FBgn0029894	0.0683807439824945	0.0612691466083151	0.0344638949671772	0.0161378555798687
FBgn0029895	0.0911127707244213	0.011949215832711	0.0470500373412995	0
FBgn0029896	0.0744166693339308	0.035111865057773	0.00144032263226963	0.0457062381973562
FBgn0029897	0.0412468444737131	0.0342498079244869	0.0285122379541214	0.0115190429151575
FBgn0029898	0.0771200000000001	0.255424	0	0.001024
FBgn0029899	0.247596153846154	0.140625	0.0817307692307693	0.0288461538461538
FBgn0029903	0.0715498610682309	0.0414479777709169	0.0542605742513121	0.031799938252547
FBgn0029905	0.0819327731092437	0.084453781512605	0.0331932773109243	0.00672268907563025
FBgn0029906	0.0675273088381331	0.0314465408805032	0.0552797087057266	0.0585898709036743
FBgn0029909	0	0	0	0
FBgn0029911	0.0507000608748586	0.0516566657970258	0.0880076528393772	0.0230454822158448
FBgn0029912	0.0649019607843135	0.0545098039215687	0.0464705882352941	0.0145098039215686
FBgn0029913	0.0362793671088381	0.0412338181237015	0.0810292472430877	0.0342016941026051
FBgn0029914	0.0579320113314446	0.0522662889518414	0.0657223796033996	0.0395184135977337
FBgn0029915	0.0543478260869566	0.0336956521739131	0.0271739130434783	0.0166666666666666
FBgn0029922	0.145454545454546	0	0	0
FBgn0029924	0.037757858546169	0.0087794695481336	0.00540275049115913	0.106213163064833
FBgn0029925	0.0486052409129332	0.0607213299520993	0.0574809805579037	0.0431107354184277
FBgn0029928	0.110588235294118	0.0611764705882353	0	0
FBgn0029929	0.0552258489943952	0.0614902736564456	0.0265413781734257	0.0291790306627102
FBgn0029930	0.0361050328227571	0.025164113785558	0.0503282275711159	0
FBgn0029932	0.0474613686534215	0.0531378114159569	0.00946073793755913	0.0372122358877326
FBgn0029935	0.064888888888889	0.0491851851851852	0.136296296296296	0.034962962962963
FBgn0029936	0.0661091198725607	0.0649143767423337	0.0493827160493827	0.0195141377937076
FBgn0029937	0.0514553014553015	0.0574324324324324	0.0345634095634096	0.016978516978517
FBgn0029939	0.096128170894526	0.0120160213618158	0.0186915887850467	0
FBgn0029940	0.239162201656113	0	0	0
FBgn0029941	0.0616117571059431	0.0595122739018089	0.0310077519379845	0.0160691214470284
FBgn0029942	0.0545400943396227	0.0580778301886793	0.0218160377358491	0.0300707547169811
FBgn0029943	0.0586981996377971	0.0511345477788431	0.0846915947587089	0.0292958346649622
FBgn0029944	0.0778125752830645	0.0970850397494577	0.0236087689713322	0.021199710913033
FBgn0029945	0.215909090909091	0.020979020979021	0	0
FBgn0029946	0.268074735987002	0	0	0
FBgn0029947	0.209971729632485	0	0	0
FBgn0029949	0.311510031678986	0	0	0
FBgn0029951	0.303418803418804	0	0	0
FBgn0029952	0.408151210868281	0	0	0
FBgn0029955	0.214953271028037	0	0	0
FBgn0029957	0.0737100737100737	0.0712530712530713	0.0375570375570376	0.0217620217620218
FBgn0029958	0.0547682472029834	0.072562599893447	0.0279168886521044	0.0197123068726692
FBgn0029959	0.0353516072382988	0.0462701381995877	0.047339085286707	0.012216538138505
FBgn0029962	0.470588235294118	0	0	0
FBgn0029963	0.26224566691786	0	0	0
FBgn0029964	0.378723404255319	0	0	0
FBgn0029968	0	0	0	0
FBgn0029969	0.0205915501538274	0.0243077766608791	0.0164184105516464	0.0113009838861982
FBgn0029970	0.14468085106383	0.0567375886524821	0	0
FBgn0029974	0.115384615384615	0	0	0.0824175824175824
FBgn0029975	0.0436989004792783	0.015694013720515	0.0324217648717226	0.0396579268865709
FBgn0029976	0.0452178679090162	0.0175390517950123	0.0990682378733899	0.0064401205809811
FBgn0029979	0.0986929342678539	0.0541769274483803	0.0221632885016101	0.0312559196817579
FBgn0029980	0.0380837843255161	0.0344758468630988	0.0288634996993385	0.0302665864902786
FBgn0029986	0.171328671328672	0	0	0
FBgn0029987	0.403225806451613	0	0	0
FBgn0029989	0.37410071942446	0	0	0
FBgn0029990	0.0755900796641189	0.00319262030358488	0	0.45448245236301
FBgn0029992	0.0823656494734002	0.0726438023224413	0.040237645152579	0.0351066702673508
FBgn0029993	0.401590457256462	0	0	0
FBgn0029994	0.0124410634335751	0	0.0454455406315622	0.029359324854392
FBgn0029996	0.0348045844509964	0.0385510651976324	0.0522068766764947	0.0262031967013235
FBgn0029997	0.0702541106128549	0.038863976083707	0.0171898355754858	0.0179372197309417
FBgn0029999	0.0621592148309705	0.0539803707742639	0.034896401308615	0.00926935659760088
FBgn0030000	0.0850785340314136	0.0595549738219895	0.0340314136125654	0
FBgn0030001	0	0	0	0
FBgn0030003	0.0551020408163265	0.0855572998430143	0.0444270015698587	0.0260596546310832
FBgn0030004	0.1224	0.0264	0.0204	0.0124
FBgn0030005	0.0146286571642911	0	0.0551387846961741	0
FBgn0030006	0.0250287686996548	0.0336593785960875	0.0320771001150748	0.0159666283084005
FBgn0030007	0.0554960568591179	0.0632849771200469	0.0333949956187323	0.0252166293447571
FBgn0030008	0.0878048780487805	0.0626016260162602	0.0252032520325202	0.0178861788617886
FBgn0030010	0.146183699870634	0.0608020698576974	0.0323415265200517	0
FBgn0030011	0.0633245382585752	0.0123131046613896	0	0
FBgn0030012	0.0751879699248121	0.0457963089542036	0.037593984962406	0
FBgn0030013	0.018756063382559	0.00684488519995688	0.00393446157162875	0.0729222809097769
FBgn0030014	0.281867145421903	0	0	0
FBgn0030015	0.329896907216495	0	0	0
FBgn0030017	0.108864696734059	0.0839813374805599	0.0590979782270608	0.0342146189735614
FBgn0030018	0.069136745607334	0.0536669213139802	0.0706646294881587	0.0273109243697479
FBgn0030025	0.0768136557610242	0.106466790677317	0.0448626764416239	0.0179450705766495
FBgn0030026	0.143529411764706	0.163529411764706	0.0494117647058823	0.114117647058823
FBgn0030027	0.0763052208835341	0.0428380187416333	0.0133868808567604	0
FBgn0030028	0.0141784820683903	0.0581734778982485	0	0
FBgn0030029	0.00865835895776016	0.00744457031882182	0	0.0235474995954038
FBgn0030030	0.0602971162248763	0.0378677541508885	0.0113603262452665	0.041363239149432
FBgn0030033	0.283206106870229	0	0	0
FBgn0030034	0.260076045627377	0.187072243346008	0.0479087452471483	0.0212927756653992
FBgn0030035	0.0762094102054342	0.0547382372432075	0.0538104705102716	0.0274353876739563
FBgn0030037	0.0586102719033233	0.0395770392749245	0.0175226586102719	0.0244712990936556
FBgn0030038	0.0412029077308237	0.0323349319820227	0.0312188942177178	0.0371912044158899
FBgn0030039	0.0620216415940881	0.0390604381103193	0.0446027975719187	0.0129321720770652
FBgn0030040	0.0169745850135984	0.000468911188220951	0.0672793772859422	0.0145737597299072
FBgn0030041	0.0148466326115888	0.000430337177147502	0	0.0952957771172191
FBgn0030048	0.140560404225999	0.146991272393202	0.149747358750574	0.0647680293982544
FBgn0030049	0.049490538573508	0.0616205725376031	0.0177098495875788	0.00776322173702088
FBgn0030050	0	0	0	0
FBgn0030051	0.0790599213721001	0.126107054909924	0	0.10951743206463
FBgn0030052	0.0410272669625872	0.0928344958782498	0.0533925174381738	0.000951173113506658
FBgn0030053	0.0651121430688668	0.0618515956921254	0.029937753186444	0.0146230609623555
FBgn0030054	0.0880681818181818	0.0714962121212121	0.0350378787878788	0.00804924242424243
FBgn0030055	0.0420946626384693	0.0322255790533736	0.0398791540785498	0.0265861027190332
FBgn0030056	0.0399719941442301	0.04194513398256	0.0378079052892877	0.0311883393800521
FBgn0030057	0.0645378151260504	0.0981512605042018	0.0534453781512605	0.0919327731092435
FBgn0030058	0.33416149068323	0	0	0
FBgn0030060	0.053933784264863	0.0827696689213243	0.00996796012815951	0.0129939480242079
FBgn0030061	0.0558420771829986	0.0549528721323137	0.031477858794238	0.0135159167704072
FBgn0030063	0.062058526740666	0.0817356205852674	0.0375882946518668	0.018920282542886
FBgn0030065	0.0408724700334055	0.142758891727255	0.000884260168991943	0
FBgn0030066	0.0403815580286168	0.0359300476947536	0.00922098569157392	0.00858505564387916
FBgn0030067	0.0495476087893149	0.0611805256355019	0.0280051701852649	0.00926324859974146
FBgn0030073	0.0734287070309851	0.00461048206658079	0.0182385246457387	0.257847989694217
FBgn0030077	0.0680851063829787	0.0638297872340425	0.0148936170212766	0
FBgn0030081	0.266968325791855	0.144796380090498	0.097285067873303	0
FBgn0030082	0.06210415200563	0.0497888810696692	0.0195285010555947	0.008972554539057
FBgn0030085	0.540816326530613	0	0	0
FBgn0030086	0.0699269420008946	0.0893394960489042	0.0290144625018637	0.00984046518562696
FBgn0030087	0.139563862928349	0.192211838006231	0.084423676012461	0.0710280373831776
FBgn0030088	0.0632582322357019	0.0551704217215482	0.0430387059503178	0.0210860774119006
FBgn0030089	0.0467892868667311	0.0407389480477573	0.0335592126492418	0.00919651500484027
FBgn0030090	0.0617597292724195	0.00761421319796954	0	0.11336717428088
FBgn0030091	0.115942028985508	0.066304347826087	0.0282608695652174	0.0155797101449275
FBgn0030092	0.0591397849462365	0.0364823348694317	0.0203533026113672	0
FBgn0030093	0.101870576339737	0.0877148634984832	0.025783619817998	0.00631951466127403
FBgn0030096	0.0651844365841334	0.0568468923698838	0.0363820111167256	0.0133906013137949
FBgn0030097	0.0335116263070996	0	0.262821615299945	0
FBgn0030098	0.0212010484318713	0	0.145097096153598	0
FBgn0030099	0.0509399636143117	0.0664038811400849	0.0254699818071559	0.0121285627653123
FBgn0030100	0.0198019801980198	0.0306930693069307	0.0148514851485149	0
FBgn0030101	0.0638236565336408	0.0606540844258751	0.0148393603227201	0.0142630744849445
FBgn0030102	0.0526346880907372	0.170900283553875	0	0
FBgn0030104	0.406976744186047	0	0	0
FBgn0030105	0.0224346559657903	0.00266489007328447	0	0.186526811582976
FBgn0030109	0.0813607838819772	0.0685896730155236	0.032258064516129	0.0345700759660906
FBgn0030114	0.058593617238215	0.0606668252727458	0.108996363389185	0.0221255480406485
FBgn0030116	0.430210325047801	0	0	0
FBgn0030120	0.535315985130111	0	0	0
FBgn0030121	0.237315875613748	0.16366612111293	0.0785597381342063	0.032733224222586
FBgn0030122	0.0863150129103651	0.0682405016599041	0.0258207303578015	0.0188122464035411
FBgn0030136	0.150092244875025	0.176295408359165	0.0861389198452909	0.0732340023037808
FBgn0030137	0.0440954394442767	0.0664451827242525	0.040773180308064	0.0256720024161884
FBgn0030141	0.0557583500638804	0.0553933199488957	0.0417046906369775	0.00958204051834276
FBgn0030148	0.00318748188930744	0	0.0260793972761519	0
FBgn0030151	0.0407885406325343	0.0496667139412849	0.014522762728691	0.0198269748971777
FBgn0030156	0.021167283189478	0.0694615700780931	0.0041101520756268	0
FBgn0030157	0.0059695347879786	0	0	0.068087532064477
FBgn0030158	0.0957252466203873	0.0457922299354523	0.0175374497625137	0.0214346608208501
FBgn0030159	0.0790909090909091	0.111515151515152	0	0
FBgn0030160	0.0380249468131613	0.0807857080406843	0.000765016174627692	0.0715107976568648
FBgn0030163	0	0	0	0
FBgn0030164	0	0	0	0
FBgn0030170	0.0545977011494253	0.028735632183908	0	0
FBgn0030174	0.135678391959799	0.0552763819095477	0	0.050251256281407
FBgn0030177	0.16590761223162	0.181522446324008	0.113207547169811	0.0377358490566037
FBgn0030178	0.035777821703894	0.041905514923898	0.0126507214864598	0.0175924095671081
FBgn0030183	0.029033938026213	0.0207447270202239	0.0653589098168562	0.0304661053727975
FBgn0030186	0	0	0	0
FBgn0030187	0	0	0	0.0852272727272727
FBgn0030189	0.0395286029953351	0.0378099680824944	0.0189049840412472	0.00662902037809968
FBgn0030191	0.418594500218245	0	0	0.0270624181580096
FBgn0030195	0.409677419354839	0	0	0
FBgn0030196	0.0820770519262981	0.0988274706867672	0.0301507537688442	0.0647682858738136
FBgn0030200	0.456989247311827	0	0	0
FBgn0030206	0.0854309687261633	0.0720823798627003	0.0385202135774219	0.0125858123569794
FBgn0030207	0.240343347639485	0	0	0
FBgn0030208	0.0818782290236086	0.0918187168922896	0.0184422209142633	0.0213197305604605
FBgn0030215	0.44090909090909	0	0	0
FBgn0030217	0.0631399317406141	0.0426621160409556	0.0187713310580205	0.0170648464163822
FBgn0030218	0.0472665148063782	0.0193621867881548	0	0
FBgn0030222	0	0	0	0
FBgn0030224	0.292307692307692	0	0	0
FBgn0030228	0.243079000675219	0.114787305874409	0.0898041863605671	0.0249831195138419
FBgn0030230	0.155115511551155	0	0.0363036303630363	0
FBgn0030234	0.0236673997277202	0.0270185359723531	0.0805319928788355	0
FBgn0030237	0.0353152832996468	0.0246762765697532	0.197321369078027	0.000755169579992446
FBgn0030239	0.0424098295679745	0.0323424494649227	0.039635354736425	0.0493856520015855
FBgn0030240	0.0750220653133274	0.066490144160047	0.0376581347455134	0.0111797587525743
FBgn0030241	0.378566457898399	0.102992345163535	0.0396659707724426	0
FBgn0030242	0.357466063348415	0.0667420814479639	0.0180995475113122	0
FBgn0030243	0.0792027275111463	0.0771046420141621	0.027012850773669	0.015997901914503
FBgn0030244	0.559471365638767	0	0	0
FBgn0030245	0.0386765441076218	0.0489024223969459	0.0793982638731082	0.025769213289097
FBgn0030246	0.0824978516184474	0.0739043254081925	0.0441134345459753	0.0211973646519622
FBgn0030247	0.273038842345773	0	0	0
FBgn0030251	0.0310142969717437	0.0569627378138017	0	0.0658561296859169
FBgn0030257	0.0170777988614801	0.049335863377609	0	0
FBgn0030258	0.0540540540540539	0	0	0
FBgn0030259	0	0	0	0
FBgn0030260	0.135185185185185	0	0	0
FBgn0030261	0.0107201759208356	0.00888766721641928	0	0.0235477368517501
FBgn0030262	0	0	0	0
FBgn0030263	0	0	0	0
FBgn0030266	0.0450772986167616	0.0279902359641985	0.0170870626525631	0.00634662327095199
FBgn0030268	0.0864278982092367	0.055890669180019	0.0263901979264844	0.0116870876531574
FBgn0030269	0.0483643542019175	0.059503666102651	0.0415961646926114	0.00930626057529611
FBgn0030270	0	0	0	0
FBgn0030271	0.0376782077393074	0.147657841140529	0	0
FBgn0030272	0.11715544750038	0.083118067163045	0	0
FBgn0030274	0.0620697701551743	0.0963714852409287	0.0605530276513826	0.0287014350717536
FBgn0030276	0.0432061859779186	0.0491450436446251	0.0306907409621747	0.0140300530112798
FBgn0030277	0.421427076794308	0	0	0
FBgn0030278	0.418537291817524	0	0	0
FBgn0030280	0.218302094818082	0	0	0
FBgn0030283	0.183689947517158	0	0	0
FBgn0030286	0.0391883519206939	0.0288104089219331	0.0650557620817844	0.00728004956629494
FBgn0030289	0.0492834673191192	0.0403704998252359	0.0265641384131423	0.0241174414540371
FBgn0030290	0.340267459138187	0	0	0
FBgn0030291	0.0730411686586986	0.0657370517928287	0.0378486055776892	0
FBgn0030292	0.0334612105711849	0.050351662404092	0.0315963341858483	0.00394288150042626
FBgn0030293	0.0598822539949539	0.0513036164844409	0.0292682926829268	0.0126156433978133
FBgn0030294	0.052069199457259	0.0362957937584803	0.0191655359565808	0.0152645861601086
FBgn0030296	0.225290697674419	0	0	0
FBgn0030300	0.0214582877162251	0.0347054959492009	0.0610904313553755	0.00175169695642654
FBgn0030301	0.0680455635491608	0.0740407673860912	0.0296762589928058	0.0293764988009593
FBgn0030304	0.0613545816733069	0	0	0
FBgn0030305	0.0592194955691889	0.0727675528289026	0.0254771642808453	0.0202794819359236
FBgn0030306	0.0393715257040474	0.0506041255110948	0.00838425138971841	0.01350668443056
FBgn0030307	0.5	0	0	0
FBgn0030309	0.0243782035123099	0.0948449710108394	0.0184648348878246	0.00598689185782707
FBgn0030310	0.0547747747747747	0.0263063063063063	0	0.186546546546547
FBgn0030311	0	0	0	0
FBgn0030313	0.262439807383628	0	0	0
FBgn0030314	0.189165950128977	0.184006878761823	0.104041272570937	0.0352536543422185
FBgn0030316	0.184834123222749	0.164691943127962	0.114928909952607	0.0355450236966825
FBgn0030317	0	0	0	0
FBgn0030318	0.0595135529193452	0.0811849691828484	0.0799257737424614	0.0123268606269468
FBgn0030319	0.281665702718334	0	0	0
FBgn0030320	0.268305718866916	0.180117584179583	0.0502405130946018	0.0358097274184928
FBgn0030321	0.0602109300095877	0.0814956855225311	0.0333652924256951	0.0242569511025887
FBgn0030323	0.0293018682399214	0.032448377581121	0.0125860373647984	0.0102261553588987
FBgn0030326	0.0315595052220905	0.0823051547844053	5.73927765973128e-05	0.0185339536970731
FBgn0030327	0.0594806763285023	0.0643115942028986	0.00996376811594203	0.0214371980676328
FBgn0030328	0.0601917875583968	0.0635357757560856	0.0231620358986968	0.0132776001967052
FBgn0030329	0.0366249096041245	0.0141134205799333	0.176382765297315	0.00440898593323535
FBgn0030330	0.0629615952732645	0.0535450516986706	0.0374815361890694	0.0195716395864106
FBgn0030331	0.0501567398119122	0	0	0
FBgn0030332	0	0.559322033898306	0	0
FBgn0030334	0.0165573258356763	0.00671665104654794	0	0.0198375507653858
FBgn0030336	0.0508802816901408	0.0681338028169014	0.0264084507042253	0.0220070422535211
FBgn0030341	0.0424154120123037	0.0441962117532783	0.015001888726998	0.0172143974960876
FBgn0030342	0.0707964601769909	0.0391639992468461	0.0184522688759179	0.0146864997175673
FBgn0030343	0.0831552999178309	0.0261298274445357	0.107477403451109	0.0627773212818404
FBgn0030344	0.0610370370370369	0.0362962962962963	0.0228148148148148	0.0202962962962963
FBgn0030345	0.0458950969213227	0.040478905359179	0.0362029646522234	0.0193842645381984
FBgn0030346	0.0489952153110048	0.0516746411483254	0.0386602870813397	0.00746411483253589
FBgn0030347	0.0105035279025016	0	0.034316869788326	0.0194034637588198
FBgn0030349	0.0645466590952113	0.0967253454476622	0.0336929774749195	0.0183607798599281
FBgn0030350	0.153531598513011	0.209293680297398	0.0919454770755885	0.0296158612143742
FBgn0030351	0.266075388026608	0.123059866962306	0.0698447893569845	0.0454545454545456
FBgn0030352	0.0516071955175464	0.0536714833382484	0.0312592155706281	0.010026540843409
FBgn0030354	0.0817537497939672	0.0728531399373659	0.0316466128234713	0.0204384374484918
FBgn0030356	0.424285714285714	0	0	0
FBgn0030357	0.0221577838349862	0.0956330104970133	0.0153917531752015	0.000692068278915116
FBgn0030358	0.164705882352941	0	0	0
FBgn0030359	0.242203742203742	0	0	0
FBgn0030360	0.0910871694417238	0.10822722820764	0.0440744368266405	0
FBgn0030361	0.1	0.0488888888888889	0.0288888888888889	0
FBgn0030362	0.0162028549230371	0.0128848466510937	0.00071283330726449	0.0138746080057848
FBgn0030364	0.055702378532222	0.0978349257979265	0.0477739377922341	0.0241919089245782
FBgn0030365	0.0889429575560965	0.0773181941065152	0.0470397404703974	0.0362260070289268
FBgn0030366	0.0833483673101209	0.0585723735642553	0.0359612724757952	0.0265800709603704
FBgn0030367	0.0250792735658691	0.00403574517151917	0.134236571538388	0
FBgn0030369	0.0736842105263158	0.0596491228070176	0.259649122807018	0
FBgn0030370	0.164627363737486	0	0	0
FBgn0030374	0.293922651933702	0	0	0
FBgn0030376	0.405228758169933	0	0	0
FBgn0030377	0.0484279002529816	0	0	0
FBgn0030384	0.205172413793104	0	0	0
FBgn0030386	0.248314606741573	0	0	0
FBgn0030391	0.0530180906322766	0.0574959699086513	0.0338527673293928	0.0128962923159592
FBgn0030394	0.0034805720794836	0.0999240602455384	0	0
FBgn0030395	0.180327868852459	0	0	0
FBgn0030396	0.124382478867054	0.0502799429136019	0.333186957953672	0
FBgn0030398	0.0928961748633877	0	0	0
FBgn0030400	0.0788456583354805	0.0309198660139139	0.0383921669672765	0.00798763205359441
FBgn0030403	0.0569584203531422	0.0590468957660909	0.0343649136130624	0.0132902980823998
FBgn0030406	0.0714531088972861	0.0714531088972861	0.0401923737547235	0.0288560632085194
FBgn0030407	0.0218216318785579	0.00948766603415558	0.0218216318785579	0.0161290322580645
FBgn0030409	0.332829046898638	0	0	0
FBgn0030410	0.0551378446115288	0.0739348370927318	0.043859649122807	0.0169172932330827
FBgn0030411	0.0260610573343261	0.0181186398610077	0.0208488458674609	0.00694961528915363
FBgn0030412	0.0684904153354631	0.0884584664536743	0.0387380191693291	0.051517571884984
FBgn0030418	0.0304359040495228	0.0474593758060356	0.0116069125612587	0.0144441578540109
FBgn0030420	0.193798449612403	0.170542635658915	0.0872093023255814	0.0813953488372093
FBgn0030421	0.100178890876565	0	0	0
FBgn0030425	0.0110576065632246	0	0	0.0383449259853755
FBgn0030429	0.271428571428571	0	0	0
FBgn0030431	0.0392263688368292	0.0550258785072187	0.0256061018795968	0.0245164805230182
FBgn0030432	0.0418502202643172	0	0	0
FBgn0030433	0.0610824742268041	0.0554123711340206	0.036340206185567	0.0175257731958763
FBgn0030434	0.0785650224215247	0.109417040358744	0.0398206278026906	0.0209865470852018
FBgn0030435	0.0524603924037353	0.0381911656699191	0.03525338369531	0.0219284440247613
FBgn0030440	0.414937759336099	0	0	0
FBgn0030441	0.141388174807198	0	0	0
FBgn0030443	0.415713196033562	0.0049580472921434	0	0
FBgn0030447	0.0204081632653061	0.0255983875031494	0.0273620559334845	0.00982615268329554
FBgn0030449	0.25673249551167	0	0	0
FBgn0030451	0.00170305000774114	0.0011611704598235	0.00100634773184703	0.00495432729524694
FBgn0030452	0	0	0.00319148936170213	0
FBgn0030455	0.518867924528301	0	0	0
FBgn0030456	0.0980066445182723	0.0838870431893687	0.0243632336655592	0.0406976744186046
FBgn0030457	0.0483053531834021	0.0329426670890085	0.0136205258156478	0.0121951219512195
FBgn0030460	0.0509666080843586	0.0852372583479789	0.031634446397188	0.0224077328646749
FBgn0030462	0.424847958297133	0	0	0
FBgn0030465	0.0490596892886345	0.0449713818479149	0.0106295993458708	0.0133551376396838
FBgn0030466	0.287128712871287	0.145685997171146	0.0622347949080624	0.0297029702970297
FBgn0030467	0.0848684210526316	0.0506578947368422	0.0407894736842106	0.0184210526315789
FBgn0030468	0.0822655048692977	0.0830343413634033	0.0302409021014864	0.00743208610968733
FBgn0030474	0.0644194756554307	0.0599250936329588	0.0325842696629214	0.0157303370786517
FBgn0030478	0.0391487546002453	0.06008320443757	0.0323750600032002	0.010347218518321
FBgn0030479	0.221486959906579	0.191903464383028	0.0428182172051382	0.0622810432074737
FBgn0030480	0.0691994572591588	0.0463025780189959	0.0313772048846676	0.0208616010854817
FBgn0030481	0.0449383517196626	0.0353666450356911	0.0128163530175211	0.0131408176508761
FBgn0030482	0.0360878900004568	0.0953359828239917	0.00260380978484309	0.00342606550637248
FBgn0030483	0.53731343283582	0	0	0
FBgn0030484	0.0403872333988806	0.0138027529874452	0.0953965612867444	0.0344879745878082
FBgn0030485	0.152008686210641	0.0879478827361564	0.0162866449511401	0.00977198697068404
FBgn0030486	0.103651789007746	0.0627074880118038	0.0320914791589819	0.0228697897454814
FBgn0030492	0	0.0898748577929463	0	0
FBgn0030493	0.154867256637168	0.023598820058997	0	0
FBgn0030494	0.0543428225317989	0.178946093276802	0	0
FBgn0030495	0.031390134529148	0.11322869955157	0	0
FBgn0030499	0.0361287497262974	0.0209108824173418	0.0997372454565361	0.00777315524414277
FBgn0030500	0.165983606557377	0.0430327868852459	0.0430327868852459	0
FBgn0030501	0.290322580645161	0.225806451612903	0	0
FBgn0030502	0.0666466826538768	0.0437649880095923	0.0296762589928058	0.0648481215027977
FBgn0030503	0.0412211248061382	0.0303648681740266	0.0886458248306261	0.0169782058607461
FBgn0030504	0.0768805309734514	0.0561393805309735	0.0331858407079646	0.0105088495575222
FBgn0030505	0.0728321615287544	0.0607535604831438	0.0198305390301064	0.0414638543356769
FBgn0030506	0.078546307151231	0.0463071512309495	0.0310668229777257	0.0234466588511137
FBgn0030507	0.0617283950617283	0.0572390572390572	0.0258136924803592	0
FBgn0030508	0.201342281879194	0	0	0
FBgn0030509	0.0552763819095477	0	0.420435510887772	0
FBgn0030510	0.0161257810925217	0.0292279782301955	0.0165289256198347	0.0114896190284217
FBgn0030511	0.011335852411647	0.0135585685707935	0.0104467659479885	0.0046677039342076
FBgn0030512	0.0622568093385214	0.0568093385214008	0.0377431906614786	0.0229571984435798
FBgn0030514	0.174655047204067	0.152505446623094	0.148511256354393	0.0428467683369644
FBgn0030518	0.0456335616438357	0.035873287671233	0.0361301369863015	0.0671232876712328
FBgn0030519	0.0125643933053072	0.0073497594825163	0.0207637811938384	0.016834644624758
FBgn0030520	0.0752245508982036	0.0515635395874917	0.0158848968729208	0.0198769128409847
FBgn0030521	0.0212394587173956	0.0181194173545615	0.0788086790636308	0.00740608675497871
FBgn0030522	0.0433526011560693	0.0422409959982214	0.0326811916407292	0.0224544241885282
FBgn0030524	0.515957446808511	0	0	0
FBgn0030525	0.0780943025540275	0	0	0
FBgn0030528	0.0567765567765567	0.0673076923076923	0.0412087912087912	0.0256410256410257
FBgn0030529	0.0399555167209468	0.037493049487648	0.0203352132814362	0.00444832790531416
FBgn0030530	0.0846417614149069	0.0998014798772783	0.0514347590687601	0.0117307345244541
FBgn0030536	0.261627906976744	0	0	0
FBgn0030538	0.555555555555555	0	0	0
FBgn0030539	0.0361699144819852	0.0921772045422684	0	0
FBgn0030541	0	0	0	0
FBgn0030542	0	0.531707317073171	0	0
FBgn0030544	0.227182342413999	0.251242791807516	0	0
FBgn0030545	0.02552400270453	0.0188049357674104	0.0144945909398242	0.0326656524678837
FBgn0030552	0.0591745400298359	0.0479031990717719	0.0300016575501409	0.0227084369302171
FBgn0030554	0.0288648348598391	0.0249791840133222	0.0188731612545102	0.00527338329170136
FBgn0030555	0.0567043274355149	0.09230441270518	0.0596887657215946	0.0202515455126839
FBgn0030556	0.0647103804243931	0.0823934238195373	0.0369910151022749	0.0188300516153699
FBgn0030558	0.0444659255679073	0.424359594006767	0	0
FBgn0030563	0.531531531531532	0	0	0
FBgn0030566	0.530035335689046	0	0	0
FBgn0030571	0.0577255444175595	0.0542689249913587	0.026443138610439	0.0148634635326651
FBgn0030572	0.0509668715335031	0.0376255433967921	0.0307300254834358	0.0128916204467097
FBgn0030573	0.0418118466898955	0	0	0
FBgn0030574	0.0375741935483872	0.150193548387097	0.00980645161290323	0
FBgn0030575	0.0224879528823844	0.00642512939496698	0	0.119578797072996
FBgn0030576	0.37888198757764	0.0838509316770187	0	0
FBgn0030577	0.48611111111111	0	0	0
FBgn0030578	0.148648648648649	0	0	0
FBgn0030581	0.0512925728354535	0.0459581452605662	0.0451374640951991	0.0110791957324579
FBgn0030582	0.0628626692456481	0.0456479690522243	0.0364603481624759	0.00783365570599613
FBgn0030584	0.0454769447377683	0.0542766631467793	0.0311862020415347	0.0134459697289687
FBgn0030586	0.0289950008619203	0.0666436821237717	0.00465436993621789	0
FBgn0030587	0	0	0	0
FBgn0030590	0	0.0792079207920793	0	0
FBgn0030592	0	0.612903225806452	0	0
FBgn0030593	0.012668998770918	0.0181525952538527	0.0183416847877469	0.0137562635908102
FBgn0030594	0.00957465550389497	0.00483328609836617	0.00432774428776052	0.0723614164362366
FBgn0030595	0.0421897975342155	0.174075330844927	0	0
FBgn0030597	0.0342072920934043	0.0436296599754199	0.148504711183941	0
FBgn0030598	0.015517755893763	0.0128319904506117	0	0
FBgn0030599	0.422343324250681	0	0	0
FBgn0030600	0.0549797205948626	0.00225326723749437	0.149616944569626	0
FBgn0030603	0.0275990027251116	0.0289325679828375	0.0954368875746506	0.00620397750333391
FBgn0030605	0.153975176115398	0.157329755115733	0.124790338812479	0.0419322375041933
FBgn0030607	0.0289954337899543	0	0	0.0719178082191781
FBgn0030608	0.0271517146131468	0.00477505803532072	0.0200846287208722	0.0586670976462637
FBgn0030610	0.0737986801747375	0.0815131517799051	0.0232363602565294	0.00446138116925365
FBgn0030611	0.0379310344827586	0.0589341692789969	0.0598746081504703	0.0153605015673981
FBgn0030612	0.0248648648648648	0.0448648648648649	0.014054054054054	0
FBgn0030613	0.0503703703703702	0.00740740740740742	0.00888888888888889	0.068148148148148
FBgn0030614	0.20375939849624	0	0	0
FBgn0030615	0.057925879788228	0	0	0.384926814076612
FBgn0030616	0.0274719901651253	0.0325308736833282	0.0124402782822497	0.0133378502975608
FBgn0030617	0.277591973244147	0.193979933110367	0.0468227424749164	0
FBgn0030620	0.287726358148894	0	0	0
FBgn0030622	0.288405797101449	0	0	0
FBgn0030623	0.481946624803767	0	0	0
FBgn0030624	0.26951951951952	0	0	0
FBgn0030625	0.208872458410351	0.041897720271103	0.033271719038817	0.019716574245225
FBgn0030628	0.0489462950373895	0.0312712440516655	0.0139360978925901	0.00475866757307954
FBgn0030629	0.469586374695864	0.0656934306569344	0	0
FBgn0030630	0.131156930126002	0.226231386025201	0.0985108820160366	0.0463917525773196
FBgn0030631	0.0830130668716373	0.0637970791698693	0.0280553420445811	0.01076095311299
FBgn0030634	0.0686695278969957	0	0.072961373390558	0
FBgn0030638	0.0364572605561277	0.0519052523171988	0.0125643666323378	0.0199794026776519
FBgn0030640	0	0	0	0
FBgn0030641	0	0	0	0
FBgn0030642	0.0783132530120482	0	0	0
FBgn0030645	0.113142857142857	0.270857142857143	0.109714285714286	0
FBgn0030647	0.543478260869566	0	0	0
FBgn0030648	0.0689454545454546	0.0826181818181817	0.0337454545454545	0.0117818181818182
FBgn0030653	0.179896238651102	0.098184176394293	0.170687418936446	0.0529182879377432
FBgn0030654	0.0493642483171279	0.0426327599102468	0.0216903515332835	0.0164547494390426
FBgn0030655	0.168367346938776	0.142857142857143	0.124149659863945	0.0391156462585034
FBgn0030657	0.191458026509573	0.163475699558174	0.0780559646539029	0.0839469808541973
FBgn0030658	0.0566991693752256	0.0687071144817624	0.024286746117732	0.0246478873239437
FBgn0030659	0.103359173126615	0.0676141257536606	0.041343669250646	0.00947459086993971
FBgn0030660	0.265975820379966	0.0120898100172712	0	0
FBgn0030661	0.216848673946958	0	0	0.0436817472698908
FBgn0030662	0.0487451737451738	0.0748069498069496	0.021476833976834	0.101351351351351
FBgn0030663	0.5375	0	0	0
FBgn0030664	0	0	0	0
FBgn0030665	0.19047619047619	0.247619047619047	0	0
FBgn0030666	0.284615384615384	0.238461538461538	0	0
FBgn0030667	0.407103825136612	0	0	0
FBgn0030668	0.0298948145414283	0.0147628713784831	0.0101494740727071	0.0415205757519838
FBgn0030669	0.0273890593429619	0.0293347302252489	0.0111501908254135	0.0352465763675821
FBgn0030670	0.0383696229421137	0.0442113648433351	0.0318640467339352	0.0216409984067977
FBgn0030671	0.0584876934788126	0.0756153260593759	0.0413600608982493	0.0156051763511799
FBgn0030672	0.0579552329098609	0.0572696108086308	0.0350070578745715	0.00782415809639041
FBgn0030673	0.216216216216216	0.0750750750750752	0.0555555555555554	0
FBgn0030674	0.0774457987272138	0.0515586236651925	0.0508035810592169	0.032790421745227
FBgn0030675	0.037394451145959	0.0442299959790913	0.0257338158423804	0.0193003618817853
FBgn0030676	0	0	0	0
FBgn0030678	0.0422138836772983	0.0532363977485929	0.0272045028142589	0.0236866791744841
FBgn0030679	0.0355821992313085	0.0652420894872972	0.0298049263941599	0.0285237738403152
FBgn0030680	0.0817287120239624	0.0693196405648267	0.029097133076594	0.0316645271715875
FBgn0030683	0.0636842105263157	0.0510526315789473	0.0268421052631579	0.00947368421052631
FBgn0030684	0.117210682492581	0	0	0
FBgn0030685	0.0635382059800665	0.0437084717607973	0.0754775747508305	0.0192068106312293
FBgn0030686	0.0537868632707775	0.0576407506702414	0.0410522788203753	0.022955764075067
FBgn0030687	0.0630942091616249	0.0410544511668108	0.0639585133967156	0.0125324114088159
FBgn0030688	0.0189160354208898	0	0.0816067427717915	0
FBgn0030691	0.248893805309734	0	0	0
FBgn0030692	0.0734644720995585	0.0646326776395021	0.0335206744279406	0.0112404656764352
FBgn0030693	0.116975481938985	0.139434774471271	0.136627362904735	0.104997192588433
FBgn0030694	0.0381376919266965	0.0543585933630509	0.0465577018325903	0.0247647350173353
FBgn0030695	0.0371548900327561	0.0855404773046328	0.0463266261113711	0.0204960224613945
FBgn0030696	0.275529865125241	0	0	0
FBgn0030697	0.386328327291559	0	0	0.0129466597617815
FBgn0030699	0.0511495544072494	0.0729424099453307	0.0651538980004493	0.0177488204897776
FBgn0030700	0.0249400479616307	0.0436450839328537	0.0249400479616307	0.0215827338129497
FBgn0030701	0.0760534429599178	0.0683453237410072	0.0363138060979788	0.0614936622130869
FBgn0030703	0.0464598249801114	0.082227525855211	0.0432776451869531	0.0587907716786
FBgn0030704	0.0605971896955503	0.0728922716627635	0.052400468384075	0.0401053864168619
FBgn0030706	0.18936877076412	0	0	0
FBgn0030710	0.125116713352007	0.0410830999066294	0.0205415499533146	0
FBgn0030711	0.134517766497462	0.183587140439932	0.0922165820642977	0.0862944162436548
FBgn0030716	0.112745098039216	0.057422969187675	0.0126050420168067	0.0140056022408964
FBgn0030717	0.155594405594406	0.179632867132867	0.100087412587413	0.0681818181818182
FBgn0030718	0.0292351609410375	0.0407520425238705	0.0214259933720511	0.0131902746333301
FBgn0030719	0.0525038287051753	0.0664316467766637	0.0261218828560696	0.0234056693732482
FBgn0030720	0.0792962774094851	0.0553289138194798	0.0400305966343702	0.0107088220295767
FBgn0030721	0.287830687830688	0	0	0
FBgn0030722	0.157714285714286	0	0	0
FBgn0030723	0.452380952380952	0	0	0
FBgn0030724	0.0254513924308885	0.0457513006222585	0.0110850419939474	0.0321670237002279
FBgn0030725	0.160714285714286	0	0	0
FBgn0030731	0.102122423869579	0.14457090126115	0.164103352814518	0.0532143955705937
FBgn0030734	0.0462936209830171	0.0561494751035346	0.0203216796686892	0.0207711322995923
FBgn0030735	0.0368863574721996	0.0501084892866829	0.0561432058584215	0.028817466775156
FBgn0030737	0	0	0	0
FBgn0030738	0.048490687219011	0.0621387283236994	0.0337186897880539	0.0134874759152216
FBgn0030739	0.0557880055788006	0.0469549046954905	0.0367271036727103	0.0390516039051604
FBgn0030740	0.0757083139804922	0.110543427775197	0.0217138875986995	0.0270552717138876
FBgn0030742	0.159036144578313	0.0240963855421687	0	0
FBgn0030743	0.0241366949456327	0.0197156171585614	0.0187597084478432	0
FBgn0030744	0.0637536491195029	0.0509464168000752	0.0190225068273849	0.0198700442602882
FBgn0030745	0.0323533549022366	0.0781403854269236	0.00717400478266986	0.00478266985511325
FBgn0030746	0.0138763197586727	0	0.0446455505279034	0
FBgn0030747	0.0246647743956152	0	0.108642458647352	0.000880884799843398
FBgn0030748	0.0201603665521191	0	0.0936998854524629	0.00378006872852234
FBgn0030749	0.0387046429964884	0.0451033944596177	0.00764728833398362	0.0338665626219275
FBgn0030752	0.027187113819406	0.0296160565901053	0.0432948395619381	0.0101419013934461
FBgn0030753	0.102616158353712	0.318276196188806	0.0567065011765792	0.0254233377935681
FBgn0030756	0.0272446470341271	0.000449829064955317	0.215258201883284	0
FBgn0030757	0.423236514522821	0.0954356846473029	0	0
FBgn0030759	0.0269615757184372	0.0447206974491443	0.0213109460768486	0.0169518889247659
FBgn0030761	0.159433962264151	0.177358490566038	0.111320754716981	0.0490566037735848
FBgn0030763	0.0364509896078124	0.168955733110519	0	0
FBgn0030764	0.521904761904762	0	0	0
FBgn0030766	0.0832332933173269	0.0644257703081233	0.0240096038415366	0.00320128051220489
FBgn0030768	0.110818809602105	0.074482078263729	0.0552449852022361	0.032226241367971
FBgn0030769	0.0522156364662716	0.125599774202653	0.0138300874964719	0.0138300874964719
FBgn0030770	0.255357142857143	0	0	0
FBgn0030774	0.0050464215016589	0	0.0295815094655254	0
FBgn0030775	0.0047121062992126	0	0.0348855807086614	0
FBgn0030776	0.00254091389931758	0	0.0178589948352036	0
FBgn0030777	0.0793965219394218	0	0.392675342623517	0
FBgn0030778	0.0653594771241828	0.0261437908496732	0.0277777777777778	0
FBgn0030780	0.241702127659575	0	0	0
FBgn0030786	0.0533704735376046	0.0668523676880223	0.0297493036211699	0.0267409470752089
FBgn0030787	0.0911062906724512	0.0723065798987707	0.041937816341287	0.0260303687635575
FBgn0030788	0.0386039132734003	0.0504142429049886	0.0504142429049886	0.0153358011634056
FBgn0030789	0.0645491803278688	0.0496926229508196	0.0297131147540983	0.0122950819672131
FBgn0030790	0.0543273753527751	0.0524459078080903	0.0435089369708372	0.0166980244590781
FBgn0030791	0.0318134981968058	0.0379100120212948	0.0324574961360124	0.0146831530139104
FBgn0030792	0.0417416848289586	0.0601724628067848	0.0301336112953662	0.0220316497678385
FBgn0030793	0.0680184804928131	0.0454312114989733	0.028747433264887	0.0182238193018481
FBgn0030794	0.0805626598465473	0.0703324808184142	0.0268542199488491	0.0140664961636829
FBgn0030795	0	0	0	0
FBgn0030796	0.0307049418604651	0.0739462209302327	0.0179869186046512	0.00290697674418604
FBgn0030797	0.0917261432725353	0.0391223896378535	0.0121596616441977	0.0378006872852234
FBgn0030798	0.0495197438633938	0.170117395944504	0	0
FBgn0030799	0.0856368563685637	0.0986449864498645	0.106775067750678	0.0401084010840109
FBgn0030800	0.0551440329218107	0.0633744855967078	0.0406035665294924	0.0260631001371742
FBgn0030801	0.0434782608695653	0.0677345537757436	0.0302059496567506	0.0192219679633867
FBgn0030802	0.0424993882045844	0.0599559507300758	0.0137857900318133	0.0222693531283139
FBgn0030803	0.143375680580762	0.0462794918330309	0.0136116152450091	0.0195099818511796
FBgn0030805	0.122481869460113	0.13215149073328	0.0128928283642224	0
FBgn0030806	0.113124656781988	0.0637012630422845	0.0230642504118616	0
FBgn0030808	0.0539626001780944	0.0414959928762244	0.0463045414069457	0.0450578806767587
FBgn0030809	0.0565407476543695	0.0577197032961635	0.0554109151643169	0.030259861472712
FBgn0030812	0.0806850618458609	0.062607040913416	0.0298763082778306	0.0165556612749762
FBgn0030813	0.0874074074074075	0.0711111111111111	0.0266666666666667	0
FBgn0030814	0.24455205811138	0	0	0
FBgn0030816	0.0301232314011867	0.130914346569299	0.00547695116385212	0
FBgn0030817	0.00504908835904628	0	0.00981767180925669	0
FBgn0030823	0.245398773006135	0	0	0
FBgn0030828	0.0417344173441734	0.140921409214092	0.00948509485094853	0
FBgn0030833	0.0730837789661318	0.036541889483066	0.0267379679144385	0.0142602495543672
FBgn0030834	0.0523523985239853	0.0592712177121772	0.0373616236162362	0.0106088560885609
FBgn0030836	0.0326831028665904	0.000265761771148343	0.203900823301992	0
FBgn0030837	0.0182886533312689	0	0.132733404076145	0
FBgn0030838	0.0448788115715403	0.0519155590304926	0.0739640344018765	0.017253062288246
FBgn0030839	0.0812294182217344	0.0625686059275521	0.0164654226125137	0
FBgn0030840	0.308764940239044	0	0	0
FBgn0030841	0	0	0	0
FBgn0030846	0.22239263803681	0	0	0
FBgn0030847	0.0321714181063428	0.0605579634942922	0.0423051095781698	0
FBgn0030850	0.048348106365834	0.0300832661831856	0.032232070910556	0.0159817351598174
FBgn0030851	0.0492874109263658	0.047209026128266	0.0314726840855107	0.0148456057007126
FBgn0030853	0.0473506823581414	0.0575722415603071	0.0299464058787779	0.0159124813525609
FBgn0030854	0.0799914675767918	0.0697525597269624	0.0365827645051193	0.0125853242320819
FBgn0030855	0.0682331676457297	0.078174423859015	0.0379575237234523	0.0117487573429733
FBgn0030858	0.076849642004773	0.0625298329355608	0.0326968973747017	0.043436754176611
FBgn0030863	0.0539529269764635	0.0370549185274591	0.0253470126735063	0.0155703077851539
FBgn0030864	0.198269079464988	0.0684500393391031	0.017309205350118	0.022816679779701
FBgn0030869	0.0593831517569434	0.0843946601196868	0.0421973300598435	0.0115083627435937
FBgn0030870	0.0836376917457998	0.0835463842220599	0.00219138056975895	0
FBgn0030871	0.0859309182813816	0.054759898904802	0.037910699241786	0.0256950294860994
FBgn0030872	0.0431125131440589	0.0342496620099144	0.0659456211506683	0.010815682739973
FBgn0030873	0.057530704589528	0.0519553975436328	0.0622171945701358	0.0189883645765999
FBgn0030874	0.0687272727272727	0.0676363636363636	0.0494545454545454	0.0141818181818182
FBgn0030876	0.0261124013005109	0.0154110543427775	0.00704133766836972	0.0636135624709708
FBgn0030877	0.0296799224054316	0.0211445198836081	0.0128031037827352	0.00678952473326869
FBgn0030878	0.0366554388745789	0.0416088765603329	0.027838319793937	0.00584505646918963
FBgn0030880	0	0	0	0
FBgn0030881	0.211038961038961	0	0.0844155844155844	0
FBgn0030883	0.103684210526316	0.051578947368421	0.0210526315789474	0.0176315789473684
FBgn0030884	0.139720558882235	0.0399201596806388	0.0159680638722555	0
FBgn0030886	0	0	0	0
FBgn0030887	0.0385382059800664	0.0903654485049833	0.0106312292358804	0
FBgn0030890	0.0498922592408419	0.0276810873528924	0.0571854798607658	0.0203878667329687
FBgn0030891	0.0676593521421108	0.0775862068965518	0.0512016718913271	0.0169801462904912
FBgn0030892	0.0857220486346962	0.0770275777747589	0.0577367205542727	0.0311099035457139
FBgn0030893	0.0216613672496025	0.0105325914149444	0.0482909379968203	0.00635930047694755
FBgn0030894	0.0682046138415245	0.0718405215646941	0.0381143430290871	0.025827482447342
FBgn0030895	0	0	0	0
FBgn0030897	0.293577981651376	0.0871559633027522	0.160550458715597	0
FBgn0030898	0.396449704142011	0	0	0
FBgn0030900	0.533980582524271	0	0	0
FBgn0030904	0	0	0	0
FBgn0030905	0.400709219858156	0	0	0
FBgn0030912	0.124528301886792	0.249056603773585	0.147169811320755	0
FBgn0030913	0.5	0	0	0
FBgn0030914	0.03125	0.0979166666666668	0	0
FBgn0030915	0.0945454545454545	0.0771717171717172	0.0505050505050505	0.0145454545454545
FBgn0030918	0.540084388185654	0	0	0
FBgn0030925	0.0283445326817349	0.0202810018326206	0	0.0846670739156994
FBgn0030926	0.0130955697966007	0	0	0.0687285223367699
FBgn0030927	0.0635149765427644	0.0811981234211476	0.00866113316492241	0.0664020209310718
FBgn0030928	0.0148581405499782	0	0.0861545176778701	0
FBgn0030929	0.0138670408929212	0	0.0611500930126302	0
FBgn0030930	0.0817265829083219	0.0670481403159598	0.00957830575942283	0.0129369324542854
FBgn0030932	0.0212147318544045	0.0121150118457894	0.0912664225716133	0.00694594012491924
FBgn0030933	0.301825993555316	0	0	0
FBgn0030936	0.361016949152543	0	0	0
FBgn0030937	0.247619047619048	0	0	0
FBgn0030940	0.556451612903226	0	0	0
FBgn0030941	0.0568159782819469	0.089586969168121	0.0298623230560403	0.00814426992437464
FBgn0030943	0.0584236634209076	0.0400514422193643	0.0273746095902995	0.00808377732867905
FBgn0030944	0.0426610776823743	0.062335203840173	0.0596984652829423	0.0124399972956528
FBgn0030945	0.0959527057753524	0.0700318326512051	0.035925420645748	0
FBgn0030946	0.0755141388174809	0.0628213367609253	0.0427377892030849	0.0213688946015424
FBgn0030949	0	0	0	0
FBgn0030951	0.255623721881391	0	0	0
FBgn0030952	0.307237813884786	0	0	0
FBgn0030954	0.246231155778894	0.150753768844221	0	0
FBgn0030955	0.0376315478301998	0.0285340546293012	0.0565581766583895	0.0291474518150645
FBgn0030956	0.197841726618705	0.161870503597122	0.0633093525179855	0.0892086330935251
FBgn0030958	0.0936100936100936	0.275132275132275	0.14000814000814	0
FBgn0030959	0.249999999999999	0.122923588039867	0.053156146179402	0.0872093023255815
FBgn0030960	0.138888888888889	0.0955988455988456	0.211038961038961	0.0512265512265512
FBgn0030961	0.141732283464567	0	0	0
FBgn0030963	0.0646583394562821	0.0426157237325495	0.0139603232916973	0
FBgn0030964	0.18232044198895	0.307550644567218	0.0239410681399632	0
FBgn0030966	0.106194690265487	0.037839487335978	0.0280744583460482	0.345132743362832
FBgn0030968	0.0294717126645733	0.0122293835729632	0.0044620723847298	0.0841734148625572
FBgn0030969	0.102955505034102	0.0639818122767132	0.0276063657031503	0.021760311789542
FBgn0030970	0.0787716955941254	0.0674232309746329	0.0420560747663551	0.0267022696929238
FBgn0030973	0.0603087577550136	0.0559803780118308	0.0437166354061463	0.0103881113836387
FBgn0030974	0.0731352922182757	0.0673232160154989	0.0411688731030029	0.00936390054891829
FBgn0030975	0.283930058284763	0	0	0
FBgn0030976	0.0167225950782998	0.0929530201342283	0.000727069351230425	0
FBgn0030979	0.365811965811966	0	0	0
FBgn0030982	0.415178571428571	0	0	0
FBgn0030983	0.118233618233618	0	0	0
FBgn0030984	0.0371009490940465	0	0.131147540983607	0
FBgn0030989	0.316622691292876	0	0	0
FBgn0030990	0.048787210584344	0.0498897464167585	0.0396912899669239	0.0127710400588019
FBgn0030991	0.0566141569787438	0.0543440875008598	0.0318497626745545	0.0176102359496457
FBgn0030992	0	0	0.282442748091603	0
FBgn0030993	0.0883991519992112	0.0243553714933689	0.321007740472316	0.0493023714440664
FBgn0030994	0.194630872483221	0	0.248322147651007	0.138702460850112
FBgn0030995	0.209905660377359	0.169811320754717	0.122641509433962	0
FBgn0030996	0.0604917676071662	0.0728947559294988	0.066874592006963	0.0179154275767027
FBgn0030997	0.0970873786407765	0.0266990291262136	0.0218446601941748	0
FBgn0030998	0.157453936348409	0	0.0418760469011725	0
FBgn0030999	0.180281474682576	0.00175921676610066	0	0.00359492121768396
FBgn0031000	0.00628001205997633	0	0.0547184657356953	0
FBgn0031001	0.0978723404255317	0.329787234042553	0	0
FBgn0031002	0.0368118878757176	0	0.0199257007767646	0.122931442080378
FBgn0031003	0.0844757317525009	0.0685439051500556	0.0526120785476102	0.0170433493886624
FBgn0031004	0.030690537084399	0	0.13144433974963	0
FBgn0031005	0.191176470588235	0	0	0
FBgn0031006	0.203587443946188	0.143497757847534	0.10762331838565	0.0394618834080718
FBgn0031008	0.0562030562030562	0.0590520590520591	0.0352240352240352	0.015022015022015
FBgn0031010	0.255813953488372	0	0	0
FBgn0031011	0.0373194436986522	0.0345271975514148	0.0269022176878054	0.0168608709660098
FBgn0031012	0.0318115861145217	0.0407411541466683	0.0412992521486772	0.0120549168433977
FBgn0031016	0.0856238876804428	0.0437017994858612	0.0701997231560212	0.0156219102234526
FBgn0031020	0.0928360915892088	0.0714123781455452	0.0313987757878032	0.00997506234413964
FBgn0031021	0.0451464486710758	0.0625231072587601	0.0315080310561558	0.00517602596228895
FBgn0031022	0.0511482254697286	0.0532359081419624	0.0464509394572025	0
FBgn0031023	0.0837120306146857	0.0574025352786414	0.0437694331499641	0.0521406362114327
FBgn0031026	0.355932203389831	0	0	0
FBgn0031030	0.0472302695110174	0.0407339127381267	0.0269511017469932	0.0129927135457818
FBgn0031031	0	0	0	0
FBgn0031033	0.0212765957446808	0	0.0930851063829787	0
FBgn0031034	0.00190165715838087	0	0.0662863352349904	0
FBgn0031036	0.0483512412004446	0.0526120785476102	0.0276028158577251	0.0170433493886625
FBgn0031037	0.0275677249559714	0.112849013560539	0.0022558495195719	0.00914778075856476
FBgn0031038	0	0	0	0
FBgn0031039	0	0	0	0
FBgn0031040	0.0466593042517946	0.0623964660408614	0.030093870789619	0
FBgn0031041	0	0	0	0
FBgn0031043	0.0448788271666501	0.071307469831455	0.01795153086666	0.013762840331106
FBgn0031044	0.0581915846016114	0.0541629364368845	0.0273052820053715	0.00760966875559535
FBgn0031045	0.300561797752809	0	0	0
FBgn0031047	0.0473398169336385	0.0348684210526316	0.0155606407322654	0.00878146453089242
FBgn0031048	0.0635780628040691	0.0741928350287484	0.0343874391862009	0.0111676249447147
FBgn0031049	0.181067961165049	0.187459546925566	0.045873786407767	0.07168284789644
FBgn0031050	0.0301170013000145	0.0399393326592517	0.0314892387693196	0.00780008666762964
FBgn0031051	0.0867200915855753	0.0506582713222667	0.0289066971951918	0.0157412707498569
FBgn0031052	0.155183515775918	0.0444301352221507	0.0180296200901481	0.00901481004507405
FBgn0031053	0.129256965944273	0.0704334365325077	0	0
FBgn0031054	0.0460379464285714	0.0502232142857143	0.0249720982142857	0.0185546875
FBgn0031055	0.0325024437927663	0.0127077223851417	0	0.0576735092864125
FBgn0031057	0.0605379661926483	0.0674805473571237	0.0376643412932653	0.0152267239066273
FBgn0031058	0	0.265822784810127	0	0
FBgn0031059	0.0486001887385971	0.03963510537905	0.0268952500786411	0.0136835482856244
FBgn0031060	0.0585187442852789	0.0457177689728741	0.0237732398658945	0.00548613227674489
FBgn0031061	0.0743359449646476	0.0674565258933691	0.0328683355627747	0.00879036881330018
FBgn0031062	0.0449101796407186	0.071556886227545	0.0281437125748503	0.0161676646706587
FBgn0031064	0.194444444444444	0.0238095238095238	0	0
FBgn0031065	0.168384879725086	0	0	0
FBgn0031066	0.0204378744610561	0.03594026221273	0.0133986065449193	0.00861510402918096
FBgn0031068	0.0770178681454097	0.0489833641404806	0.0280345040049291	0.00646950092421442
FBgn0031069	0.0193847010510197	0.0361244518688661	0.0223080670982112	0.0104753950024361
FBgn0031070	0.0208245981830888	0.00433263452131375	0.0026554856743536	0
FBgn0031077	0.0746799431009958	0.0497866287339971	0.030583214793741	0.00497866287339971
FBgn0031078	0.0688151199418464	0.0506421129149504	0.0193845408286892	0.00557305548824813
FBgn0031080	0.0251303253640122	0.101132482473486	0	0
FBgn0031081	0.0567738791423002	0.0850389863547756	0.0341130604288499	0
FBgn0031082	0.18150289017341	0	0	0
FBgn0031085	0.223917525773196	0	0	0
FBgn0031089	0.0556118571066633	0.200088674942995	0.00304028375981758	0
FBgn0031090	0.0459112817580262	0.0334939955885958	0.0214034801078343	0.0165019197777959
FBgn0031091	0.147441457068517	0.02601908065915	0.01040763226366	0
FBgn0031092	0.0367055283941331	0.0341669800676946	0.0248777735990974	0.110699511094396
FBgn0031093	0.202905569007264	0.15593220338983	0.075544794188862	0.0276029055690073
FBgn0031094	0.0708123652048884	0.0598490294751977	0.0373831775700935	0.0149173256649892
FBgn0031097	0.0716470074268239	0.310713072180962	0.00140769865540508	0
FBgn0031098	0.0678941311852704	0.0641542002301496	0.027042577675489	0.0166858457997698
FBgn0031099	0.0491995314330339	0.0402186645841468	0.120135363790186	0.00846023688663283
FBgn0031101	0.263157894736842	0	0	0
FBgn0031103	0.224304372515616	0	0	0
FBgn0031106	0.0506414584740041	0.0510465901417961	0.0361917623227549	0.00594193112761649
FBgn0031107	0.121260683760684	0.0608974358974359	0.0518162393162393	0.0261752136752136
FBgn0031108	0.296696315120712	0	0	0
FBgn0031114	0.0530742459396751	0.0722157772621809	0.0464037122969837	0.0118909512761021
FBgn0031115	0.046905307705872	0.0555457591253747	0.0315640980426733	0.019044260271557
FBgn0031116	0.102439024390244	0	0	0
FBgn0031117	0.218410041841004	0.0502092050209205	0.138493723849372	0.0702928870292887
FBgn0031118	0.0801558586139716	0.0436960757027553	0.0617868076816031	0.0122460339549124
FBgn0031119	0.0898203592814372	0.119011976047904	0.0276946107784432	0.00486526946107784
FBgn0031126	0.0558793280767914	0.0500514226945492	0.0742200891326704	0.0821049022968806
FBgn0031127	0.378037803780378	0	0	0.0585058505850585
FBgn0031128	0.287935656836461	0	0	0
FBgn0031129	0.190026445032112	0	0	0.00793350963354741
FBgn0031130	0.225380710659899	0	0	0
FBgn0031132	0.2281284606866	0	0	0
FBgn0031134	0.128475147430497	0	0	0
FBgn0031139	0.418461538461538	0	0	0
FBgn0031141	0	0	0.433673469387755	0
FBgn0031142	0.200335289186924	0	0	0
FBgn0031143	0.0549038010323792	0.0915424322275566	0.052774067790492	0.0302494314695159
FBgn0031144	0.149866190900981	0.234611953612846	0.0927743086529885	0.0347903657448706
FBgn0031145	0.143654633420172	0.252326014142166	0.0669892072943803	0.0528470413100111
FBgn0031146	0	0	0	0
FBgn0031148	0.0515927977839335	0.0327216066481994	0.0249307479224377	0.0171398891966759
FBgn0031149	0.0898372862658576	0.0843905129619415	0.0230970766685053	0.0114451185879757
FBgn0031150	0.0464088397790055	0.0458563535911603	0.0204419889502762	0.0298342541436464
FBgn0031155	0.281569965870307	0	0	0
FBgn0031157	0.242566510172144	0	0	0
FBgn0031161	0.0667504857698023	0.0869813692993485	0.0512058520973824	0.0164590238884444
FBgn0031163	0.405086848635236	0	0	0
FBgn0031164	0.324013157894737	0	0	0
FBgn0031168	0.200392927308448	0	0	0
FBgn0031169	0.3125	0.0104166666666667	0	0
FBgn0031170	0.0230680507497116	0.00384467512495194	0.0829168268614634	0.00108932461873638
FBgn0031171	0.108707409410492	0	0	0
FBgn0031174	0.0533582754320329	0.0510422234099412	0.0351861749510067	0.012649207197577
FBgn0031178	0.282564548883087	0	0	0
FBgn0031182	0.025010969723563	0	0.102018429135586	0.0550680122860904
FBgn0031183	0.0481017690320016	0.0425362750944146	0.0210693699065792	0.0137149672033393
FBgn0031184	0.00466744457409568	0	0.00525087514585764	0
FBgn0031187	0.0494626014476858	0.0718359289317832	0.0157929370475982	0.00833516121956569
FBgn0031188	0.0830443159922931	0.0647398843930636	0.0296724470134875	0.0146435452793834
FBgn0031189	0.060749506903353	0.0591715976331361	0.031163708086785	0.0110453648915187
FBgn0031190	0.0342140722948035	0.0784658347491552	0.0283164411115668	0.00365184447438827
FBgn0031191	0.150697674418605	0.0465116279069768	0.0195348837209302	0.00930232558139534
FBgn0031194	0.0293263937543789	0.0235211690521469	0.0183164848363527	0.0144129716745071
FBgn0031195	0.0868974881194841	0.190088255261371	0.0488798370672098	0.0122199592668024
FBgn0031201	0.314655172413793	0	0	0
FBgn0031208	0.445390070921987	0	0	0
FBgn0031209	0	0	0.2007722007722	0
FBgn0031213	0.0352542372881356	0.0364406779661017	0.0303389830508474	0.0376271186440678
FBgn0031214	0.315068493150684	0.123287671232877	0	0
FBgn0031216	0.0733720574747784	0.058086212167533	0.0376031794558239	0.0362274533781718
FBgn0031217	0.0680637982195844	0.0484050445103858	0.0239243323442137	0.045066765578635
FBgn0031219	0	0.0647181628392483	0	0.478079331941545
FBgn0031220	0.0306030603060306	0.0360678925035361	0.000578629291500578	0.162176931978912
FBgn0031224	0.0626173008019108	0.111073195700392	0.0801910936700223	0.0373656372632657
FBgn0031227	0.0966057441253264	0.0635335073977371	0.0226283724978242	0
FBgn0031228	0.0243115034918962	0.0425945447358018	0.0268810119910396	0.0193701409935433
FBgn0031229	0.0594813005074234	0.0638977635782748	0.044446532606653	0.0394662657395226
FBgn0031231	0.0583920609808714	0.0549403135337263	0.0520638573277723	0.0220048899755501
FBgn0031232	0	0.0751295336787564	0	0
FBgn0031233	0.0482758620689655	0.0703448275862069	0.0535632183908045	0.0191954022988506
FBgn0031235	0.393184796854522	0	0	0
FBgn0031238	0.0633663366336634	0.076897689768977	0.03003300330033	0.0174917491749175
FBgn0031239	0.172413793103448	0.0258620689655173	0	0
FBgn0031240	0.257330939557152	0	0	0.00927588270496705
FBgn0031244	0.0619813278008299	0.0300829875518673	0.0303423236514523	0.012707468879668
FBgn0031245	0.0219810990549528	0.00980049002450122	0.0212810640532026	0.0546727336366817
FBgn0031247	0.230185097294732	0.109634551495016	0.0512577123872804	0.0365448504983389
FBgn0031248	0.0370368280904455	0	0.341428969024086	0
FBgn0031249	0.000225602225234184	0	0.00195787342918921	0
FBgn0031250	0.0128863332991067	0.00508265735701817	0.0183283704692473	0.0139644727384742
FBgn0031251	0.0615426695842451	0.146790663749088	0.00911743253099926	0.000911743253099926
FBgn0031252	0.098224852071006	0.0698224852071007	0.0390532544378698	0
FBgn0031253	0.0513160072835624	0.131600728356232	0.0487502069193841	0.0215196159576229
FBgn0031254	0	0	0	0
FBgn0031255	0.535714285714286	0	0	0
FBgn0031256	0.034525208438252	0.0594818420905377	0.0149404062447541	0.0188573666834536
FBgn0031257	0.275618374558304	0	0	0
FBgn0031258	0.0436385986478181	0.0301167793484941	0.0165949600491703	0.0915795943454211
FBgn0031260	0.0495322470726721	0.0428721888358837	0.0152716684220308	0.0152097143919212
FBgn0031261	0	0	0	0
FBgn0031263	0.0112805406342055	0.0045572691041414	0.00285912320221799	0
FBgn0031264	0.0452327327327328	0.258070570570571	0	0
FBgn0031265	0.107382550335571	0.0578213732576148	0.0273618998451213	0.0162622612287042
FBgn0031266	0.0820232399179767	0.0736500341763501	0.0271701982228298	0.0251196172248804
FBgn0031267	0.04	0.0665968586387435	0.017521815008726	0.0062129144851658
FBgn0031268	0.10616505810518	0.110005909001379	0.0114240693322829	0.019992121331495
FBgn0031270	0.0373548712771328	0.0489651691065118	0.0434124179707219	0.03331650681474
FBgn0031275	0.198675496688742	0.0596026490066225	0	0
FBgn0031276	0.241803278688525	0	0	0
FBgn0031277	0.193137364479714	0	0	0
FBgn0031279	0.0646766169154228	0	0	0
FBgn0031281	0.0584560464078537	0.0571173583221777	0.0307898259705489	0.0142793395805444
FBgn0031282	0.0123537061118335	0.0084525357607282	0.0100780234070221	0.018368010403121
FBgn0031283	0	0	0	0
FBgn0031284	0.0442132639791938	0.0650195058517555	0.0369310793237971	0.0202860858257477
FBgn0031285	0.0318196836706842	0.0201835916737297	0.0917671057735126	0.0113344155377742
FBgn0031286	0.0559973492379059	0.0878064943671306	0.0374420145791916	0.0281643472498343
FBgn0031287	0.193667157584683	0.164948453608247	0.102356406480118	0.0589101620029456
FBgn0031288	0.090395480225989	0	0	0
FBgn0031289	0.108499095840868	0	0.0705244122965642	0
FBgn0031292	0.294892915980231	0	0	0
FBgn0031294	0.0747560591753225	0.00960025180988353	0.101038715769594	0
FBgn0031295	0.1875	0	0	0
FBgn0031296	0.19721577726218	0	0	0
FBgn0031298	0.0244522348816827	0.03965819456617	0.0191498685363716	0.0124890446976336
FBgn0031299	0.0191424196018377	0.00765696784073506	0	0
FBgn0031301	0.213872832369942	0	0	0
FBgn0031304	0.0718155742058854	0.0555614575586953	0.0519494316370976	0.021353447360034
FBgn0031306	0.0718703976435935	0.0206185567010309	0.0868924889543447	0
FBgn0031307	0.0655414075609514	0.0674168394038102	0.0203336294541506	0
FBgn0031308	0.0479947403024326	0.076923076923077	0.0289283366206444	0.0131492439184747
FBgn0031309	0.0902903811252268	0.0589836660617059	0.0213248638838476	0
FBgn0031310	0.0350495856541231	0.0423176198886021	0.0234343159896753	0.0174568672734683
FBgn0031312	0.0246448949860386	0.018938934077941	0.0145684108291854	0.00388490955444945
FBgn0031313	0.0349809885931558	0.0121673003802281	0.0448669201520914	0.0441064638783269
FBgn0031314	0.0703157894736843	0.0842105263157895	0.0303157894736842	0.0172631578947369
FBgn0031315	0.0576582950123808	0.0972762645914395	0.0323664662186063	0.0412097629996463
FBgn0031317	0.041175520749233	0.0447279186177943	0.0731471015662846	0.0180849346035847
FBgn0031318	0.146288882044964	0.217431475207884	0.0763781952571606	0.0563597166615338
FBgn0031319	0.209195402298851	0.178544061302682	0.0597701149425287	0.049808429118774
FBgn0031320	0.0549852341442834	0.0556883701307833	0.0490788918576852	0.0558289973280831
FBgn0031321	0.0388833499501496	0.0264207377866401	0.0229312063808574	0
FBgn0031322	0.0445290072768542	0.143400761065492	0.0232992856665998	0.00968021897322918
FBgn0031323	0.377416073245169	0	0	0
FBgn0031324	0	0	0.422818791946308	0
FBgn0031327	0.24174653887114	0.198083067092652	0.0244941427050053	0.0149094781682641
FBgn0031331	0.14745308310992	0	0	0
FBgn0031332	0.389880952380952	0	0	0
FBgn0031333	0.40398740818468	0	0	0
FBgn0031335	0.284217877094972	0	0	0
FBgn0031337	0.334332833583208	0	0	0
FBgn0031343	0.249380267724343	0	0	0
FBgn0031344	0.0293408360128617	0.0329581993569131	0.0438102893890675	0.0156752411575563
FBgn0031345	0.356502242152466	0	0	0
FBgn0031347	0.268858800773694	0	0	0.00877845558696625
FBgn0031351	0.219642857142857	0.130357142857143	0.110714285714286	0.05
FBgn0031356	0.0430656934306569	0.0342254663422547	0.0545012165450122	0.0132197891321979
FBgn0031357	0.0797626895187872	0.0398813447593935	0.0385629531970996	0
FBgn0031359	0.0558710386517676	0.0368199303901813	0.0746473713134274	0.0245466202601209
FBgn0031360	0.0349246110120912	0.0378630955248326	0.0429693145141866	0.0265427043691893
FBgn0031361	0.0415012630819199	0.0602670516059185	0.0483579935041502	0.0281486827859978
FBgn0031364	0.385321100917431	0	0	0
FBgn0031365	0.346666666666667	0	0	0
FBgn0031367	0.252319929297392	0	0	0
FBgn0031372	0.215793056501021	0	0	0
FBgn0031373	0	0	0	0
FBgn0031374	0.218789407313998	0.135561160151324	0.119798234552333	0.0239596469104666
FBgn0031375	0.151898734177215	0	0	0
FBgn0031377	0.0295252474417044	0.0268411340379131	0.0134205670189566	0.00671028350947826
FBgn0031378	0.18266110338433	0.127491886879926	0.130273528048215	0.0695410292072323
FBgn0031379	0.194736842105263	0.164327485380117	0.0918128654970763	0.0649122807017544
FBgn0031381	0.0539949008696462	0.0100702003562406	0.134102471564781	0.0741236597320045
FBgn0031384	0.040785498489426	0.0120845921450151	0.0123867069486405	0.142598187311178
FBgn0031388	0.343781597573305	0	0	0
FBgn0031389	0.0320074580484773	0.016780609073959	0	0.00947793660658793
FBgn0031390	0.0851674641148325	0.0711323763955344	0.030622009569378	0.0253588516746411
FBgn0031391	0.0602184918731681	0.0535571542765787	0.0357047695177192	0.0375699440447642
FBgn0031392	0.122737459058783	0.0294776762627134	0.0158593345974832	0.00896397172901223
FBgn0031393	0.118326118326118	0	0	0
FBgn0031395	0.022773426167682	0.025674499564839	0.0166811720336524	0.0100087032201915
FBgn0031397	0.053687907676869	0.0275965880582037	0.00777722027094829	0.157049673858505
FBgn0031398	0.059044551798175	0.0644122383252818	0.0295222758990874	0.0144927536231884
FBgn0031399	0.0650908449461987	0.070911977421062	0.0345739989416123	0.0322808255424237
FBgn0031401	0.0681502086230875	0.0649513212795551	0.0225312934631433	0.00458970792767733
FBgn0031403	0.0677090234530275	0.0618788922750763	0.0280906320392209	0.0213329799920498
FBgn0031407	0.210859728506787	0	0	0
FBgn0031410	0.263132986275438	0	0	0
FBgn0031412	0.0167882639052326	0	0.0145132187965796	0.0140425198085824
FBgn0031413	0.0908096280087528	0.0722100656455142	0.0590809628008753	0
FBgn0031414	0.144578313253012	0.0240963855421686	0.0301204819277109	0
FBgn0031417	0.00417674214112992	0	0	0.0389096504726314
FBgn0031418	0.0251322191664904	0.056991749524011	0.0313094986249207	0.00541569705944574
FBgn0031419	0	0	0	0
FBgn0031420	0.067301844719238	0.0914250962902897	0.037502533954997	0.0220960875734847
FBgn0031422	0.0627218934911244	0.0402366863905324	0	0
FBgn0031423	0.377777777777778	0	0	0
FBgn0031424	0.171322160148976	0	0	0
FBgn0031426	0.129032258064516	0.100054674685621	0	0
FBgn0031428	0.0257685352622062	0.030741410488246	0.0149186256781194	0.0221518987341772
FBgn0031430	0	0	0	0
FBgn0031431	0.385057471264368	0	0	0
FBgn0031432	0.0579939559648871	0.00215858396891639	0.0292847891782991	0.35256871492301
FBgn0031434	0.138413685847589	0.0357698289269051	0.0248833592534993	0
FBgn0031435	0.225130890052355	0.24607329842932	0	0
FBgn0031436	0.039747064137308	0.0545210828452371	0.029110936270653	0.021417956115045
FBgn0031437	0.0310289987480121	0.0449023787771123	0.0319764490914628	0.0117077792440699
FBgn0031440	0.367078825347758	0	0	0
FBgn0031441	0.540178571428571	0	0	0
FBgn0031442	0.25925925925926	0	0	0
FBgn0031443	0.139977603583427	0	0	0
FBgn0031444	0.230240549828179	0	0	0
FBgn0031446	0	0	0	0
FBgn0031449	0.0190526001195457	0.0435594739988045	0.00851763299462044	0.00552898983861328
FBgn0031450	0.046720123087848	0.0399147853359766	0.123147024883865	0.024647158031778
FBgn0031451	0.253600500939261	0	0	0
FBgn0031452	0.0515463917525774	0.061569301260023	0.0429553264604811	0.0171821305841925
FBgn0031453	0.215912636505459	0.185585023400936	0.0750702028081123	0.0176599063962558
FBgn0031454	0	0	0	0
FBgn0031455	0	0	0	0
FBgn0031456	0.0681049069373943	0.0706429780033841	0.0296108291032148	0.0258037225042301
FBgn0031457	0.0473169442241606	0.057229711868887	0.0437483478720591	0.0161247687020883
FBgn0031458	0.0635994587280108	0.0711772665764547	0.0637798827244024	0.0277852954442942
FBgn0031459	0.0474093018850052	0.0487354362034669	0.0237283319124751	0.0188263711281614
FBgn0031460	0.200575815738964	0	0	0
FBgn0031461	0.0265672782874618	0.024006116207951	0.0120030581039756	0.108715596330275
FBgn0031462	0.284232365145228	0	0	0.012448132780083
FBgn0031463	0.313278008298756	0	0	0
FBgn0031464	0.189949748743719	0.321105527638191	0.00703517587939699	0
FBgn0031465	0.521367521367521	0	0	0
FBgn0031466	0.0348837209302326	0.0620155038759692	0	0
FBgn0031468	0.0664987405541562	0.11183879093199	0	0
FBgn0031469	0.206741573033708	0.0651685393258427	0	0
FBgn0031470	0.00273571701234254	0	0	0.0188001017941214
FBgn0031471	0.0202696505548932	0.00284325415023387	0	0.186187287902412
FBgn0031473	0.0528735632183909	0.0275862068965517	0.0206896551724138	0
FBgn0031474	0.0648294556132821	0.0489044499661169	0.0843686469392366	0.0123108199683759
FBgn0031476	0.168328584995252	0	0.0147198480531814	0
FBgn0031478	0.0273789075918928	0.0508072827207145	0.0328753005839917	0.0269323256612847
FBgn0031479	0.0505940973553086	0.0567267152165581	0.036220774243005	0.0260636259103104
FBgn0031483	0.44145490782262	0.062780269058296	0.0124564025909317	0.0164424514200299
FBgn0031484	0.088974031502767	0.0438484461472968	0.0315027671349511	0.005534269902086
FBgn0031485	0.0553927315357562	0.0715123094958968	0.0460140679953106	0.0296014067995311
FBgn0031488	0.200617283950617	0.266975308641975	0.0169753086419753	0
FBgn0031489	0.0125333881241011	0.0109718512430655	0.0346825559893157	0.0333675775631806
FBgn0031490	0.00537955768081292	0	0	0
FBgn0031491	0.0420282457035904	0.0236515228858261	0.0444954908967159	0.0726561170665306
FBgn0031492	0.079539066891512	0.0626756604834176	0.0309162450815065	0.0163012928611579
FBgn0031493	0.068108862526169	0.0662944870900208	0.0334961618981158	0.0269364968597348
FBgn0031494	0.17467248908297	0.159388646288209	0.091703056768559	0.0589519650655022
FBgn0031495	0.084687571526665	0.0613412680247196	0.0418860151064317	0.0283817807278553
FBgn0031496	0.457198443579766	0	0	0
FBgn0031497	0.0518840449840943	0.0693579461445405	0.0297056319727586	0.012903803933868
FBgn0031498	0.13782991202346	0.0791788856304985	0.0289589442815249	0.0227272727272728
FBgn0031500	0.0512101017186952	0.0512101017186952	0.0347246580147317	0.0161346895826026
FBgn0031501	0.14855756268536	0	0	0
FBgn0031504	0.361064891846922	0	0	0
FBgn0031505	0.0264197140826159	0.0437169259932075	0.0189163573177475	0.0193507621830819
FBgn0031512	0.275265957446809	0	0	0
FBgn0031513	0.280839895013124	0	0	0
FBgn0031514	0.0409076033598778	0.00109086942293007	0.191774844551107	0
FBgn0031515	0.0105524861878453	0.010828729281768	0.0241712707182321	0.0269613259668508
FBgn0031516	0.0409619708671425	0.0457522729494574	0.0683351256232281	0.0751784143122494
FBgn0031517	0.141479099678457	0	0.00381832797427652	0
FBgn0031518	0.0325417766051011	0.00417766051011434	0.172383465259455	0
FBgn0031519	0.193103448275862	0	0	0
FBgn0031520	0.184549356223176	0	0	0
FBgn0031522	0.204154727793696	0	0	0
FBgn0031523	0.119212962962963	0	0	0
FBgn0031526	0.234782608695652	0	0.0458770614692654	0.0203898050974513
FBgn0031528	0.023696682464455	0.100203114421124	0	0
FBgn0031529	0.0642366016765564	0.0693227842139963	0.0126212677780918	0.0194970330601865
FBgn0031530	0.0315147911401814	0.0448937119072396	0.046677568009514	0
FBgn0031531	0.224175824175824	0	0	0
FBgn0031533	0.0440202571094663	0	0.0560966108297624	0
FBgn0031534	0.0542798605752601	0.0351222627251683	0.0624218396615491	0.084932017135407
FBgn0031535	0.14802968270215	0.227865916069601	0.133316274309109	0.0208546571136131
FBgn0031536	0.153695545766031	0.173764072442486	0.0988742046010767	0.0675477239353891
FBgn0031538	0.0578597030209934	0.00426693975081072	0	0.440348182283666
FBgn0031540	0.0947775628626691	0.0618955512572536	0.034816247582205	0
FBgn0031542	0.0318035662087108	0.132358959368606	0	0
FBgn0031544	0.0511008584944228	0.078082111779478	0.0363254102668924	0.0334637621912048
FBgn0031545	0.223516218081436	0	0	0.0067287784679089
FBgn0031546	0.250538793103448	0	0	0
FBgn0031547	0.414285714285714	0	0	0
FBgn0031548	0.034703196347032	0.125799086757991	0.0280821917808219	0
FBgn0031549	0.162440570522979	0.0633914421553091	0.0182250396196514	0
FBgn0031554	0	0	0	0
FBgn0031558	0.0448620308165916	0.0144623130080649	0	0.111128926229377
FBgn0031559	0.0250876556643694	0	0	0.0709104098657962
FBgn0031560	0.0410474771130508	0	0	0.0892058760911219
FBgn0031561	0.0467953667953668	0	0	0.191737451737452
FBgn0031562	0.0348476024072996	0	0	0
FBgn0031563	0.0148148148148148	0.0100912506709608	0	0.0652710681696189
FBgn0031564	0.0264935064935065	0.0677922077922078	0	0
FBgn0031566	0.0448219926577307	0.0548962691027063	0.0566891488090156	0.0352599675574149
FBgn0031568	0.0626365622723963	0.223597960670065	0	0
FBgn0031571	0.0833850610386921	0.0500724187875026	0.104903786468032	0.00496585971446307
FBgn0031573	0.107454667562122	0.0745466756212223	0.0376091336467428	0.0241773002014775
FBgn0031574	0.228807008502963	0.00541097655243494	0.0036073177016233	0.00592630765266685
FBgn0031575	0.187264150943396	0.0297169811320755	0.00896226415094339	0.0108490566037736
FBgn0031579	0.0162148395494935	0	0.0749617974984436	0
FBgn0031580	0.00788776740105444	0	0.0647092103213323	0
FBgn0031585	0.381537656903765	0	0	0.0206589958158996
FBgn0031589	0.0564624192958947	0.101413083201364	0.0435497624558411	0.0454379339749056
FBgn0031590	0.0639837093403354	0.0584105889287819	0.0501580837039816	0.0321526177589625
FBgn0031592	0.543209876543209	0	0	0
FBgn0031596	0.303508771929825	0	0	0
FBgn0031597	0.0840390879478827	0.0723127035830619	0.0214983713355049	0.0149837133550489
FBgn0031598	0.0660592255125285	0.05125284738041	0.0391799544419134	0.0940774487471528
FBgn0031600	0.0505425471159338	0.0410479725870932	0.0393346659051971	0.0192747001713307
FBgn0031601	0.0521158761715421	0.0644703209315535	0.0441635898892362	0.0505538199375179
FBgn0031602	0.0912408759124087	0.102189781021898	0.0328467153284672	0
FBgn0031603	0.0512185585820409	0.0607324384204352	0.034927668447804	0.0160302358920891
FBgn0031604	0.0532832191023656	0.0435551625027636	0.0300685385805881	0.0179084678310856
FBgn0031606	0.0656934306569343	0.103102189781022	0.0440997566909975	0.0139902676399026
FBgn0031607	0.0732774334670069	0.0612468100619759	0.0461173897192854	0.0267954794021144
FBgn0031608	0.102970297029703	0.0764356435643564	0.0312871287128713	0.0106930693069307
FBgn0031609	0.0878972278566599	0.0584854631507776	0.0537525354969574	0.0361730899256254
FBgn0031610	0.396600566572238	0.121813031161473	0	0
FBgn0031611	0.066723331916702	0.0531236719082023	0.0390990225244369	0.0539736506587335
FBgn0031613	0.524421593830334	0	0	0
FBgn0031619	0.102272727272727	0.467703349282297	0	0
FBgn0031620	0.31257014590348	0	0	0
FBgn0031621	0.0669745958429562	0	0	0
FBgn0031622	0.221374045801526	0	0	0
FBgn0031623	0.299123904881101	0	0	0
FBgn0031626	0.233986236103758	0	0	0
FBgn0031627	0.142302716688228	0.0840879689521346	0.0362225097024579	0
FBgn0031628	0.0658942795076031	0.107168718320058	0.0318609703113686	0.0181028240405503
FBgn0031629	0.0457606620378045	0.222578288548784	0	0
FBgn0031630	0.0301542776998597	0.0168302945301543	0	0
FBgn0031631	0.0912052117263844	0.0254071661237785	0.0201954397394136	0.00781758957654723
FBgn0031632	0.18521897810219	0.0383211678832117	0	0
FBgn0031633	0.0478072752523903	0.0346669515517333	0.0262272314513114	0.0107366059505368
FBgn0031634	0.0481283422459893	0.0588235294117647	0	0
FBgn0031635	0.0388268998793728	0.0425965018094089	0.0647617611580217	0.0147768395657419
FBgn0031636	0.0328217596110014	0	0.0955781796079624	0
FBgn0031637	0.0426405411709821	0.0661534872871473	0.0240261254956847	0.0116165150454864
FBgn0031638	0.0904957783069926	0.0660316085732845	0.0188352457241827	0.0116908421736307
FBgn0031639	0.0448963929393707	0.0548733691481197	0.0324251726784344	0.0163085188027628
FBgn0031640	0.0541894353369763	0.0652701882210077	0.0476624165148757	0.0340012143290832
FBgn0031643	0.0587975243147656	0.0696286472148541	0.0368037135278515	0.0274093722369585
FBgn0031644	0.201342281879195	0	0	0
FBgn0031645	0.0476607633298608	0.0643290084288285	0.0109622123307131	0.0118382422577896
FBgn0031646	0.0443740095087163	0.163232963549921	0	0
FBgn0031649	0.0682768230376219	0.147700882489549	0.00743149094287041	0
FBgn0031651	0.0644921060470657	0.0835567470956211	0.042299672326482	0.0311289842120942
FBgn0031652	0.0696378830083565	0.036908077994429	0.057799442896936	0
FBgn0031653	0.103233909854763	0	0.599451390292496	0
FBgn0031654	0.0726446307539108	0	0.458530082554368	0.000345314959365262
FBgn0031655	0.0806317539484621	0.0598503740648379	0.0191188694929343	0.0108063175394846
FBgn0031657	0.10498687664042	0.0590551181102362	0.0428696412948382	0.0139982502187227
FBgn0031659	0.124760076775432	0.055836677717676	0.0366428197522247	0.0272203803873669
FBgn0031660	0.0513785234071425	0.0595818170603836	0.044717202245112	0.025658422253747
FBgn0031661	0.0570616787024981	0.0365810346868711	0.0377648869421095	0.0175210133775305
FBgn0031662	0.0334862097128856	0.0299679587862034	0.0184079914556763	0.0148897405289942
FBgn0031663	0.0404128507050443	0.0420119203372583	0.0290739933129815	0.014246256723361
FBgn0031664	0.0798886271150137	0.0591133004926108	0.0402655814949668	0.0164917541229385
FBgn0031668	0	0	0	0
FBgn0031670	0.0486887472573399	0.0490021941280953	0.0366732838783826	0.0316581339462961
FBgn0031673	0.0527688603531299	0.0630016051364365	0.0151484751203852	0.00682182985553773
FBgn0031675	0.123112659698025	0	0	0
FBgn0031676	0.0605359552727976	0.0364372469635627	0.0441488336225178	0.051667630614999
FBgn0031677	0.506726457399103	0	0	0
FBgn0031678	0.17905102954342	0.130707251566697	0.0814682184422559	0.0501342882721577
FBgn0031681	0.0678983833718245	0.067621247113164	0.0167205542725173	0.0250346420323326
FBgn0031682	0.0451211072664359	0.016401384083045	0.204152249134948	0.00615916955017302
FBgn0031683	0.0844017094017094	0.0534188034188034	0.0443376068376068	0.0231481481481481
FBgn0031684	0.0324941724941724	0.0255477855477856	0.0161305361305361	0.0143123543123543
FBgn0031688	0.0543905635648755	0.0334207077326343	0.0117955439056356	0.0360419397116644
FBgn0031689	0.0373735698889073	0.00208920577018737	0.0157187862709335	0.150190681479025
FBgn0031690	0.230292294065545	0	0	0.0155004428697963
FBgn0031692	0.00990721811605599	0.0473344865544896	0.0103789904072967	0
FBgn0031693	0.0690298507462686	0.00637437810945275	0.0987251243781096	0.27363184079602
FBgn0031694	0.0726714431934493	0	0.100307062436029	0.319344933469805
FBgn0031695	0.0662849592600747	0.0292887029288703	0.334287601849813	0.0103501431402775
FBgn0031696	0.0975378787878788	0.0738636363636364	0.0473484848484848	0.0214646464646465
FBgn0031697	0.161290322580645	0	0	0
FBgn0031698	0.214805825242718	0.151699029126213	0.0825242718446601	0.066747572815534
FBgn0031700	0	0.324675324675325	0	0
FBgn0031702	0.0201309959545367	0	0.00626083606241573	0.0580812945482566
FBgn0031703	0.00695960698689956	0	0.0100982532751092	0.0100982532751092
FBgn0031707	0.370473537604457	0	0	0
FBgn0031708	0.057	0.0678461538461538	0.0383846153846153	0.0284615384615384
FBgn0031710	0.0412456518138148	0.0438959748219314	0.0359450057975816	0.0274971012092098
FBgn0031711	0.0693131132917038	0.0508474576271186	0.0412132024977698	0.0212310437109723
FBgn0031713	0.0534885682949463	0.0753395764785287	0.0302876908799461	0.0218510081835822
FBgn0031715	0.311659192825112	0	0	0
FBgn0031716	0.137614678899083	0	0	0
FBgn0031717	0.0207699281227741	0.0200900084180535	0.0230525157029075	0.053066114097002
FBgn0031720	0.283464566929134	0	0	0
FBgn0031721	0.274021352313167	0	0	0
FBgn0031722	0.269378357636224	0	0	0
FBgn0031723	0.294202376665466	0	0	0
FBgn0031724	0.234736842105263	0	0	0.00800000000000002
FBgn0031725	0.53125	0	0	0
FBgn0031728	0.239218265526638	0	0	0.00723480221741992
FBgn0031729	0.365384615384615	0	0	0
FBgn0031730	0.458333333333333	0	0	0
FBgn0031732	0.0604586518415566	0	0.270326615705352	0
FBgn0031733	0.251428571428571	0	0	0
FBgn0031734	0.0530410183875531	0.0820367751060821	0.00990099009900991	0
FBgn0031735	0.044388609715243	0.085427135678392	0	0
FBgn0031736	0.0509537496733734	0.0279592370002613	0.0185523909067155	0.00548732688790175
FBgn0031737	0.0680300500834726	0.550918196994991	0	0
FBgn0031738	0.195187165775401	0.148841354723708	0.160427807486631	0.0383244206773618
FBgn0031739	0.0697674418604651	0.063953488372093	0.0243128964059196	0.0105708245243129
FBgn0031740	0.0917975567190227	0.0862129144851658	0.0408376963350785	0.00698080279232112
FBgn0031741	0.0495841995841996	0.101143451143451	0.0464656964656965	0.116112266112266
FBgn0031745	0.0507246376811594	0.0869565217391304	0.0249597423510466	0
FBgn0031747	0.150424176554056	0	0.00988738942728616	0.000377381275850617
FBgn0031749	0.22117202268431	0	0	0
FBgn0031751	0.248235294117647	0	0	0
FBgn0031752	0.047897009435471	0.0658883735806814	0.0685271069886455	0.0312649928034543
FBgn0031753	0.407407407407407	0	0	0
FBgn0031757	0.224397590361446	0	0	0
FBgn0031758	0	0	0	0
FBgn0031759	0.0934914936787889	0.0555642266271267	0.0402684563758389	0.024192289683159
FBgn0031760	0.0561627200971463	0.0737704918032786	0.0191256830601093	0
FBgn0031762	0.0586854460093896	0	0.160093896713615	0
FBgn0031764	0.0627261761158022	0.0425211097708082	0.0211097708082026	0
FBgn0031766	0.103521878335112	0.080042689434365	0.121664887940235	0.0469583778014943
FBgn0031768	0.0350754611514813	0.0399664617104527	0.0336780324203465	0.0114589155953046
FBgn0031769	0.104291647438856	0.0742039686202123	0.0181818181818182	0.00664513151822796
FBgn0031770	0.139737991266376	0.0611353711790393	0	0
FBgn0031771	0.04048284547102	0.0681266701477409	0.037012009706054	0.022698651595663
FBgn0031772	0.0803311702841798	0.0553815171179235	0.0287536361602148	0.0157753412396509
FBgn0031773	0.0578837087480356	0.0639078051335778	0.0502881089575694	0.0222629649030906
FBgn0031774	0.117087449688987	0.0439077936333699	0.0259787778997439	0.00951335528723015
FBgn0031776	0.0409379204305209	0.0867768595041322	0.0217662886796079	0.0110513165481453
FBgn0031777	0.0571111727197117	0.0679234821181037	0.0285555863598558	0.0171887995564181
FBgn0031779	0.0752720677146311	0.0711910519951632	0.029322853688029	0.0172309552599758
FBgn0031781	0.0334640112905756	0.0376038889760076	0.0522189117139721	0.00686843343264859
FBgn0031782	0.0794871794871794	0.047008547008547	0.0282051282051282	0
FBgn0031784	0.28141225337487	0	0	0
FBgn0031785	0.270022883295194	0	0	0.005720823798627
FBgn0031786	0.237313432835821	0	0	0
FBgn0031791	0.0935039370078739	0.19252824375214	0.0370164327285176	0.0531923998630605
FBgn0031799	0.0571630204657728	0.0703363914373089	0.0573982592331216	0.0162314749470713
FBgn0031800	0	0	0	0.252054794520548
FBgn0031801	0.0110268780151619	0	0.0275671950379048	0
FBgn0031804	0.212827988338192	0	0.104956268221574	0
FBgn0031805	0.0290363752393107	0.00414805360561582	0.0366943203573707	0.0663688576898532
FBgn0031808	0.048870913380519	0	0	0.285810583080553
FBgn0031813	0.0166488508818814	0.00860502405130943	0.0237840726884019	0.0463923035809728
FBgn0031814	0.0733997155049787	0.0288762446657184	0.0244665718349929	0.157041251778094
FBgn0031815	0.0430572529848642	0.0435273103318604	0.0485099182100216	0.0565949045783586
FBgn0031816	0.0529746385399384	0.157264754681204	0.00308129888599194	0.0202654657501778
FBgn0031817	0.168081494057725	0.0288624787775891	0.0169779286926995	0
FBgn0031818	0.0655078870692253	0.0634984426805989	0.0424997488194514	0.0198934994474028
FBgn0031820	0.0928501469147894	0.065034280117532	0.0372184133202742	0.0225269343780607
FBgn0031821	0.0214229867083659	0.0328381548084441	0	0.0225175918686474
FBgn0031822	0.109705372616984	0.0779896013864818	0.0389948006932409	0.0195840554592721
FBgn0031824	0.0432582848469517	0.0133232144362931	0.0257188633105659	0.131629985664896
FBgn0031826	0.212458286985539	0	0	0
FBgn0031829	0.46	0	0	0
FBgn0031830	0.0245436642074013	0.0395931924399636	0.0214132447605891	0.00809793950795099
FBgn0031831	0	0	0	0
FBgn0031832	0.0608417200365965	0.0494053064958829	0.0233302836230558	0.0169258920402561
FBgn0031834	0.0374379792512404	0.0374379792512404	0.0234551195308976	0.0121786197564276
FBgn0031835	0.0943643512450852	0.0222804718217562	0.0629095674967234	0
FBgn0031836	0.0311452789276561	0.0388330376503055	0.0209934949733885	0.0131086142322097
FBgn0031837	0	0	0	0
FBgn0031842	0.0689163159021189	0.0738389098951273	0.0404508810729828	0.0280373831775701
FBgn0031844	0.208459214501511	0	0	0
FBgn0031848	0.11070110701107	0.0393603936039362	0	0
FBgn0031849	0.23307355090112	0	0	0.0104724792985874
FBgn0031850	0.0368178051379189	0.0575352196045933	0.00307801586362022	0.00177577838285782
FBgn0031851	0.0521914648212226	0.0409457900807381	0.0273933102652826	0.00951557093425606
FBgn0031853	0.255726624108149	0	0	0.00751032669921143
FBgn0031855	0.0304435172307217	0.0890125173852573	0.00293617678874981	0
FBgn0031856	0.442244224422443	0	0	0
FBgn0031857	0.0155642023346303	0.0700389105058365	0	0
FBgn0031858	0.254155124653739	0	0	0
FBgn0031859	0.303167420814479	0	0	0
FBgn0031860	0.0302313354363827	0	0.0557308096740273	0.114879074658255
FBgn0031861	0.17579721995094	0	0	0
FBgn0031865	0.0442881661015531	0.0749717443174683	0.0632508686006112	0
FBgn0031866	0.182170542635659	0.0387596899224806	0	0
FBgn0031868	0.0635443633796187	0.0621322664156272	0.0338903271357967	0.0254177453518475
FBgn0031869	0.0897832817337461	0.213622291021672	0.0154798761609907	0
FBgn0031871	0.074542735534338	0.0427930518808237	0.0312895433107098	0.0133440699413321
FBgn0031872	0.0996706111992191	0.141515188483592	0.00439185067707698	0.00195193363425643
FBgn0031873	0.0556626506024096	0.0342168674698795	0.0183132530120482	0.0130120481927711
FBgn0031874	0.0551301684532925	0.0535987748851456	0.0245022970903522	0
FBgn0031875	0.096960926193922	0.0615050651230101	0.0289435600578871	0
FBgn0031876	0.0620689655172414	0.057471264367816	0.0620689655172414	0.0327586206896552
FBgn0031877	0.0414038936111872	0.0649849191115986	0.0356457362215519	0.035919934192487
FBgn0031878	0.210727969348659	0.0215148835838491	0.00722074860005893	0.00648393751842029
FBgn0031879	0.119821123240826	0.106668420360384	0.0194660002630541	0.00170985137445745
FBgn0031881	0.0726368159203981	0.0407960199004975	0.0487562189054727	0.0238805970149254
FBgn0031882	0.0587412587412587	0.0347902097902098	0.0508741258741259	0.012937062937063
FBgn0031883	0.058868501529052	0.0678075746883086	0.031757233592096	0.019701246765467
FBgn0031885	0.0742407199100112	0.0596175478065241	0.0199662542182227	0.0140607424071991
FBgn0031886	0.0968102965864578	0.0475657526580861	0.0268606603245663	0
FBgn0031887	0	0	0.465116279069767	0
FBgn0031888	0.0834411384217335	0.104139715394567	0.0135834411384217	0
FBgn0031893	0.0556905083220872	0.110661268556005	0.035267656320288	0.0218623481781377
FBgn0031894	0.0534351145038169	0.063613231552163	0.00712468193384225	0.00763358778625955
FBgn0031895	0.072710538426139	0.0556833870225494	0.0179475379659457	0.0124252185918086
FBgn0031896	0.107291542761984	0.0746996550493636	0.0425835613179492	0.0186749137623409
FBgn0031897	0.0591201105960803	0.0907538424005856	0.0167520533463447	0.120354558022282
FBgn0031902	0.0982274741506647	0.0450516986706056	0.0125553914327917	0
FBgn0031904	0.0474360382123641	0.052706709124849	0.0457889535522126	0.02152190622598
FBgn0031905	0.252836304700162	0	0	0
FBgn0031906	0.0386167146974063	0.0311239193083574	0.0703170028818445	0
FBgn0031907	0.0829969979986658	0.243845897264843	0	0.000400266844563042
FBgn0031908	0.0253831900861318	0.132043497005109	0.00153642942973243	0.000197213329786551
FBgn0031909	0.0650964998364412	0.0480863591756625	0.0469414458619562	0.019299967288191
FBgn0031910	0.0326599918027988	0	0.204403068095322	0.00096024357397974
FBgn0031912	0.052775285719858	0.0498108202987869	0.0151733822210087	0.0240667784842221
FBgn0031913	0.0201247070438871	0.000575128565198012	0.0176612396896222	0.144357269864701
FBgn0031914	0.0296920821114369	0.0771627565982405	0.0504032258064515	0
FBgn0031918	0.0416666666666667	0.0431547619047619	0	0
FBgn0031920	0.233055885850178	0	0	0
FBgn0031925	0	0.648648648648649	0	0
FBgn0031926	0.0684931506849315	0.100171232876712	0	0.0436643835616438
FBgn0031929	0.0254965488096915	0	0.142367469596657	0
FBgn0031930	0	0	0.0150905432595573	0
FBgn0031936	0	0	0	0.466666666666667
FBgn0031937	0.0754124116260801	0.00844461901021208	0	0.379811468970935
FBgn0031939	0.0736244370471902	0.0773448208341491	0.146563540238888	0.219502643430585
FBgn0031940	0.609195402298852	0	0	0
FBgn0031941	0.226693227091634	0	0	0
FBgn0031945	0.037037037037037	0	0.124253285543608	0
FBgn0031946	0.233948635634029	0	0	0
FBgn0031947	0.0811070998796629	0.0825511432009626	0.0276774969915764	0.0139590854392298
FBgn0031948	0.0165658509760792	0.00123728347539181	0.00357437448446521	0.0661946659334617
FBgn0031950	0.0461899408573244	0.0304022679505352	0.0327484236766215	0.0214575492448311
FBgn0031951	0.0273813474941918	0.0296216395618984	0.0116163292399602	0.00838035180882842
FBgn0031952	0.0856389986824768	0.0456192358366272	0.0181159420289855	0.0151515151515152
FBgn0031954	0.322950819672131	0	0	0
FBgn0031955	0.228395061728394	0	0	0
FBgn0031957	0.0522388059701492	0	0	0
FBgn0031959	0.0810965162764134	0.122215876641919	0	0
FBgn0031961	0.108465608465608	0.0502645502645504	0	0
FBgn0031968	0.0144556371293609	0.00102441522963975	0.0257811166126003	0.0549200387001309
FBgn0031969	0.0282287375817785	0.0110855342864066	0.0613641870608191	0.0202326144899442
FBgn0031970	0.00663570006635699	0	0	0.138022561380225
FBgn0031971	0.0314505471520522	0.0421622409624045	0.000326421438599493	0.138510440732325
FBgn0031972	0.0567608476286579	0.0325428859737639	0.0204339051463168	0.0910696266397579
FBgn0031973	0.0438204108681245	0.0819251159708417	0	0.0632041086812458
FBgn0031974	0.0553177477774119	0.0200856108001317	0.109318406322029	0.0721106354955548
FBgn0031975	0.0599769319492503	0.0536332179930796	0.00922722029988465	0
FBgn0031976	0.0778498609823911	0.224281742354032	0	0
FBgn0031977	0.0333721099316563	0.0396975425330813	0.0195942998400466	0.00908826523193253
FBgn0031979	0.0785166240409205	0.0687979539641944	0.0263427109974424	0.0171355498721227
FBgn0031980	0.0429269980490571	0.0515936869486919	0.0388667022394157	0.0326074269230128
FBgn0031981	0.110876897133221	0.0826306913996627	0.0147554806070827	0.0505902192242833
FBgn0031985	0.0612299825057194	0.0570582694119229	0.0466962723724937	0.0156102812542054
FBgn0031986	0.259602649006622	0	0	0
FBgn0031987	0.029098503306648	0.0606334841628959	0.0371736860424643	0.0336233901844762
FBgn0031988	0.0564420597867745	0.0397881680719113	0.127168838408473	0.00724688175040068
FBgn0031990	0.0791584483892177	0.0696909927679159	0.0525969756738986	0.0464168310322157
FBgn0031992	0.0344728974392305	0.0639802417782399	0.029351358377746	0.0524892759651631
FBgn0031995	0.0229329651787084	0.0214756864549778	0.00536892161374443	0.0631231784015953
FBgn0031996	0.0709857408555487	0.0596197561479644	0.0259351105600331	0.036164496796859
FBgn0031997	0.120780805205368	0.0353802358682391	0.0296868645790972	0.0280601870679138
FBgn0031998	0.020397489539749	0.0132060669456067	0.00562238493723848	0.0766213389121338
FBgn0031999	0	0	0	0
FBgn0032000	0.0632620700967795	0.0641369128984636	0.062277871944885	0.0405708349280988
FBgn0032001	0.0434119278779474	0.0254507628294035	0.029750346740638	0.0402912621359224
FBgn0032002	0.0042932538488884	0.00615275233120949	0.00440263611255435	0.000656293581995679
FBgn0032003	0.258769407705578	0	0	0
FBgn0032004	0.232925586136595	0	0	0.0275229357798165
FBgn0032005	0.0352966567257888	0.0300188353476691	0.0561332600847591	0.0431447182545911
FBgn0032006	0.0391026531462704	0.0486178635921655	0.018335879983331	0.0797332962911516
FBgn0032008	0.0356060606060606	0.0443181818181818	0	0
FBgn0032010	0.0102281029304326	0.0217550125821901	0	0
FBgn0032013	0.0486593843098311	0.0695134061569016	0	0
FBgn0032014	0.0621019108280255	0.071656050955414	0.0516631280962491	0.0383934890304317
FBgn0032015	0.0580943044179501	0.0590746655703488	0.0143259226463426	0.0220106890990165
FBgn0032016	0.0632666236281472	0.0819883795997418	0.0225952227243383	0.0137723262319776
FBgn0032017	0.0747743876235496	0.0472711645896004	0.0373871938117748	0.0279329608938548
FBgn0032018	0.056882732861256	0.0424869659948642	0.0571161777293596	0.0277799393043343
FBgn0032020	0.0420054200542006	0.0518600640551859	0.0285784676028578	0.0235279625523528
FBgn0032021	0.1214848143982	0.0427446569178854	0	0
FBgn0032022	0.0293865089209046	0.0976051903444328	0	0
FBgn0032023	0	0	0	0
FBgn0032024	0	0	0	0
FBgn0032025	0.100167574361123	0.300921658986175	0.00343527440301633	0
FBgn0032026	0.0755453501722157	0.0363949483352469	0.0698048220436281	0.340183696900115
FBgn0032029	0.0402919984831248	0.0446530147895335	0.0270193401592719	0.136423966628745
FBgn0032030	0.0756725650985468	0.0858869227449287	0.0504963314630988	0.0414328873543375
FBgn0032031	0.066373840897999	0.0863836017569546	0.0366032210834554	0.0180575890678379
FBgn0032032	0.0630718954248366	0.0911764705882353	0.0297385620915032	0.0542483660130719
FBgn0032033	0.0813648293963254	0.0793963254593175	0.0249343832020998	0
FBgn0032034	0.0529755761953904	0.065015479876161	0.0175438596491228	0
FBgn0032036	0.0500146241591109	0.0431900165740471	0.0173540021448767	0.104903968021839
FBgn0032039	0.289345063538612	0	0	0
FBgn0032040	0	0	0	0
FBgn0032042	0.0418633931381806	0.0494176896443185	0.0601196096946806	0.021403840100724
FBgn0032047	0.173422267829656	0.0305284761416111	0.00615700359158543	0.0146228835300154
FBgn0032048	0.0192158385093168	0	0.080745341614907	0
FBgn0032049	0.000132402558565304	0	0.0019951695894151	0
FBgn0032050	0.102393617021277	0.0738770685579198	0.0379728132387707	0.0094562647754137
FBgn0032051	0.0609009009009009	0.0572972972972973	0.0299099099099099	0.0122522522522522
FBgn0032052	0.216368106779065	0.123638918159466	0.102915349490692	0.0667369160519846
FBgn0032053	0.0790462191736076	0.0416462518373347	0.0279274865262127	0.0140454025804344
FBgn0032054	0.0911411794740873	0.0513147817207046	0.0321674751085014	0.0194026040336992
FBgn0032057	0	0	0	0
FBgn0032059	0.0412132955731106	0.106498733045163	0.010806379490237	0.00983753167387091
FBgn0032061	0.2122455420546	0.0102572195044974	0	0.00615433170269844
FBgn0032065	0.293814432989691	0	0	0
FBgn0032066	0.151209677419355	0	0.751008064516129	0
FBgn0032067	0.251256281407035	0	0.658291457286432	0
FBgn0032068	0.0864819479429052	0	0.561712846347607	0
FBgn0032069	0.0559491371480475	0	0.635603996366938	0
FBgn0032072	0.0979827089337173	0	0	0
FBgn0032074	0.0039844212717842	0	0.0163504854891685	0
FBgn0032075	0.0262446435720393	0.00190780271540625	0.143989680072358	0.000143332328359537
FBgn0032076	0.0546752568344071	0.00121887515235939	0.0259446282430785	0.239363863253817
FBgn0032077	0.0846286701208979	0.0569948186528497	0	0
FBgn0032078	0.037179981988936	0.00926283288305673	0.0874823105622026	0.00990608516660235
FBgn0032079	0.0578999018645731	0.00539744847890089	0.100098135426889	0.0103042198233562
FBgn0032080	0	0	0	0
FBgn0032084	0.0924499229583976	0	0.0285053929121725	0
FBgn0032085	0.0547112462006078	0	0.272036474164133	0
FBgn0032087	0.0226240320729401	0	0.0677508527457605	0
FBgn0032088	0.00203304412564786	0	0.0104801992955932	0
FBgn0032089	0	0	0	0
FBgn0032090	0.234979973297731	0	0	0
FBgn0032094	0.515463917525773	0	0	0
FBgn0032100	0.153508771929825	0	0	0
FBgn0032101	0.0527373852442538	0.0721034644508478	0.0235207397976278	0.0770622528982108
FBgn0032104	0.274285714285714	0	0	0
FBgn0032105	0.130585783746237	0.167862931234082	0.0201435517480898	0
FBgn0032109	0.273371104815864	0	0	0
FBgn0032110	0.219364599092284	0	0	0
FBgn0032111	0.303311258278146	0	0	0
FBgn0032115	0.266666666666666	0	0	0
FBgn0032116	0.0489604292421193	0.0985915492957747	0	0.0154258886653253
FBgn0032117	0.160130718954249	0.0133689839572192	0.0112893642305407	0.0647653000594177
FBgn0032120	0.0616050119331743	0.0557875894988068	0.0909904534606203	0.0419152744630072
FBgn0032123	0.0787693093323121	0.0473637176050046	0.00778756542831609	0.108642920975361
FBgn0032124	0.0431055596375213	0.00391868723977469	0.190301249081558	0
FBgn0032129	0.0480831708901885	0.132553606237817	0.0178223336118073	0.00064977257959714
FBgn0032130	0.0339067564198454	0.0107205185739217	0.068561455996011	0.0102218898030417
FBgn0032131	0.0233825597749648	0	0.0133614627285513	0
FBgn0032132	0.149051490514905	0.048780487804878	0	0
FBgn0032135	0.0971112476951441	0.0273509526736325	0.0282728948985864	0.0175169022741242
FBgn0032136	0.0661157024793389	0.00344352617079891	0	0.417355371900827
FBgn0032138	0.0411790682269817	0.0592183705012144	0.0203576948553764	0.0225215279311106
FBgn0032139	0.0201117318435754	0.061731843575419	0	0
FBgn0032140	0.017453924081533	0.0430855608446234	0.00268521908946663	0
FBgn0032143	0.217741935483871	0	0	0
FBgn0032144	0.0195316502801792	0	0.133763355032171	0
FBgn0032147	0.00257646961827026	0.00317421056970896	0.00257646961827026	0.00552395086157144
FBgn0032149	0.007684206420408	0.00912743300698209	0.00448570425556812	0.00187229395015017
FBgn0032150	0.11046511627907	0.0629844961240311	0.0397286821705427	0
FBgn0032151	0.164983164983165	0	0	0
FBgn0032153	0.0473662719477338	0.0412413229889751	0.0253164556962026	0
FBgn0032154	0.0745412844036698	0.0619266055045872	0.0527522935779816	0
FBgn0032156	0.0369537726570184	0.109877757482085	0.027446021263641	0.00538616458245515
FBgn0032157	0.0954478707782673	0.0591042584434655	0.0363436123348018	0.0161527165932453
FBgn0032160	0.0314412089937338	0.0471065241430151	0.0130482860302248	0.0541467010689274
FBgn0032161	0.0258955987717502	0.0167860798362334	0.0157625383828045	0.0334698055271238
FBgn0032162	0.0330854065144909	0.0964349833290589	0.0165427032572454	0.0353936906899205
FBgn0032163	0	0	0	0
FBgn0032166	0.0443396226415094	0.0297169811320755	0.0160377358490565	0.00377358490566038
FBgn0032167	0.00464082942483337	0.00123426314490249	0.0107627746235497	0.00508516415699827
FBgn0032168	0.0442678774120318	0.0675368898978434	0.0312145289443813	0.0141884222474461
FBgn0032169	0.0813287514318442	0.0807560137457045	0.0332187857961053	0.0263459335624284
FBgn0032170	0.0342722140402552	0.0348244968090329	0.0424337260677467	0.0128865979381443
FBgn0032171	0.0469936384157603	0.0482249127847322	0.0338600451467268	0.0106710445310897
FBgn0032172	0.0445904717202536	0.0292184933114293	0.013846514902605	0.0447078150668857
FBgn0032175	0.479400749063671	0	0	0
FBgn0032176	0.352112676056338	0	0	0
FBgn0032178	0	0.0376940133037694	0.119733924611973	0
FBgn0032181	0	0.120588235294118	0	0
FBgn0032187	0.0158377327035288	0	0.0683523200889136	0
FBgn0032188	0.5	0	0	0
FBgn0032189	0.0996988959518233	0.0562060889929742	0.046169287387086	0.0347942455670793
FBgn0032191	0.0564784053156147	0.0530584326753957	0.0619503615399647	0.0253077975376197
FBgn0032192	0.0745798319327732	0.088235294117647	0	0
FBgn0032193	0.0657165479018213	0.0591844813935076	0.0203879651623119	0.0340459224069675
FBgn0032194	0.061816192560175	0.0757658643326039	0.0344638949671772	0.0303610503282276
FBgn0032195	0.0755020080321284	0.0401606425702812	0.0232931726907631	0
FBgn0032196	0.0546308151941956	0.060926163038839	0.0232607767819035	0.0346777635510029
FBgn0032197	0.0589070262597589	0.0798438608942512	0.0353087295954578	0.0448899929027679
FBgn0032198	0.050238137237608	0.0544540483330393	0.0202681248897513	0.0332333744928559
FBgn0032200	0.0446479062878686	0.0696108792244513	0.0206543691934833	0.0176922041201023
FBgn0032202	0.015983984735451	0.0286679491390231	0.0536761600900859	0.008946026681681
FBgn0032204	0.045639771801141	0.0711763107851128	0.045639771801141	0.030426514534094
FBgn0032205	0.0347490347490347	0.0476190476190476	0.0160875160875161	0.0170527670527671
FBgn0032208	0.0619121447028423	0.0586046511627907	0.0385529715762274	0.0390697674418605
FBgn0032209	0.0531852717708942	0.0987726475745178	0.08708357685564	0
FBgn0032210	0.0871530830089161	0.0712043199799071	0.0482230315207836	0.024739419816652
FBgn0032213	0.0395910538371292	0.0463137116147414	0.00344512933201736	0.100039106873499
FBgn0032214	0.0776513506470946	0.0762181881351516	0.0393468253278902	0.0327890211065752
FBgn0032216	0.0480044902661663	0.0931877935659212	0.0419633097988242	0.0122891495081386
FBgn0032217	0.0859295459173284	0.0519242516799023	0.038586845856241	0.0358379148849521
FBgn0032218	0.0270554242185447	0.10073548726031	0.0288941423693198	0.007551878119254
FBgn0032219	0.126063952150909	0	0	0.0280653324131585
FBgn0032221	0.166666666666667	0	0	0
FBgn0032222	0.20655354008192	0.143943826799298	0.0860152135751901	0.0356933879461673
FBgn0032223	0.0715428571428569	0.0781714285714285	0.0313142857142857	0.0244571428571429
FBgn0032224	0.0256821829855537	0.0405508152403481	0.030413111430261	0.0111514741910957
FBgn0032225	0.0616797900262468	0	0	0
FBgn0032229	0.070662581386442	0.0588535682369462	0.0280224690412358	0.0264904889569768
FBgn0032230	0.0703389131689617	0.123113713201946	0.00305104312690689	0
FBgn0032231	0.0942092886537332	0.0665784832451499	0.0899470899470899	0.030570252792475
FBgn0032233	0.127937336814621	0	0	0
FBgn0032234	0.0337958022056208	0.0270366417644966	0.0277481323372465	0.0217004624688722
FBgn0032235	0.0155121424102827	0	0.0955468350110902	0
FBgn0032236	0.0604122245913292	0.0793354655294955	0.0269189765458422	0.0236318407960199
FBgn0032240	0	0	0	0
FBgn0032242	0.0593548387096774	0.0741666666666666	0.03	0.0301344086021505
FBgn0032243	0.158815612382234	0.203230148048452	0.0794078061911172	0.069986541049798
FBgn0032244	0.0351715154146765	0.0160660008684325	0.0115067303517152	0
FBgn0032246	0.0343155632201145	0.0491114943390568	0.0352403089150484	0.0192946939591612
FBgn0032247	0.0415362731152205	0.0295874822190612	0.0176386913229019	0.0290184921763869
FBgn0032248	0.105211885046274	0.0400633219678521	0.0197272284461763	0.0214320506575743
FBgn0032249	0.0712530712530712	0.149058149058149	0.045045045045045	0.0163800163800164
FBgn0032250	0.0800076745970836	0.0784727551803528	0.0354950115118956	0.0326170376055257
FBgn0032251	0.0664804469273743	0.0427374301675978	0.0575418994413408	0
FBgn0032252	0.0426356589147287	0.0684754521963825	0.0413436692506461	0
FBgn0032253	0.06040833508735	0.0117869922121659	0.0770364133866554	0.425594611660703
FBgn0032256	0.0502408809359945	0.0536820371644873	0.0213351686166551	0.0172057811424639
FBgn0032258	0.0954922894424674	0.0780941083432189	0.0498220640569395	0.0342032423882958
FBgn0032259	0.0632749038050449	0.0585720393330484	0.043180846515605	0.019666524155622
FBgn0032261	0.100868403473614	0.0754843019372077	0.0367401469605879	0.0190380761523046
FBgn0032262	0.0334417092429169	0	0	0.17835578262889
FBgn0032264	0.0144871171609139	0.00200939880084265	0.0228812186031437	0.0752552260573651
FBgn0032268	0.227154046997389	0	0	0
FBgn0032269	0.224171795207542	0	0	0.0112609663480424
FBgn0032271	0.123388581952118	0	0	0
FBgn0032276	0.266990291262136	0	0	0
FBgn0032280	0.104755687239492	0.550118013358108	0	0
FBgn0032281	0.0924238026124819	0.378403483309144	0	0
FBgn0032282	0.351184346035017	0.124613800205973	0	0
FBgn0032283	0.171583468281349	0.25494613813983	0	0
FBgn0032284	0.134260249554367	0.275032679738562	0	0
FBgn0032285	0.42533748701973	0.079958463136033	0	0
FBgn0032286	0	0	0	0
FBgn0032287	0.0591989987484356	0.011639549436796	0	0.147809762202754
FBgn0032289	0	0.5	0	0
FBgn0032290	0.0525032509752928	0.0455136540962289	0.0403120936280884	0.0156046814044213
FBgn0032291	0.207729468599034	0	0	0
FBgn0032292	0.0748184876925802	0.0787143616079333	0.031698246856738	0.0302815654329733
FBgn0032293	0.0490539593552908	0.0941368839056296	0.0210231254379818	0.0120298995561785
FBgn0032294	0.345637583892618	0	0	0
FBgn0032295	0.129477772982305	0.0517911091929218	0.0159689253344842	0
FBgn0032296	0.0849765258215962	0.0737089201877934	0.0413145539906103	0.0225352112676056
FBgn0032297	0.0483445399608476	0.0400034045450677	0.00442590858796492	0.029449314835305
FBgn0032298	0.0643005300760544	0.0502419912422217	0.0336483060613045	0.0110624567872782
FBgn0032304	0.0633769259278869	0	0	0
FBgn0032305	0.0681278683335971	0.050561797752809	0.0441525557841431	0.0275360025320462
FBgn0032312	0.203900709219858	0	0	0
FBgn0032313	0.375	0	0	0
FBgn0032314	0.27521613832853	0	0	0.00922190201729109
FBgn0032318	0.526315789473685	0	0	0
FBgn0032321	0.0627975515756065	0.0641577873498073	0.0317388347313535	0.0337791883926548
FBgn0032322	0.0815655133295519	0.00805445263754963	0	0.339081111741349
FBgn0032329	0	0	0	0
FBgn0032330	0.0530386740331492	0.0716022099447514	0.0397790055248619	0.0176795580110497
FBgn0032336	0.0161345691726743	0	0.0961208376244422	0
FBgn0032337	0.203883495145631	0	0	0
FBgn0032338	0.21003717472119	0	0	0
FBgn0032339	0.079735440014698	0.0253536652581297	0.0496049972441668	0.0501561638802131
FBgn0032340	0.0842347214710656	0.0773391022174149	0.0219037317468902	0.0209572742022715
FBgn0032341	0.0720752707260783	0.0614237528847859	0.0300017752529735	0.0679921888869166
FBgn0032343	0.0399484536082474	0.00902061855670103	0.0519759450171821	0.13745704467354
FBgn0032345	0.300324675324675	0	0	0
FBgn0032346	0.0611596505162827	0.0389197776012709	0.0258141382049246	0
FBgn0032348	0.102139198553781	0.0837601687255197	0.0298282615245556	0.0117505272672492
FBgn0032350	0.046475531888045	0.0534538020846478	0.00807611740655679	0.0761552633571412
FBgn0032354	0.0589225589225589	0.0390572390572391	0.0131313131313131	0
FBgn0032358	0.046797357068749	0.0663463113635123	0.089226232730847	0.060285043411784
FBgn0032360	0.181914219311219	0	0	0.00908514684132686
FBgn0032361	0.15929203539823	0.170555108608206	0.117457763475463	0.0482703137570394
FBgn0032363	0.0702711124961046	0.0777500779058896	0.0394203801807417	0.0193206606419445
FBgn0032364	0.185104052573932	0	0	0
FBgn0032365	0.371681415929203	0	0	0
FBgn0032366	0	0	0	0
FBgn0032368	0.146017699115044	0	0	0
FBgn0032369	0.222551928783383	0	0	0
FBgn0032370	0.235775526110678	0	0	0
FBgn0032371	0.384344146685473	0	0	0
FBgn0032372	0.211798839458414	0	0	0
FBgn0032373	0.00844014987182018	0	0.0490830211003747	0
FBgn0032374	0.233120113717128	0	0	0
FBgn0032375	0.299165673420739	0	0	0
FBgn0032376	0.341480446927374	0	0	0
FBgn0032377	0.0267857142857143	0	0	0
FBgn0032378	0.0884755437456945	0.0961519535478793	0.0282452514516288	0.0312961322704458
FBgn0032381	0.0888888888888889	0.393650793650793	0	0
FBgn0032382	0.0549344486447359	0.137135043834955	0.00329767554089923	0.110029759510979
FBgn0032385	0.381756756756757	0	0	0
FBgn0032387	0.0641711229946524	0	0	0
FBgn0032388	0.0848947823580281	0.075381954453733	0.0332948976650332	0.0272412799077544
FBgn0032390	0.114413909141896	0.0757150869321368	0.0342120022434099	0
FBgn0032391	0.0518981259010091	0.0581451225372417	0.0355598270062471	0.0153772224891879
FBgn0032393	0.0441256090958311	0.0536004331348132	0.0268002165674066	0.030138964085905
FBgn0032394	0.0249070838187164	0.0279025905586066	0.0253508625949963	0.018305874521551
FBgn0032395	0.167127071823204	0.0925414364640883	0.102209944751381	0.147790055248619
FBgn0032397	0.158167268162561	0.0247920916365919	0.022595324023223	0.00706103875725718
FBgn0032398	0.150727117194183	0.14388366124893	0.0881094952951242	0.100427715996578
FBgn0032399	0.339285714285715	0.0535714285714286	0.0892857142857142	0
FBgn0032400	0.0315481231667908	0.0514680180547362	0.0443168614491039	0.0167898822739462
FBgn0032401	0.139911634756996	0.0500736377025035	0.117820324005891	0.0353460972017673
FBgn0032402	0.0715261958997722	0.0123006833712984	0.0765375854214123	0
FBgn0032404	0	0	0	0
FBgn0032405	0.0233824471492633	0.0191383728379244	0.00264253683536195	0.00488468930172965
FBgn0032407	0.0446748210023867	0.0366945107398568	0.0227476133651552	0.0121569212410501
FBgn0032408	0.0545673801627977	0.0542659029243293	0.0316551100391921	0.00904431715405488
FBgn0032409	0.0657663977551737	0.052262364082778	0.0775166608207645	0.0268326902841109
FBgn0032414	0.223557692307692	0.0793269230769231	0	0
FBgn0032415	0.020670647680294	0	0	0
FBgn0032419	0.201048951048951	0	0	0
FBgn0032420	0.0703923300113536	0.0764475842058786	0.0160211933896808	0.0372145830705185
FBgn0032421	0.0763461826908656	0.0814459277036148	0.0205489725513724	0.0314984250787461
FBgn0032422	0.0115071219754929	0.0549542825153947	0	0
FBgn0032424	0.392749244712991	0	0	0
FBgn0032428	0.296520423600605	0	0	0
FBgn0032429	0.045855004776563	0.0438028517850193	0.0217245161518593	0.0502423663446909
FBgn0032430	0.0536135535063264	0.0508256487239974	0.0319536778897706	0.0158696118378726
FBgn0032431	0.179646017699115	0	0	0
FBgn0032433	0.0132202902715908	0	0.070017243856876	0.00370024428797241
FBgn0032434	0.297644539614561	0	0	0
FBgn0032435	0.0164812942366026	0	0.0718907987866531	0
FBgn0032436	0	0	0	0
FBgn0032439	0.15884476534296	0	0	0
FBgn0032442	0	0	0	0
FBgn0032444	0.0787393200269437	0.0843762186691247	0.0342822703584216	0.00609777714751657
FBgn0032445	0.0648287744992463	0.0947663148826189	0.0458755115227224	0.018307129011415
FBgn0032446	0.116735537190083	0.0630165289256197	0.0743801652892562	0
FBgn0032447	0.273333333333333	0	0	0
FBgn0032448	0.313343328335832	0	0	0
FBgn0032449	0.110189573459716	0.0272511848341232	0.12914691943128	0.0462085308056872
FBgn0032450	0.0783353733170134	0.0636474908200734	0.0367197062423501	0.0195838433292534
FBgn0032451	0.0437636761487966	0.0448030634573304	0.0811269146608315	0.024781181619256
FBgn0032453	0.047056360633621	0.0551045567676956	0.0293549812751506	0.028936288990719
FBgn0032454	0.109140696309819	0.0697613769722258	0.0206024253488069	0.0133002999087234
FBgn0032455	0.0755297953269335	0.0554247418945843	0.0255388516573085	0.0336895489947473
FBgn0032456	0.0520316622691292	0.0916094986807387	0.0271240105540897	0.04221635883905
FBgn0032457	0.306559571619813	0	0	0
FBgn0032464	0.293573515092502	0	0	0.0126582278481013
FBgn0032465	0.0544669032556704	0.0685079463045826	0.022784549709407	0.0191328498688474
FBgn0032467	0.0576528020145346	0.0797640873848602	0.033752291754103	0.0331117050650527
FBgn0032470	0	0	0	0
FBgn0032471	0.259701492537313	0	0	0
FBgn0032472	0	0	0	0
FBgn0032473	0.323045267489712	0	0	0
FBgn0032474	0.0747677705977383	0.0983441033925686	0.0649737479806139	0.0078251211631664
FBgn0032475	0.0598548972188634	0.0562273276904474	0.0219669488109633	0.0231761386537686
FBgn0032476	0.0571648690292759	0.0608628659476119	0.0489984591679507	0.0121725731895223
FBgn0032477	0.0453888755116785	0.0293763544425716	0.060317842523477	0.0314230676619311
FBgn0032478	0.0157894736842105	0	0	0
FBgn0032479	0.061568814205048	0.0546295666371863	0.0263283216545343	0.0325872508333901
FBgn0032480	0.0563854982692657	0.065130260521042	0.035070140280561	0.0427218072508653
FBgn0032481	0.195107398568019	0.0224741447891806	0.013126491646778	0.0143198090692124
FBgn0032482	0.0475205721425186	0.0157899271896945	0.00422213605618026	0.0565249235276378
FBgn0032483	0.227272727272727	0	0	0.0215716486902928
FBgn0032484	0.0363128491620112	0	0	0
FBgn0032485	0.0824194653872514	0.0628855380397531	0.0400959561343386	0.0236463331048663
FBgn0032486	0.217090069284065	0.161662817551963	0.0669745958429562	0.0577367205542725
FBgn0032487	0.12109375	0.0598958333333333	0.0377604166666667	0.0212673611111111
FBgn0032488	0.0921586300135193	0.0842721946822895	0.0281658404686796	0.0250112663361875
FBgn0032492	0.257188498402556	0	0	0
FBgn0032495	0.0972470504111548	0.0561315695387915	0	0
FBgn0032499	0.0523560209424084	0.031413612565445	0.038324607329843	0.0167539267015707
FBgn0032503	0.177065767284992	0	0	0
FBgn0032506	0.184	0	0	0
FBgn0032509	0.0561245560419592	0.0775584372676964	0.03749896753944	0.0337821095234162
FBgn0032511	0.0445190483141147	0.0433878265946576	0.0271493212669683	0.0148518464457744
FBgn0032512	0.0863480327435966	0.0525481911803538	0.0271983100079218	0.0121468180617903
FBgn0032513	0.0967416014144988	0.0335943420055569	0.0189441778226825	0.0143975751452387
FBgn0032514	0.0872644078875694	0.0848676326397212	0.0126375422159277	0.0098049896502887
FBgn0032515	0.0623608017817373	0.0316258351893096	0.00734966592427617	0.00456570155902005
FBgn0032516	0.0598530394121575	0.0531730126920509	0.0440881763527054	0.020440881763527
FBgn0032517	0.0822972172883362	0.0455891059798698	0.0325636471284783	0.0224985198342215
FBgn0032518	0.0402898224547062	0.0485336450328337	0.0215370318608678	0.00747788397663706
FBgn0032519	0.213039014373716	0	0	0
FBgn0032520	0.334181078331638	0	0	0.00915564598168871
FBgn0032521	0.105263157894737	0.0577485380116959	0.0131578947368421	0
FBgn0032522	0.277094972067039	0	0	0
FBgn0032524	0.0589756018742933	0.0271449345613185	0.0198739699466796	0.0953304249474876
FBgn0032525	0.232993197278911	0	0	0
FBgn0032530	0.216597510373444	0	0	0
FBgn0032533	0	0	0	0
FBgn0032535	0	0.592592592592592	0	0
FBgn0032536	0.0304487179487179	0.0288461538461538	0	0
FBgn0032538	0.0825482363581547	0.155920259270425	0	0
FBgn0032549	0.027	0	0	0.175875
FBgn0032551	0	0	0	0
FBgn0032553	0.247798742138364	0	0	0
FBgn0032554	0.385869565217391	0	0	0
FBgn0032563	0.317246835443038	0	0	0
FBgn0032577	0.219358533791524	0	0	0
FBgn0032585	0	0	0	0
FBgn0032586	0.052864511796844	0.0449287305802277	0.0388548057259713	0.0189848304489821
FBgn0032587	0.172839506172839	0.111522633744856	0.127983539094651	0.104115226337448
FBgn0032588	0.178294573643411	0	0	0
FBgn0032590	0.246726395589249	0	0	0.0120606478290834
FBgn0032593	0.0778443113772455	0	0.161676646706587	0
FBgn0032595	0	0	0	0
FBgn0032596	0.0432474571237656	0.111997921152276	0.0361942237731086	0.0118605687133417
FBgn0032597	0.0504868755292125	0.0681625740897546	0.0540855207451311	0.0301651143099069
FBgn0032598	0.278846153846154	0.182692307692308	0	0
FBgn0032600	0.0439761795693999	0.0361887311039852	0.010879523591388	0.011223087494274
FBgn0032601	0.0581095249616904	0.299459633841438	0.00181466247278006	0
FBgn0032602	0.022707423580786	0.0716157205240173	0.0864628820960698	0
FBgn0032603	0.0273873873873874	0.0336936936936937	0.00828828828828828	0.0666666666666665
FBgn0032609	0.275258552108193	0	0	0
FBgn0032612	0	0.16289592760181	0	0
FBgn0032613	0.0307835820895523	0.0177238805970149	0	0.0792910447761194
FBgn0032614	0.0711645101663586	0.39279112754159	0.0203327171903881	0
FBgn0032615	0.045030062683894	0.144812587949341	0.0203402839964181	0.05372905206601
FBgn0032618	0	0	0	0
FBgn0032620	0.0826594788858941	0.0377358490566038	0.0440251572327043	0
FBgn0032624	0.230437461491066	0	0	0.0113986444855206
FBgn0032625	0.285248041775457	0	0	0
FBgn0032626	0.265633964429145	0	0	0
FBgn0032629	0.108148148148148	0.0533333333333333	0	0.0296296296296296
FBgn0032631	0.262135922330098	0.0776699029126216	0	0
FBgn0032632	0.219354838709677	0	0	0
FBgn0032633	0.0695652173913043	0.0394648829431438	0.0484949832775919	0.00468227424749164
FBgn0032634	0.0996821727824328	0.16931522681306	0.0546084946547241	0.0511412886449003
FBgn0032635	0.0875793586195668	0.049324434315481	0.0489988604916163	0.00634868956535894
FBgn0032636	0.306925498426023	0	0	0
FBgn0032637	0.242346342603412	0	0	0.0229025473241412
FBgn0032638	0.0430425405325004	0.00304923397292875	0	0.516175814368585
FBgn0032639	0.0475958282540972	0.00230258702424488	0	0.479127725856698
FBgn0032640	0.0579770420895026	0.0610131425719514	0.0301946431542173	0.0133921144568291
FBgn0032642	0.0285305976624304	0.0380748226407391	0.0362884703720717	0.063849333945797
FBgn0032643	0.0610408962967052	0.064683481428335	0.0197030741210884	0.0167227771952094
FBgn0032644	0.0542846064366034	0.036060488561458	0.0279177975959674	0.0147343931756495
FBgn0032645	0.190207156308851	0	0	0
FBgn0032646	0.117787542988154	0.0482422621322124	0.0178639663737103	0.0137562094000764
FBgn0032647	0.193645990922844	0	0	0
FBgn0032648	0.413907284768212	0	0	0
FBgn0032649	0.213065326633166	0	0	0
FBgn0032650	0.262936221419976	0	0	0
FBgn0032651	0.117572692793932	0	0	0
FBgn0032652	0.0387113097748165	0	0	0.288409097298361
FBgn0032654	0.30505415162455	0	0	0
FBgn0032656	0.0573136940352924	0.0697097856205336	0.0258130377716203	0.0138544553011521
FBgn0032658	0.534979423868313	0	0	0
FBgn0032660	0.471186440677966	0	0	0
FBgn0032663	0.126070991432068	0	0	0
FBgn0032664	0.261577608142493	0	0	0
FBgn0032665	0.0127080181543116	0	0.100312657589511	0
FBgn0032666	0.1350857977364	0.063526834611172	0.00949251551661191	0
FBgn0032668	0.162745098039216	0	0	0.33921568627451
FBgn0032669	0.240581025873809	0	0	0
FBgn0032670	0.0999999999999998	0	0.123255813953489	0.153488372093023
FBgn0032671	0.0906241094328868	0.0800797948133371	0.037047591906526	0.0387574807637503
FBgn0032677	0.256756756756757	0	0	0.00900900900900901
FBgn0032679	0.07850133809099	0.0615521855486173	0.0423728813559322	0.010035682426405
FBgn0032680	0.468	0	0	0
FBgn0032681	0.0646722393312803	0.120545534535856	0.0180378354597449	0
FBgn0032682	0.0566561514195585	0.106624605678234	0	0
FBgn0032683	0.0971357409713575	0.194686591946866	0.0161892901618929	0.0016604400166044
FBgn0032684	0.038122477765153	0.0317556713552482	0.0684088861027309	0.0102456607765545
FBgn0032685	0.0483754859144791	0.204587992513318	0	0
FBgn0032688	0.0703874866690366	0.064344116601493	0.0305723426946321	0.0209740490579453
FBgn0032689	0.0659315675798568	0.0446174832329203	0.0669546436285098	0.0180175059679437
FBgn0032690	0.171176840780365	0.200755191944619	0.0818124606670862	0.0572687224669603
FBgn0032691	0.0996941896024464	0.0764525993883793	0.0330275229357798	0.0256880733944954
FBgn0032693	0.0446553601991598	0.00731289870857322	0	0.352730667496499
FBgn0032694	0.0619568897415642	0.050897189933416	0.0372418462927435	0.0328405371854193
FBgn0032698	0.0979955456570154	0.0534521158129176	0	0
FBgn0032699	0.0928930088837387	0.0295480880648899	0.0193124758594052	0.0146774816531479
FBgn0032700	0.0537553378548104	0.0479778950012561	0.017583521728209	0.038432554634514
FBgn0032701	0.0742432895488292	0.0693889206167904	0.120502569960023	0.0205596801827527
FBgn0032702	0.0561140986672901	0.0668693009118541	0.0493336450783259	0.0238484919335983
FBgn0032703	0.0887173022376302	0.0791049479987392	0.0384494169555625	0.0438071225969115
FBgn0032704	0.0389732816203405	0.0640082956259426	0.0371687136393019	0.0253582202111614
FBgn0032705	0.170393215111797	0.0508866615265998	0.0354664610639938	0
FBgn0032706	0.339449541284404	0	0	0
FBgn0032707	0.327683615819209	0	0	0
FBgn0032709	0.316017316017316	0	0	0
FBgn0032713	0.0958649527644416	0.0996850962779413	0.00232306024469568	0.313303391667957
FBgn0032715	0.0476982230073782	0.0250441650213031	0.226852332952302	0.166891821677232
FBgn0032717	0.109460628785694	0.0454283241995962	0.0346120565330257	0.0129795211998846
FBgn0032719	0.149635036496351	0	0	0.124087591240875
FBgn0032720	0.0563417190775682	0.0463836477987421	0.02541928721174	0
FBgn0032721	0.0449222716093951	0.120416958101126	0.0185690756074998	0.0105142031993863
FBgn0032723	0.139332870048645	0.0441278665740097	0.0277970813064628	0.0191104933981931
FBgn0032724	0.0554934823091248	0.0493482309124767	0.0184357541899441	0.0197392923649907
FBgn0032725	0.0248234285883153	0.0789621442714029	0.0217500517154762	0.0244983598806111
FBgn0032726	0.0171797620870986	0.00724970643794352	0.0250038290703017	0.0738500025527137
FBgn0032727	0.0422451025759679	0.102363874749345	0.059039025142681	0.00449251889557304
FBgn0032728	0.0865617433414044	0.0696125907990314	0.0484261501210654	0.0387409200968522
FBgn0032729	0.0372021828830027	0.0181019566085452	0.0283508585119127	0.05224277918275
FBgn0032730	0.102970297029703	0.0336633663366337	0.0376237623762376	0
FBgn0032731	0.0367367921543816	0.0712986396709902	0.0173995571021829	0.0159759569756407
FBgn0032732	0.056309590577678	0.0585530005608525	0.0281547952888391	0.0218732473359506
FBgn0032733	0.032323594431499	0	0.186951066499373	0
FBgn0032734	0.0293809024134312	0	0.165792235047219	0
FBgn0032740	0.431619786614937	0	0	0
FBgn0032741	0.21358024691358	0	0	0
FBgn0032744	0.0617177384548986	0.0509279240397065	0.0310746655157531	0.0116529995684074
FBgn0032746	0.0471698113207547	0.0692668101810815	0.0171584145878182	0.0224768899582119
FBgn0032748	0.151700888752682	0.0864235366227398	0.0413729696598222	0.0202267851670242
FBgn0032749	0.421052631578947	0	0	0
FBgn0032750	0.0737628384687208	0.0718954248366014	0.0438842203548087	0
FBgn0032751	0	0	0	0
FBgn0032752	0.0695652173913042	0.0278260869565217	0	0
FBgn0032753	0	0	0	0
FBgn0032754	0.508474576271186	0	0	0
FBgn0032755	0	0	0	0
FBgn0032763	0.0834445927903873	0.096128170894526	0.0273698264352471	0.068758344459279
FBgn0032768	0.212719298245614	0	0	0
FBgn0032769	0.237346437346437	0	0	0
FBgn0032770	0.0366367466568968	0	0.115222568235941	0.100018318373328
FBgn0032771	0.190922190201729	0	0	0
FBgn0032772	0.0355472404115996	0.0692235734331151	0	0
FBgn0032773	0.0204819277108434	0.00166874394128237	0	0.0924387203988367
FBgn0032774	0.025711487064476	0.10964945328186	0.00218953190998985	0.00692317579636467
FBgn0032775	0.0704619692020534	0.0419972001866542	0.0356976201586561	0
FBgn0032779	0.00742159444577447	0.00562604740244194	0.0279506823078765	0.00436916447210916
FBgn0032780	0.0355731225296443	0.048748353096179	0.0579710144927537	0.0553359683794466
FBgn0032781	0.0904265055830132	0.105619622917811	0.0272743913600586	0.0162914149734578
FBgn0032782	0.027792343995805	0.0194022024121657	0.0419507079181962	0.00996329313057158
FBgn0032783	0.00470101015753981	0.0227635223997538	0	0
FBgn0032785	0.0136655619655496	0.039237347080725	0	0.0520027822102206
FBgn0032787	0.0288193368453672	0.0201425472575147	0.0584133870467928	0.0407499225286644
FBgn0032790	0.0458807101536007	0.0472770795930581	0.0375024935168562	0.0492718930779972
FBgn0032791	0.0534007869589658	0.0404721753794266	0.0174255199550309	0.0354131534569983
FBgn0032793	0.0642120765832106	0.0527245949926362	0.0447717231222386	0.0250368188512518
FBgn0032796	0.0744444444444445	0.0692592592592592	0.0537037037037037	0.0277777777777778
FBgn0032797	0.0794979079497908	0	0	0
FBgn0032798	0.0397505845674201	0.0943102104442713	0.00545596258768512	0
FBgn0032799	0.0499940765312166	0.0590569837696955	0.0276033645302689	0.0332306598744225
FBgn0032800	0.0712121212121213	0.0212121212121212	0.0212121212121212	0
FBgn0032801	0.0239085239085239	0.0107415107415107	0.0266805266805267	0
FBgn0032803	0.165730337078652	0.0828651685393258	0.0259831460674157	0
FBgn0032805	0.0297885970531711	0.0363549007046765	0.0233824471492633	0.00928891736066623
FBgn0032809	0.123960066555741	0	0.36522462562396	0
FBgn0032810	0	0	0	0.0356652949245542
FBgn0032811	0.215401785714286	0.175223214285714	0.0613839285714285	0.0435267857142857
FBgn0032812	0.0807560137457044	0.0804123711340206	0.0350515463917526	0.00412371134020619
FBgn0032813	0.0700086430423509	0.0393258426966292	0.0410544511668108	0.0354364736387208
FBgn0032814	0.0730778990104035	0.0672418167977671	0.0299416391778736	0.0121796498350673
FBgn0032815	0.0745326535566883	0.062879339645545	0.0369021607186211	0.0303471716436028
FBgn0032816	0.0562143170838823	0.0737812911725955	0.0474308300395257	0.0584101888449715
FBgn0032817	0.112615051434759	0.0584731997834326	0.0389821331889551	0.0194910665944775
FBgn0032818	0.0985832349468713	0.0861865407319953	0.0525383707201889	0.0271546635182998
FBgn0032819	0.0754716981132075	0.0858186244674376	0.035301278149726	0.00973828362751064
FBgn0032820	0.0368052188477983	0.0350420945916164	0.00520121655573676	0.0843654956583065
FBgn0032821	0.0975416336241079	0.0589479249273064	0.0169177901136664	0.0185038329368226
FBgn0032822	0.0526315789473684	0.0554461018857304	0.0486912468336617	0.0219532789192232
FBgn0032824	0.0229392342003128	0	0	0.102125934078665
FBgn0032827	0.523809523809524	0	0	0
FBgn0032833	0.0264437098969473	0.037198619482792	0.0213518374489598	0.00702411044137664
FBgn0032835	0	0	0	0
FBgn0032840	0.111627906976744	0	0.0945736434108526	0
FBgn0032843	0.0948957584471603	0.0999281092739036	0.269590222861251	0
FBgn0032845	0.0519635065450218	0.0606902023006743	0.0581118603728679	0.0386751289170964
FBgn0032846	0.0866688719814753	0.056235527621568	0.0628514720476348	0.0578895137280847
FBgn0032847	0.0731268474489142	0.0778820203058733	0.0444672921218351	0.0323865827014523
FBgn0032848	0.15679012345679	0.0432098765432099	0.0160493827160494	0
FBgn0032849	0.05	0.0485865724381625	0.0208480565371024	0.011660777385159
FBgn0032850	0.0200328407224959	0.00246305418719212	0.0403940886699507	0
FBgn0032851	0.547619047619046	0	0	0
FBgn0032856	0.28	0.3	0	0
FBgn0032857	0.0757967269595178	0.0271317829457365	0.0258397932816538	0
FBgn0032858	0.0902151283830673	0.0978487161693269	0.0638445523941708	0.0208188757807078
FBgn0032859	0.0468513853904283	0.0435768261964736	0.0434508816120907	0.0160264483627204
FBgn0032863	0.264833574529667	0.138929088277858	0.0419681620839363	0.0376266280752533
FBgn0032864	0.0330512572533849	0.0361943907156673	0.00287717601547389	0.0534816247582204
FBgn0032867	0.279605263157895	0	0	0
FBgn0032869	0.156564977825561	0	0	0.00860099448998789
FBgn0032870	0.0448548812664908	0.0627381999413662	0.0316622691292876	0.0140721196130167
FBgn0032871	0.0226600322754168	0.0268961807423345	0.016877353415815	0.0229962345346961
FBgn0032873	0.0601307189542483	0.0620915032679738	0.0362745098039216	0.0281045751633987
FBgn0032876	0.0466338259441708	0.0656814449917896	0.0241379310344828	0.0609195402298852
FBgn0032877	0.201634877384196	0.089009990917348	0.0217983651226158	0.0299727520435967
FBgn0032878	0.265350877192983	0	0	0
FBgn0032879	0.203125	0	0	0
FBgn0032880	0.0651331311088641	0.0560751600943715	0.040107853050219	0.0321873946747557
FBgn0032881	0.0259671436142025	0.0279809220985692	0.0196078431372549	0.0569157392686805
FBgn0032882	0.0564475025484201	0.0541539245667687	0.0248470948012232	0.0155453618756371
FBgn0032883	0.164230864503344	0.0495417389150359	0.0329452563784989	0.0247708694575179
FBgn0032884	0.0245588637186181	0.0657143490239237	0.0145654373693579	0.00240787656308859
FBgn0032886	0.0941346850108617	0.0398262128892107	0.0485155684286749	0.0267921795800145
FBgn0032889	0.00899639770797173	0.0191686731246617	0.00871642682494356	0.0125240308341266
FBgn0032891	0	0	0	0
FBgn0032894	0.168810289389068	0	0	0
FBgn0032895	0.1280353200883	0.0441501103752758	0	0
FBgn0032896	0	0	0	0
FBgn0032897	0.0205213563979826	0.043545044768283	0.000251350309719437	0.000139639060955243
FBgn0032899	0.0332620320855615	0.123172905525847	0.004349376114082	0
FBgn0032900	0.0142070396679703	0.0302099130018357	0.00243435230265783	0.0292521350466916
FBgn0032901	0.00368867576540021	0.00783843600147546	0.00119881962375507	0.0017521209885651
FBgn0032906	0.0684219352674828	0.0365587791380178	0.0228073117558276	0
FBgn0032907	0.0738504412447747	0.0260102183000465	0.0269391546679052	0.018578727357176
FBgn0032908	0.252688172043011	0.10752688172043	0.043010752688172	0.129032258064516
FBgn0032910	0.0707559175362687	0.122932043777042	0	0
FBgn0032911	0.438202247191011	0	0	0
FBgn0032913	0.192802617230098	0	0	0
FBgn0032915	0.127682793743179	0.0585667515460168	0.0272826482357221	0.0123681338668606
FBgn0032916	0	0	0	0
FBgn0032919	0.0592841163310963	0.0600671140939597	0.0262863534675615	0.0121923937360179
FBgn0032921	0.0384414225941423	0.0282426778242678	0.0203974895397489	0.00679916317991632
FBgn0032922	0.0241396183330615	0.0167998695155766	0.0143532865764149	0.0135377589300277
FBgn0032923	0.0538506645817044	0.0479378420641126	0.066164972634871	0.0425625488663018
FBgn0032924	0.0723053317990029	0.0590717299578061	0.0364403528960491	0.0216724204065976
FBgn0032925	0.0862550418864412	0.0667080359913125	0.0381632019857276	0.010859447719516
FBgn0032929	0.115250291036088	0.040745052386496	0.0256111757857974	0
FBgn0032934	0.174266083697689	0.0218613366645847	0.102435977514054	0.262960649594003
FBgn0032935	0.0417849190062437	0.0161987512552941	0.144959175653845	0.0554075885255206
FBgn0032938	0.0481791449898213	0.0358516172811582	0.0382266455553043	0.0257860212621579
FBgn0032940	0.0557571269900037	0.0282858200666419	0.0353202517586079	0.097149203998519
FBgn0032943	0.0869435315207649	0.0591574544368091	0.0310726023304452	0.0170301762772632
FBgn0032945	0.0071837169083411	0.00119728615139018	0.0115737661301051	0.0119728615139018
FBgn0032946	0.0785832872163807	0.0110680686220255	0.00664084117321527	0
FBgn0032949	0.0535966608713772	0.0657993267045639	0.108573772733488	0.0278239013368235
FBgn0032955	0.051826375711575	0.0329696394686907	0.0717504743833018	0.166745730550285
FBgn0032956	0.0505804795519515	0.0477801761857535	0.0211772942068724	0.0302199404935535
FBgn0032957	0.0829953198127925	0.0421216848673947	0.00904836193447738	0.00249609984399376
FBgn0032961	0.103600675939165	0.0636942675159237	0.0290523852853243	0.0244378005979461
FBgn0032964	0.28021978021978	0	0	0
FBgn0032965	0.397727272727273	0	0	0
FBgn0032966	0.274193548387097	0	0	0
FBgn0032967	0.410501193317422	0	0	0
FBgn0032968	0.25987525987526	0	0	0
FBgn0032969	0.226845637583893	0	0	0
FBgn0032971	0.266310160427807	0	0	0
FBgn0032972	0.375438596491228	0	0	0
FBgn0032973	0.527649769585253	0	0	0
FBgn0032974	0.0555555555555555	0.0477207977207977	0.0187559354226021	0.0173314339981006
FBgn0032979	0.0621138479281653	0.055935414778812	0.0394595930472033	0.0217480846857237
FBgn0032981	0.0615384615384613	0	0.298224852071006	0
FBgn0032986	0.0165120187038796	0.0193614378607438	0.0160005844962373	0.0122744209834149
FBgn0032987	0.0389302755043339	0.0513736542635734	0.0242486355308256	0.032486210280532
FBgn0032988	0.0687430301099252	0.0488290584674207	0.0224629600127449	0.0232595188784451
FBgn0032997	0.156031128404669	0.166147859922179	0.093774319066148	0.102529182879378
FBgn0033000	0.175195143104944	0.184735472679965	0.0715524718126625	0.0854293148308759
FBgn0033005	0.0648813411713477	0.075694898033239	0.0201756295812468	0.0424559111691705
FBgn0033010	0.066560804552071	0.0752944290062195	0.0477702792113271	0.0751621013629746
FBgn0033015	0.227501799856012	0.177465802735781	0.0683945284377249	0.0453563714902808
FBgn0033017	0.0606657812433058	0.07630350027848	0.0328177884409408	0.040615226425603
FBgn0033019	0.0500604594921403	0.0609431680773882	0.0212817412333736	0.0183796856106409
FBgn0033020	0.288201160541586	0	0	0
FBgn0033021	0.0590760059612518	0.0568703427719821	0.0267660208643816	0.0248584202682563
FBgn0033028	0.0461425219671527	0.042094125224272	0.0358835165846253	0.0389658186502277
FBgn0033029	0.0705264474177817	0.074402901087908	0.0370764036513693	0.0312617231461799
FBgn0033031	0.209905660377358	0	0	0
FBgn0033032	0.0663902708678828	0.0985074626865672	0.0191818684355998	0.0245992260917634
FBgn0033033	0.0245022970903522	0.0801793918179829	0.0054692627433822	0.0391599212426164
FBgn0033038	0.0507804781663703	0.054534676941316	0.0199565303299743	0.0193637621023513
FBgn0033042	0.378731343283582	0	0	0
FBgn0033047	0.103620474406991	0	0	0
FBgn0033048	0.00383275261324042	0	0.00557491289198606	0
FBgn0033050	0.0350755801575474	0.0541835213966361	0.0400787736853311	0.0100596125186289
FBgn0033051	0.0359729312596462	0.0362103763504691	0.0825121690609048	0.0347857058055325
FBgn0033052	0.164078056551174	0.135404221425726	0.0880127439267225	0.0796495420151335
FBgn0033054	0.139030612244898	0	0	0
FBgn0033055	0.0741377031848817	0.0893352715739393	0.0407030527289548	0.0192943042156733
FBgn0033056	0.265800865800865	0	0	0
FBgn0033058	0.5	0	0	0
FBgn0033059	0.179943767572634	0.170571696344892	0.0946579194001875	0.0477975632614808
FBgn0033060	0.16263440860215	0.150537634408602	0.092741935483871	0.0537634408602149
FBgn0033061	0.0374193548387096	0	0.0335483870967742	0
FBgn0033062	0.079451031649706	0.0745962095042478	0.0309961721594623	0.0254878162636542
FBgn0033063	0.264067524115756	0	0	0
FBgn0033065	0.00332963374028857	0	0.028539717773902	0.00174409386396068
FBgn0033069	0.194225721784777	0	0	0
FBgn0033072	0	0	0	0
FBgn0033074	0.226565783942833	0	0	0
FBgn0033075	0.101381509032944	0.0490967056323061	0.348990435706695	0.0384697130712008
FBgn0033076	0.261437908496732	0	0	0
FBgn0033079	0.0098078462770216	0.0256204963971177	0	0.00580464371497198
FBgn0033081	0.092025271188461	0.0607938967695792	0.0277744665633568	0.00500655620455358
FBgn0033085	0.0641373080397471	0.0831074977416441	0	0
FBgn0033086	0.132673267326733	0.0339108910891089	0.0396039603960396	0.0148514851485148
FBgn0033087	0.0953353762342526	0.0834184542049711	0.0510725229826353	0.0486891385767791
FBgn0033088	0.0834154351395731	0.0535303776683087	0.0321839080459771	0.0183908045977012
FBgn0033089	0.0831090174966352	0.050807537012113	0.0205248990578735	0
FBgn0033090	0.191919191919192	0	0	0
FBgn0033092	0.047463936714751	0.0651465798045603	0.0321079571893904	0
FBgn0033093	0.144921875	0.00703125	0.078515625	0.00807291666666668
FBgn0033095	0	0	0	0
FBgn0033096	0	0	0	0
FBgn0033100	0.0337589266392555	0.0404674312919282	0.0389526076606795	0.0223977494048907
FBgn0033101	0.112503262855651	0.321587052988776	0.0699556251631429	0.00274079874706343
FBgn0033104	0.0376589110098346	0.0678819860877909	0.0307028064284001	0.0200287838810266
FBgn0033108	0.51875	0	0	0
FBgn0033110	0.02322206095791	0.0217706821480406	0	0
FBgn0033112	0.172043010752688	0	0	0.346774193548387
FBgn0033113	0.0984446130500758	0.0168816388467375	0.179817905918058	0.225151745068285
FBgn0033115	0.121428571428571	0.207142857142857	0.0928571428571429	0.0964285714285714
FBgn0033117	0.0460599334073252	0.0557713651498335	0.0316315205327414	0.017480577136515
FBgn0033121	0.0501279542375433	0.0605148276381153	0.0444076471473732	0.0276983290681921
FBgn0033122	0.0653656688139447	0.055134520651762	0.0269041303524062	0.00416824554755589
FBgn0033124	0.0114370590419606	0	0.0820460453026365	0
FBgn0033127	0.0473764424123667	0.0761158284345744	0.0350097975179621	0.0722403657740039
FBgn0033128	0.0432919621749409	0.0958924349881796	0.0116725768321513	0
FBgn0033129	0.0409285950049511	0.146550775662889	0	0
FBgn0033130	0.051708371435697	0.130517915038657	0.00232770803890598	0.070163770887023
FBgn0033132	0.067094932191292	0.00820842255531764	0	0.357720675707827
FBgn0033133	0.0675749676910606	0.0483429347468951	0	0.375813199570675
FBgn0033134	0.0251417158633653	0.0467588921197169	0.00408259171145769	0.043234352512703
FBgn0033135	0	0	0	0
FBgn0033136	0	0	0	0
FBgn0033137	0.0253470412659307	0.00113706353342493	0	0.124626901028095
FBgn0033138	0.0279849311908972	0	0.127392942261859	0.00522795417851927
FBgn0033139	0.0386098896860295	0	0.266489238602176	0.00231427910205971
FBgn0033141	0.134275618374558	0	0	0
FBgn0033149	0.324452901998098	0	0	0
FBgn0033153	0.025428799361787	0.0641204627044275	0.040985241324292	0.0261268448344635
FBgn0033154	0	0.462962962962963	0	0
FBgn0033155	0.108286252354049	0.0748587570621469	0.0357815442561205	0.0150659133709982
FBgn0033159	0.0404072542157174	0.0378619153674833	0.0066815144766147	0.00381800827235126
FBgn0033160	0.0711213678799958	0.0561208433861323	0.0236022238539809	0.0113290674499108
FBgn0033162	0.0293839207690067	0.0204995630643752	0.0188246431692397	0.0137998834838333
FBgn0033166	0.0562299587723318	0.0602382043060008	0.0301191021530005	0.0198121850664224
FBgn0033168	0.219895287958115	0	0	0
FBgn0033169	0.087568058076225	0.0794010889292196	0.0435571687840291	0.0213248638838476
FBgn0033170	0.0094699350513304	0	0	0.0291640477686989
FBgn0033174	0.205244338498212	0.00405244338498213	0.0066746126340882	0.00524433849821216
FBgn0033177	0.283801295896328	0.0924406047516198	0.12267818574514	0.0190064794816415
FBgn0033178	0.0681536555142501	0.0538148344839793	0.0437245530182333	0.0426624181271021
FBgn0033179	0.133710742687694	0.242620299231702	0.0762906052028574	0.0279687289392101
FBgn0033183	0.0814232700283782	0.0793494870115694	0.0283780833879066	0.0100414756603362
FBgn0033184	0.105395232120452	0.0613013084782219	0.0243771285176555	0.0204337694927406
FBgn0033185	0.0864978902953586	0.069620253164557	0.0358649789029535	0.0236286919831224
FBgn0033186	0.0665236051502147	0.0482832618025751	0.0268240343347639	0
FBgn0033187	0.0784974093264248	0.05	0.0393782383419689	0.0217616580310881
FBgn0033188	0.0448641796161789	0.120934756783046	0.00693652679333137	0.00576449295583745
FBgn0033190	0.244897959183673	0	0	0
FBgn0033191	0.0498916520482922	0.0566505004643484	0.0371478691569498	0.0175420493241151
FBgn0033192	0.069529652351738	0.00613496932515337	0.0552147239263803	0.0122699386503067
FBgn0033194	0.0591530360743894	0.0393606692060647	0.0728956606169243	0.0220330121741728
FBgn0033195	0.0826161790017212	0.0808950086058522	0.036144578313253	0
FBgn0033196	0.0201574803149606	0.015748031496063	0.03748031496063	0
FBgn0033199	0.0398187115571382	0.0424085464551635	0.037228876659113	0.0179669796050502
FBgn0033203	0	0.0819512195121951	0	0
FBgn0033204	0.0172387490465294	0.0340198321891685	0.0140350877192983	0
FBgn0033205	0.0538785538785537	0.0373815373815374	0.0995085995085996	0.117760617760618
FBgn0033206	0.0558776167471821	0.107246376811594	0.055233494363929	0.0128824476650564
FBgn0033207	0.0885870271675549	0.1275185233329	0	0
FBgn0033208	0.0509429341170709	0.06208670095518	0.0391868723977469	0.029512613274553
FBgn0033209	0.0593010146561443	0.0910935738444194	0.0320931980458473	0.0450206689214582
FBgn0033210	0.0657581656932726	0.0653255461821331	0.0218472853125676	0.00886869997836905
FBgn0033212	0.111611062335382	0.0293020193151888	0.381584723441616	0.0376426690079016
FBgn0033214	0.0837837837837839	0.0637837837837838	0.397837837837838	0
FBgn0033215	0.0490981963927856	0	0.482464929859719	0
FBgn0033216	0	0	0.292035398230089	0
FBgn0033221	0.0673913948935816	0.00358199008705069	0.359656795368403	0.0258236494647841
FBgn0033222	0.0350550865646015	0	0.439595554919635	0.00839414317737397
FBgn0033224	0.112079990698756	0.0282525287757238	0.0115102895012208	0.0115102895012208
FBgn0033225	0.0528773199486402	0.0712034551184778	0.0235788490720205	0.0298821057546399
FBgn0033226	0.0288048334255202	0.0344636854869591	0.0465897970471855	0.0120835638003659
FBgn0033229	0.043072231751477	0.0518391461787689	0.0310653706880122	0.010863350485992
FBgn0033232	0.10112660944206	0.0665236051502146	0.0363912732474965	0.0321888412017167
FBgn0033233	0.132456140350878	0.0697368421052631	0.0192982456140351	0.0157894736842105
FBgn0033234	0.031021111589832	0	0.03446790176648	0.0140025850926325
FBgn0033235	0.106062139459569	0.0612286205849611	0.0234794049185305	0.0199372533144419
FBgn0033236	0.0484783606055973	0.0412907172350512	0.0359382168527297	0.0342560024468573
FBgn0033238	0.365853658536585	0	0	0
FBgn0033240	0.0915548539857931	0.084846093133386	0.152722967640095	0.0734017363851618
FBgn0033241	0.0675247041600586	0.0488593387824814	0.0137855312919361	0.0101866536537758
FBgn0033243	0.187525815778603	0.0165220983064849	0	0
FBgn0033244	0.0722959615927705	0.0484326461451565	0.0254165489974583	0.0684834792431517
FBgn0033246	0.0368435155412647	0.0372454448017149	0.00830653804930334	0.0147374062165059
FBgn0033247	0.0792140641158224	0.0777662874870733	0.0277145811789039	0.0173733195449845
FBgn0033248	0.240274599542334	0	0	0
FBgn0033249	0.459183673469387	0	0	0
FBgn0033250	0.142138364779874	0.0490566037735849	0	0.0188679245283019
FBgn0033252	0.0531914893617023	0.074468085106383	0	0
FBgn0033257	0.044943820224719	0.0630942091616248	0	0.0259291270527226
FBgn0033258	0.14494726097312	0.022456617897244	0.0173528411024158	0.00952705001701259
FBgn0033259	0.0669991994580948	0.0599174826036085	0.142865940020937	0.0234620358396453
FBgn0033260	0.0784950602246582	0.070374881580728	0.0359994586547571	0.0236838543781296
FBgn0033261	0.0343735866123926	0.0586461631237752	0.0574400723654455	0.021558872305141
FBgn0033264	0.0906593406593406	0.0949764521193092	0.0291732077446363	0.0156985871271585
FBgn0033265	0.100777425856608	0.0601785200115175	0.0382954218255111	0.0233227756982436
FBgn0033266	0.0501757750079898	0.0713753062746351	0.0752103973580483	0.0233301374240972
FBgn0033268	0.161212346597248	0.00248487102336117	0.000777578687582405	0.00104804083978498
FBgn0033271	0.0969696969696969	0	0	0
FBgn0033272	0.0594731787625188	0.0596789683084099	0.0612566881602415	0.0550830017835095
FBgn0033273	0.0365458296492779	0.0259357500736811	0.00825228411435308	0.00530503978779841
FBgn0033274	0.267886855241265	0	0	0
FBgn0033278	0.356060606060606	0	0	0
FBgn0033279	0.224109768049657	0	0	0
FBgn0033280	0.299396681749622	0	0	0
FBgn0033283	0.321140398063475	0	0	0
FBgn0033285	0.224413145539906	0	0	0.00834637454355765
FBgn0033286	0.245184899845917	0	0	0.0059065228556754
FBgn0033287	0.236950146627566	0	0	0.00723362658846529
FBgn0033289	0.0446639279783234	0.163272441220173	0	0
FBgn0033292	0.0237399956738048	0	0.111129136924075	0.0319056889465716
FBgn0033294	0.0698591549295774	0	0.501971830985915	0
FBgn0033296	0.087475149105368	0	0.276341948310139	0.131212723658052
FBgn0033297	0.0866411027049436	0	0.427816354026324	0.0156492900818738
FBgn0033301	0.0413759133076101	0	0.528938510795501	0
FBgn0033302	0.0067891373801917	0.00159744408945687	0.0169062832800852	0
FBgn0033303	0.50632911392405	0	0	0
FBgn0033304	0.0243875524166851	0.0164422864709777	0.0862944162436549	0
FBgn0033308	0	0	0	0
FBgn0033309	0.0557666214382632	0.0815468113975577	0.0189959294436906	0.00888738127544098
FBgn0033312	0	0	0	0.0825958702064897
FBgn0033313	0.0872452403659355	0.08685669880965	0.0240542545300413	0.0222881565469252
FBgn0033315	0.0562990309183203	0.0595293031841255	0.0253807106598984	0.0152284263959391
FBgn0033316	0.203738317757009	0.14018691588785	0.0934579439252335	0.0495327102803739
FBgn0033317	0.056900656099402	0.072751553155664	0.031411484642629	0.0147477210706613
FBgn0033320	0.0136478163493841	0.00347611048898843	0	0.108575961179544
FBgn0033321	0.0241963064295486	0.045485636114911	0	0.101060191518468
FBgn0033322	0.293444328824142	0	0	0
FBgn0033323	0.423976608187134	0	0	0
FBgn0033324	0.517985611510792	0	0	0
FBgn0033326	0.5	0	0	0
FBgn0033327	0.0816326530612244	0	0.729591836734694	0
FBgn0033330	0.245673279864922	0	0	0
FBgn0033337	0.0703920963260266	0.0642173510342698	0.0324174127817228	0.0617474529175672
FBgn0033339	0.0522158841597192	0.0511502538707453	0.0194320817401115	0.0290227543408763
FBgn0033340	0.0410965897488258	0.0913314274045333	0.0335919950990402	0.00704512967122728
FBgn0033341	0.0472133839679769	0.0872421225495227	0.0292517705018988	0.0196038181258339
FBgn0033342	0.0755813953488372	0.0710089631782946	0.0244973352713179	0.00753997093023256
FBgn0033344	0.320463320463321	0	0	0
FBgn0033347	0.174418604651163	0	0	0
FBgn0033348	0.0688836104513063	0.0534441805225653	0.0190023752969121	0
FBgn0033349	0.0711919047192621	0.072803796901585	0.0323273932121428	0.0129846870242679
FBgn0033350	0.0865881677197014	0.0570074669730039	0.0404939689833429	0.0268523836875359
FBgn0033351	0.0745472587447283	0.0791366906474822	0.0473827834284296	0.0186058050111635
FBgn0033352	0.0760768515649209	0.0632940811899596	0.0797180043383948	0.0261853114347692
FBgn0033354	0.141269841269841	0.0444444444444444	0.0476190476190476	0
FBgn0033355	0.606382978723404	0	0	0
FBgn0033356	0.115501519756839	0.118541033434651	0.0303951367781156	0.248480243161094
FBgn0033357	0.0309471042161758	0.0387706603294972	0.0198392566286615	0.0100931884328856
FBgn0033358	0.118598382749326	0	0	0
FBgn0033359	0.162162162162162	0.459459459459459	0	0
FBgn0033362	0.523809523809524	0	0	0
FBgn0033364	0.255429162357807	0	0	0
FBgn0033365	0.121555915721232	0.129659643435981	0	0
FBgn0033366	0.0532389449185415	0.00242435996896819	0	0.360938712179985
FBgn0033367	0.0599632079533446	0.0237974089005441	0	0.0127597949039102
FBgn0033368	0.461538461538462	0	0	0
FBgn0033369	0.288659793814433	0	0	0
FBgn0033371	0.250762195121952	0	0	0
FBgn0033372	0.0426621160409556	0.0204778156996587	0	0
FBgn0033373	0.0312659613279825	0.0098869025902955	0.044837650492521	0.0808099233856256
FBgn0033374	0.0499479708636837	0	0	0.152965660770031
FBgn0033375	0.0423280423280423	0.0496031746031746	0.02744708994709	0.0198412698412698
FBgn0033376	0.0603732162458836	0.0676911818514453	0.0475667764361507	0.0351262349066959
FBgn0033377	0.0878763655742073	0.0275512922994937	0.0519584332533973	0.0581401545430323
FBgn0033378	0.0509382129720167	0.0623457652372305	0.0224891744657075	0.0138753084695255
FBgn0033379	0.0537886872998933	0.0495197438633938	0.032443970117396	0.0117395944503735
FBgn0033380	0.0489117715890475	0.0592089866604259	0.0264451205242219	0.026913175754739
FBgn0033381	0.0375893134513824	0.0350005177591386	0.0220565392979186	0.00559179869524697
FBgn0033382	0.0711346266901822	0.0182245737801293	0.0346854791299236	0.00489907897315304
FBgn0033387	0.00449606594230049	0.0196702884975646	0	0
FBgn0033388	0.0634920634920635	0.100529100529101	0	0
FBgn0033389	0.055921052631579	0.0592105263157895	0	0
FBgn0033391	0	0	0	0
FBgn0033392	0.110169491525424	0.0635593220338983	0.0353107344632768	0.0254237288135593
FBgn0033395	0.0526315789473684	0	0.294736842105263	0
FBgn0033397	0.219298245614035	0.0745614035087719	0.0964912280701753	0
FBgn0033400	0.0474452554744526	0.0652173913043478	0.0350682323072041	0.0280863218026024
FBgn0033401	0.0771687067589143	0.0622671633847791	0.048962213943587	0.0212879191059074
FBgn0033402	0.0500668081427335	0.0636642301344023	0.0385129293405643	0.020828420969897
FBgn0033405	0.0379746835443038	0	0	0
FBgn0033413	0.0399735165108003	0.0301249689646611	0.0333940246627493	0.0439874203426301
FBgn0033421	0.042997542997543	0.0393120393120393	0.0696150696150697	0.0196560196560197
FBgn0033423	0	0	0	0
FBgn0033426	0.0501489572989076	0.117676266137041	0.0558589870903674	0.0233366434955313
FBgn0033427	0.121297602256699	0.0521861777150917	0.0282087447108603	0.0162200282087447
FBgn0033428	0.0697283878504672	0.100832359813084	0.0657126168224299	0.0110251168224299
FBgn0033429	0.0532623169107856	0.0429427430093209	0.0892143808255659	0.0356191744340879
FBgn0033431	0.0351750268619578	0.0289543629474637	0.0792851891647344	0.0350053723915625
FBgn0033434	0.0273424643661865	0.0309628091850427	0.0263804146940429	0.00883566672573987
FBgn0033437	0.031895777178796	0.0030221350976068	0.01984807645185	0.198154047210651
FBgn0033438	0.0751784298176051	0.0791435368754955	0.00999206978588422	0.0524980174464709
FBgn0033439	0.0413991375179683	0.00153330138955439	0	0.508528988979396
FBgn0033440	0.191160809371672	0	0	0.27422790202343
FBgn0033442	0.149933949801849	0	0	0
FBgn0033443	0.0165913999607304	0.00608678578440998	0.0976830944433536	0
FBgn0033446	0.0303669229384691	0.100614538067933	0.00560540999202901	0.00359980458203698
FBgn0033447	0.329842931937173	0	0	0
FBgn0033448	0.00910487055726198	0.0165368582711716	0.0198826239578763	0
FBgn0033449	0.125	0.0664893617021276	0.0492021276595745	0.026595744680851
FBgn0033450	0.0510538641686182	0.038407494145199	0.0468384074941452	0.0604215456674473
FBgn0033451	0.112853733378793	0.0811455847255371	0.102454824411865	0.192806000681896
FBgn0033453	0.0812115891132572	0.107257828504536	0.0765291191103306	0.248756218905473
FBgn0033454	0.0721466587817859	0.0612063867534003	0.0493790656416322	0.0065050266114725
FBgn0033457	0.0759090250615676	0.0685209329277127	0.0350572214978995	0.0401274808054469
FBgn0033458	0.072123640526617	0	0	0.378362907842015
FBgn0033459	0.0574229691876751	0.00980392156862745	0	0.1046918767507
FBgn0033460	0.0690184049079755	0.0574819951987196	0.0315417444651908	0.0462123232862097
FBgn0033461	0.145256916996047	0	0	0
FBgn0033463	0.0513261155983274	0.0400412442000344	0.0602050753279486	0.0544194306009051
FBgn0033465	0.0269239154131241	0.0252161906838166	0.0297580117724003	0.0530848048833661
FBgn0033466	0.0410578345419778	0.0275643107118375	0.00631381462640256	0.109174874625681
FBgn0033467	0.491525423728813	0	0	0
FBgn0033468	0.131649788488655	0.0446096654275093	0.0094859633380336	0.0103832841943341
FBgn0033471	0.0706566916043226	0.0706566916043226	0.0494596841230258	0.0166251039068994
FBgn0033473	0.0568846358320043	0.037745879851143	0.0186071238702818	0.00850611376927166
FBgn0033474	0.037480273540242	0.0213045765386639	0.0301157285639137	0.0184113624408206
FBgn0033475	0.08816120906801	0.0506577106073327	0.0249090400223902	0.0307864539602575
FBgn0033476	0.0248421783725459	0.0187525580126257	0.0301132346922323	0.0579072046038025
FBgn0033479	0.114116652578191	0.040574809805579	0.0507185122569738	0.021978021978022
FBgn0033480	0.0708408331190539	0.0799691437387502	0.0299562869632297	0.0134996142967344
FBgn0033482	0.0763591354850994	0.0521755688850805	0.0263734171189184	0.0325621251071122
FBgn0033483	0.0439781148278968	0.0102500173142184	0.0108733291779209	0.107071126809336
FBgn0033484	0.14086859688196	0.0139198218262806	0	0
FBgn0033485	0.045865319210961	0.0493635215236614	0.0298318919444174	0.0150617044019046
FBgn0033486	0.116307882917764	0.0707759021217282	0.0346910329874555	0.0136286201022146
FBgn0033490	0.298360655737705	0	0	0
FBgn0033491	0.10250569476082	0.0584662110858011	0.0288534548215642	0.0250569476082005
FBgn0033494	0.042407943731899	0.0947455523376088	0.0213074058750517	0
FBgn0033498	0.210035005834306	0	0	0
FBgn0033499	0.231404958677686	0	0	0
FBgn0033500	0	0	0	0
FBgn0033501	0.0383973288814691	0.0934891485809684	0	0
FBgn0033502	0.028414421659295	0.096769869990618	0.0312290577670554	0
FBgn0033504	0.0199126197277768	0.0429339606788774	0.032935641068728	0.00613342295412535
FBgn0033507	0.081275258194881	0.0651100134710372	0.0431073192635833	0
FBgn0033512	0	0	0	0
FBgn0033518	0.0472843450479234	0.125239616613419	0.0338658146964857	0.269009584664536
FBgn0033520	0	0.1113074204947	0.0706713780918726	0.318021201413428
FBgn0033521	0.095238095238095	0.168498168498169	0	0.283882783882784
FBgn0033523	0.0440912586516277	0.0428095360164061	0.0287105870289669	0
FBgn0033524	0.0804195804195803	0	0	0
FBgn0033526	0.117977528089888	0.0599250936329587	0.0215355805243446	0
FBgn0033527	0.0559375	0.065625	0.019375	0.019375
FBgn0033528	0.0722521137586472	0.0771201639764285	0.0274148091211888	0.0210094798872662
FBgn0033529	0.0621440471116966	0.0643524078881098	0.0341714772771299	0.0216186897059393
FBgn0033538	0.0384471817842478	0.0425531914893617	0.0141843971631206	0.0276222471071295
FBgn0033539	0.0680917083261508	0.0905016376486812	0.0443027064299259	0.0189622478882951
FBgn0033540	0.0688202247191011	0.0656601123595505	0.0351123595505618	0.0245786516853932
FBgn0033541	0.13181828389212	0	0.0237811861399924	0
FBgn0033542	0.232736013986014	0	0	0.00983391608391609
FBgn0033543	0.0233021937650887	0.00465344109723242	0.0685770266960568	0.10332038767013
FBgn0033544	0.0269588500563698	0.00621476888387824	0.0758878241262683	0.0217587373167982
FBgn0033547	0.0575368521160247	0.026153114598193	0.0199714693295292	0.011887779362815
FBgn0033548	0.034099412079102	0.0218065205772314	0.0150721539283805	0
FBgn0033549	0.286919831223629	0	0	0
FBgn0033550	0.0433808794058707	0.032299893905458	0.0463279500176824	0.0431451137569256
FBgn0033551	0.0568051223116073	0.0605811853554424	0.0395118480818695	0.0556011601816889
FBgn0033554	0.0338409475465313	0.105470953186689	0	0
FBgn0033555	0.155281207133059	0.192592592592593	0.0954732510288065	0.0507544581618656
FBgn0033556	0.0662498739538167	0.0474942018755672	0.058485429061208	0.0214782696379954
FBgn0033557	0.0666666666666666	0.0519877675840978	0.0293577981651376	0.00672782874617738
FBgn0033558	0.136842105263158	0.394736842105263	0	0
FBgn0033564	0.0532627865961199	0.0529100529100529	0.017989417989418	0.0440917107583775
FBgn0033566	0.0670510356609013	0.104847320093957	0.0422805893657911	0.0106769165065129
FBgn0033569	0.0755949603359776	0.0648623425104993	0.025664955669622	0.0195986934204386
FBgn0033570	0.0436146231500539	0.0477800646868568	0.0178868960109772	0.0164657453690091
FBgn0033571	0.0541252544605437	0.051969823973177	0.0238294814992216	0.011136390851395
FBgn0033572	0.478260869565217	0	0	0
FBgn0033573	0	0.0412979351032449	0	0
FBgn0033574	0.1064	0.1392	0	0
FBgn0033578	0	0	0	0
FBgn0033579	0.112956810631229	0.0249169435215947	0.0415282392026578	0.239202657807309
FBgn0033581	0.0839481555333997	0.0765702891326022	0.0307078763708873	0.0161515453639083
FBgn0033582	0.0304856433888691	0	0.170994328252392	0
FBgn0033584	0.0194174757281553	0	0.0200647249190938	0
FBgn0033589	0.0412121212121212	0	0	0
FBgn0033592	0.0294117647058824	0.07527664531159	0	0
FBgn0033593	0.0299260618489935	0.0758270818716607	0	0
FBgn0033598	0.00423469387755102	0.00959183673469388	0	0
FBgn0033599	0.336134453781512	0	0	0
FBgn0033600	0	0.041522491349481	0	0
FBgn0033602	0.137546468401487	0.0966542750929366	0	0
FBgn0033605	0.0432496384908638	0.0637570658603919	0.0419350598133297	0.0640199815958984
FBgn0033607	0.0804222166373463	0.0643377733098768	0.0208595124403117	0.0160844433274692
FBgn0033608	0.199556541019956	0.14251159040516	0.0790163273533563	0.0681314251159042
FBgn0033609	0.0729753139887395	0.0664789952360327	0.0288003464703335	0.0259852750108272
FBgn0033610	0.295426952650749	0	0	0.0182112505058681
FBgn0033615	0.0412074748442741	0.0479156684235745	0.0344992812649737	0.0220412074748442
FBgn0033616	0.0829037800687285	0.0631443298969072	0.0352233676975945	0.0189003436426117
FBgn0033623	0.266165413533835	0	0	0
FBgn0033624	0.0348002264398295	0.0533846795578464	0.0648407472514377	0.026152310580103
FBgn0033627	0.114001106806862	0.0819037078029883	0.00885445489762036	0.0254565578306585
FBgn0033628	0.0780780780780781	0.0420420420420421	0	0
FBgn0033629	0	0.150501672240803	0	0
FBgn0033631	0.0398506845997122	0.143844301651303	0.00679613033752689	0.00673913972673004
FBgn0033633	0.0215786484951732	0.103918228279387	0	0
FBgn0033635	0.0554939230333062	0.0596602815373616	0.00574415107363854	0.00497990779774671
FBgn0033636	0.0981770261366132	0.0549088513068306	0.0289918734900066	0.00988359323522952
FBgn0033638	0.0471139731994887	0.0464037122969838	0.104124248307211	0.0235333112363275
FBgn0033639	0.0565458461256472	0.0411950694221693	0.119186179718645	0.0110892177977363
FBgn0033644	0.0779352226720649	0	0	0.0263157894736842
FBgn0033645	0	0	0	0
FBgn0033648	0	0	0	0
FBgn0033649	0.0451700680272108	0.0851700680272106	0.0481632653061224	0.0204081632653061
FBgn0033652	0.112994350282486	0.0480225988700565	0	0
FBgn0033653	0.0411618257261411	0.0458091286307054	0.0584232365145227	0.0318672199170125
FBgn0033654	0.0566473988439306	0.202890173410405	0.00895953757225431	0
FBgn0033656	0.0593806374022851	0.0629885748647024	0.0332230907997594	0.0300661455201443
FBgn0033657	0.25	0	0	0
FBgn0033658	0.00569846955389126	0.0183979159882775	0	0
FBgn0033659	0.00280181293778327	0	0.00840543881334981	0
FBgn0033661	0.23125	0.133333333333333	0.104166666666667	0.0375
FBgn0033663	0.0656755488889017	0.0944592771056426	0.0205713888583227	0.0376157574985376
FBgn0033665	0.0676932016269611	0.0427077280650785	0.0374782103428239	0.0415456130156886
FBgn0033667	0.0346569612689446	0.217502308653376	0	0
FBgn0033668	0.0287013356067064	0.164535379369139	0	0
FBgn0033669	0.0582086406743941	0.0498630136986301	0.0351527924130664	0.0238988408851423
FBgn0033672	0.0325701826110657	0.0272553829381303	0.0147179067865903	0.0104933224311802
FBgn0033673	0.104916231804449	0.0428453721505081	0.0227959351826422	0.010711343037627
FBgn0033677	0.0335634829305715	0.0212888377445339	0.049482163406214	0
FBgn0033679	0.0421046513558843	0.195536292532257	0.000772181537388532	0
FBgn0033680	0.0879276222787675	0.082555838281029	0	0
FBgn0033683	0.0724897082512977	0.110613925183462	0.0307857526400573	0.131913370323967
FBgn0033686	0.143702451394759	0.0617075232459847	0.0262045646661031	0.0262045646661031
FBgn0033687	0.257120253164557	0	0	0
FBgn0033688	0.0830137604331152	0.0757951725693661	0.0258290096999774	0.0257162192646064
FBgn0033690	0.059197651663405	0.0484344422700587	0.0557729941291585	0.0185909980430529
FBgn0033691	0.242063492063492	0.118055555555556	0.130952380952381	0
FBgn0033692	0.089364844903988	0.0733013293943868	0.0310192023633678	0.0171713441654358
FBgn0033693	0	0	0	0
FBgn0033696	0.152112676056338	0.0788732394366196	0.0676056338028169	0.0845070422535211
FBgn0033697	0.136363636363636	0.103305785123967	0.0950413223140496	0.161157024793388
FBgn0033698	0.0646140503035559	0.0660595547846197	0.0455333911535126	0.0216825672159584
FBgn0033699	0.0502379096212263	0.0504207102341461	0.0363800102153283	0.0350170703513535
FBgn0033702	0.0477290223248654	0.234026173979984	0	0
FBgn0033703	0	0	0	0
FBgn0033705	0.238129154795821	0	0	0
FBgn0033706	0.245526838966202	0	0	0
FBgn0033708	0.0120624876408938	0.0051413881748072	0	0.0907652758552502
FBgn0033710	0.0534246575342465	0.0356164383561644	0.0182648401826483	0.20958904109589
FBgn0033712	0.0430548436699129	0.0417734495130702	0.0194771911840082	0.0146078933880062
FBgn0033713	0.0555555555555556	0.0449582530507387	0.039820166987797	0.0115606936416185
FBgn0033715	0.154481132075472	0.168042452830189	0.115566037735849	0.0695754716981132
FBgn0033716	0.0771509971509972	0.0805698005698006	0.0181196581196581	0.0251851851851852
FBgn0033717	0.057746260692955	0.018571748222861	0.0890204650682456	0.0286751923441023
FBgn0033720	0.0448065173116091	0	0.257637474541752	0
FBgn0033723	0	0.155015197568389	0	0
FBgn0033724	0.108113687977428	0.0896015415318973	0	0.202532516688459
FBgn0033725	0.0319539853505382	0.126685187163247	4.42145482498919e-05	0.0403210413970747
FBgn0033726	0	0.216768916155419	0	0
FBgn0033728	0	0.0925266903914591	0	0
FBgn0033729	0.00196450345481643	0.0297893239398456	0	0
FBgn0033730	0.0825508607198751	0.08235524256651	0	0
FBgn0033731	0.0332217357713108	0.443471542621684	0	0
FBgn0033732	0	0	0	0
FBgn0033733	0	0	0	0
FBgn0033734	0.0507118860982244	0.0399936010238362	0.0227163653815389	0.0119980803071509
FBgn0033735	0.0577468997460034	0.0212161960256985	0.0393694905124758	0.0438517854474825
FBgn0033737	0.120543806646526	0.0604229607250755	0.0226586102719033	0.0138972809667673
FBgn0033738	0.100610445399051	0.0530183133619714	0.0457834049287814	0.017069862084558
FBgn0033739	0.0730465767370833	0.0610842453550522	0.0335963349452787	0.0122168490710104
FBgn0033740	0.114931237721022	0.0392927308447936	0.0235756385068762	0
FBgn0033741	0.0736687013260368	0.0572511050305199	0.0328351925910334	0.00905072616291304
FBgn0033742	0.0255142405063291	0	0	0.0822784810126582
FBgn0033744	0.0738544474393531	0.0398921832884098	0.0490566037735848	0.0522911051212937
FBgn0033748	0.53448275862069	0	0	0
FBgn0033749	0.323728813559322	0.0983050847457625	0.0491525423728814	0.0423728813559322
FBgn0033750	0.0990783410138249	0.0568356374807988	0.0522273425499233	0.0268817204301076
FBgn0033751	0.0676175790285273	0.0685427910562837	0.0366229760986892	0.0119506553585197
FBgn0033752	0.101923864101515	0.098239869013508	0.0327466230045027	0.0176013098649201
FBgn0033753	0.102449888641425	0.122494432071269	0	0
FBgn0033754	0.0555555555555556	0.0568181818181818	0.0205176767676768	0.0214646464646465
FBgn0033755	0.0582450005463885	0.0512512293738388	0.0529996721669764	0.0719047098677739
FBgn0033756	0.132231404958678	0.107438016528926	0	0
FBgn0033757	0.051733193277311	0.054359243697479	0.0370273109243698	0.0467436974789916
FBgn0033760	0.0196195192277557	0.0145422634531608	0.024477387407152	0
FBgn0033761	0.054073856975381	0.0583235638921455	0.0408851113716295	0.0256447831184056
FBgn0033762	0.0530692470517085	0.0777139401270032	0.0235863320229816	0.0137586936800726
FBgn0033763	0.0704607046070461	0.24390243902439	0	0
FBgn0033766	0.10531914893617	0.0563829787234042	0.0228723404255319	0.0106382978723404
FBgn0033767	0.217922606924644	0	0	0
FBgn0033769	0.0548223350253807	0.0676818950930626	0.0504230118443317	0.028087986463621
FBgn0033770	0.546840958605665	0	0	0
FBgn0033773	0	0	0.528301886792453	0
FBgn0033774	0	0	0	0
FBgn0033775	0.0162638355545516	0	0.0503727128981251	0.00700248475265415
FBgn0033777	0.0202618712190271	0.00899146432418996	0.0581959061904367	0.00899146432418996
FBgn0033778	0	0	0	0
FBgn0033781	0.0251035827443335	0.061174750182793	0.0198878869120156	0.00711674384596637
FBgn0033782	0.0106395625297195	0.00178316690442225	0.0808963385639564	0.0349500713266762
FBgn0033783	0.0434203789042498	0.0380952380952381	0.0558115719406043	0.0270353302611367
FBgn0033784	0.0765534197586052	0.0576665176575771	0.0514081358962896	0.0239159588734913
FBgn0033785	0.162654521795706	0.0527000650618088	0.014964216005205	0
FBgn0033787	0.00542213270553084	0	0.0255500496862099	0
FBgn0033788	0.0676910605055642	0	0.363291325816199	0
FBgn0033789	0.0634704440207029	0	0.325524380277853	0
FBgn0033791	0.197916666666667	0	0	0
FBgn0033792	0.043956043956044	0	0.291208791208792	0
FBgn0033793	0.334379905808477	0	0	0
FBgn0033794	0.274771609276177	0	0	0
FBgn0033798	0.403448275862069	0.141379310344828	0	0
FBgn0033799	0.0241090146750524	0.013277428371768	0	0
FBgn0033802	0.00390015600624025	0.00364014560582423	0.00260010400416016	0.00260010400416016
FBgn0033806	0.0966022651565622	0.0766155896069286	0.0293137908061293	0.0319786808794137
FBgn0033807	0.0454545454545455	0.0849478390461997	0	0
FBgn0033808	0.163784333672431	0.109867751780264	0.0640895218718209	0
FBgn0033809	0.0211036294958122	0.00147807521760552	0.0254557398587616	0.0785843324026935
FBgn0033810	0.0601184346035017	0.0526519052523171	0.0221421215242018	0.0207260556127704
FBgn0033812	0.0521991642467598	0.0386712940009916	0.0813797011119768	0.0549613995325449
FBgn0033813	0.074117100371747	0.066449814126394	0.0527416356877324	0.0202137546468401
FBgn0033814	0.0511068834313387	0.0479937737806987	0.0523175371843654	0.0820650294015911
FBgn0033815	0.252077562326869	0	0	0
FBgn0033816	0.0656779661016949	0.0543785310734462	0.038135593220339	0.0201271186440678
FBgn0033817	0.547945205479452	0	0	0
FBgn0033818	0.263881813550688	0	0	0
FBgn0033819	0.217005076142132	0.00634517766497461	0.0120558375634518	0.0171319796954315
FBgn0033820	0.0365474453630429	0.00176842477563111	0	0.187099341261771
FBgn0033821	0.0275972580788748	0.000943648179471203	0.0342027953351731	0.101504495682364
FBgn0033826	0.0210342748053484	0	0.192108689890411	0
FBgn0033827	0.0876288659793814	0	0	0
FBgn0033828	0.245481927710843	0	0	0
FBgn0033830	0	0	0	0
FBgn0033834	0.332490518331226	0	0	0.0139064475347661
FBgn0033836	0.113133940182055	0.191157347204161	0	0.183355006501951
FBgn0033842	0.071064467766117	0.0410794602698651	0.031184407796102	0.0185907046476762
FBgn0033844	0.0539432928282106	0.0234929711698832	0.182558970693353	0.00724326900166787
FBgn0033845	0.211354961832062	0.0271946564885496	0.0104961832061069	0.00858778625954199
FBgn0033846	0.0605435156518748	0.0491916064671483	0.0323357413140694	0.0158238734090127
FBgn0033848	0	0	0	0
FBgn0033853	0.0198083067092652	0.041834241683894	0.0202969366660402	0.0191693290734824
FBgn0033856	0.121951219512195	0	0	0
FBgn0033859	0.183661645422944	0.173812282734646	0.0903823870220161	0.0590961761297798
FBgn0033860	0.260978670012547	0	0	0
FBgn0033861	0.356132075471698	0	0	0
FBgn0033862	0.259608900876601	0	0	0
FBgn0033863	0.37191854233655	0	0	0
FBgn0033864	0.37603305785124	0	0	0
FBgn0033865	0.17531556802244	0	0	0
FBgn0033866	0.102564102564102	0.329059829059829	0	0
FBgn0033868	0.376573617952928	0	0	0.0125107514270076
FBgn0033871	0.0669158878504673	0.0699065420560747	0.0699065420560747	0.0355140186915888
FBgn0033872	0.0875527426160339	0.0158227848101266	0	0
FBgn0033873	0.173981191222571	0	0	0
FBgn0033875	0.0191747344675252	0.0224175204436507	0.00535764639533791	0.0985994924334994
FBgn0033876	0.150743099787686	0	0	0
FBgn0033879	0.0439600943581679	0.0709406329860428	0.0316738745822686	0.0295606447808138
FBgn0033880	0	0	0	0
FBgn0033883	0.0391031390134528	0.0486098654708521	0.0252914798206278	0.0276233183856503
FBgn0033884	0.132100396301189	0.0405107881990313	0.0154117129018054	0.0136503742844561
FBgn0033885	0.46866485013624	0	0	0
FBgn0033886	0.114705966192526	0.263561472021892	0.103446309968359	0.0213505886377241
FBgn0033887	0.0931586608442503	0.380883066472586	0	0
FBgn0033888	0.271021775544389	0	0	0
FBgn0033889	0.0657564781276122	0.0724435775982168	0.057769109315501	0.0407727314943809
FBgn0033890	0.121524201853759	0.0576725025746654	0.0247167868177137	0.0411946446961894
FBgn0033891	0.0567774936061381	0.0680306905370843	0.0301790281329924	0.0225063938618926
FBgn0033893	0.19790382244143	0	0	0
FBgn0033897	0.0885416666666665	0.0707614942528734	0.0400502873563218	0.0274784482758621
FBgn0033899	0.0664808917197453	0.0728503184713376	0.0421974522292993	0.0370222929936306
FBgn0033900	0.128981310871282	0.0442221637272967	0.0147407212424322	0.0160568570676494
FBgn0033901	0.0983493810178816	0.0873452544704266	0.0108665749656121	0.0104539202200825
FBgn0033902	0.0308345389074858	0.0375294353689058	0.0191026304396034	0.0194827822891477
FBgn0033903	0.0544239338001273	0.0541056651814131	0.0197326543602801	0.0295989815404201
FBgn0033904	0	0	0.0757575757575757	0
FBgn0033906	0.0313045502152915	0.0344798922711177	0.0242389985203904	0.0215624012900866
FBgn0033907	0.0745884773662551	0.0761316872427983	0.0476680384087792	0.0212620027434842
FBgn0033911	0.166666666666667	0	0	0
FBgn0033912	0.0351340367611244	0.0315526510023995	0.0223354758895194	0.0327075993509579
FBgn0033913	0.0773067331670822	0.0443485879894857	0.0259486419087416	0.0335647368066321
FBgn0033915	0.0922778047595922	0.0587663914521612	0.0259834871296746	0.0174842156386595
FBgn0033916	0.118918918918919	0.045828437132785	0.0314923619271446	0.0126909518213866
FBgn0033917	0.0195648198939477	0.0713110257816785	0.00749680014627904	0
FBgn0033918	0.0989995650282731	0.0577642453240538	0.0354936929099608	0.0251413658112223
FBgn0033919	0.0258406152349232	0.100836405141927	0.00288157476189585	0.00226409445577531
FBgn0033921	0.044543429844098	0	0	0
FBgn0033924	0.0564434297311008	0.0602486047691526	0.0249873160832065	0.0268899036022324
FBgn0033925	0.109287054409005	0.0626172607879925	0.0307223264540338	0.0119606003752345
FBgn0033926	0.131741207121146	0.261977131278043	0.192748588797221	0.00253292806484296
FBgn0033928	0.11190053285968	0.326820603907638	0.0674955595026644	0.0177619893428064
FBgn0033929	0.0669835466179158	0.056965265082267	0.0291042047531993	0.0192321755027422
FBgn0033931	0	0.483870967741935	0	0
FBgn0033933	0.224343675417661	0	0	0
FBgn0033934	0.060072985870684	0.0741087302329934	0.0237671937868438	0.0205857583980537
FBgn0033935	0.0628911138923654	0.0635168961201502	0.0328535669586984	0.0159574468085106
FBgn0033936	0.0521942616835108	0.0930611137488978	0.000305229600488367	0.000576544800922472
FBgn0033942	0.0581112599870973	0.241030221825219	0.0107190710138455	0
FBgn0033943	0	0	0	0
FBgn0033945	0.0449291316912069	0.0614421356818495	0.0904086968487684	0.0875877253337002
FBgn0033948	0.148908857509628	0.222079589216945	0.0654685494223363	0.0577663671373556
FBgn0033949	0.0392156862745098	0.0216362407031778	0	0.00653594771241829
FBgn0033951	0.0574084199015856	0.0448332422088573	0.0235101148168398	0.00747220703480957
FBgn0033952	0.296979865771812	0	0	0
FBgn0033953	0.230058401715088	0	0	0.00473127818437199
FBgn0033954	0.227551388388028	0	0	0.00641904075009016
FBgn0033955	0.196132596685083	0	0	0.0745856353591161
FBgn0033958	0.121428571428572	0	0	0
FBgn0033960	0.557823129251701	0	0	0
FBgn0033961	0.048524557859993	0.0679343810039904	0.0298536873737622	0.0126607222030642
FBgn0033963	0.313304721030042	0	0	0
FBgn0033968	0.0366864222693019	0.0636917053286492	0	0
FBgn0033969	0.272944932162809	0	0	0
FBgn0033970	0.0550239234449761	0.0778841041998937	0	0
FBgn0033971	0.0677487649964714	0.065984474241355	0.0458715596330275	0.0247000705716302
FBgn0033972	0.0450149338643152	0.0561086616413028	0.0564642298392832	0.0354145925188451
FBgn0033973	0.0596622889305816	0.048780487804878	0.0585365853658537	0.0716697936210132
FBgn0033978	0.0691994572591587	0.0413839891451831	0.219810040705563	0.0386702849389416
FBgn0033981	0.055733211512106	0.0196436729100045	0.229328460484239	0.0246687985381453
FBgn0033982	0.0257907542579076	0.00827250608272506	0.0793187347931873	0
FBgn0033983	0.220095693779904	0	0	0
FBgn0033984	0.0827563468513024	0.0679195515990769	0.0263765248928454	0.0151665018133861
FBgn0033987	0.0988082340195017	0.0825568797399784	0.0117009750812568	0
FBgn0033988	0.0805115936694885	0.0812476996687522	0.0342289289657711	0.00662495399337504
FBgn0033989	0.100636942675159	0.0382165605095542	0.0216560509554141	0.0089171974522293
FBgn0033990	0.358547655068079	0.0816944024205749	0.0347957639939486	0.0544629349470499
FBgn0033993	0.0712166172106825	0.0623145400593472	0.0267062314540059	0
FBgn0033994	0.0298295454545454	0.0227272727272728	0	0
FBgn0033995	0.0528710385942891	0.0498901788515845	0.0342014433636649	0.0426733605271415
FBgn0033996	0.0651283959806476	0.083488400942811	0.0202208162758963	0.0410619029897034
FBgn0033998	0.0842775104764861	0.0698432407263697	0.0223498370324383	0.0142790625485023
FBgn0033999	0.0369185749770322	0	0.250535914798053	0
FBgn0034000	0.075897815623843	0.0762680488707886	0.0281377267678637	0.0225842280636801
FBgn0034001	0.0421300256629599	0.0316509837467921	0.022027373823781	0.0128314798973482
FBgn0034002	0.0643671080997844	0.0572836464428703	0.028949799815214	0.143209116107176
FBgn0034005	0.0154320987654321	0.0200617283950617	0.0586419753086421	0
FBgn0034007	0.209016393442623	0	0	0
FBgn0034008	0.0806126561870214	0.0741636436920596	0.0411124546553809	0.0253929866989117
FBgn0034009	0.0880730050933784	0.0528438030560272	0.0447792869269949	0.0384125636672326
FBgn0034010	0.177984274481773	0.00812610511267447	0.0026710808472217	0.408788232195929
FBgn0034011	0.129761904761905	0.0583333333333333	0	0.461904761904761
FBgn0034012	0.470588235294118	0	0	0
FBgn0034013	0.140893470790378	0.0439862542955326	0	0.00343642611683849
FBgn0034021	0.0667662116040954	0.0968430034129691	0	0
FBgn0034022	0.151291512915129	0.081180811808118	0	0
FBgn0034025	0.0706783369803062	0.0959518599562362	0.0154266958424508	0.0238512035010941
FBgn0034027	0.0399814039981404	0.0427708042770805	0.0306834030683403	0.0209205020920502
FBgn0034029	0.0568109484404838	0.0989815404201144	0.0337364735837047	0.0367600254614895
FBgn0034030	0.0696517412935325	0	0	0
FBgn0034031	0.0107296671562648	0	0.0487440563618711	0
FBgn0034032	0.0412188496515884	0.0243297507972127	0.0605881658202433	0.0601157434746665
FBgn0034033	0.0688117852296954	0.0525295599922465	0.0333397945338243	0.0122116689280868
FBgn0034035	0.0519963907060683	0.049176629821791	0.0497405819986465	0.0434243176178659
FBgn0034045	0.0298573975044563	0.0681818181818182	0.0218360071301247	0.0071301247771836
FBgn0034046	0.053780202650039	0.0444271239282931	0.0101325019485581	0.00623538581449728
FBgn0034047	0	0	0	0
FBgn0034049	0.0935960591133004	0.0577698163905061	0.0353784146887596	0.00940438871473355
FBgn0034050	0.0711306256860593	0.062788144895719	0.0562019758507135	0.029198682766191
FBgn0034051	0.0626147631289019	0.0462724935732648	0.0198310686742563	0.0254009058636307
FBgn0034052	0.00492472939907934	0	0.0201239995023431	0.000124414216397794
FBgn0034053	0.0102790014684288	0	0	0.0411160058737151
FBgn0034054	0.0733048259010385	0.0849114233353696	0.0277947464874771	0.0226023213194869
FBgn0034057	0.0308904573141255	0.0420574301459924	0.0290051242386155	0.0123755196751426
FBgn0034058	0.0270955165692008	0.0348927875243664	0.0395711500974658	0.02046783625731
FBgn0034059	0.0360593125140418	0.0383059986519884	0.027858908110537	0.0231408672208493
FBgn0034060	0.0662863352349905	0.0581363759847867	0.0287965226840532	0.0491714208095626
FBgn0034061	0.0462653870227415	0.058366367619445	0.052368036720217	0.0338514500312956
FBgn0034062	0.101069715971966	0.0409443009959425	0.0195499815566212	0.00885282183696054
FBgn0034063	0.0632497273718648	0.0374409305707016	0.0216890827577851	0.0157518478129165
FBgn0034065	0.188832487309645	0.186802030456853	0.0903553299492387	0.0527918781725887
FBgn0034066	0.0692925628401141	0.0904379372894533	0.0402694998704327	0.034620367970977
FBgn0034067	0.0545529460238978	0.16250515039143	0.00259579728059333	0
FBgn0034068	0.0658119658119659	0.0659469185784976	0.097165991902834	0.0209176788124157
FBgn0034069	0.483870967741935	0	0	0
FBgn0034070	0.10948905109489	0.0437956204379562	0	0
FBgn0034071	0.059402332361516	0.0543913994169096	0.044551749271137	0.107142857142857
FBgn0034072	0.0685991697741504	0.0757756983043693	0.0511503553085203	0.0166045169914867
FBgn0034073	0.0514444004748714	0.0502572220023743	0.0304709141274239	0.0205777601899485
FBgn0034075	0.0468314507848027	0.160591169135984	0.00553762652193046	0.00124688279301745
FBgn0034076	0.669117647058823	0	0	0
FBgn0034081	0.0952657566076094	0.069997095556201	0.0156839965146674	0.0313679930293349
FBgn0034082	0.236633058356248	0	0	0.0117629086465017
FBgn0034083	0.0588592233009707	0.0350424757281553	0.0526395631067963	0.00849514563106797
FBgn0034084	0.0466949666464524	0.0539721043056398	0.0264806953709319	0.0165757024459268
FBgn0034085	0.0380177710976526	0.0255072720038901	0.0763891958799345	0.000397860395207992
FBgn0034086	0.0612704918032787	0.0676229508196721	0.0360655737704918	0.0202868852459016
FBgn0034087	0.219696969696969	0.129166666666667	0.0905303030303031	0.0859848484848485
FBgn0034091	0.0550581317653348	0.0461045035413604	0.0271281571562207	0.0140986235467059
FBgn0034093	0.0282760448882214	0.0380842979588231	0.0323407263409031	0.0496598038349385
FBgn0034094	0.0776036400404447	0.106926188068756	0.00379170879676441	0.106926188068756
FBgn0034095	0.0874831763122478	0.26514131897712	0.0201884253028264	0.0174966352624495
FBgn0034097	0.242976835879743	0	0	0
FBgn0034098	0.0638297872340426	0	0	0
FBgn0034099	0.328582739509104	0	0	0
FBgn0034104	0.194827586206897	0	0	0
FBgn0034105	0.294026377036462	0	0	0
FBgn0034109	0.05997334517992	0.0648600621945802	0.0328742780986229	0.0266548200799645
FBgn0034110	0.0449268973624275	0.0767026669605467	0.0499595915068695	0.0117184630078613
FBgn0034113	0.0643372157515253	0.0582362728785358	0.0188574597892401	0.0138657792567942
FBgn0034114	0.0741075463172165	0.0799819249887031	0.0510619069136919	0.034794396746498
FBgn0034117	0.0334065317946082	0.00140167266271083	0	0.173480353221511
FBgn0034118	0.115165876777251	0.0734597156398104	0.0303317535545024	0.0153238546603475
FBgn0034120	0.261044176706827	0	0	0
FBgn0034121	0.232260297680859	0	0	0.00726895119418484
FBgn0034122	0.136020151133501	0	0	0
FBgn0034126	0.0272145144076841	0.00506937033084313	0.0141408751334045	0.0140074706510139
FBgn0034127	0.263224984066285	0	0	0
FBgn0034128	0.21404399323181	0	0	0
FBgn0034129	0.197368421052632	0	0	0
FBgn0034132	0.242921695361208	0	0	0.00594863581765144
FBgn0034133	0.275822928490352	0	0	0.00964812712826331
FBgn0034135	0.121794871794872	0	0	0
FBgn0034136	0	0	0	0
FBgn0034137	0.0287735849056603	0.0834905660377359	0.0207547169811321	0
FBgn0034138	0.0347817962393428	0.0517833923774673	0.0293486977848717	0.0425195624245727
FBgn0034139	0.0679851668726822	0.0679851668726822	0	0.0556242274412856
FBgn0034140	0.034457106144118	0.0746345202267834	0.000259245482929248	0.109322692996991
FBgn0034141	0.029005989635911	0.0193821926105391	0.0308903694730466	0.0235547479641968
FBgn0034142	0.0421576128538638	0.0768553940321347	0.0163733741392502	0.00130068859984697
FBgn0034143	0.0950323974082076	0.0431965442764579	0	0
FBgn0034144	0.239751283348998	0	0	0.00997758658086906
FBgn0034145	0.232638888888889	0.0208333333333333	0	0
FBgn0034156	0.402654867256637	0	0	0
FBgn0034158	0.0517613227893602	0.0289959261921878	0.0143781452192667	0.0908219506350345
FBgn0034160	0.000677793781242058	0	0.0040244005761247	0
FBgn0034162	0.0169163734650605	0.0756110632150429	0	0.000768926066593657
FBgn0034168	0	0	0	0
FBgn0034172	0.0544034818228368	0.0538914490527392	0.0551715309779827	0.03584229390681
FBgn0034173	0.207153502235469	0	0	0
FBgn0034175	0.287248322147651	0	0	0
FBgn0034176	0.0617093829061709	0.0577494225057749	0.0302496975030249	0.0171048289517105
FBgn0034177	0.0670103092783504	0.077319587628866	0.0412371134020619	0.036818851251841
FBgn0034179	0.145507991916223	0.328127870659563	0.0159838324453426	0.030130442770531
FBgn0034180	0.0643285160380683	0.0762248854423686	0.0483785689108213	0.0341910468805075
FBgn0034181	0.0690813764584257	0.121363166445134	0.0437158469945355	0.020048737261852
FBgn0034182	0.0544827586206896	0.0758620689655173	0.0689655172413792	0.0427586206896552
FBgn0034184	0.0707554967763268	0.0509175070259549	0.0684410646387833	0.00991899487518598
FBgn0034186	0.0547845142439737	0.0452885317750183	0.0241051862673484	0.00876552227903579
FBgn0034191	0.0361398454890664	0.0511981144428439	0.0430797433547206	0.0231766400419013
FBgn0034194	0.0366704957144119	0.0194397808606521	0.0724573650260669	0.0236811875938853
FBgn0034196	0.225244831338411	0	0	0
FBgn0034197	0.10930955276314	0	0	0
FBgn0034198	0.0474074074074075	0.162962962962963	0	0
FBgn0034199	0.0357896042674605	0.0115990571889344	0	0.265289666294505
FBgn0034200	0.0117042140199135	0.000867444433269637	0	0.106620235341446
FBgn0034201	0	0	0	0
FBgn0034202	0.453608247422681	0	0	0
FBgn0034205	0.312084993359894	0	0	0
FBgn0034206	0.400552486187845	0	0	0
FBgn0034210	0.0558899398108341	0.0511607910576096	0.0335339638865004	0.0193465176268272
FBgn0034214	0.05873993368072	0.05873993368072	0.0331596399810516	0.0307910942681194
FBgn0034215	0.0379381178585184	0.0172037488766209	0.0132237771215817	0.0717678777763513
FBgn0034217	0.120767494356659	0.0417607223476297	0	0
FBgn0034219	0.135651509361864	0.197936568589989	0.0783339701948796	0.116163546045089
FBgn0034221	0.0671861836562762	0.0183235046335299	0.0117944397641112	0.474726200505476
FBgn0034223	0.0873015873015873	0.0444444444444445	0.0815873015873016	0.0155555555555555
FBgn0034224	0.204347826086957	0	0	0
FBgn0034225	0	0	0	0
FBgn0034229	0.0129355385003423	0.106186718552949	0	0
FBgn0034230	0.0598265471115685	0.0505659267970014	0.0443921799206234	0.0449801558136116
FBgn0034231	0.0818875780707842	0.0617626648160999	0.023941707147814	0.0215128383067315
FBgn0034232	0.0636713735558408	0.0644415917843389	0.0395378690629011	0
FBgn0034237	0.0580016072863647	0.0699598178408786	0.0185159389231181	0.040835788909724
FBgn0034240	0.0878712871287129	0.0764232673267326	0.0439356435643564	0.0241336633663366
FBgn0034242	0.0868892613123632	0.0589145288126852	0.0299084697692407	0.0197241201495423
FBgn0034243	0.0616983635559487	0.0592658115877931	0.0380362671384344	0.0258735072976559
FBgn0034245	0.0182049110922947	0.03653078504899	0.0157856538042821	0.00296359017781542
FBgn0034246	0.0837650031585597	0.0615287428932406	0.0476310802274164	0.0643082754264057
FBgn0034247	0.0105990783410138	0	0.0474654377880184	0
FBgn0034248	0	0	0	0
FBgn0034249	0.122408687068114	0.0513326752221125	0.0138203356367226	0
FBgn0034251	0.467614533965246	0	0	0
FBgn0034253	0.047117210955211	0.189142822130997	0.000428895288278904	0
FBgn0034258	0.0586010487613765	0.0815653064914711	0.0255108191187993	0.0321409197757821
FBgn0034259	0.0511554549818282	0.0451210313378591	0.038675169718165	0.00733731056709868
FBgn0034261	0.0799884493213976	0.0436038117239387	0.0375397054576956	0.0493791510251227
FBgn0034262	0.171328671328671	0.0192307692307692	0	0.0244755244755245
FBgn0034263	0.290672451193059	0	0	0
FBgn0034264	0.0909090909090908	0.0949576739050422	0	0
FBgn0034265	0.0438518518518519	0.0583703703703702	0.0794074074074075	0.0151111111111111
FBgn0034266	0	0	0	0
FBgn0034267	0.0077319587628866	0.00927835051546392	0	0
FBgn0034269	0.0729384436701512	0.0759581881533101	0.0420441347270615	0.0213704994192799
FBgn0034270	0.0505415162454873	0.0279783393501805	0.0266245487364621	0.032942238267148
FBgn0034271	0.069195136074117	0.0755645628257093	0.0425593514765489	0.0466126230457441
FBgn0034274	0.393220338983051	0	0	0
FBgn0034275	0.0938598863943737	0.0190695158236408	0.0166351095482824	0.0258317554774141
FBgn0034276	0.0342619636036847	0.00190968321725455	0	0.206245787463491
FBgn0034277	0.0756437768240343	0.0633047210300429	0.019206008583691	0.0155579399141631
FBgn0034278	0.232368225686712	0	0	0
FBgn0034279	0.0214205186020294	0	0.115558060879369	0
FBgn0034282	0.0518543956043956	0.0436126373626373	0.0166266025641026	0.0374599358974359
FBgn0034286	0.113095238095238	0	0	0
FBgn0034288	0.0770139430885734	0	0.0241314573797118	0
FBgn0034289	0.0154215827068022	0	0.0862219468926872	0
FBgn0034290	0.0367373527848731	0.00322287555928891	0.00773147275127285	0.0513088646220836
FBgn0034291	0.0840550178298523	0	0.402154137253475	0
FBgn0034292	0.0639283403153844	0	0.398862436565512	0
FBgn0034293	0.0334957369062119	0	0.200365408038978	0
FBgn0034294	0.0074841451141392	0	0.040655601527181	0
FBgn0034295	0.00661380597014925	0	0.0256436567164179	0
FBgn0034296	0.0115826260609086	0	0.143035446829755	0
FBgn0034299	0.0557035601840639	0.045289416323565	0.0179220150157423	0
FBgn0034300	0.129663330300273	0.0696087352138307	0.0318471337579617	0.0186533212010919
FBgn0034301	0.062104488594555	0.324208977189109	0	0
FBgn0034304	0.0606481481481482	0.063425925925926	0.0370370370370371	0.0111111111111111
FBgn0034307	0.0972078593588417	0.0775594622543951	0.0434332988624612	0.0186142709410548
FBgn0034308	0.0416043846537119	0.0503238664673644	0.0298953662182362	0.0104633781763827
FBgn0034310	0.0778923253150057	0.0639557082856054	0.0231004200076365	0.0162275677739595
FBgn0034312	0.0217197058217059	0.0315485600384906	0.0293490961578115	0.028867963433913
FBgn0034313	0.0388197132991525	0.0488647064978551	0.0273098252589725	0.0145443130689547
FBgn0034314	0.0995145631067961	0.0364077669902913	0.0161812297734628	0
FBgn0034315	0.076891876231313	0.0895236991540155	0.0731834511530884	0.0233514891644454
FBgn0034318	0.103916146871584	0	0.387499196193171	0
FBgn0034325	0.414893617021277	0	0	0
FBgn0034327	0.396551724137931	0	0	0
FBgn0034328	0	0	0	0
FBgn0034329	0	0.28448275862069	0	0
FBgn0034331	0	0	0	0
FBgn0034335	0.0784993949173053	0.107866075030254	0.0296893908834208	0.118354175070593
FBgn0034345	0.0579828326180257	0.0643347639484979	0.0337768240343347	0.0284978540772532
FBgn0034346	0.0923226433430515	0.0482669258179463	0.0336896663427276	0.0165208940719145
FBgn0034350	0	0	0	0
FBgn0034351	0.0858178887993554	0.0797743755036261	0.0398871877518131	0.0173247381144238
FBgn0034352	0.26127659574468	0	0	0
FBgn0034354	0.0269756268455033	0.0504979730744207	0.0172163555377609	0.00350332816175366
FBgn0034356	0.0347477852837668	0.00115960789072718	0.00380243517657053	0.185294553888057
FBgn0034360	0.0637037037037036	0.0622222222222222	0.0488888888888889	0
FBgn0034361	0.0521665250637212	0.0419711129991504	0.0237892948173322	0.0137638062871708
FBgn0034362	0.057431906614786	0.0568093385214009	0.0301945525291829	0.00871595330739301
FBgn0034363	0.0962343096234309	0	0	0
FBgn0034364	0	0	0	0
FBgn0034365	0.0264993026499303	0.0243297690996436	0.0688826902216022	0.0127847512784751
FBgn0034366	0.0451505911303696	0.0728080029957739	0.0474509174557321	0.107580377681485
FBgn0034368	0.0545318660928278	0.0605880988583357	0.0318532072262454	0.0472128443677035
FBgn0034371	0.0443563375046461	0.0367984140750836	0.0255234791227853	0.0479494486432908
FBgn0034372	0	0	0	0
FBgn0034379	0.0600193610842207	0.0614714424007744	0.0474346563407551	0.021297192642788
FBgn0034380	0.0730909090909091	0.0625454545454545	0.0421818181818182	0.0330909090909091
FBgn0034381	0	0.419354838709678	0	0
FBgn0034382	0	0	0	0
FBgn0034383	0.296829971181556	0	0	0
FBgn0034387	0.0402665121668598	0.115005793742758	0.0553302433371959	0
FBgn0034389	0.0286284953395472	0.00599201065246338	0.0439414114513981	0.0272969374167777
FBgn0034390	0.0111080636313768	0.0215304443225452	0	0
FBgn0034391	0.235294117647059	0.323529411764706	0	0
FBgn0034392	0.0339536866032106	0.0488705782071316	0.0572524506321921	0.00617985509305299
FBgn0034394	0.0261273466227985	0.0339332946261531	0.024901619250371	0
FBgn0034396	0.0995475113122171	0.10268012530456	0.00800556909154194	0
FBgn0034397	0	0.5	0	0
FBgn0034398	0.0589342388095728	0.05090694405031	0.0610837663375508	0.0815580975865927
FBgn0034399	0.0387793504049742	0.0589053423873026	0.0176716027161908	0.0362431481632986
FBgn0034400	0.0561797752808989	0.0287995269071555	0.0915434654050858	0.0543465405085748
FBgn0034401	0.114630704092834	0.0492394542888507	0.0261878626313313	0.0108201348596519
FBgn0034402	0.0638297872340425	0.0419274092615769	0.0444305381727159	0.0219023779724656
FBgn0034403	0.113140676117775	0.026990185387132	0	0
FBgn0034405	0.0663859407897564	0.0606711640097968	0.0372105014394363	0.0618742749108409
FBgn0034406	0.0102248229134586	0.00934195667795916	0.0227902679396366	0.0198131608664408
FBgn0034407	0.00220825547817225	0	0	0
FBgn0034408	0.098087098087098	0.0822140822140821	0.00366300366300366	0
FBgn0034411	0.31712962962963	0	0	0
FBgn0034416	0.298407308594065	0	0	0.00873150618481688
FBgn0034417	0.00261809269162211	0.00116978609625668	0.0118092691622103	0
FBgn0034418	0.0591617317311562	0.0426608405680446	0.0585867877881907	0.0350715805208992
FBgn0034419	0.0723356009070296	0.0329931972789116	0.0365079365079364	0.0122448979591837
FBgn0034420	0.0309792027729636	0.107019064124783	0.0090265742345465	0.00270797227036395
FBgn0034422	0.11939736346516	0.0504708097928437	0.0252354048964218	0.0210922787193974
FBgn0034423	0.296581196581197	0	0	0
FBgn0034425	0.222222222222222	0.14176245210728	0.0766283524904214	0.0459770114942529
FBgn0034428	0.0774894810659186	0	0.390953716690042	0
FBgn0034429	0.0573853303697717	0	0.246312386340675	0
FBgn0034430	0.144688644688645	0.0494505494505495	0.0235805860805861	0.0602106227106227
FBgn0034432	0.0465295525536489	0.082309034116263	0.0445418035779482	0.0941949616648412
FBgn0034433	0.0668469860896446	0.0490726429675425	0.0100463678516229	0.0119783616692426
FBgn0034435	0.300721034311288	0	0	0.00571854798607657
FBgn0034436	0.02142183500247	0.0120357479678448	0.0455382404455023	0.00574841693986618
FBgn0034437	0.0478386167146973	0	0.180979827089337	0
FBgn0034438	0.0671005385996409	0.0561041292639137	0.00875224416517055	0
FBgn0034439	0.0523287671232877	0.0786301369863014	0.0873972602739723	0
FBgn0034440	0.087719298245614	0	0	0.0818713450292398
FBgn0034442	0.0439723320158103	0.066699604743083	0.0306324110671937	0.0242094861660078
FBgn0034443	0.0289127860706175	0.0539304177908911	0.00571008922621012	0.0130410026463757
FBgn0034447	0.0623714873200823	0.0531185743660042	0.0164496230294722	0.0109664153529815
FBgn0034451	0.0468775344687754	0.141011084076777	0.0183833468505001	0.0164368748310354
FBgn0034452	0.0800000000000001	0.0488888888888889	0	0
FBgn0034454	0	0	0	0
FBgn0034455	0.0745770788658563	0.0381224684298308	0.0223969502025256	0.00953061710745769
FBgn0034456	0.0557851239669421	0.43801652892562	0	0
FBgn0034459	0.252069224981189	0	0	0.00902934537246049
FBgn0034460	0	0	0	0
FBgn0034461	0.253375694996028	0	0	0
FBgn0034462	0.360911270983213	0.152278177458034	0	0
FBgn0034463	0.224836601307189	0	0	0
FBgn0034464	0.27276707530648	0	0	0
FBgn0034467	0.24616185271923	0	0	0.0096278948737965
FBgn0034468	0.2106819881689	0.365676208608146	0	0
FBgn0034470	0.142088845394335	0.333288188315887	0	0
FBgn0034472	0.402992645194015	0	0	0
FBgn0034475	0.0169508326724822	0.0354877081681204	0	0
FBgn0034476	0.15445321307779	0.04847801578354	0.0108981585869974	0.00413378429161969
FBgn0034477	0.274412855377009	0	0	0
FBgn0034478	0.176220806794055	0	0	0
FBgn0034479	0.0612341026848799	0	0	0.0645313235986812
FBgn0034480	0.046766169154229	0	0.150248756218905	0.156218905472637
FBgn0034483	0.249890782000874	0	0	0
FBgn0034484	0.2125	0.225	0	0
FBgn0034487	0.125714285714286	0	0	0
FBgn0034488	0.035314906635721	0.0170112881105602	0.0643000316489081	0.0340489503112142
FBgn0034489	0.266666666666667	0.177777777777778	0	0
FBgn0034490	0.161621930325528	0.218874928612222	0.141776127926899	0
FBgn0034491	0.15390534821085	0.233551365909965	0.0665640631011929	0.0277029626779531
FBgn0034493	0.0476190476190477	0.00828157349896478	0	0.0165631469979296
FBgn0034494	0.125414731254147	0.166777261667773	0.0159256801592568	0.253483742534838
FBgn0034495	0.0437361008154189	0.0318754633061526	0.0185322461082283	0
FBgn0034496	0.180887372013652	0.177474402730376	0.112627986348123	0.0255972696245734
FBgn0034497	0.00511736566915117	0.0598509289131159	0	0
FBgn0034498	0.231481481481481	0.143004115226337	0.108024691358025	0.0246913580246914
FBgn0034499	0.228232869654817	0.014940752189593	0	0
FBgn0034500	0.0438741721854304	0.0127483443708609	0.0586092715231788	0.00314569536423841
FBgn0034501	0.0426825150266765	0.0109070034443169	0.0451813331532383	0.123860336327413
FBgn0034502	0.487538940809967	0	0	0
FBgn0034503	0.0677346334668293	0.0682570085321262	0.03743687967961	0.0278600034825004
FBgn0034504	0.0696405429370438	0.0765977764136143	0.0291930973330606	0.0145965486665302
FBgn0034505	0.208502772643253	0	0	0
FBgn0034506	0.216424294268606	0	0	0
FBgn0034507	0.0532871972318339	0	0.0696655132641294	0.310726643598616
FBgn0034512	0.0122099025901154	0.00753018808636713	0	0.067345243973605
FBgn0034513	0.31923076923077	0	0	0
FBgn0034517	0	0	0	0
FBgn0034518	0	0	0	0
FBgn0034519	0	0	0	0
FBgn0034520	0	0.12962962962963	0	0
FBgn0034521	0.0794883508451348	0.0634993147555962	0.0141617176793056	0.0132480584741891
FBgn0034523	0.330914368650218	0.104499274310595	0.0653120464441219	0
FBgn0034527	0.0497071846879017	0.0389944293672333	0.048993000999857	0.0124267961719754
FBgn0034528	0.0693333333333334	0.05	0.0293333333333334	0.014
FBgn0034529	0.0683139534883721	0.0436046511627907	0.0402131782945737	0.0353682170542635
FBgn0034530	0.0503655564581641	0.12591389114541	0.00893582453290009	0
FBgn0034532	0.158798283261803	0.0572246065808298	0	0
FBgn0034534	0.0449409754090578	0.0413646865208723	0.06161977402918	0.0241162135645789
FBgn0034535	0.064862014413781	0.0251362278080507	0.0356828968184216	0.0244331165406926
FBgn0034537	0.0637069922308546	0.0896781354051056	0.0521642619311875	0.020865704772475
FBgn0034538	0.0391760066417601	0.00653798256537983	0.0914279784142797	0.126608551266085
FBgn0034540	0.042223513461166	0.0340887081154368	0.00774743366259924	0.114080960681774
FBgn0034541	0	0.22887323943662	0	0
FBgn0034542	0.0541797550344559	0.147685489565832	0.0183845910341637	0.00423697859595295
FBgn0034543	0.0210427626438878	0.014948695244544	0.01890723475181	0.0822959529142143
FBgn0034546	0.269925611052072	0	0	0
FBgn0034552	0.0297520661157025	0.0801652892561983	0	0
FBgn0034553	0.0507246376811595	0.0942028985507247	0	0
FBgn0034554	0.313592233009709	0	0	0
FBgn0034558	0.0431034482758622	0.0948275862068967	0	0
FBgn0034560	0.303010471204188	0	0	0
FBgn0034564	0.0680355251364784	0.0473396887476575	0.0243624215758168	0.0122219506233195
FBgn0034566	0.238461538461539	0	0	0
FBgn0034567	0.145299145299145	0	0	0
FBgn0034569	0.188271604938272	0.0380658436213991	0	0
FBgn0034570	0.0904079382579934	0.0554943035648658	0.0352811466372657	0.0176405733186329
FBgn0034572	0.0594559017112768	0.0666959192628343	0.0315928038613427	0.0289600702062308
FBgn0034573	0.0441486493111732	0.0549345491984115	0.0970485855763105	0.0133843212237094
FBgn0034576	0.0352756659046201	0.050667233771067	0.0249082885852517	0.0143814131532776
FBgn0034577	0.0361062356549077	0.0662333404054238	0.0701872818099407	0.013520550851544
FBgn0034578	0.26158940397351	0.254966887417219	0	0
FBgn0034579	0.0469291338582678	0.0368503937007874	0.0274015748031496	0
FBgn0034582	0.000395852885055887	0	0.00257081986025059	0
FBgn0034583	0.00809061488673139	0.0145008712969878	0.00087129698780184	0.00226381628080657
FBgn0034585	0.0547385620915034	0.0575163398692809	0.0390522875816994	0.00669934640522877
FBgn0034588	0.0408856459932066	0	0.234369103031828	0
FBgn0034590	0.0829353017802866	0.0972644376899697	0.0251845419018671	0.0112896222318715
FBgn0034592	0.203389830508475	0	0	0
FBgn0034595	0.16733870967742	0	0	0
FBgn0034598	0.0799856527977044	0.0868005738880918	0.032520325203252	0.0266618842659015
FBgn0034599	0.113717693836978	0.059244532803181	0.0385685884691848	0.0159045725646123
FBgn0034601	0.19878223495702	0.00859598853868195	0	0.0465616045845272
FBgn0034602	0.0302082475923944	0.00214009383488353	0.0632150794304058	0.0336653222487447
FBgn0034605	0	0	0	0
FBgn0034606	0.0896917635169275	0.148054573016675	0.00404244567963618	0
FBgn0034611	0.0582245947014629	0.0417160933175169	0.0604982206405694	0.0165085013839462
FBgn0034612	0.0856763338499004	0	0.0542395395173788	0
FBgn0034614	0.0841452612931797	0.0438441098317095	0.016829052258636	0.0243578387953941
FBgn0034617	0.118229166666667	0.0901041666666667	0.0390625	0.034375
FBgn0034618	0.0242259174311926	0.019065366972477	0.00716743119266056	0.0647935779816515
FBgn0034623	0.0101663420822241	0.0741660562096877	0	0
FBgn0034624	0	0	0	0
FBgn0034626	0.056135225375626	0.0678213689482468	0.0325542570951586	0.0313021702838063
FBgn0034627	0.10840108401084	0.0691056910569105	0.056910569105691	0.0460704607046069
FBgn0034628	0.0130914641305624	0.0029940119760479	0.0265351649641893	0.0405659269695902
FBgn0034629	0.00410492591109331	0.00200240288346015	0.0127152583099719	0.0109130957148578
FBgn0034631	0.0795397698849425	0.0560280140070035	0.0430215107553777	0.023511755877939
FBgn0034634	0.0648596321393997	0.0513068731848985	0.0242013552758954	0.0503388189738624
FBgn0034636	0.165826330532213	0.0403361344537815	0	0
FBgn0034638	0.0152676632170691	0.0248498786252715	0.00258719816021464	0.0158745368595886
FBgn0034639	0.0334850455136541	0.0788361508452537	0.0549414824447335	0
FBgn0034641	0.075030450669915	0.0635809987819732	0.0326431181485993	0.018026796589525
FBgn0034642	0.0075642965204236	0	0.0121028744326778	0
FBgn0034643	0.0562890896455872	0.078248783877693	0.0418346073662264	0.0308547602501737
FBgn0034644	0.0542610571736785	0.0391046386192018	0.0505933117583604	0.0252966558791801
FBgn0034645	0.033669592558627	0.0456177125638674	0.0259399973797983	0.00859426175815535
FBgn0034646	0.0727013542409124	0.061297220242338	0.0256593014967926	0.0158588738417677
FBgn0034647	0.0161824009926584	0.0113225105986971	0.0371212904560025	0.0135456519491263
FBgn0034649	0	0	0	0
FBgn0034650	0.0816326530612243	0.0471428571428571	0.0273469387755102	0.0222448979591836
FBgn0034651	0.262337662337663	0	0	0
FBgn0034654	0.0523545392800544	0.0798807637159458	0.0332239076296129	0.0285450154705305
FBgn0034655	0.171428571428571	0.0142857142857143	0	0
FBgn0034657	0.0961697437310551	0.0622761091209699	0.00936897216864147	0
FBgn0034658	0.248788368336026	0	0	0
FBgn0034659	0.552429667519181	0	0	0
FBgn0034661	0.145593869731801	0.0753512132822479	0.0319284802043423	0
FBgn0034662	0.012202380952381	0	0.0486819727891157	0
FBgn0034663	0.0585961153290791	0	0.347058549536541	0
FBgn0034664	0.0402572917821892	0	0.129976710657647	0
FBgn0034667	0.315476190476191	0	0	0
FBgn0034670	0.198952879581152	0	0	0.337696335078534
FBgn0034671	0.356968215158924	0	0	0
FBgn0034674	0.058091286307054	0.042992162286768	0.0257030889810973	0.106846473029046
FBgn0034681	0.287705956907478	0	0	0
FBgn0034684	0.265741728922092	0	0	0
FBgn0034687	0.118287373004354	0.0246734397677793	0	0.187953555878084
FBgn0034688	0.0393207244633942	0.0298094092780875	0.00546627309500382	0.199263875223206
FBgn0034689	0.128525081108061	0.0461692038931868	0.0234589468430247	0.0182181182929873
FBgn0034691	0.175257731958763	0.166767738023044	0.100060642813827	0.0673135233474833
FBgn0034693	0.0204487722269263	0.106646909398815	0	0
FBgn0034694	0.0467546754675468	0.0656398973230655	0.0579391272460578	0.0254858819215255
FBgn0034697	0.0453865775354033	0.0498724601987862	0.0241885829888293	0.0250681678247867
FBgn0034700	0.534391534391535	0	0	0
FBgn0034703	0.125333333333333	0.0573333333333332	0.0466666666666668	0
FBgn0034704	0.0391879131255902	0.0250236071765817	0.024551463644948	0.00613786591123701
FBgn0034705	0.0989969472307021	0.0745747928477976	0.0218054949847362	0.0619276057566506
FBgn0034706	0.0834210739450878	0.0620393617882886	0.0370940309386896	0.0200048594800356
FBgn0034707	0.0740384615384615	0.0677884615384616	0.0173076923076923	0.00769230769230769
FBgn0034708	0.0783630822812364	0.0736612973443622	0.0412712233347845	0.046321288637353
FBgn0034709	0.0360407760605064	0.088474186122986	0.048405129891483	0
FBgn0034710	0	0	0	0
FBgn0034712	0.342105263157894	0	0	0
FBgn0034713	0.420134228187919	0	0	0
FBgn0034715	0.477272727272727	0	0	0
FBgn0034716	0.132956152758133	0	0	0
FBgn0034717	0.023738667035781	0	0.103951830576511	0
FBgn0034718	0.104684724689165	0.278641207815275	0.0891429840142097	0.0588365896980463
FBgn0034720	0.159754224270353	0.0583717357910907	0.0199692780337941	0
FBgn0034721	0.265440210249671	0	0	0
FBgn0034722	0.0690416141235813	0.0470786044556535	0.0343631778058008	0.0210172341319882
FBgn0034723	0.052742878467471	0.0501306132603556	0.0359497449931583	0.00161711655678567
FBgn0034724	0.038743610637825	0.019334765538188	0.0561523075783393	0
FBgn0034725	0.0508474576271186	0.0332203389830508	0	0
FBgn0034726	0.0635562961199714	0.101404427517258	0.0557010235658177	0.0268983575339205
FBgn0034727	0.0707557502738228	0.0757940854326395	0.0357064622124863	0.0148959474260679
FBgn0034728	0.0588235294117647	0.0292561469032057	0.0140056022408964	0.00715841892312481
FBgn0034729	0.1641689373297	0.0374659400544958	0.0313351498637602	0
FBgn0034731	0.451612903225806	0	0	0
FBgn0034733	0.0337204108977222	0.0156319785618579	0.0252344796784279	0.0533720410897722
FBgn0034734	0.0696864111498257	0.0404181184668989	0.0278745644599302	0.0083623693379791
FBgn0034735	0.0728412928123492	0.0834539315002412	0.0361794500723589	0.0265315967197298
FBgn0034736	0.0115865433479012	0.00325236304502491	0.0316089033438358	0.00782599857709117
FBgn0034737	0.456896551724138	0	0	0
FBgn0034739	0.553170731707317	0	0	0
FBgn0034740	0.561567164179104	0	0	0
FBgn0034741	0.00900234530037884	0	0.00032473389861086	0.0612484214324375
FBgn0034742	0.0633047210300431	0.0596259963212754	0.0354077253218884	0.0266707541385653
FBgn0034743	0.0497126824327719	0.0374451610855923	0.0383389791962513	0.0313285892218229
FBgn0034744	0.0375495703899538	0.0470505617977529	0.0743142762723067	0.0227610707204231
FBgn0034745	0.254122211445199	0	0	0
FBgn0034748	0.0803941908713693	0.0591286307053942	0.0321576763485478	0.0212655601659752
FBgn0034750	0.0726159230096238	0.0552639253426653	0.0256634587343249	0.0126859142607174
FBgn0034753	0.0650254508108863	0.0483091787439614	0.0157540768659357	0.0244038627401126
FBgn0034755	0.0240040858018387	0.112359550561798	0	0
FBgn0034756	0.0598365440747227	0.0726795096322242	0.0431990659661412	0.353765323992995
FBgn0034758	0	0	0	0
FBgn0034759	0	0	0	0
FBgn0034761	0.139955412434977	0.0834778300718356	0.00842209561555611	0.235942531582858
FBgn0034763	0.0698071119275684	0.0652145387744392	0.0351659887153917	0.0270305734155623
FBgn0034769	0.0684474123539234	0.0267111853088481	0	0
FBgn0034774	0.391167192429022	0	0	0
FBgn0034776	0.358166189111748	0	0	0
FBgn0034783	0.0418041804180419	0	0.193619361936193	0
FBgn0034784	0.020167389331451	0	0.163255016638096	0
FBgn0034785	0.43558282208589	0.165644171779141	0	0
FBgn0034786	0.0698324022346369	0.0358472998137804	0.0680865921787709	0.079608938547486
FBgn0034788	0.126146788990825	0	0	0
FBgn0034789	0.186554621848739	0.0336134453781513	0	0
FBgn0034791	0.0631496725349997	0.0614672835426306	0.0240341284624166	0.0152616715736346
FBgn0034792	0.0978437282633897	0.0576551510935931	0.0285184326454904	0.023804003400572
FBgn0034793	0.0368935173972713	0.0370549769920078	0.0180834746104787	0.0173569064341649
FBgn0034795	0.10806697108067	0.0700152207001522	0.0284119736174531	0.0208016235413496
FBgn0034796	0.0465858328015317	0.04635377385856	0.00365492835180136	0.171491558855949
FBgn0034797	0.0436320754716982	0.123493186582809	0.000917190775681344	0.00183438155136269
FBgn0034800	0.188193343898573	0.0412044374009509	0.00673534072900159	0
FBgn0034802	0.212657924196386	0.210139133216056	0.0654485846793539	0.0280265472573165
FBgn0034803	0.0413331583781656	0.0364781524734287	0.0313607138170844	0.0188951581157328
FBgn0034804	0.0552922590837283	0.11901000526593	0.0057925223802001	0.0634544497103738
FBgn0034808	0.0557958477508651	0.0506055363321799	0.097318339100346	0
FBgn0034814	0.0591101006820397	0.0519649236765184	0.0354011042546281	0.0204611886976291
FBgn0034816	0.216702948743321	0	0	0.0081139916881061
FBgn0034817	0.0346297282898241	0.0484816196057539	0.0143846563665423	0.00452850293020778
FBgn0034819	0.109253929599292	0.502656630506974	0	0
FBgn0034820	0.394849785407726	0	0	0
FBgn0034822	0.269271383315734	0	0	0
FBgn0034824	0.25974025974026	0	0	0
FBgn0034825	0.261344537815126	0	0	0
FBgn0034826	0.268362938070091	0	0	0
FBgn0034827	0.260419835716459	0	0	0.00851840584119258
FBgn0034829	0.244107744107744	0	0	0
FBgn0034833	0.285529715762274	0	0	0
FBgn0034834	0.289703315881326	0	0	0
FBgn0034835	0.219854178351094	0	0	0
FBgn0034837	0.269402985074627	0	0	0
FBgn0034838	0.343541944074567	0	0	0
FBgn0034839	0.355555555555555	0	0	0
FBgn0034840	0.252002321532211	0	0	0.00557167730702263
FBgn0034841	0.219026548672566	0	0	0
FBgn0034842	0.248533333333333	0	0	0
FBgn0034844	0.245567710298001	0	0	0.00905318747642398
FBgn0034846	0.0333848531684699	0.00772797527047914	0	0
FBgn0034849	0.056887444128403	0.056887444128403	0.0316944331572531	0.0142218610321007
FBgn0034850	0.223501389440254	0	0	0
FBgn0034853	0.0877192982456141	0.0470175438596491	0.0175438596491228	0.0126315789473684
FBgn0034854	0.0597118728266268	0.0797814207650274	0.0464977645305514	0.0307998012916045
FBgn0034856	0.0407342244727188	0.17555302851503	0.000783144162893985	0.000332568069174157
FBgn0034858	0.0709438618136952	0.114435533621221	0.0239049969154843	0.0242134484885873
FBgn0034859	0.0357142857142857	0.039859693877551	0.0162627551020408	0.00892857142857143
FBgn0034860	0.0263816270309777	0.115688424129983	0.000576263563276552	0.0116798785629954
FBgn0034861	0.0611854684512428	0.175908221797323	0	0
FBgn0034863	0.180165289256198	0	0	0
FBgn0034869	0.482758620689655	0	0	0
FBgn0034870	0	0	0	0
FBgn0034876	0.0588203137812279	0.0877384791996939	0.0185863445033619	0.00737987208221724
FBgn0034877	0.0310528498766618	0.049542666288284	0.0222117924425331	0.0065271016612456
FBgn0034878	0.0853242320819111	0.071851984911083	0.0307167235494881	0.0122148374348842
FBgn0034879	0.0684725357411588	0.071733132681214	0.0416353147730123	0.00827689992475546
FBgn0034880	0	0	0	0
FBgn0034882	0.407982261640798	0	0	0
FBgn0034883	0.0173607295901549	0.0438413361169102	0.0232941435007142	0
FBgn0034884	0.0182631382780469	0	0.148714125978382	0
FBgn0034885	0.0194211832737787	0.0129019939445187	0.0667739559750144	0.0100106380076921
FBgn0034887	0	0.0497237569060774	0	0
FBgn0034893	0.0593253968253968	0.056547619047619	0.028968253968254	0.0168650793650793
FBgn0034894	0.0218736854756325	0.00679045730424854	0.100054083288264	0.00180277627546421
FBgn0034897	0.035244484809422	0.0518266779949023	0.02469750681159	0.0398148419418158
FBgn0034898	0.303174603174603	0	0	0
FBgn0034901	0.407407407407408	0	0	0
FBgn0034902	0.0290779237342176	0.039918377757939	0.0546358882795561	0.0117587042469073
FBgn0034903	0.0516397021512609	0.106902207904084	0	0
FBgn0034904	0.426910299003322	0	0	0
FBgn0034907	0.228382838283829	0.00792079207920792	0	0
FBgn0034908	0.076214405360134	0.0699329983249582	0.0452261306532663	0.021356783919598
FBgn0034909	0.00921828908554574	0.0254424778761062	0.0274705014749263	0.0147492625368732
FBgn0034911	0	0	0	0
FBgn0034913	0.0496177700851002	0.0563007836915236	0.0600990432232319	0.0282705899322083
FBgn0034914	0.0423739706424219	0.0318340345675626	0.0135476739303679	0.126136470749535
FBgn0034915	0.179673721340388	0.225970017636684	0.0714285714285714	0.0227072310405643
FBgn0034918	0.192771084337349	0.201014584654408	0.0811667723525682	0.0285351934051997
FBgn0034919	0.10216203373723	0.050368258493704	0.0263720598717035	0.0194820622475647
FBgn0034920	0.0653036313701556	0.424092157461093	0.00762892889838266	0
FBgn0034921	0.169440887750747	0.180537772087068	0.119504908237303	0.0256081946222791
FBgn0034923	0.248438584316447	0.154753643303262	0.0569049271339348	0.0298403886190146
FBgn0034924	0.238095238095238	0	0	0
FBgn0034925	0.0597989063326866	0.0580349267948494	0.0483330393367437	0.0224025401305345
FBgn0034928	0.0486656200941914	0.0659340659340659	0	0
FBgn0034931	0	0	0	0
FBgn0034933	0.0831521739130435	0.0538043478260869	0.0315217391304347	0.0228260869565217
FBgn0034935	0.0417875798026698	0.00522344747533372	0.127684271619269	0
FBgn0034936	0.136764187522031	0.194571730701445	0.0757842791681352	0.0800140994007754
FBgn0034937	0.069855732725892	0.00288534548215641	0	0
FBgn0034938	0.0500936329588015	0.0428370786516854	0.0264513108614232	0.0159176029962547
FBgn0034939	0.0962601626016261	0.0816260162601627	0.0321951219512195	0.0195121951219512
FBgn0034940	0.0711476582052199	0.0486235252055774	0.0271719699678227	0.0128709331426529
FBgn0034942	0	0	0	0
FBgn0034943	0.00952501103892007	0	0.00384785214155049	0.0866712924998423
FBgn0034945	0.0717719780219781	0.0724587912087912	0.0662774725274725	0.040521978021978
FBgn0034946	0.062155541947336	0.0685854255970605	0.0355174525413349	0.0192896509491733
FBgn0034948	0.0408566425717235	0.043056615633278	0.0442239482781843	0.0146365554707494
FBgn0034950	0.115384615384615	0.0549450549450549	0	0.0604395604395605
FBgn0034951	0.0217474980754427	0.011018090839107	0.0597093918398769	0.0169361046959199
FBgn0034956	0.0686813186813188	0.0837912087912086	0	0
FBgn0034957	0.254605263157895	0	0	0
FBgn0034958	0.0608867913534929	0.100448639515236	0.0620520887956651	0.0305307929849095
FBgn0034959	0.0636641645815958	0.0834028356964137	0.0330831248262441	0.0155685293299973
FBgn0034961	0.0593362386858867	0.0469326181696279	0.102413677505867	0.0256453234998324
FBgn0034962	0.110108303249097	0.0675090252707583	0.0247292418772563	0.0296028880866426
FBgn0034963	0.0576162215628091	0.0902571711177055	0.0294263105835806	0.033135509396637
FBgn0034964	0.0824616881537339	0.0464607151544636	0.0238384821211384	0.0165409875942593
FBgn0034967	0.0479465675551502	0.0549153460559972	0.0315609378107235	0.055964520088597
FBgn0034968	0.0248140997457611	0.033205895284155	0.018924550302984	0.0352149561294516
FBgn0034970	0.0579692893703131	0.0758838233543626	0.0379121533150815	0.00886799190572551
FBgn0034971	0.0141525613302513	0.0177317127730967	0.0243084035493252	0.00966370889568265
FBgn0034972	0	0.134545454545454	0	0
FBgn0034973	0.392370572207085	0	0	0
FBgn0034974	0.101085481682497	0.0773405698778833	0	0
FBgn0034975	0.087675070028011	0.0759103641456583	0.0316526610644258	0.026890756302521
FBgn0034976	0.073327961321515	0.0688960515713135	0.0237711522965351	0.0269943593875906
FBgn0034978	0.124777183600713	0.0285204991087344	0	0
FBgn0034982	0.0821831869510665	0.0575073191133417	0.0248849853617733	0.0284399832705981
FBgn0034985	0.0386221294363258	0.0897703549060543	0	0.00113873600303663
FBgn0034986	0.0854086578639478	0.0720374394116666	0.0317566438241685	0.0217282299849574
FBgn0034988	0.0128287881232855	0.0172664192351138	0.020009682104244	0.00314668387929643
FBgn0034989	0.0678122123350722	0.0812365756366984	0.0546946916231974	0.011890150352869
FBgn0034996	0.0877976190476192	0	0.0907738095238094	0.415178571428571
FBgn0034997	0.0385500023958982	0.00385739613781207	0	0.234199051224304
FBgn0034998	0.38179347826087	0	0	0
FBgn0034999	0.0637229146087726	0.000882705281519934	0.188583678359009	0.0869254534372965
FBgn0035000	0	0.512500000000001	0	0
FBgn0035001	0.0622556612819945	0.0513387917680903	0.0463229328022423	0.0229401785055692
FBgn0035003	0.357638888888889	0	0	0
FBgn0035004	0.378151260504201	0	0	0
FBgn0035005	0.242486338797814	0	0	0
FBgn0035006	0.0236526946107784	0	0.0667664670658684	0
FBgn0035007	0.236192714453584	0	0	0
FBgn0035008	0.174660633484163	0	0	0
FBgn0035009	0.194690265486726	0	0	0
FBgn0035010	0.174603174603175	0	0	0
FBgn0035014	0.23581429624171	0	0	0
FBgn0035016	0.0813996773793276	0.102494105968482	0.0251892294329321	0.0171237126194317
FBgn0035020	0.0485844688450853	0.0759359703664505	0.0335361820346607	0.0321471094060061
FBgn0035021	0.203599550056243	0.164229471316086	0.0753655793025871	0.0607424071991001
FBgn0035023	0.0404539245560575	0.0851108542607965	0.0133445413470631	0.00378270463381318
FBgn0035024	0.0863166684062208	0.080784886755036	0.0336081828619141	0.0410186828097276
FBgn0035025	0.074792243767313	0.0637119113573407	0.0286241920590951	0.0235457063711911
FBgn0035026	0.0719344017890421	0.0465896384644056	0.0283265001863585	0.0409988818486769
FBgn0035027	0.0649588289112534	0.0713632204940531	0.0324794144556268	0.0187557182067704
FBgn0035028	0.0523441766128404	0.0473515874873234	0.0934550276932678	0.0294874795225837
FBgn0035032	0.0408471154064293	0.0485265092220785	0.0182740080310352	0.00321014542072188
FBgn0035033	0.10528	0.0995200000000003	0.02688	0.00864
FBgn0035034	0.270648030495553	0	0	0
FBgn0035035	0.0579201404124616	0.0631856077226853	0.0342255375164546	0
FBgn0035036	0.141218005295676	0.0507502206531332	0.0211827007943513	0.0158870255957634
FBgn0035039	0.0398463754200673	0.0254440710513683	0.0345655304848776	0.0134421507441191
FBgn0035040	0.00850271002710027	0	0.0411246612466125	0.0013550135501355
FBgn0035041	0.118705035971223	0	0	0.386091127098321
FBgn0035042	0	0	0.269230769230769	0
FBgn0035043	0.0228363324764353	0	0.141645244215938	0
FBgn0035044	0.0223304430454923	0.0451360019004633	0.0248248010452548	0.0256562537118423
FBgn0035046	0.0507080610021786	0.0465141612200436	0.0333877995642701	0.0156318082788671
FBgn0035047	0.191292183948242	0.0140758873929009	0.00734394124847001	0.011890190592761
FBgn0035049	0.0468220991074177	0.054170514004309	0.0330101569713758	0.0144275161588181
FBgn0035050	0.126126126126126	0.09009009009009	0	0
FBgn0035056	0.245033112582782	0.0838852097130246	0	0
FBgn0035057	0.0918727915194347	0.0503533568904593	0	0
FBgn0035059	0.0945032333921222	0.0486478542034096	0.0455614344503232	0.0238095238095238
FBgn0035060	0.0700783771323192	0.0484094052558783	0.0424158598432458	0.0283540802213001
FBgn0035063	0.0657051282051281	0.0833333333333333	0.0419871794871795	0.0205128205128205
FBgn0035064	0.0653495440729483	0.0687689969604863	0.0486322188449848	0.0516717325227963
FBgn0035065	0.0436804517522005	0.0284836405912638	0.112771964789902	0.0538947018767646
FBgn0035069	0.389162561576355	0	0	0
FBgn0035073	0.20529197080292	0.0729927007299271	0.0173357664233577	0
FBgn0035076	0.0760736196319019	0.0621676891615543	0	0.0114519427402863
FBgn0035078	0.25	0	0	0
FBgn0035082	0.0384152054611163	0.0353366349886227	0.121603533663499	0.00495248293401152
FBgn0035083	0.0355032899342014	0.060954780904382	0.0272994540109198	0.00299594008119838
FBgn0035084	0.170068027210885	0.115646258503401	0.0816326530612245	0.0918367346938775
FBgn0035085	0.0759352317141262	0.0424343941931882	0.0650474595198213	0.0985482970407596
FBgn0035086	0.0958408679927669	0	0	0
FBgn0035087	0.157096694009446	0.10763112105394	0.0954511558538404	0.101168282376336
FBgn0035088	0.0522133147438132	0.070756361101429	0.0340188218891601	0.0319275008713838
FBgn0035089	0.00591291709091473	0.0199169898724536	0.000256491967137938	0.000479950877902051
FBgn0035090	0.0344706727651894	0.00233075723323344	0	0.206526120253053
FBgn0035091	0.0400771163171116	0.00350528714143834	0.0584798738096629	0.192849214231466
FBgn0035092	0.197062423500612	0.0403916768665851	0	0
FBgn0035094	0.0154700991365526	0.000879437160217461	0.0545251039334826	0.0015190278221938
FBgn0035097	0	0	0	0
FBgn0035099	0.100577641862045	0.055725450220863	0.0665987088005439	0.0468909276248726
FBgn0035101	0.0396625721474028	0.0204232647624686	0.0954565635637118	0.00303389077993193
FBgn0035102	0	0	0	0
FBgn0035103	0.0588142541784927	0.126616209397666	0	0
FBgn0035104	0	0.0896860986547085	0	0
FBgn0035106	0.0852179613241561	0.0717797443461161	0.0327761389708292	0.042608980662078
FBgn0035107	0.043868526422317	0.0462885554626656	0.0555286663439962	0.0260923131077573
FBgn0035109	0.160091047040971	0.132018209408194	0.0842185128983308	0.121396054628225
FBgn0035110	0.0538485253314151	0.0886856438187237	0.0397698078306443	0.0302127222279313
FBgn0035111	0.0755137804683766	0.0559184323721523	0.0259678190218257	0.0280388720726462
FBgn0035112	0	0	0	0
FBgn0035113	0.0597269624573378	0.0460750853242321	0.0699658703071672	0
FBgn0035120	0.0600567465321564	0.0318411097099622	0.0163934426229508	0
FBgn0035121	0.0894287590282338	0.0865725541694025	0.0281352593565332	0.0342744583059751
FBgn0035122	0.0552074007758878	0.0525216353327365	0.0441659206207102	0.0193971948672039
FBgn0035124	0.204971181556196	0	0	0
FBgn0035131	0.057537723875335	0.0731913693414187	0.03751233958539	0
FBgn0035132	0.0276073619631902	0.0196830265848671	0.0701687116564416	0.00204498977505113
FBgn0035134	0	0	0	0
FBgn0035137	0.139183055975795	0.132753403933434	0.145234493192133	0.0684568835098335
FBgn0035138	0.150612027674295	0	0	0
FBgn0035139	0.254523522316043	0	0	0
FBgn0035140	0.054851348236921	0.0396404701544135	0.0781286010601522	0.0251209956211109
FBgn0035141	0.0938430983118173	0.0799404170804367	0.0268123138033764	0.0119165839126117
FBgn0035142	0.0693390191897655	0.0580810234541578	0.0247334754797441	0.0185927505330491
FBgn0035143	0.305060379528465	0	0	0
FBgn0035144	0.0486660079051384	0.172183794466403	0.0355731225296443	0
FBgn0035145	0.0747147589252851	0.0550239234449761	0.0533676849466324	0.0189547294810453
FBgn0035146	0.0262566008214356	0.001026794445531	0.0922648151769998	0.00112458439272443
FBgn0035147	0.0385909878116525	0.0159461490703526	0.0229389275561219	0.0233963990458452
FBgn0035148	0.0911233307148471	0.141005498821681	0.0310290652003143	0.011783189316575
FBgn0035149	0.104160050809781	0.0517624642743728	0.0479517307081613	0.0136551286122578
FBgn0035150	0.090952380952381	0.0542857142857143	0.0257142857142857	0.0204761904761904
FBgn0035151	0.173038229376258	0.0784708249496982	0	0
FBgn0035152	0.0540758676351897	0.0411622276029056	0.0387409200968523	0.0238095238095238
FBgn0035153	0.059204440333025	0.0314523589269196	0.0790934320074006	0.0309898242368177
FBgn0035154	0.0239357784651642	0	0.134473044631021	0
FBgn0035155	0.0555555555555555	0.0551075268817204	0.0380824372759856	0.0201612903225806
FBgn0035157	0.175572519083969	0.0725190839694657	0	0
FBgn0035158	0.0477715505737924	0.0459033893781692	0.0200160128102482	0.0133440085401655
FBgn0035159	0.0679258990192518	0.0588448964765711	0.0276062477297494	0.012713403559753
FBgn0035160	0.0543259557344064	0.0300469483568075	0.0131455399061033	0.0401073105298458
FBgn0035161	0.235797323974556	0	0	0
FBgn0035162	0.025895623163079	0.0214472952577647	0.0118357296052109	0.00349511478274685
FBgn0035164	0.12562292358804	0.0521179401993356	0.0251245847176079	0.00996677740863787
FBgn0035165	0.0327100285606509	0.0782531043349063	0.0287839013387323	0.0309009307231003
FBgn0035166	0.0670205706702057	0.0836098208360982	0.0494359654943597	0.0341738553417385
FBgn0035167	0.464285714285714	0	0	0
FBgn0035168	0.368029739776952	0	0	0
FBgn0035169	0.0238959467634604	0.0127419842710223	0.0106624319419238	0.0669615849969752
FBgn0035170	0.173913043478261	0	0	0
FBgn0035171	0.145161290322581	0	0	0
FBgn0035173	0.0478644834847104	0.130582356453691	0.0255193437883026	0.000219994343002608
FBgn0035176	0.22743195904069	0	0	0.0243869576933441
FBgn0035179	0.190566037735849	0	0	0
FBgn0035181	0.046686610461427	0.0621883782068716	0.0391623606200707	0.0106064726679358
FBgn0035186	0.0169434938652867	0	0.00550872214339371	0.0872214339370669
FBgn0035187	0	0	0	0
FBgn0035189	0.130373831775701	0.165420560747664	0.141588785046729	0.0233644859813085
FBgn0035192	0.0449897750511247	0.171779141104294	0.0531697341513293	0
FBgn0035193	0.146783947223749	0.0313358988455195	0.051126992853216	0
FBgn0035194	0.0934105720492397	0.104996379435192	0.166545981173063	0.0419985517740767
FBgn0035195	0.0710195530726257	0.0577513966480448	0.0399441340782124	0.0235335195530726
FBgn0035196	0.39142091152815	0	0	0
FBgn0035198	0	0	0	0
FBgn0035199	0.0536997885835095	0.164482029598309	0	0
FBgn0035203	0.11156462585034	0.0489795918367347	0.0670068027210885	0.112585034013605
FBgn0035204	0.065676978081766	0.00373076325198197	0.00505207523705893	0.280118140836312
FBgn0035205	0.0876590330788805	0.083206106870229	0.0272264631043257	0.0223918575063613
FBgn0035206	0.0382755474452555	0.0774178832116789	0.0287408759124088	0.0418795620437956
FBgn0035207	0.0745405865887793	0.067907995618839	0.0469149324571011	0.0228793963733722
FBgn0035208	0.18421052631579	0.502923976608187	0	0
FBgn0035209	0.191529709228824	0.0562579013906448	0	0
FBgn0035210	0.147761194029851	0.0746268656716417	0.037313432835821	0
FBgn0035211	0.0798188508349844	0.0393433342768185	0.0704783470138692	0.0367959241437871
FBgn0035213	0.0675268817204301	0.0438709677419355	0.0305376344086022	0.0210752688172043
FBgn0035217	0.227002967359051	0	0	0
FBgn0035218	0.173184357541899	0	0	0
FBgn0035227	0.0514909090909091	0.0407272727272727	0.0703999999999999	0.0253090909090909
FBgn0035228	0.0613197538722682	0.0796732442181202	0.0417462338213452	0.0289624443029917
FBgn0035229	0.0926605504587158	0.0805045871559633	0.0344036697247706	0.0389908256880734
FBgn0035231	0.181186868686869	0.00789141414141415	0	0.0192550505050505
FBgn0035232	0.0476081483176929	0.07241359578851	0.0313572899977111	0.0285534447241932
FBgn0035233	0.0337308347529813	0.0207836456558774	0.0199318568994889	0.0245315161839864
FBgn0035234	0.151315789473684	0	0	0
FBgn0035235	0.0733333333333333	0.0784313725490197	0.0282352941176471	0.0262745098039215
FBgn0035236	0.0453886642764513	0.0537798459073919	0.0548859562132886	0.0218170722404455
FBgn0035237	0.0928250059199623	0.0584892256689557	0.0165758939142789	0.0132607151314232
FBgn0035238	0.100929614873838	0.0454847277556441	0.0390106241699867	0.0931274900398406
FBgn0035239	0	0	0	0
FBgn0035240	0	0	0	0
FBgn0035241	0.0380952380952382	0.12034632034632	0	0
FBgn0035243	0.012882787750792	0	0	0
FBgn0035244	0.0517978375660044	0.0494091023384461	0.031682172491828	0.0181040985667589
FBgn0035245	0.239864864864865	0	0	0
FBgn0035246	0.159533855736388	0.0132610006027728	0.00462125778581475	0
FBgn0035247	0.0462519936204146	0.0622009569377991	0.0395824271422358	0.0253733507322024
FBgn0035248	0.0536552649228705	0.0613682092555332	0.0325285043594902	0.0291750503018109
FBgn0035249	0.0580580580580581	0.0507173840507174	0.0463797130463797	0.0223556890223557
FBgn0035251	0.0305900874002497	0.064057325878074	0.039438684110526	0.0109657456164161
FBgn0035252	0.0346816451162966	0.0397331021223658	0.0343423681532024	0.0250687978286275
FBgn0035253	0.0713586120050371	0.0492514341681823	0.0242059605428852	0.0113334266125647
FBgn0035254	0.0657894736842106	0.0494417862838915	0.0279106858054226	0.0167464114832536
FBgn0035260	0.165048543689321	0.0533980582524271	0	0
FBgn0035262	0.127840909090909	0.0174512987012987	0.0661525974025974	0.0170454545454546
FBgn0035263	0.263043478260869	0	0	0
FBgn0035264	0.126436781609195	0.0440613026819923	0.0153256704980843	0
FBgn0035265	0.0415028396679773	0	0.0454346876365226	0
FBgn0035266	0.054317844260556	0.0507107999151283	0.0639719923615531	0.0429662635264163
FBgn0035267	0.122448979591837	0.0680272108843537	0.00529100529100528	0
FBgn0035268	0.10744244154917	0.0406924861681242	0.0226664286989113	0.0133856862395145
FBgn0035270	0.0377708095781072	0.0802451539338656	0.0192417331812999	0.0166761687571266
FBgn0035271	0.0494584837545126	0.115523465703971	0.0274368231046932	0.0189530685920578
FBgn0035272	0.0613396432471786	0.0677102293410994	0.0511467054969057	0.0214779759737896
FBgn0035273	0.264993026499303	0	0	0
FBgn0035281	0.207627118644068	0	0	0
FBgn0035282	0.015311004784689	0	0.0191387559808612	0.0287081339712918
FBgn0035283	0.0642597446520672	0.117527690876807	0.00676418364758604	0.0345818888982835
FBgn0035285	0.0584343991179713	0.0597574421168688	0.0221977214259464	0.0443954428518926
FBgn0035286	0.404761904761905	0	0	0
FBgn0035287	0.0524233432245303	0.0336300692383777	0.0178041543026706	0
FBgn0035290	0.00620229007633588	0	0	0.0776081424936386
FBgn0035293	0.0530753968253968	0.0897817460317459	0	0
FBgn0035294	0.0519455987910843	0.0530789573101625	0.0357007933509634	0.0156781261805818
FBgn0035295	0.110956036287509	0.0628053035589672	0.0188415910676902	0
FBgn0035298	0.0200479407278274	0.0265853127042929	0.0118762257572456	0.00588363477881892
FBgn0035299	0.318548387096773	0	0	0
FBgn0035300	0.037803168670093	0.195302212972009	0.00407764515992014	0
FBgn0035308	0.0497526113249039	0.134002199010445	0.00879604178119845	0
FBgn0035309	0.0829959514170043	0.123481781376518	0.184210526315789	0
FBgn0035311	0.0721442885771542	0.033066132264529	0	0.356713426853708
FBgn0035312	0.00927850927850927	0.0046970046970047	0	0.0523985523985524
FBgn0035313	0.123456790123457	0	0	0
FBgn0035316	0.319345661450925	0	0	0
FBgn0035318	0.0593148357870896	0.044026047565119	0.0287372593431484	0.0131653454133635
FBgn0035321	0.0272280653196789	0.0305494049266537	0.0389911430943814	0.0404096318848602
FBgn0035323	0.0606420927467301	0.104467470698149	0.025819602514014	0.0270086631561067
FBgn0035325	0.154228855721393	0	0.179519071310116	0
FBgn0035332	0.560439560439561	0	0	0
FBgn0035333	0.0942090797080845	0.0509904274476352	0.04596720689982	0.0319401004644109
FBgn0035334	0.124059715310728	0.212591135285268	0.0915403309802108	0.0567063997222543
FBgn0035335	0.0472071181413742	0.0454770143351458	0.0281759762728621	0
FBgn0035336	0.0579216354344123	0.0420215786484952	0.0244179443498012	0.010221465076661
FBgn0035337	0.0512149532710281	0.0680373831775701	0.0403738317757009	0.0205607476635514
FBgn0035343	0.129207920792079	0	0	0
FBgn0035344	0.0025616826210058	0	0	0
FBgn0035346	0.262050237610319	0.0845213849287169	0.0753564154786151	0.0078071961982349
FBgn0035348	0.0542168674698795	0.00523260926919356	0	0.222583765719814
FBgn0035355	0.237250554323725	0.157427937915743	0.0931263858093126	0
FBgn0035356	0.037865055387714	0.0475327291037261	0.0219536757301107	0.0302114803625378
FBgn0035357	0	0	0	0
FBgn0035358	0.0405391064416851	0.0434044359545791	0	0
FBgn0035359	0.063199274266707	0.0307428686624333	0	0
FBgn0035360	0.0147758366659651	0	0.0777099557987792	0
FBgn0035370	0.0800608922579844	0.0818938734932274	0.0174909904312166	0.0117435068969802
FBgn0035371	0.0461793751011818	0.0459365387728671	0.083576169661648	0.00384490853164967
FBgn0035372	0.0565367332009614	0.0628069808757445	0.0259170237224371	0.0540286341310481
FBgn0035374	0.0552763819095478	0.0459113750571037	0.0322064869803563	0.0100502512562814
FBgn0035375	0.0466477041852904	0.0340511986997156	0.0334823242584314	0.00845184884193418
FBgn0035379	0.145418326693227	0.0617529880478086	0	0
FBgn0035380	0.236351531291611	0	0	0
FBgn0035383	0.0342140277513781	0.0461889374643604	0.0329785211936895	0.0539821326743964
FBgn0035384	0.256222547584187	0	0	0
FBgn0035385	0.0398671096345515	0.109634551495017	0	0
FBgn0035388	0.0702013125875672	0.0655556374898606	0.0828110021384853	0.0105449450630485
FBgn0035390	0.0565388670032736	0.0839482882982855	0.0143705265494091	0.0210841702269323
FBgn0035392	0.0387314061184395	0.0362054448498456	0.0457479651978669	0.0311535223126579
FBgn0035393	0.0543538546866333	0.052689961175818	0.0238491403216861	0.0177481974486966
FBgn0035397	0.0441721478414744	0.0546559380321192	0.0295816500283797	0.00934860271777236
FBgn0035398	0.046219743002291	0.231148520769001	0	0
FBgn0035400	0.0698748329080083	0.0782598128569693	0.0284360189573459	0.00814193705188964
FBgn0035401	0.0576861102159201	0.0505961972284885	0.060344827586207	0.0314212052852079
FBgn0035402	0.0499603881956822	0.0895721925133689	0.0247573776985542	0.0134680134680135
FBgn0035405	0.0925131139723415	0.061516452074392	0.0400572246065808	0.0157367668097282
FBgn0035407	0.0710526315789474	0.0701754385964913	0.0333333333333334	0.0175438596491228
FBgn0035409	0.125960637300843	0	0	0
FBgn0035410	0.0373134328358208	0.14818763326226	0	0.00266524520255864
FBgn0035411	0.103438055720213	0.068168346176645	0.0382335506816835	0.0222288085358625
FBgn0035412	0.612536656891495	0	0	0.0527859237536657
FBgn0035413	0.177215189873418	0	0	0
FBgn0035414	0.139024390243902	0.0841463414634146	0.0292682926829268	0.0426829268292684
FBgn0035415	0.0535833891493636	0.0554588077695915	0.0234427327528466	0.0547890154052243
FBgn0035416	0.0569873539298865	0.0539458940291338	0.0384184408516088	0.0201696814470946
FBgn0035420	0.0743609604957397	0.0366640846888716	0.0462174025303382	0.0343403046733798
FBgn0035421	0.164339202590569	0.087431693989071	0.177696822505566	0.0734669095324832
FBgn0035422	0.0183764247369503	0.0307077400846271	0.0136053669423425	0.0154589350609709
FBgn0035423	0.052383374572165	0.0677811209490393	0.0205102119992068	0.0363993758136406
FBgn0035424	0.0910085054678008	0.0899149453219928	0.0351154313487241	0.0281895504252734
FBgn0035425	0.0737013238368041	0.0517922118138887	0.0534953936672601	0.0232252070914299
FBgn0035426	0.446774193548388	0	0	0
FBgn0035427	0.0406717927964387	0.196797132450714	0	0
FBgn0035429	0.154761904761905	0.404761904761904	0	0
FBgn0035430	0.217462932454695	0.0658978583196044	0.028006589785832	0
FBgn0035431	0.045662100456621	0.00636502006365019	0.17614501176145	0
FBgn0035432	0.0626841131739399	0.0562444337877647	0.053709666369802	0.0167157635130506
FBgn0035434	0.0128399986751506	0.0306150613294864	0	0.0240938582190344
FBgn0035435	0.0865079365079365	0.0539682539682541	0.0269841269841269	0.046031746031746
FBgn0035436	0	0	0	0
FBgn0035437	0.0820224719101123	0.0665730337078651	0.0386704119850188	0.0197565543071161
FBgn0035438	0.0380442991301875	0.0828320879941007	0.0174762112071646	0.126420441925138
FBgn0035439	0.0261337432744042	0.0522674865488087	0.0146041506533436	0.0999231360491928
FBgn0035440	0.050828038745964	0.0607228413706904	0.0473908967815853	0.0456202478908447
FBgn0035443	0.0604732690622261	0.0560911481156879	0.05170902716915	0.0157756354075372
FBgn0035444	0.0396205863665245	0.0318598529545248	0.0655804665516929	0.0368521376055188
FBgn0035445	0.0272232304900181	0.00846944948578343	0	0.0108892921960073
FBgn0035449	0.0401379742866102	0.0126215114455942	0.089291313891502	0.0146597679523361
FBgn0035452	0.0470231146392716	0.119495680597712	0.00733130982955871	0.000747139855241652
FBgn0035455	0.277851901267512	0	0	0
FBgn0035461	0.087820835430297	0.0251635631605435	0.00377453447408153	0.00780070457976851
FBgn0035462	0.0820610687022901	0.0591603053435115	0.0146310432569975	0.0139949109414758
FBgn0035464	0.0607566970450152	0.0458436895885114	0.00579950289975145	0.00423455767283438
FBgn0035469	0.046534719004435	0.0457403852518699	0.0591778645660952	0.0412391606540015
FBgn0035470	0.0532646048109966	0.0423109965635739	0.04553264604811	0.0345790378006873
FBgn0035471	0.0585169682793713	0.0545775370347572	0.0263449464483565	0.0199023349337273
FBgn0035473	0.0759077685594225	0.0363107423768991	0.0191250942786337	0.0104514599719858
FBgn0035475	0.0588042049934297	0.0440210249671485	0.0206964520367937	0.0141261498028909
FBgn0035476	0	0	0	0
FBgn0035477	0.245398773006134	0	0	0
FBgn0035479	0.275919732441471	0	0	0
FBgn0035480	0.046217048955837	0.0825059910989386	0	0
FBgn0035481	0.423597678916828	0	0	0
FBgn0035482	0.0189817278694341	0.0179173319141387	0.0613801667553661	0.0108213588788362
FBgn0035483	0.0676381035232711	0.0289256198347107	0.0171813832100913	0.00978686385384949
FBgn0035484	0.00653859800293983	0.00288914795478737	0.00575295250646257	0.0228344062040651
FBgn0035488	0.0557973267018963	0.0828411563568544	0.0278209511967672	0.0158532794529064
FBgn0035490	0.0237727097023579	0.111325860069579	0	0
FBgn0035491	0.230779071254957	0	0	0
FBgn0035495	0.0220149824185904	0	0.0306528053814402	0
FBgn0035496	0.0569805330436961	0.0044281059403459	0	0.420753613501546
FBgn0035497	0.252546916890081	0.0295978552278821	0.00225201072386059	0.0193029490616622
FBgn0035498	0.0503056175414767	0.0566605219753565	0.0541864752110216	0.0538469001649364
FBgn0035499	0.0362470997679815	0.0218039443155453	0.0989269141531323	0.0620185614849188
FBgn0035501	0.0446538404763076	0.12126654529351	0.000738080007872853	0
FBgn0035504	0.143835616438356	0	0	0
FBgn0035505	0.15	0	0	0
FBgn0035508	0	0.407407407407408	0	0
FBgn0035510	0.0782190132370639	0.0397111913357401	0	0
FBgn0035515	0.0309706613256185	0.0226623641556322	0.0133897110641296	0.0659100181744
FBgn0035517	0.0236507476287122	0.0270057573623824	0.0979580002485192	0
FBgn0035518	0.0799007444168735	0.0590570719602978	0.084863523573201	0.0148883374689826
FBgn0035519	0.0624235006119951	0.06062351501188	0.0352077183382533	0.0251277989776081
FBgn0035520	0.0592292089249493	0.0750507099391479	0.0304259634888438	0.0176470588235294
FBgn0035521	0.112167300380228	0	0	0
FBgn0035522	0.197202797202797	0.0629370629370629	0.027972027972028	0
FBgn0035523	0.0516129032258064	0.0622222222222224	0.0167741935483871	0.0064516129032258
FBgn0035524	0.070401046207498	0.0773757628596336	0.0278988666085441	0.010462074978204
FBgn0035526	0.089931727222789	0.0908734207015617	0.028486227732873	0.0298202934944676
FBgn0035528	0.0460673673328739	0.0864490006891799	0.0785880427291522	0.0366126809097175
FBgn0035529	0.0402883325882878	0.0279392042914618	0.0775033527045149	0.010952168082253
FBgn0035532	0.104705592510471	0.0633160877063317	0.0229120473022912	0.0130574033013058
FBgn0035533	0.0554961124188601	0.0547114630144804	0.0660532134959698	0.0113417504814894
FBgn0035534	0.0429098738849585	0.0359889264841587	0.0282989849277145	0.00892033220547522
FBgn0035537	0.0606420927467301	0.0606420927467301	0	0
FBgn0035538	0.0417675544794189	0.00726392251815981	0.123486682808717	0
FBgn0035539	0.0735735735735737	0.0741195741195741	0.0297570297570298	0.0342615342615343
FBgn0035540	0.037993521841898	0.0333537599579795	0.0756368729755756	0.0243368642213079
FBgn0035541	0.0354488908460396	0.0924753674244509	0.0354488908460396	0.0182748940386415
FBgn0035542	0.0337174697650858	0.0395111758373963	0.0565334852993944	0.00808375018468097
FBgn0035544	0.0987951807228915	0.449397590361445	0	0
FBgn0035545	0.01417004048583	0.0544028340080972	0	0
FBgn0035546	0.101109215017065	0.37485779294653	0	0
FBgn0035550	0.0279852903762981	0.187247033790504	0	0
FBgn0035551	0.0530813673567646	0.0163697640828118	0	0
FBgn0035552	0.167664670658683	0.230538922155689	0	0
FBgn0035553	0.0375210892759548	0.166409238885061	0	0
FBgn0035554	0	0	0	0
FBgn0035557	0.416666666666667	0	0	0
FBgn0035558	0.0430075187969925	0.0515789473684211	0.0333834586466165	0.0141353383458647
FBgn0035567	0.31989247311828	0	0	0
FBgn0035568	0.377124183006535	0	0	0
FBgn0035569	0.236263736263736	0	0	0
FBgn0035571	0.368663594470046	0	0	0
FBgn0035574	0.0454094644375177	0.154930575233777	0.000495891187305185	0.00127514876735619
FBgn0035575	0.180851063829787	0.180851063829787	0	0.191489361702128
FBgn0035577	0	0	0.333333333333333	0
FBgn0035578	0.0486013986013986	0	0.155594405594405	0
FBgn0035581	0.285507246376812	0	0	0.00724637681159422
FBgn0035582	0.0246252676659529	0	0	0
FBgn0035583	0.0189971912244743	0	0.117892659227207	0
FBgn0035584	0.251670378619153	0	0	0
FBgn0035585	0.239574816026165	0	0	0
FBgn0035586	0.0449326010983525	0.071892161757364	0.0297886503577967	0.0257946413712764
FBgn0035587	0.112881806108898	0.0332005312084993	0.051792828685259	0
FBgn0035588	0.0215342277261781	0.022703818369453	0.0246990024079808	0.0456828345373236
FBgn0035589	0.0339762985375694	0.0615229450327786	0.0454488149268784	0.0281139687342411
FBgn0035590	0.0492063492063492	0.0793650793650796	0.0301587301587301	0.0217687074829932
FBgn0035591	0.129644268774704	0.0695652173913043	0.0450592885375494	0.0189723320158103
FBgn0035592	0	0	0	0
FBgn0035593	0.0547889937868151	0.0518034374243524	0.0330831921245865	0.0131525861373356
FBgn0035598	0.265923172242875	0	0	0.0133828996282528
FBgn0035600	0.0337571081893586	0.0423774856025209	0.0221666847767032	0.0159006121192364
FBgn0035601	0.0591180587040943	0.0773719174436711	0.0212501724851663	0.0303771018549548
FBgn0035603	0.054788026547474	0.0888527698767438	0.0262765813355004	0.014086414736557
FBgn0035607	0.00647840531561463	0	0.0267441860465117	0
FBgn0035608	0.45569105691057	0	0	0
FBgn0035610	0.0677233429394814	0.0187319884726225	0.0533141210374638	0
FBgn0035611	0.533333333333333	0	0	0
FBgn0035612	0.0316507536766953	0.18623088301813	0	0
FBgn0035617	0.105905511811024	0.0622047244094488	0.031496062992126	0.034251968503937
FBgn0035619	0.021718895439032	0	0.118146358760693	0
FBgn0035620	0.0237819864102935	0	0.130041925690328	0
FBgn0035621	0	0	0	0
FBgn0035622	0.0595206509242062	0.0478464667904837	0.0294507827009817	0.0342265853011409
FBgn0035623	0.32034632034632	0.233766233766233	0	0
FBgn0035624	0.103082191780822	0.0948630136986301	0.0363013698630137	0.0246575342465753
FBgn0035625	0.0831234256926952	0.0654911838790932	0.00503778337531486	0
FBgn0035626	0	0	0.4875	0.120833333333333
FBgn0035627	0.109452736318408	0.0497512437810945	0	0
FBgn0035630	0.0672163329407144	0.0653710247349823	0.0258343148802513	0.0153906556733412
FBgn0035631	0.0391277892985309	0.0897542561249704	0.038246141237536	0.0106046118885895
FBgn0035632	0.00417236170059707	0.00345298899359758	0.00856053521329401	0.00431623624199698
FBgn0035636	0	0	0	0
FBgn0035638	0.271889400921659	0	0	0
FBgn0035639	0.0564359396023323	0.0792345642098968	0.0396172821049485	0.0171176558528928
FBgn0035640	0.167705088265836	0.0602284527518172	0.0192107995846313	0
FBgn0035643	0.181159420289855	0	0	0
FBgn0035644	0.107964601769911	0.0619469026548675	0	0
FBgn0035645	0.550561797752809	0	0	0
FBgn0035647	0.392307692307693	0	0	0
FBgn0035649	0.0229196050775741	0.0916784203102962	0	0
FBgn0035656	0.0610932475884246	0.0691318327974275	0	0
FBgn0035657	0.112087912087912	0	0	0
FBgn0035663	0	0	0.000132964024420526	0
FBgn0035665	0.0177737816499671	0.000255819060683196	0.124953033219328	0
FBgn0035666	0.0791550603528317	0	0.37350278551532	0
FBgn0035667	0.0304726318464334	0	0.205381415322458	0
FBgn0035670	0.00107121107994218	0	0.0107072194246276	0
FBgn0035673	0	0	0	0
FBgn0035674	0.0312032485573841	0.0440265013891857	0.0335541782432143	0.0179525539645223
FBgn0035675	0.165816326530613	0.197704081632653	0.0943877551020409	0.048469387755102
FBgn0035676	0.156118143459915	0	0	0
FBgn0035677	0.149789029535865	0	0	0
FBgn0035678	0.0217831813576495	0.00793650793650796	0.019081391421817	0.0256670043904087
FBgn0035679	0.0389953438395415	0.0154011461318052	0.045308022922636	0.039666905444126
FBgn0035688	0.0420091324200912	0.0493150684931507	0.0313111545988258	0.0180039138943249
FBgn0035689	0.0622857142857142	0.0285714285714286	0.0314285714285714	0.0125714285714286
FBgn0035690	0.0558789289871944	0.0585952658129608	0.0318199456732635	0.0162980209545984
FBgn0035691	0.100942126514132	0	0	0
FBgn0035692	0.0642862463685348	0.0870310133339953	0.0434534303379435	0.0192684925384253
FBgn0035693	0.486636971046771	0	0	0.0200445434298441
FBgn0035695	0.0784313725490196	0.274509803921569	0.0522875816993465	0
FBgn0035696	0.0716368179925033	0.170970428987922	0	0
FBgn0035699	0.132743362831858	0.0646017699115044	0.0132743362831858	0
FBgn0035702	0.0600858369098711	0.0952789699570815	0.0248927038626609	0.0369098712446351
FBgn0035703	0.0581775007420599	0.0673790442267735	0.0474918373404571	0.0406648857227664
FBgn0035704	0.0960151802656546	0.042504743833017	0.0470588235294117	0.0375711574952562
FBgn0035707	0.151417870518994	0.0224719101123596	0.0141787051899411	0.0115034777956126
FBgn0035708	0.0912778904665315	0.0356997971602434	0.016632860040568	0
FBgn0035709	0.228497773611437	0	0	0
FBgn0035710	0.0400091188874957	0.0675937535620655	0	0.0168699418670922
FBgn0035711	0.0273955923535858	0.143065871179837	0	0
FBgn0035713	0.0653506493506495	0.0593246753246752	0.0243116883116883	0.0172467532467532
FBgn0035714	0.0639227408599677	0.0519659691883193	0.0487468383536444	0.0341457806392274
FBgn0035715	0.0415736607142857	0.0842168898809524	0.0345982142857143	0.0205543154761904
FBgn0035718	0	0	0.0167887667887668	0
FBgn0035719	0.0851305334846765	0.0419977298524403	0	0
FBgn0035720	0.0880923450789795	0.0695757831898145	0.0141317555074224	0.0194938982513603
FBgn0035721	0.0579268292682928	0.0615853658536586	0.0280487804878048	0.0323170731707318
FBgn0035722	0.0456880237902135	0.0346039470127062	0.0164909434982427	0.0102730467693972
FBgn0035724	0.293535235876529	0	0	0
FBgn0035725	0.156315789473684	0.113684210526316	0.0526315789473684	0.0531578947368422
FBgn0035726	0.0409370424597365	0.0534699853587116	0.0655148853099075	0.0388482186432406
FBgn0035727	0.285654008438819	0	0	0
FBgn0035730	0.309910641754671	0	0	0
FBgn0035733	0.047887323943662	0	0	0.0450704225352112
FBgn0035734	0	0	0	0.0026274931326884
FBgn0035737	0.0776092774308652	0.230151650312221	0	0
FBgn0035741	0.488888888888889	0	0	0
FBgn0035742	0	0	0.011032219739187	0
FBgn0035743	0.00213396578621236	0	0.0151909667272955	0
FBgn0035750	0	0	0	0
FBgn0035753	0.0593415028498947	0.0707329156028331	0.0350779297842573	0.0161167395245276
FBgn0035754	0.0923252279635258	0.0744680851063829	0.0372340425531915	0.0140577507598784
FBgn0035755	0.00615542446781226	0.0161579892280072	0	0
FBgn0035756	0.0702875399361022	0.02555910543131	0.0191693290734824	0
FBgn0035760	0.0709010339734121	0.0531757754800591	0	0
FBgn0035761	0.132309509746013	0.0354400472533963	0.0448907265209686	0
FBgn0035762	0.0558558558558558	0.06006006006006	0.027027027027027	0.0196196196196196
FBgn0035763	0.0467174442628511	0.0476733787659194	0.0810694131795615	0.0208455394862623
FBgn0035766	0.0685826257348138	0.068800348356194	0.0446331373829741	0.0172000870890485
FBgn0035767	0.0295756984602522	0.0510694628300704	0.0295408625374487	0.000696718456071902
FBgn0035768	0.410029498525073	0	0	0
FBgn0035769	0.0557927697124964	0.0677483632223171	0.0236265300313123	0.0170794192997438
FBgn0035770	0.0310758679811402	0.0478807896926451	0.0311515090391064	0.0488515166032123
FBgn0035771	0.026119609034182	0.0219228008172731	0.00889060688055664	0.0119829918824894
FBgn0035772	0.0434799382716049	0.0645061728395064	0.0743827160493825	0.0132137345679012
FBgn0035776	0.221841248071318	0	0	0.00977198697068404
FBgn0035777	0	0	0	0
FBgn0035779	0.00387814461397152	0	0.0285247742001326	0
FBgn0035780	0.0565783565334531	0	0.418051189941625	0
FBgn0035781	0.0210972470737899	0.0002021150748123	0.16555602451537	0
FBgn0035782	0.246857142857143	0	0	0
FBgn0035785	0.0297723292469352	0.12784588441331	0	0
FBgn0035789	0.345505617977528	0.0983146067415732	0	0.0898876404494384
FBgn0035790	0	0	0	0.0213428190306803
FBgn0035791	0	0.00430931290399808	0	0
FBgn0035793	0.049919322307382	0.0747277127874143	0.0273295683743445	0.0142194433239209
FBgn0035798	0.0246068257194822	0.104311543810849	0	0.00171177918048572
FBgn0035799	0.302593659942363	0	0	0
FBgn0035800	0.258726899383983	0	0	0
FBgn0035802	0.0681744749596122	0.0397415185783522	0.00904684975767366	0.0649434571890146
FBgn0035805	0.056869881710646	0.0787079162875339	0.0268425841674249	0.0293448589626934
FBgn0035806	0.0660675653186885	0	0.196538525545016	0.27775004160426
FBgn0035807	0.0709536784741145	0.0620163487738421	0.0342234332425069	0.0277929155313352
FBgn0035811	0	0	0	0
FBgn0035812	0.0635226179018287	0.0577478344562079	0.0500481231953801	0.0250240615976901
FBgn0035813	0.0454087302612876	0.179541519137829	0	0
FBgn0035815	0.0730270906949353	0.228504122497055	0	0
FBgn0035816	0.247422680412371	0.350515463917525	0	0
FBgn0035817	0	0.0974093264248705	0	0
FBgn0035823	0.276184337737673	0	0	0
FBgn0035824	0.0513750377757631	0.0649743124811122	0.0486551828346933	0.014505893019039
FBgn0035825	0.0592389172224401	0.0826467895906892	0.0217078592912253	0.0205309271609781
FBgn0035827	0.0517176647268632	0.0703022339027596	0.0273136850009386	0.0244039797259245
FBgn0035829	0.101803547473543	0.0412878223282158	0.0313012371441347	0.0159487255924877
FBgn0035830	0.0591313448456306	0.0710361067503925	0.0205389848246991	0.0200593057735915
FBgn0035831	0.032697995399277	0.0466644758462044	0.0261255340124877	0.0108445612882024
FBgn0035833	0.040981321438528	0.00641204349038193	0.0861444103707833	0.00557568999163646
FBgn0035838	0.0963730569948187	0.0694300518134714	0.0341968911917098	0.0238341968911917
FBgn0035839	0.0479313036690085	0.0746291959406712	0.0373145979703357	0.033879781420765
FBgn0035842	0.0874471086036672	0.0338504936530324	0.0197461212976023	0.0112834978843442
FBgn0035844	0.0527678595764397	0.210935157676688	0.0070320804600834	0
FBgn0035845	0	0.454545454545455	0	0
FBgn0035848	0.0569531092775206	0.069832964379151	0.0309921513382974	0.0384383175689274
FBgn0035849	0.0216953701632744	0.0201297248937598	0.0172220979646612	0.0109595168866025
FBgn0035850	0.0347509022584365	0.0410015998809391	0.0523867991219258	0.0273095955649812
FBgn0035851	0.0466793974114152	0.0417992785911309	0.0294928920008487	0.011457670273711
FBgn0035852	0.245896032831738	0	0	0
FBgn0035853	0.0405268022181145	0.0375231053604437	0.0420517560073937	0.0183918669131239
FBgn0035854	0.0726495726495727	0.0494505494505495	0.0286935286935288	0
FBgn0035855	0.258566978193146	0	0	0
FBgn0035856	0.311111111111111	0	0	0
FBgn0035857	0.408163265306122	0	0	0
FBgn0035859	0.166975881261596	0.328385899814471	0	0
FBgn0035861	0.358851674641148	0	0	0
FBgn0035865	0.0668693009118541	0.351570415400203	0	0
FBgn0035866	0.0486370924639231	0.051309460181721	0.039444147514698	0.0519508284339925
FBgn0035867	0.0796243364638628	0.0877909350755411	0.0314414046549613	0.0338913842384647
FBgn0035868	0.0818434644417958	0.0238379022646007	0.35041716328963	0.012316249503377
FBgn0035870	0	0	0	0
FBgn0035871	0.168892943246237	0.130318629048022	0.110770834690819	0.0771486283964293
FBgn0035872	0.092896174863388	0.083579682880946	0.0194392188479799	0.0086894204067007
FBgn0035875	0.0778443113772455	0.274165953806673	0	0
FBgn0035876	0.0313503305004721	0.0304060434372049	0.0600566572237961	0.0474032105760151
FBgn0035877	0.0500481231953802	0.055181264035932	0.0979039674901079	0.0259330552882045
FBgn0035878	0.09688739700946	0.0549282880683552	0.0248703082087275	0.007476350320415
FBgn0035879	0.0624074987666503	0.0594474592994574	0.0642575234336459	0.0182535767143562
FBgn0035880	0.0547667342799188	0.0750507099391481	0.0121703853955375	0.026369168356998
FBgn0035886	0.0620339832646946	0	0.356317321439761	0
FBgn0035887	0.0756500724987915	0	0.426486225229579	0
FBgn0035888	0.155339805825243	0	0.146844660194175	0.0303398058252427
FBgn0035890	0.0988711560918645	0.0299727520435967	0.026858699883223	0.0245231607629428
FBgn0035896	0.0339392544868845	0.0246203405430281	0.0790381960423378	0.00379659456971928
FBgn0035900	0.0641154749916079	0.0409533400469956	0.0201409869083585	0.00973481033903994
FBgn0035901	0.113989637305699	0.0854922279792746	0.0397236614853194	0.0164075993091537
FBgn0035902	0.0540079590676521	0.0517339397384877	0.0403638430926663	0.0170551449687322
FBgn0035903	0.145762711864406	0	0	0
FBgn0035904	0.0581213307240705	0.134784735812133	0.0705153294194389	0.086545988258317
FBgn0035906	0.086355785837651	0.130520602023193	0.0643967431532198	0.0256600049346163
FBgn0035907	0.0971249346576059	0.128280188186095	0.00470465237846314	0
FBgn0035909	0.0563977769739222	0.0755697326449406	0.0159821105593739	0.0291032260186129
FBgn0035911	0.0542886317222599	0.0833900612661673	0.0428863172226004	0.0430565010211028
FBgn0035914	0.481481481481481	0	0	0
FBgn0035915	0.386780676569717	0.00049931344401448	0	0.0145425040569217
FBgn0035916	0.0443374714973399	0.0513047884469217	0.0488978971370662	0.0638459589561692
FBgn0035917	0.0192950598874405	0.123162088925233	0.00150720733721359	7.01492776628668e-05
FBgn0035918	0.0675895765472313	0.0765472312703582	0.0333876221498372	0.0195439739413681
FBgn0035922	0.16	0	0	0
FBgn0035923	0.142569269521411	0.0549118387909319	0.0191435768261965	0.0186397984886649
FBgn0035924	0.238448844884488	0	0	0
FBgn0035926	0.00692979813196745	0	0.160690971176057	0
FBgn0035929	0.526086956521739	0	0	0
FBgn0035931	0.0668449197860962	0	0	0
FBgn0035934	0.0335731414868106	0	0.148681055155876	0
FBgn0035936	0.0355919410091157	0.114439993032573	0	0
FBgn0035941	0	0	0	0
FBgn0035942	0.206335616438356	0.0325342465753425	0.0136986301369863	0.0102739726027397
FBgn0035943	0.383838383838383	0	0	0
FBgn0035944	0.0445150231901593	0.0414398064125832	0.0351381326880419	0.0273744706594071
FBgn0035945	0.0697538100820634	0.0737104337631888	0.0408851113716295	0.0433763188745604
FBgn0035947	0.0551061370962837	0.0564442552156194	0.0271881272428684	0.0201325953409159
FBgn0035948	0	0	0.161764705882353	0
FBgn0035949	0	0	0	0
FBgn0035951	0.0542659029243292	0.0580343684051853	0.0287910762737414	0.0189930660235152
FBgn0035952	0.250573833205815	0	0	0
FBgn0035953	0.0665748393021121	0.0539485766758494	0.0463728191000918	0.0227272727272727
FBgn0035954	0.129203539823009	0.0955752212389381	0	0
FBgn0035955	0.407514450867052	0	0	0
FBgn0035956	0.175977653631285	0.064245810055866	0	0
FBgn0035957	0.271816881258941	0	0	0
FBgn0035959	0.0486368721662839	0.071659895189307	0.0340929164458576	0.0244362009067891
FBgn0035960	0.0578512396694214	0.0545454545454545	0.0247933884297521	0
FBgn0035964	0.0502648945069245	0.220671066084209	0.0018960869969328	0.00395018124361001
FBgn0035965	0.056552474170745	0.0643465651622257	0.0429581294181621	0.0197571143737538
FBgn0035968	0.118192659334835	0.0499536239565391	0.0504836358818073	0.294819133430502
FBgn0035969	0.142857142857143	0	0	0
FBgn0035970	0.56	0	0	0
FBgn0035971	0.181942544459644	0	0	0
FBgn0035975	0.0314397999285458	0.0437656305823508	0.101464808860307	0
FBgn0035976	0.0336627212509501	0.0699315886632643	0.0199804539037898	0.0373547616462158
FBgn0035977	0.0111672427545866	0.0422759904280777	0	0
FBgn0035978	0.0242497150816766	0.0239331391667722	0.00531847537039382	0.056413828035963
FBgn0035980	0.0527240773286468	0.0797891036906855	0.0453427065026362	0.0351493848857645
FBgn0035981	0.0758473571936478	0.0982460298648969	0.0700402939085091	0.0216283479497512
FBgn0035983	0.0531291834002677	0.0486529451137885	0.0525853413654619	0.0259370816599733
FBgn0035985	0.0445193801386731	0.222909483575191	0	0
FBgn0035986	0.0942803268384664	0.052482715273413	0.0292269013199246	0.0116279069767442
FBgn0035987	0.0561861520998865	0.0479568671963677	0.0156782065834279	0.0143303064699205
FBgn0035988	0.236466591166478	0.00215175537938845	0	0.0035673839184598
FBgn0035989	0.0921073277891105	0.0988545426016005	0.0128667817354464	0.0092578063706261
FBgn0035993	0.25839552238806	0.149253731343283	0.0783582089552239	0.0307835820895522
FBgn0035995	0.0517515257921579	0.0859877936627373	0.0406320541760723	0.00848591254911798
FBgn0035996	0.0614406779661017	0.0402542372881356	0.0211864406779661	0.0557909604519773
FBgn0035997	0.0758721639424252	0.0812393266650402	0.0368382532324957	0.0195169553549646
FBgn0035998	0	0.0143191116306253	0.010812390414962	0
FBgn0035999	0.0777453838678328	0.0197602850664075	0.010689990281827	0.00971817298347911
FBgn0036000	0.0731487055990367	0.0764599638771825	0.0415412402167369	0.0228777844671884
FBgn0036004	0.0755571661532887	0.0799057800326146	0.0407682551186809	0.0351512955245516
FBgn0036005	0.0768865685809208	0.0598006644518273	0.0396298054105363	0.0192216421452302
FBgn0036007	0.0489181561618062	0.0341172781436186	0.014612731263719	0.117278143618689
FBgn0036008	0.0817721518987341	0.0449367088607594	0.0113924050632911	0.0145569620253165
FBgn0036014	0.385889898450027	0	0	0
FBgn0036016	0.391032325338894	0	0	0
FBgn0036018	0.0599700149925038	0.0619690154922539	0.0314842578710645	0.0109945027486257
FBgn0036020	0.0613289887117423	0.0474805073897359	0.0322355405562667	0.0168741999301757
FBgn0036023	0.0293613897724492	0	0.375336432591143	0
FBgn0036024	0.0612781694891424	0	0.367801665935396	0
FBgn0036028	0.0678285445124823	0.0746585021196422	0.023551577955723	0.0113047574187471
FBgn0036029	0.223539373412362	0	0	0.0680214507479537
FBgn0036030	0.0515092542751853	0.00958552440892715	0.00368514761293528	0.187321435965384
FBgn0036031	0.242726517040732	0	0	0
FBgn0036032	0.14368861404147	0.0516551473263004	0.0265551109494361	0.017824663514005
FBgn0036035	0.11801999512314	0.0577907827359181	0.0297488417459157	0.0212143379663497
FBgn0036036	0.12751677852349	0.0617449664429531	0.0234899328859061	0.0248322147651006
FBgn0036038	0.073502722323049	0.0666969147005445	0.0258620689655172	0.0163339382940109
FBgn0036039	0.0606847697756789	0.079102715466352	0.0427390791027154	0.0210153482880756
FBgn0036040	0.0994152046783625	0.256140350877193	0.0327485380116959	0
FBgn0036043	0.032784041630529	0.027580225498699	0.0596704249783176	0
FBgn0036046	0.222222222222222	0	0	0
FBgn0036052	0.110904255319149	0.0534574468085106	0.0507978723404256	0.0159574468085106
FBgn0036053	0.045928338762215	0.0469055374592834	0.0162052117263844	0.0340390879478826
FBgn0036056	0	0	0	0
FBgn0036057	0	0	0	0
FBgn0036058	0.0432980309885499	0.0359932259939843	0.0363470919798802	0.0422364330308622
FBgn0036059	0.0453726453726454	0.0616434616434616	0.0358722358722359	0.0103194103194103
FBgn0036062	0.0269016697588126	0.0120593692022263	0.0166975881261596	0
FBgn0036063	0.110717896865521	0.0470171890798787	0.038422649140546	0.0209807886754298
FBgn0036066	0.018562874251497	0	0.0739520958083832	0
FBgn0036070	0.277777777777778	0	0	0
FBgn0036072	0.526315789473684	0	0	0
FBgn0036075	0.252412392077197	0	0	0
FBgn0036082	0.246184145741014	0	0	0
FBgn0036085	0.111524163568773	0	0	0
FBgn0036089	0.256983240223463	0	0	0
FBgn0036090	0.0532135452660677	0.0450357060585118	0.0263764109652154	0.0167012209168394
FBgn0036093	0.251902587519025	0	0	0
FBgn0036094	0.337016574585636	0.171270718232044	0	0
FBgn0036096	0.0710750618641737	0.0599395105856474	0.031481990651636	0.0191091558977179
FBgn0036099	0.0410256410256411	0.0589160839160839	0.0145104895104895	0.0537878787878788
FBgn0036101	0.0534712768853797	0.193248026136673	0.0214538524367002	0.0271712496596787
FBgn0036104	0.0665188470066519	0.060359694506036	0.0352303523035231	0.0192165558019217
FBgn0036105	0.0496760259179266	0.0611951043916486	0.0460763138948884	0.0547156227501799
FBgn0036106	0.15432706880873	0.153569263413155	0	0.00166717187026372
FBgn0036107	0.0441963777195579	0.102745187378973	0.075407221779246	0.0320082013896799
FBgn0036109	0.0793021411578113	0.305313243457573	0	0
FBgn0036110	0	0	0	0
FBgn0036111	0.0670208911967154	0.060902467495874	0.0163828845147527	0.0149337841645534
FBgn0036116	0.0222915737851093	0.00401248328131966	0	0
FBgn0036117	0.0766580534022394	0.0348837209302325	0.0271317829457364	0.0267011197243756
FBgn0036118	0.0368725868725869	0.0693050193050195	0.0552123552123552	0.0285714285714285
FBgn0036121	0.0965722801788376	0.0891207153502234	0.0385991058122206	0.011177347242921
FBgn0036124	0.0663803201874268	0.0706755173760249	0.0320187426786411	0.0136665365091761
FBgn0036125	0.27455919395466	0	0	0.0147984886649874
FBgn0036126	0.0337952010814464	0.0455390334572492	0.0190098006083136	0.0469753295032105
FBgn0036133	0.099253612831507	0.070668572336033	0.0298554867397174	0.0368429410830554
FBgn0036134	0.068064373246715	0.0674737930016239	0.0181603425365421	0.0124021851469068
FBgn0036135	0.0742976549802649	0.0801021592755978	0.0359879266310657	0.0222892964940794
FBgn0036136	0.0531884057971014	0.0786594202898552	0.0377536231884058	0.0149637681159421
FBgn0036141	0.111312664907652	0.0592018469656994	0.0563984168865435	0.00676121372031664
FBgn0036142	0.146919431279621	0.0146488582507539	0.0159414045669969	0.012494614390349
FBgn0036144	0.175327829043224	0.0757649344341914	0.00777076250607091	0.0262263234579893
FBgn0036145	0	0	0	0
FBgn0036146	0	0	0	0
FBgn0036147	0.0312840172275072	0.0499313739410289	0.00468550333664631	0.0317099720762932
FBgn0036152	0.0390409505622745	0.0608953957139826	0.0133672819859962	0.00997241671971146
FBgn0036153	0.268292682926829	0	0	0
FBgn0036155	0.0745322872661436	0.0751357875678938	0.00573325286662643	0.00875075437537719
FBgn0036156	0.232463295269168	0	0	0
FBgn0036157	0	0	0	0
FBgn0036159	0.283930728956907	0	0	0
FBgn0036160	0.298772169167803	0	0	0
FBgn0036161	0.282136894824708	0	0	0
FBgn0036162	0.264203233256352	0	0	0
FBgn0036165	0.11516476126429	0.0526227303295224	0.0344653665097512	0.00201748486886348
FBgn0036168	0.165048543689321	0	0	0
FBgn0036169	0	0	0	0
FBgn0036170	0	0	0	0
FBgn0036173	0.0260775570868801	0.0313471152546953	0.0163491420078368	0.0182407782732063
FBgn0036179	0.182795698924731	0	0	0
FBgn0036180	0.0967774522679058	0.040206081422366	0.0444489342357815	0.0204061016264269
FBgn0036181	0.0703082747431042	0	0	0
FBgn0036183	0.221895664952242	0.0242468772961058	0	0
FBgn0036184	0.0681969394544245	0.0765136393878909	0.0302727877578177	0.0289421157684631
FBgn0036186	0.175925925925926	0	0	0
FBgn0036187	0.0344311377245509	0.0258233532934132	0.0209580838323354	0.00823353293413173
FBgn0036188	0.0529352734570999	0.0822880080280981	0.0243351731058705	0.0143000501756147
FBgn0036191	0.0361958836053939	0.0305180979418027	0.00922640170333569	0.00638750887154009
FBgn0036192	0.0251256281407035	0.0240787269681742	0.0519262981574539	0.0136097152428811
FBgn0036193	0.08051300320627	0.0858567866049163	0.0926255789098683	0.0594941218382615
FBgn0036194	0.0527380801821171	0.039711647906918	0.0222587580624763	0.0159352472492728
FBgn0036195	0	0	0	0
FBgn0036196	0.0611303344867359	0.0505334486735871	0.106040945790081	0.0108131487889273
FBgn0036198	0.0630648330058939	0.0888998035363459	0.0112966601178782	0.01286836935167
FBgn0036199	0.042188529993408	0.0431773236651285	0.0298286090969017	0.0456493078444298
FBgn0036202	0.168316831683168	0.0183875530410184	0	0
FBgn0036204	0.37791601866252	0	0	0
FBgn0036205	0.0512185585820409	0.0465267822233807	0.123680437899127	0.00156392545288675
FBgn0036206	0.389067524115756	0	0	0
FBgn0036207	0.0766944114149821	0.0850178359096313	0.0359690844233055	0.031807372175981
FBgn0036208	0.0626609442060086	0.100429184549356	0	0
FBgn0036210	0.0237330478229836	0.0328336902212705	0.00874375446109919	0.00927908636688078
FBgn0036211	0.0254293864174304	0.0296777325969533	0.0109850094070522	0.0263397463130425
FBgn0036212	0.128922815945717	0.0152671755725191	0	0
FBgn0036213	0.0473871941333467	0.0471252899653289	0.0338903993414981	0.052672669676486
FBgn0036214	0.235854341736694	0	0	0
FBgn0036217	0.227488151658768	0	0	0
FBgn0036218	0.264035801464605	0	0	0
FBgn0036220	0	0	0.243055555555556	0
FBgn0036221	0.255528255528255	0	0	0
FBgn0036222	0.2421875	0	0	0
FBgn0036224	0.263060848186848	0	0	0
FBgn0036225	0.0191720214895186	0	0.0354471716001264	0
FBgn0036226	0.016877885265665	0	0.0192596077508895	0
FBgn0036227	0.233607720692591	0	0	0
FBgn0036228	0.215722120658135	0	0	0
FBgn0036229	0.0233889434085705	0	0.109093882891724	0
FBgn0036236	0.28785046728972	0	0	0
FBgn0036237	0.0378470052664465	0.0606980273141122	0.0254842452914397	0.0107560474872802
FBgn0036239	0.0550045674018009	0.0511549001696463	0.0188568445778416	0.0180086128148245
FBgn0036240	0.0719499478623566	0.0611053180396246	0.0104275286757039	0.289885297184567
FBgn0036246	0.40648854961832	0	0	0
FBgn0036248	0.0827614049253131	0.0756964069438837	0.0361324182478805	0.0532902704884941
FBgn0036249	0.0529338327091136	0.0694132334581773	0.0344569288389513	0.0254681647940075
FBgn0036254	0.092207019631172	0.0523497917906008	0.0214158239143367	0.0202260559190957
FBgn0036255	0.0382359330871171	0.0636541386052575	0.0666956332826416	0.018466217684119
FBgn0036257	0.0440146028381322	0.031031031031031	0.0844668197609373	0.0402166872755108
FBgn0036258	0.0542154975060265	0.0763807820009398	0.0243939416910505	0.0271380706196274
FBgn0036262	0.0252257599525162	0.00347649128757367	0	0.10242930427778
FBgn0036263	0.0360393156170368	0.0334910811794685	0.0116490717145978	0.00509646887513652
FBgn0036264	0.0322863807989226	0.0807820879728721	0	0
FBgn0036266	0.0818181818181818	0.0393939393939394	0	0
FBgn0036271	0.0785167870803229	0.28134296642584	0.0132809179770506	0.00764980875478114
FBgn0036272	0.0869448183041725	0.0629878869448183	0.0567967698519515	0.0126514131897712
FBgn0036273	0.183887915936953	0.220665499124343	0.0332749562171629	0.0350262697022767
FBgn0036277	0.0611666666666665	0.0538333333333335	0.0273333333333334	0
FBgn0036278	0.076112412177986	0.104215456674473	0	0
FBgn0036279	0.066955579631636	0.105633802816901	0.0354279523293608	0.00845070422535211
FBgn0036282	0.0212177121771218	0.0931734317343175	0	0
FBgn0036285	0.124069478908188	0.0980148883374689	0	0
FBgn0036286	0.078280511046799	0.0534340368461918	0.0317639584950942	0.017293710736218
FBgn0036287	0.0421052631578946	0.0578947368421052	0	0
FBgn0036288	0.0396975425330813	0.0264650283553875	0.0348857191957381	0.0415879017013233
FBgn0036289	0	0	0	0
FBgn0036290	0.0240400667779633	0.0215692821368949	0.0072787979966611	0.00848080133555926
FBgn0036291	0.0408596444680286	0.0490846378349695	0.0520031838684001	0.025470947200849
FBgn0036292	0.0475509474436896	0.0597068287450841	0.0275294958884519	0.0246692885234179
FBgn0036294	0.0888888888888889	0	0	0
FBgn0036298	0.0406796546380341	0.064589329200797	0.0483174673455833	0.00957493911888422
FBgn0036299	0.0858566978193148	0.0767601246105918	0.0109657320872274	0.056822429906542
FBgn0036300	0.0248762084414054	0.0241688281065787	0.016918179674605	0.0404385758075926
FBgn0036301	0.0791462872387728	0.0497999110715873	0.0324588706091596	0
FBgn0036302	0.0547683310841205	0.0576923076923077	0.0695006747638327	0.0128205128205128
FBgn0036305	0.0846032580136628	0.111665790856542	0.0286389910667368	0.0203625853914871
FBgn0036306	0.0597075548334688	0.0655970755483349	0.0389926888708367	0.0298537774167344
FBgn0036309	0.0405883955325525	0.0151638972123854	0.0985199309906476	0.00917097975120314
FBgn0036310	0.255499153976311	0	0	0
FBgn0036311	0.243362831858407	0	0	0
FBgn0036314	0.0701412007806223	0.0762254620594649	0.0344392147859029	0.0174492021581908
FBgn0036316	0.0285862898506751	0.0789102966992482	0.0112481307297198	0.0175982315077697
FBgn0036317	0.0747592977156881	0.0707947895034926	0.0152916745327544	0.0368132905418161
FBgn0036318	0.0461879790237999	0.0524909237595805	0.0506504638967326	0.0166397741024607
FBgn0036319	0.103448275862069	0.111405835543767	0.0450928381962865	0.0291777188328913
FBgn0036320	0.0749445676274945	0	0.391574279379157	0
FBgn0036321	0.0229718543046358	0	0.131415562913907	0
FBgn0036323	0.142148760330579	0.191735537190083	0	0
FBgn0036324	0	0	0	0
FBgn0036325	0.29817158931083	0	0	0
FBgn0036327	0.280797101449275	0	0	0
FBgn0036328	0.267098632109432	0	0	0
FBgn0036329	0.263541666666667	0	0	0
FBgn0036330	0	0	0	0
FBgn0036331	0.0740236148955495	0.111262488646685	0.0472297910990009	0.0617620345140781
FBgn0036332	0.062645011600928	0.0243619489559165	0.0614849187935036	0.0324825986078886
FBgn0036333	0.0769363166953528	0.0648881239242686	0.0588640275387263	0.0197934595524957
FBgn0036334	0.0571220812797931	0.0378524682879534	0.0292074008241092	0.00496889391613477
FBgn0036335	0.0567453779974372	0.0439319055464031	0.0351455244371225	0.0199524071023247
FBgn0036336	0.0216684723726977	0.0295232936078006	0.0113759479956663	0.00839653304442034
FBgn0036337	0.0274385072094996	0.0136132315521628	0.0122137404580153	0.093977947413062
FBgn0036340	0.0893019865135774	0.0646983779843264	0.0216876252961546	0.0100236923637689
FBgn0036341	0.038174735670562	0.0287145242070117	0.0335373771099981	0.0644778334260805
FBgn0036342	0.0326061459066385	0.0246305418719212	0.0180623973727422	0.00867933380248649
FBgn0036345	0.257037037037038	0	0	0
FBgn0036346	0.228445099484156	0	0	0
FBgn0036348	0.237057220708447	0	0	0
FBgn0036352	0	0	0	0
FBgn0036353	0.0530742222585124	0.0204131624071201	0.00661386461990692	0.0251490160855721
FBgn0036354	0.173159198378743	0.0195901823913533	0.0103580274712902	0
FBgn0036356	0.0497118155619597	0.0702449567723343	0.042507204610951	0.0255763688760807
FBgn0036360	0.0986920332936981	0.074910820451843	0.0118906064209275	0
FBgn0036361	0.0111092408685406	0	0	0
FBgn0036362	0.129986953237657	0	0.00933873515072442	0
FBgn0036363	0.259259259259259	0	0.1059670781893	0
FBgn0036364	0.0354724009481883	0.174201377130602	0.0071396320126425	0
FBgn0036365	0.0873034227567068	0.126503237742831	0.00925069380203516	0.00797872340425531
FBgn0036366	0.087689713322091	0.0986509274873524	0.0244519392917369	0.0210792580101181
FBgn0036367	0.0172267720982773	0	0.115292290313471	0
FBgn0036368	0.0404312668463612	0	0.0727762803234501	0
FBgn0036369	0.125545851528384	0.0513100436681222	0	0
FBgn0036372	0.0474770508097995	0.0401683915102614	0.0737882242881367	0.021107408057066
FBgn0036373	0.0692851531814611	0.104006284367636	0.0304791830322074	0.013197172034564
FBgn0036374	0.0852636766880237	0.0758994578610152	0.0418925579103006	0.0211927057663873
FBgn0036376	0.0649771920932591	0.0712620375063355	0.0460212873796249	0.0288900152052712
FBgn0036377	0.0155945419103314	0.103313840155945	0	0
FBgn0036381	0.0560065199674	0.00332518337408313	0.0938549307253462	0.161841890790546
FBgn0036386	0.0692788188529246	0.0579216354344123	0.026121521862578	0.0170357751277683
FBgn0036389	0	0	0	0
FBgn0036391	0.434782608695652	0	0	0
FBgn0036393	0.581619256017505	0	0	0
FBgn0036394	0.414772727272727	0	0	0
FBgn0036395	0.0865954922894423	0.116251482799526	0	0
FBgn0036396	0.0883668903803131	0.0984340044742729	0.0380313199105144	0.0246085011185682
FBgn0036397	0.0825190010857764	0.0494028230184581	0.0450597176981542	0.023344191096634
FBgn0036398	0.126593536910762	0.0512896531277794	0.0444707975096353	0.0308330862733472
FBgn0036402	0.0863620007196833	0.0483987045699892	0.0199712126664268	0.0563152213026267
FBgn0036403	0	0	0	0
FBgn0036405	0.0773154362416107	0.0644295302013423	0.0351677852348993	0.0136912751677852
FBgn0036406	0.0509693558474046	0.0791119449656035	0.0315822388993121	0.016260162601626
FBgn0036410	0.0215904202916649	0.00101291817563723	0	0.25303528562905
FBgn0036411	0.0150684931506849	0	0.113698630136986	0
FBgn0036415	0.217674894487787	0	0	0.0107430617726052
FBgn0036416	0.0785264843839378	0.155966136597643	0	0.000240247111314495
FBgn0036417	0.0727517889156185	0.15313424145381	0	0.000536291620060373
FBgn0036419	0.0266488779419814	0	0.43972359058566	0
FBgn0036421	0.272450532724505	0	0	0
FBgn0036422	0.0226370647649165	0	0.142469908677273	0.000138758914453515
FBgn0036423	0.118865030674847	0	0	0
FBgn0036426	0.284444444444445	0	0	0
FBgn0036428	0.036428401804797	0.050581809546426	0.0137259558299691	0.108857753502731
FBgn0036433	0.102910958904109	0.0534246575342466	0.00856164383561646	0.00993150684931505
FBgn0036436	0.0835498700779531	0.0987407555466722	0	0
FBgn0036437	0.279468026963017	0	0	0
FBgn0036438	0.226663961038961	0	0	0
FBgn0036439	0.543046357615894	0	0	0
FBgn0036441	0.319724284199364	0	0	0
FBgn0036442	0.179551122194514	0	0	0
FBgn0036443	0.298355520751762	0	0	0
FBgn0036446	0.0801291458761373	0.0936307601995888	0.0267097152920458	0.0361021426474904
FBgn0036447	0.542056074766355	0	0	0
FBgn0036448	0.050314465408805	0.0305052838745562	0.059855388696359	0.024857741838874
FBgn0036449	0.0336731692971277	0.00666601313596706	0.0722478188412901	0.0398980492108617
FBgn0036450	0.0711894273127755	0.0829955947136564	0.0251982378854626	0.012511013215859
FBgn0036451	0.0736470907364709	0.0683575206835752	0.0318730503187305	0.0226502102265021
FBgn0036454	0.0258935843767166	0.0877957304945731	0	0
FBgn0036460	0.071639754377985	0.0529906754605413	0.0368433022515351	0.0166022287923584
FBgn0036461	0.140967498110355	0.0570672713529859	0.0283446712018141	0
FBgn0036462	0.0947984688133302	0.0594460707047963	0.0445845530285972	0.0114839000225175
FBgn0036463	0.0677316293929712	0.0370607028753993	0.0396166134185304	0
FBgn0036465	0.27928870292887	0	0	0
FBgn0036466	0	0	0	0
FBgn0036467	0.42860440575122	0.0647012267510883	0	0
FBgn0036468	0.550311203319502	0	0	0
FBgn0036469	0.390131071703932	0	0	0
FBgn0036470	0.527472527472527	0	0	0
FBgn0036471	0.0864506714519531	0.0304864822227919	0	0
FBgn0036476	0.0856788079470199	0.076158940397351	0.0314569536423841	0.0223509933774834
FBgn0036479	0.281879194630872	0	0	0
FBgn0036480	0.144678764100049	0.0804315841098578	0.0112800392349191	0
FBgn0036481	0.11217437533227	0.390217969165338	0	0
FBgn0036482	0.284110535405873	0	0	0
FBgn0036483	0.0819017179384738	0.0823012385137835	0.0207750699161006	0.0159808230123851
FBgn0036484	0.0724961180124224	0.0335791925465838	0.045807453416149	0.0189246894409938
FBgn0036485	0.131958762886598	0	0	0
FBgn0036486	0.180045011252813	0.0262565641410353	0.00900225056264066	0
FBgn0036487	0.0693178245834643	0.0490411820182332	0.0292360892801006	0.0176045268783401
FBgn0036488	0.076025564803805	0.0468935790725326	0.0158293697978597	0.00453329369797859
FBgn0036489	0.0434303047015029	0.0721080932028126	0.00537708534399559	0.0139252723011168
FBgn0036490	0.288488210818309	0	0	0
FBgn0036491	0.336309523809524	0	0	0
FBgn0036492	0.304979253112033	0	0	0
FBgn0036493	0.0227644811725267	0.00382006704607468	0.00114342142875705	0.0966710844312777
FBgn0036494	0.166666666666667	0	0	0
FBgn0036496	0.401412973667309	0	0	0
FBgn0036497	0.263839285714286	0	0	0
FBgn0036498	0.224438902743142	0	0	0
FBgn0036499	0.143421052631579	0	0	0
FBgn0036500	0.0610586011342157	0.0553875236294896	0.0294896030245747	0.0151228733459357
FBgn0036501	0.0398280440005058	0.0567075483626249	0.0119484132001517	0.00992540144139587
FBgn0036502	0.0826146164321379	0.0479648963534575	0.0110455439552126	0.154334997730368
FBgn0036503	0	0	0	0
FBgn0036504	0	0	0	0
FBgn0036505	0.0902909218366631	0.0615492464072906	0.0376445846477392	0.0330178759200841
FBgn0036509	0.0366903565031491	0.0330502108973248	0.047321892875715	0.0284855838677991
FBgn0036510	0.0573219883564712	0.0479175996417377	0.0195924764890282	0.0222794446932378
FBgn0036512	0.126206098031648	0.0545477936446673	0.03074745915348	0.0286890518461341
FBgn0036514	0.0786052009456264	0.0531914893617021	0.0366430260047282	0.0147754137115839
FBgn0036515	0.0600396039603961	0.0779405940594059	0.0363564356435644	0.0251089108910892
FBgn0036516	0.046281702249606	0.085914887519702	0.0344461957300473	0.0115202751110474
FBgn0036518	0.0999697061496516	0.0357467434110875	0.032111481369282	0.019085125719479
FBgn0036519	0.054980786284363	0.0431569612769731	0.0177357375110848	0.0177357375110848
FBgn0036520	0.42814371257485	0	0	0
FBgn0036522	0.130979874628835	0.0560870999670076	0.0214450676344441	0.0211151435169911
FBgn0036529	0.0621814475025484	0.0178389398572885	0	0.313455657492354
FBgn0036532	0	0	0	0
FBgn0036534	0.0872242647058823	0.068014705882353	0.0347426470588235	0.0391544117647059
FBgn0036536	0.141339869281046	0.0498366013071895	0.0408496732026145	0.0343137254901961
FBgn0036537	0.12799740764744	0.20900842514582	0.0936487362281272	0.0774465327284509
FBgn0036538	0.156021155410903	0.156834825061025	0.151139137510171	0.03173311635476
FBgn0036544	0.0180493983533882	0.00189993666877771	0	0
FBgn0036545	0.0551760378349974	0.0801366263794012	0.0228586442459275	0.035470310036784
FBgn0036546	0.0933354642800066	0.0551382451654147	0.0356400831069202	0.0159821000479463
FBgn0036547	0.0384197778334587	0.125532448008018	0.00250563768479078	0.00175394637935355
FBgn0036549	0.0550397323295692	0.324550397323295	0.0114596403178587	0.0142199916352991
FBgn0036550	0.04652918966018	0.191925646238745	0	0
FBgn0036551	0.0345525516842561	0.0731531010553707	0.0182159895908631	0
FBgn0036552	0	0	0	0
FBgn0036553	0.227825702278257	0.139792081397921	0	0
FBgn0036556	0.0497184090109116	0.0824533614924322	0.0380147835269272	0.0138155579021471
FBgn0036557	0.0757804632426986	0.0805639476334342	0.06067472306143	0.0294561933534743
FBgn0036560	0.039076376554174	0	0	0
FBgn0036563	0.556538839724681	0	0	0
FBgn0036565	0.18436406067678	0.0700116686114352	0.0373395565927656	0.0478413068844809
FBgn0036566	0.0513204319469689	0.0452795894365444	0.0601411311878542	0.0444242489040949
FBgn0036568	0.351916376306619	0	0	0
FBgn0036569	0.102925243770314	0.0888407367280606	0.0346695557963165	0.019501625135428
FBgn0036570	0.0871121718377088	0.0855210819411297	0.0342084327764519	0.0238663484486874
FBgn0036571	0.0728713883917157	0.0421886985425722	0.0726156993096395	0.0848887752492971
FBgn0036574	0.0677444187836797	0.0654349499615088	0.0346420323325635	0.00846805234795998
FBgn0036575	0	0	0.0113027959547888	0.0130874479476502
FBgn0036576	0.014027149321267	0.0101809954751131	0.00942684766214178	0.0130467571644042
FBgn0036579	0.053440984236832	0.0645905420991926	0.0478662053056517	0.0332564398308343
FBgn0036580	0.0446408936974974	0.0606500417821173	0.0277081409156881	0.0126665787043146
FBgn0036581	0.0233283982233604	0.0317714377175784	0.0149253731343283	0.02284822536113
FBgn0036587	0.0749099639855942	0.0487394957983193	0	0.0129651860744298
FBgn0036589	0.136231884057971	0.24927536231884	0.0705314009661836	0
FBgn0036595	0.0368402408784981	0.0743889479277364	0	0
FBgn0036596	0.523076923076923	0	0	0
FBgn0036597	0.0376970527758738	0.0178204249485949	0	0
FBgn0036599	0	0	0	0
FBgn0036600	0.203856749311295	0	0	0
FBgn0036601	0.170842824601367	0	0	0
FBgn0036606	0.208609271523179	0.327814569536424	0	0
FBgn0036609	0.0601092896174865	0	0	0
FBgn0036612	0	0	0	0
FBgn0036614	0.0606493043168035	0.0463788797716732	0.0528005708169818	0.0149839457723867
FBgn0036615	0.046197767973008	0.0417856215935635	0.0246561121204257	0.0168699714508176
FBgn0036617	0	0	0	0
FBgn0036620	0.0626029654036242	0	0	0.540362438220758
FBgn0036621	0.0709376820034945	0.0649970879440886	0.031100757134537	0.0281887012230635
FBgn0036622	0.00311931375097479	0	0.0202235508188199	0
FBgn0036623	0.0188863862939852	0.011557065317727	0.0194587010301665	0.0225972011963224
FBgn0036624	0.0841335162322818	0.0617283950617284	0.0198902606310014	0.010745313214449
FBgn0036627	0.0252546689303905	0.0131578947368421	0.0246179966044143	0.00530560271646859
FBgn0036629	0.0357142857142857	0.05	0.0226190476190476	0
FBgn0036640	0.127253446447508	0.0328738069989395	0.0148462354188759	0
FBgn0036641	0.0707891758411358	0.0540179030764482	0.0231505298899064	0.0120382755427513
FBgn0036643	0.0446921209446039	0.045243875524167	0.0868461708232178	0.0238357978371221
FBgn0036646	0.18006993006993	0.181818181818182	0.0856643356643355	0.0506993006993007
FBgn0036648	0.0482456140350877	0.0701754385964912	0.0354010025062657	0.0203634085213033
FBgn0036652	0.274673008323425	0	0	0
FBgn0036654	0.303520456707896	0	0	0
FBgn0036659	0.0417883211678833	0.12956204379562	0	0
FBgn0036660	0.0908108108108108	0.0389189189189189	0.0183783783783784	0
FBgn0036661	0.044431880539435	0.0915742388213581	0.0108252822721453	0.00784874536475047
FBgn0036662	0.0790816326530613	0.0513848396501457	0.0235058309037901	0.0189504373177843
FBgn0036663	0.0505383932433355	0.0765588362510529	0.0294351993079427	0.0348305142622988
FBgn0036665	0.0489208633093526	0.081294964028777	0	0
FBgn0036666	0.0739865921011497	0.0695751849664803	0.0506443433255757	0.0370627670290736
FBgn0036667	0.0422390814025015	0.0585059121044357	0.0294580001366961	0.0173603991524845
FBgn0036668	0.165481093223512	0.149756645451142	0.142643204792213	0.0460501684762262
FBgn0036670	0.44150110375276	0	0	0
FBgn0036671	0.0687193217313702	0.0611334225792057	0.035921463632307	0.0194109772423025
FBgn0036676	0.25	0	0	0
FBgn0036677	0.195652173913043	0	0	0
FBgn0036678	0.215736040609137	0.083756345177665	0	0
FBgn0036679	0.348214285714286	0	0	0
FBgn0036680	0.240740740740741	0.185185185185185	0	0
FBgn0036681	0	0	0	0.614754098360655
FBgn0036684	0.0535294117647059	0.0511764705882353	0.0327450980392157	0.0515686274509804
FBgn0036685	0.083743842364532	0.143528884908195	0.0210479175996418	0.0149126735333632
FBgn0036686	0.202581926514399	0.155908639523337	0.102284011916584	0.0377358490566039
FBgn0036687	0.259367287413058	0	0	0.00673098496746691
FBgn0036688	0.0614035087719298	0.116541353383459	0.00793650793650793	0
FBgn0036689	0.275193798449612	0	0	0
FBgn0036690	0	0	0	0
FBgn0036691	0.0675219446320054	0.0776502363268062	0.0442268737339636	0.0263335584064821
FBgn0036695	0.0527876631079478	0.034994068801898	0.0229339659944642	0.0276789244760775
FBgn0036696	0.0519691433211531	0.0641494112870483	0.0422249289484369	0
FBgn0036697	0.048115818607622	0.0251224185650415	0.0611028315946347	0.0647221630828189
FBgn0036698	0.0335820895522388	0.0738805970149253	0	0
FBgn0036702	0.075866745782826	0.0773925574298549	0.0312791387640926	0.0194964821564805
FBgn0036703	0.393372982158028	0	0	0
FBgn0036704	0.23208722741433	0	0	0
FBgn0036705	0.375	0	0	0
FBgn0036706	0.267615176151762	0	0	0
FBgn0036708	0.120493358633776	0	0	0
FBgn0036710	0.117881548974943	0.0597949886104784	0.0162300683371299	0.0108200455580866
FBgn0036712	0.370689655172413	0	0	0
FBgn0036713	0.0208776595744681	0	0.110771276595745	0
FBgn0036714	0.329173166926677	0.113884555382215	0.0358814352574103	0.0390015600624025
FBgn0036715	0.0780802292263611	0.0805873925501433	0	0
FBgn0036717	0.045509441628949	0.564319333611747	0	0
FBgn0036723	0.227806309611152	0.00550256786500367	0	0.0102714600146735
FBgn0036725	0.108108108108108	0	0.0472972972972972	0
FBgn0036726	0.0385180702057755	0.0609977520318173	0.0281860625972678	0.0245979595365728
FBgn0036727	0.0290753754995177	0	0.134353038445639	0
FBgn0036728	0.0200368570949908	0.0252471100686882	0.0097671301725582	0.00376947562405763
FBgn0036729	0.248146532926298	0	0	0
FBgn0036730	0.535398230088495	0	0	0
FBgn0036731	0.146627565982405	0	0	0
FBgn0036732	0.0448683503492746	0.0452713594841483	0.0351513523195415	0.0311212609708043
FBgn0036733	0.0864709636247606	0.101467772814295	0.0328653477983407	0.0204211869814933
FBgn0036734	0.0443805218820629	0.0357509759605507	0.0113005958495993	0.00719128826792688
FBgn0036735	0.0728671645168588	0.062683865127857	0.0502376103190768	0.0194614166100928
FBgn0036740	0.0457843050517562	0.060006193046094	0.0520658232327701	0.0353224807573211
FBgn0036741	0.0564828865284102	0.0311920418141966	0.0561456752655539	0.0230989715056483
FBgn0036742	0.0612400152149106	0.0806390262457208	0.0673259794598706	0.00798782807151007
FBgn0036745	0.0554694762937714	0.0495816547877285	0.0258754260923458	0.0244809420514409
FBgn0036746	0.0585291557876414	0.0587467362924282	0.0374238468233246	0.0271975630983464
FBgn0036747	0.413333333333332	0	0	0
FBgn0036749	0.128654970760234	0	0.105263157894737	0.257309941520468
FBgn0036751	0.197704081632653	0	0	0
FBgn0036752	0.0614657210401892	0.015304217991788	0.135996018414831	0.0180415577951972
FBgn0036754	0.0558139534883721	0.0496124031007751	0.0286821705426356	0
FBgn0036756	0.0320898515844365	0.0930605695948655	0.0396109105495388	0
FBgn0036759	0.0364261983863312	0.0266967252017086	0.0548172757475084	0.100023730422402
FBgn0036760	0.0163006565542223	0.0104143083540865	0.00860312429250625	0.0056599501924383
FBgn0036761	0.0864813494891899	0.0932525540508435	0.0310049893086244	0.0122356854359705
FBgn0036762	0.0460087479496993	0.0482777474029524	0.0224986331328595	0.0191634773100055
FBgn0036763	0.230053420644494	0.0222298810959848	0.00930553162157505	0.0115457521971394
FBgn0036764	0.0389070389070389	0.0400950400950401	0.0243540243540243	0
FBgn0036765	0.0328990947228969	0.0340030911901082	0.115919629057187	0.00574078162949879
FBgn0036766	0.0320762368207623	0	0.0600973236009732	0
FBgn0036767	0.133616118769883	0	0.302226935312831	0
FBgn0036768	0.0664547818549552	0.130309159202542	0.00462294134643166	0
FBgn0036769	0.0716659442277126	0.099985551220922	0	0
FBgn0036770	0.029856330439988	0.0553726429212811	0.0528284944627356	0.00912900329242742
FBgn0036771	0.100379686758424	0.0382059800664452	0.011390602752729	0.0109159943046986
FBgn0036772	0.0911214953271028	0.0467289719626168	0.0447819314641744	0.0124610591900312
FBgn0036773	0.0656060064354664	0.0852699320700751	0.0117983553807651	0
FBgn0036774	0.0750738085196122	0.0506115563053564	0.0231969633066217	0.00822437789962041
FBgn0036775	0.0628326180257511	0.0588841201716737	0.0312446351931331	0.0156223175965665
FBgn0036777	0.118852459016393	0	0	0
FBgn0036778	0.00882119844250715	0.00802866889493815	0	0
FBgn0036780	0.0956521739130433	0.365217391304348	0	0
FBgn0036782	0.0250072695551032	0	0	0.220703692933993
FBgn0036784	0.252110298255486	0	0	0
FBgn0036785	0.220066256507336	0	0	0
FBgn0036786	0.490909090909091	0	0	0
FBgn0036787	0.00655788706679876	0.00171110910981391	0.000835086742588606	0.0505718706761747
FBgn0036789	0.056261343012704	0.0217785843920145	0.0580762250453723	0
FBgn0036790	0.0571428571428571	0	0.0314285714285714	0
FBgn0036799	0	0	0	0
FBgn0036801	0.0383008356545961	0.0424791086350975	0.0584958217270195	0
FBgn0036804	0.0734747430570742	0.101902471025585	0.0275530286464028	0
FBgn0036805	0.042139139074278	0.057495842242813	0.0467828678805157	0.0219875159290697
FBgn0036806	0.0315451074944747	0.00411894715692185	0.0666063893911995	0.122865179827205
FBgn0036807	0.251788268955651	0	0	0
FBgn0036808	0.294797687861272	0	0	0
FBgn0036809	0.201851851851852	0	0	0
FBgn0036811	0.0739195728349743	0.0906057066577674	0.0353746037043217	0.0203570832638078
FBgn0036812	0.0507317073170731	0.0448780487804877	0.0439024390243902	0
FBgn0036813	0.045950624717748	0.0613051332229415	0.0851272015655578	0.0318003913894325
FBgn0036814	0.069556777741831	0.0802329343254609	0.0386606276285992	0.0271756713037852
FBgn0036815	0.124035281146637	0.0589856670341787	0.019845644983462	0
FBgn0036816	0.0357915164957028	0.0291932353756584	0.0137510396451344	0.0717493762129193
FBgn0036817	0	0	0	0
FBgn0036818	0.0887792848335388	0.0813810110974106	0.0752157829839703	0
FBgn0036819	0.0516070620190131	0.0669986419194205	0.0502489814395654	0.0353100950656406
FBgn0036820	0.0194614711033275	0.0276488616462347	0.0396672504378284	0.0405210157618214
FBgn0036821	0.0444688109161794	0.00999025341130601	0.0118481968810916	0.232029727095516
FBgn0036822	0	0	0	0
FBgn0036824	0.0363531703861141	0.0163832801983705	0.0660201912858661	0.0152320226709175
FBgn0036825	0.032088502478122	0.0356621690907417	0.0216501531571406	0.0138170089878482
FBgn0036826	0.0389438943894389	0.0187018701870187	0.0446644664466447	0.0528052805280528
FBgn0036827	0.0520926090828139	0.0977292965271592	0.0489759572573464	0.0207034728406055
FBgn0036828	0.0531572164948454	0.0422036082474227	0.0318943298969072	0.0167525773195876
FBgn0036829	0	0	0	0
FBgn0036830	0.118093174431203	0	0	0
FBgn0036831	0.0427950310559006	0	0.248571428571428	0
FBgn0036832	0.418604651162791	0	0	0
FBgn0036833	0.0222538576080376	0	0.133899497651891	0
FBgn0036834	0.0684410646387833	0.096958174904943	0	0
FBgn0036835	0.142228739002932	0	0	0
FBgn0036836	0.0158633312995729	0	0.0317266625991458	0.104331909701037
FBgn0036837	0.033339582101605	0.00904148701457885	0.0748121764459888	0.0517398012891689
FBgn0036838	0.0622367805334581	0.0505381375760412	0.0238652316331306	0.0285446888160973
FBgn0036839	0	0.0931034482758621	0	0
FBgn0036842	0.0788100788100789	0.0749250749250749	0.0323010323010323	0.0539460539460539
FBgn0036843	0.0573110285006196	0.165117719950434	0.0086741016109046	0.00154894671623296
FBgn0036844	0.06158557332426	0.0381082000680504	0.0357264375637972	0.00850629465804696
FBgn0036846	0.0512581224941242	0.127989769113784	0.0317987004009402	0.0367067606802157
FBgn0036847	0.0595194085027724	0.0626617375231053	0.0303142329020333	0.0249537892791127
FBgn0036848	0.0384569591618049	0.037266341231099	0.0155375639957138	0.0862602690796523
FBgn0036849	0	0	0	0
FBgn0036850	0.0936170212765958	0.0398452611218568	0.016247582205029	0
FBgn0036853	0.060483870967742	0.0362903225806452	0.0318548387096774	0.0145161290322581
FBgn0036856	0	0	0	0
FBgn0036857	0.046306592533757	0.00472597299444003	0.0312946783161239	0.162946783161239
FBgn0036862	0.0337448084910014	0.0969658514074758	0.00126903553299492	0.0345523765574528
FBgn0036868	0.298013245033113	0	0	0
FBgn0036874	0.518867924528301	0	0	0
FBgn0036875	0.0339569609134826	0.046429512516469	0.00272288098375055	0.0452173913043478
FBgn0036876	0.0725836780744641	0.101918014291087	0	0
FBgn0036877	0.137474902562891	0.17786701310972	0	0
FBgn0036880	0.049469964664311	0.385159010600707	0	0
FBgn0036882	0.252088078967351	0.026575550493546	0.0113895216400911	0.0136674259681093
FBgn0036886	0.0902632678646051	0.0823234433765149	0.0300877559548684	0.0183869619724196
FBgn0036887	0.0411564453025761	0.0692546110461866	0.0203749809460902	0.0264722321020274
FBgn0036888	0.0468027941966684	0.0529822675980656	0.0260075228371843	0.0255239118753358
FBgn0036889	0.0534031413612565	0.056020942408377	0.0445026178010471	0.0157068062827225
FBgn0036890	0.156818181818182	0	0	0
FBgn0036891	0.0555382215288613	0.138845553822153	0.00327613104524181	0.00483619344773789
FBgn0036892	0.123711340206186	0.0435280641466209	0.0211094747177221	0.0209458353788251
FBgn0036893	0.0689127105666156	0.0546926274338219	0.0507547582585867	0.0286589367753227
FBgn0036895	0.247901872175597	0	0	0.00903808908973532
FBgn0036896	0.0556492411467117	0.0565860970582726	0.0584598088813941	0.0294172756230092
FBgn0036897	0.0896513558384062	0.0617044825677919	0.0221361372440509	0.0174322080796901
FBgn0036899	0.0856236786469345	0.0295983086680761	0.11522198731501	0
FBgn0036900	0.0662119920431941	0.0781472009093492	0.0326797385620915	0.0318272236430804
FBgn0036906	0.0462427745664741	0	0	0
FBgn0036908	0.0690720511971754	0.11309720842988	0.0427010923535253	0.0391702526757143
FBgn0036909	0.0285714285714286	0.026973026973027	0.00999000999001001	0.00919080919080918
FBgn0036910	0.0961098398169336	0	0	0
FBgn0036911	0.0528052805280528	0.0886963696369635	0.047029702970297	0.047029702970297
FBgn0036913	0.0909316154608522	0.05599603567889	0.0577304261645194	0.0237859266600595
FBgn0036915	0.0820236491543183	0.0779823379733574	0.033527914982787	0.0255949708127526
FBgn0036916	0.093230644507499	0.0733684637211187	0.0397243615727605	0.0174300770166193
FBgn0036918	0.0445701055256245	0.0420321474687208	0.018433590097511	0.0107751903468543
FBgn0036919	0.0555213866368465	0.0814090019569471	0.0219178082191781	0.0191780821917808
FBgn0036920	0.0462845985988284	0.0594923624669807	0.0254967267715631	0.0149305156770415
FBgn0036921	0.0395057882988111	0.0576441883403417	0.0460156777241343	0.0422883247676895
FBgn0036922	0.0530142381096637	0.0514995455922448	0.0148439866707058	0.0433202059981824
FBgn0036924	0.300087489063866	0	0	0
FBgn0036925	0.286298568507158	0	0	0
FBgn0036926	0.0385880289410218	0.0451655338741505	0.00877000657750492	0.0111817583863188
FBgn0036927	0.0158395605799323	0.00549275084626685	0.0118796704349492	0
FBgn0036928	0.0653516223944305	0.0454601964278315	0.0369648999212631	0.0143384028842567
FBgn0036929	0.0529411764705882	0.13322559793148	0.0275371687136393	0.0378797672915319
FBgn0036931	0.256108202443281	0.0056719022687609	0.00698080279232111	0.0170157068062827
FBgn0036932	0.0379893109923444	0.0635562617362415	0.0540228224758053	0.0342337137079301
FBgn0036934	0.076167076167076	0.15970515970516	0	0
FBgn0036935	0.159090909090909	0.0397727272727272	0	0
FBgn0036937	0.444444444444444	0	0	0
FBgn0036939	0.191666666666666	0.0541666666666667	0	0
FBgn0036940	0.215510033444816	0	0.0510033444816054	0
FBgn0036941	0.222118959107807	0	0	0
FBgn0036942	0.0210713379030211	0.011931962427012	0.0129474485910129	0.0875856816450876
FBgn0036945	0.0132251359275296	0	0.0870117728217558	0
FBgn0036947	0.0959158415841581	0	0	0
FBgn0036948	0.039872781272655	0	0.137321390987115	0
FBgn0036949	0.0149239388765433	0	0.100704412660552	0
FBgn0036950	0.0101709776413854	0	0.071722928540114	0
FBgn0036951	0.124371724949204	0	0.00441129290984921	0
FBgn0036952	0.0206896551724138	0	0.0775428417621198	0
FBgn0036953	0.0235586280958454	0	0.109906705147997	0
FBgn0036956	0	0	0.0844024307900068	0
FBgn0036958	0.0661696178937556	0.0639328984156568	0.0300093196644921	0.0158434296365331
FBgn0036959	0.0153661464585834	0.0139255702280912	0.00912364945978393	0
FBgn0036962	0.406724511930586	0	0	0
FBgn0036964	0.06411514556755	0.0839057899901864	0.0500490677134445	0.0578999018645731
FBgn0036967	0.0689396376112361	0.0619706229226977	0.0229441406668811	0.0173689289160502
FBgn0036970	0	0	0.39655172413793	0
FBgn0036973	0.101700921332388	0.0503189227498228	0.0276399716513111	0.0226789510985117
FBgn0036974	0.0451448405896468	0.0680493657867674	0.029160953033939	0.0230330819334933
FBgn0036975	0.0381105081401086	0.0179452392698569	0.0469906265416873	0.260545140601874
FBgn0036978	0.0210387902695596	0	0.0795529257067718	0
FBgn0036980	0.0708949758312583	0.0498022557492311	0.0596894682876813	0.0311996484546653
FBgn0036984	0.0904255319148934	0	0.0372340425531915	0
FBgn0036985	0.0436469258060744	0.278470895551483	0	0
FBgn0036986	0.11003861003861	0.0463320463320464	0	0
FBgn0036987	0.0702908587257618	0.0661357340720222	0.0380886426592798	0.0252770083102493
FBgn0036988	0.0414629888268156	0.0275837988826815	0.0841480446927373	0.0795216480446928
FBgn0036990	0.0877412885434948	0.0839809476059165	0.0408623715216846	0.0152920531461519
FBgn0036991	0.0940677966101695	0.0813559322033898	0.0415254237288136	0.0296610169491525
FBgn0036992	0.179282868525896	0.322709163346613	0	0
FBgn0036993	0.0590289905693329	0	0.105134474327628	0.137617883339154
FBgn0036994	0.0757009345794393	0.0514018691588786	0.0476635514018692	0.0285046728971962
FBgn0036995	0.216216216216217	0.168918918918919	0.0405405405405405	0
FBgn0036996	0.0534792815242211	0	0.389445314881261	0
FBgn0036997	0	0.148288973384031	0	0
FBgn0036998	0.0505581089954038	0.0302035456336179	0.0142263077259794	0.00831691836288027
FBgn0036999	0.0278626420628132	0.0339728705853599	0.0307955517536356	0.0223634363925211
FBgn0037000	0.0408419729814641	0.0292177191328935	0.0702167766258247	0
FBgn0037001	0.0532294832826748	0.0450987841945289	0.0270896656534955	0.01709726443769
FBgn0037007	0.031288558888129	0.0409244363391626	0.0529629509015317	0.0348056722499032
FBgn0037008	0.0480497456189938	0.0593555681175806	0.0525720746184285	0.035048049745619
FBgn0037009	0.0406190702087286	0.0603059772296015	0.0524786527514232	0.0441769449715369
FBgn0037010	0.113964686998395	0.0567817014446228	0.0228731942215088	0.0208667736757625
FBgn0037011	0.0298799902032819	0.0391052330802515	0.0278390072658993	0.0683321087435709
FBgn0037012	0.0444506181414087	0.0787609390193082	0.0618141408528961	0.00666759272121128
FBgn0037013	0	0.448818897637796	0	0
FBgn0037015	0.0937500000000001	0	0	0
FBgn0037016	0.0614851552415246	0.0541477002513758	0.0413071540186155	0.00930769753379986
FBgn0037017	0.0534979423868313	0.0471380471380471	0.0123456790123457	0.0598578376356154
FBgn0037018	0.0706812369216459	0.0467333178330621	0.0337130899790746	0.0230179028132992
FBgn0037019	0.0436777702243372	0.0448674371176071	0.042318150917743	0.0282121006118287
FBgn0037020	0.0565279091769157	0.049314096499527	0.0417455061494798	0.0227057710501419
FBgn0037021	0.0392187019378653	0.0244540141494925	0.0116887111657951	0.00569055675176867
FBgn0037022	0.0770585645090271	0.0724350506384855	0.0620871862615588	0.0257595772787318
FBgn0037023	0.320305052430886	0	0	0
FBgn0037024	0.0451444936214528	0.0243686539963551	0.0593595417859933	0.00749804738349389
FBgn0037025	0.143964562569214	0.0442967884828349	0.0155038759689923	0
FBgn0037026	0.0728833865814698	0.0734824281150161	0.0243610223642173	0.0163738019169329
FBgn0037027	0.0770149253731344	0.0753731343283581	0.0326865671641791	0.0323880597014925
FBgn0037028	0.198458574181118	0.0433526011560693	0.0240847784200385	0
FBgn0037030	0	0	0	0
FBgn0037031	0.0859016393442624	0.0852459016393442	0.0380327868852458	0.0157377049180328
FBgn0037035	0.271814671814672	0	0	0
FBgn0037037	0.238341968911917	0	0	0
FBgn0037040	0.262441068622315	0	0	0.00995285489785228
FBgn0037042	0.486111111111112	0	0	0
FBgn0037044	0.0342573221757323	0.0413179916317992	0.0138598326359833	0.00444560669456067
FBgn0037045	0.0618139803581745	0.0751010976314269	0.0340843443096477	0.0213749277874061
FBgn0037046	0.14756446991404	0.180515759312321	0	0.136103151862464
FBgn0037050	0.368320610687023	0	0	0
FBgn0037051	0.0906919129357636	0.0663599362944611	0.0307025305255708	0.0129180675986551
FBgn0037057	0.00934579439252336	0.00977548608873133	0.00884448741361408	0.00809252694525013
FBgn0037059	0.346677341873498	0	0	0
FBgn0037060	0.221052631578947	0.031578947368421	0	0
FBgn0037061	0.0517095224639729	0.0469059056230573	0.0384289347273241	0
FBgn0037063	0.120748299319728	0.169642857142857	0.131590136054422	0.0616496598639456
FBgn0037064	0.229655372140168	0	0	0.00666087460179555
FBgn0037065	0.0189044954709326	0	0.120081665352957	0.000155060796754061
FBgn0037067	0.057142857142857	0.227288629737609	0.0118950437317784	0
FBgn0037069	0	0	0	0
FBgn0037070	0.00125803746155997	0	0	0.00125803746155997
FBgn0037071	0.0400404448938322	0.0622851365015169	0.0289180990899899	0.013953488372093
FBgn0037073	0.0636332535066712	0.05867259664728	0.0348956551488197	0.0227505986999658
FBgn0037074	0.0551930396954867	0.0627379010331703	0.0626699293094072	0.00863240891789015
FBgn0037076	0.0562929061784897	0.0448512585812358	0.121281464530892	0.00869565217391304
FBgn0037078	0.137546468401487	0.434944237918216	0	0
FBgn0037081	0.19484882418813	0.191116088092572	0.0698021649869354	0.0574841358715939
FBgn0037082	0.074331550802139	0.0475935828877005	0.00802139037433155	0.00828877005347591
FBgn0037083	0.0558597787600887	0.30610718919751	0.000274900486024059	0
FBgn0037084	0.0546726928123633	0.0288671818049278	0.0726053360548184	0.0186616124799533
FBgn0037086	0.258769700050839	0	0	0
FBgn0037087	0.0463942307692309	0.0508413461538461	0.0341346153846154	0.0199519230769231
FBgn0037090	0.0137887809464118	0.00501410216233155	0.0319649012848637	0.00532748354747728
FBgn0037092	0.0447871553818526	0.0423576634625542	0.0471110172177037	0.0062321749234182
FBgn0037093	0.0790616854908775	0.0684911671010717	0.033593976252534	0.0251954821894005
FBgn0037094	0.0453083816552451	0.040590405904059	0.0894570374275168	0.0216394306800211
FBgn0037098	0.0696973211179403	0.0687695697553057	0.0511422938652441	0.0365302099037458
FBgn0037099	0.399999999999999	0.23	0	0
FBgn0037100	0.22	0	0	0
FBgn0037101	0.233991621783363	0	0	0
FBgn0037102	0.0569138820972563	0.0668296658516708	0.0468622656886716	0.0209182287421896
FBgn0037105	0.0573042776432608	0.0573042776432608	0.036319612590799	0.0225988700564972
FBgn0037106	0.0461322081575246	0.0514767932489451	0.0146272855133614	0.0109704641350211
FBgn0037107	0.165242165242165	0	0	0
FBgn0037108	0.0490639122014202	0.0493405883980447	0.0275753942635802	0.0438070644655537
FBgn0037109	0.0872496147919877	0.0537365177195686	0.024653312788906	0.0152157164869029
FBgn0037110	0.0360867018160515	0.038664323374341	0.0455770357352079	0.0263034563561805
FBgn0037114	0.0356276687748896	0.256769358613954	0	0
FBgn0037115	0.280182232346241	0	0	0
FBgn0037116	0.0472505762265394	0.0540006585446163	0.0701350016463616	0.0246954231149161
FBgn0037117	0.0883509833585476	0.069894099848714	0.0390317700453858	0.0229954614220877
FBgn0037120	0.100974930362117	0.0779944289693593	0.0540854224698236	0.0331940575673167
FBgn0037121	0.0613320555821755	0.073071394345951	0.0341399137517968	0.0280306660277911
FBgn0037122	0	0	0	0.682242990654206
FBgn0037123	0	0	0	0.23562412342216
FBgn0037126	0.0254826254826255	0.0257202257202257	0	0.116661716661717
FBgn0037127	0.0803720486525158	0.138802766515621	0.0202718817076079	0
FBgn0037128	0.0290401241409887	0.031700288184438	0.103524717357571	0
FBgn0037130	0.108017817371937	0.0489977728285079	0.0734966592427617	0
FBgn0037133	0	0	0	0
FBgn0037134	0.0499044383096198	0.068592057761733	0.0426842217031217	0.040985347207475
FBgn0037135	0.0591877250243953	0.0450385275413035	0.025926175174131	0.0216528146976681
FBgn0037137	0.0869842891812492	0.0480265678886191	0.0333375910077915	0.00702516285604801
FBgn0037138	0.0511717129821651	0.104209871422646	0.003836582330983	0
FBgn0037140	0.0248366013071895	0.0588235294117647	0.0250233426704015	0.0655462184873949
FBgn0037141	0.111464968152866	0.0939490445859874	0.0605095541401275	0.0222929936305733
FBgn0037142	0.0992822966507176	0.0729665071770334	0.0267145135566188	0.0370813397129186
FBgn0037144	0.0430210325047801	0	0.0822179732313576	0
FBgn0037146	0.0257867790995332	0.00112934798976058	0.0245633187772926	0.0493148622195452
FBgn0037147	0.306024096385542	0	0	0
FBgn0037149	0.159896840747904	0.0257898130238555	0.0186976144422953	0
FBgn0037150	0.0225045372050816	0.0351179673321234	0.0107531760435572	0.0129764065335753
FBgn0037151	0.0529241716700022	0.057371581054036	0.0233488992661774	0.0838336668890373
FBgn0037153	0.126353790613718	0.0673886883273163	0	0
FBgn0037156	0.0418760469011725	0.0420283234353586	0.024059692401401	0.00670016750418762
FBgn0037163	0.0409718913768461	0.00214387803716055	0.0638399237732253	0.078847070033349
FBgn0037164	0.105108055009823	0.212508185985593	0	0
FBgn0037165	0	0.431818181818182	0	0
FBgn0037166	0.0344106021855382	0.0132527319228086	0.0655661474075796	0
FBgn0037167	0.00880243425342317	0	0	0.0293414475114105
FBgn0037169	0.270421106037545	0	0	0
FBgn0037170	0.151041666666667	0	0	0
FBgn0037171	0.45	0	0	0
FBgn0037172	0.279151943462897	0	0	0
FBgn0037174	0.054054054054054	0	0.245817245817246	0
FBgn0037175	0	0.151515151515151	0	0
FBgn0037176	0.072801302931596	0.0785016286644952	0.00781758957654723	0
FBgn0037181	0.143688868188169	0.0296925943176525	0.00477410340009314	0
FBgn0037182	0.0658822008146377	0.0537919441391349	0.0257968578263399	0.0172625589965733
FBgn0037184	0.0847921225382933	0.0891684901531728	0.037746170678337	0.0289934354485777
FBgn0037185	0.16340782122905	0.233240223463687	0.0935754189944133	0.0307262569832402
FBgn0037186	0.0273674787390499	0.0680350406036192	0.0193106976149371	0.0177760726389155
FBgn0037188	0.09375	0.0634868421052631	0.0243421052631579	0.00526315789473684
FBgn0037191	0.264951321279555	0	0	0
FBgn0037195	0.235469448584202	0	0	0.0372578241430701
FBgn0037197	0.403225806451613	0	0	0
FBgn0037199	0.0419402854391035	0.0508712021714387	0.0271429822257244	0.0372121530513966
FBgn0037200	0	0	0	0
FBgn0037202	0.0322510822510823	0.0186147186147186	0.00844155844155845	0.00324675324675325
FBgn0037203	0.0288688469318948	0.0232636547538773	0.0124325691166554	0
FBgn0037204	0.429423459244533	0	0	0
FBgn0037205	0.193181818181818	0	0	0
FBgn0037206	0.0684062059238363	0.0282087447108603	0	0.0352609308885755
FBgn0037207	0.0439371948805911	0.0145137880986938	0.0284998020847078	0.0844438580287636
FBgn0037213	0.0717494089834514	0.0925531914893617	0.00106382978723404	0.00638297872340426
FBgn0037215	0.060608448928121	0.0373581336696091	0.104587011349306	0.0496532156368222
FBgn0037217	0.162215628090999	0.0316518298714145	0	0
FBgn0037218	0.0509122170216831	0.0469003725284173	0.0368707612952527	0.0157608176521158
FBgn0037220	0.0974182084247936	0.092505487613672	0.0479774223894638	0.0301034807149577
FBgn0037222	0.0788933022873579	0.2587316805917	0.0146555266401863	0.0195863580331462
FBgn0037223	0.0997442455242967	0.421994884910486	0	0
FBgn0037225	0	0.443181818181819	0	0
FBgn0037228	0.0875254434428611	0.0715324222157604	0	0.0212271009014248
FBgn0037229	0.459459459459459	0	0	0
FBgn0037230	0.0112596762843069	0	0	0
FBgn0037231	0.00137879832422973	0.00100758339078326	0	0
FBgn0037232	0.0755517826825128	0.0475382003395587	0.0365025466893038	0.0212224108658744
FBgn0037234	0.0621487603305784	0.0666115702479338	0.0383471074380165	0.0147107438016529
FBgn0037235	0.0711359610274579	0.0917294065544729	0.024911426040744	0.0487156775907883
FBgn0037236	0.0512242268041237	0.0418814432989691	0.0225515463917526	0
FBgn0037238	0.134020618556701	0	0	0.0618556701030928
FBgn0037239	0.0373436461417608	0.0151972928877878	0.00492476886820956	0.0995528430720886
FBgn0037240	0.102441740237016	0.0785810864551021	0.0112940427901058	0.0333253797820728
FBgn0037241	0.0478356768679351	0.0508684863523573	0.0647918389853875	0.0304659498207885
FBgn0037242	0.0145077720207254	0.0186528497409326	0.00949913644214161	0
FBgn0037244	0.0453485908031364	0.0435473617291799	0.0432294977749523	0.0253231616867981
FBgn0037248	0.103554190434401	0.0609916630100921	0.0307152259763054	0.00965335673541027
FBgn0037249	0.0663731586195382	0.0587363852606101	0.0219713725326545	0.0250177356758336
FBgn0037250	0.0114176974310181	0	0	0
FBgn0037252	0.0890709660367386	0.0820668693009119	0.032377428307123	0.0170477071494648
FBgn0037254	0.27768014059754	0	0	0
FBgn0037255	0.0769822940723632	0.0771747498075445	0.0277136258660508	0.0117397998460354
FBgn0037261	0.0663961038961039	0.0613095238095239	0.0391233766233766	0.018452380952381
FBgn0037262	0.0752508361204014	0.071571906354515	0.0403010033444817	0.0279264214046822
FBgn0037263	0.0601202404809619	0.0541082164328657	0	0
FBgn0037265	0.0410402275497765	0.0605444941080861	0.0400243803331979	0.0463226330759854
FBgn0037270	0.0450643472338495	0.0631411666217346	0.0351036508364431	0.0178497949685713
FBgn0037275	0.044525215810995	0.135393003180372	0	0
FBgn0037276	0.293672627235213	0	0	0
FBgn0037279	0.0330671325180934	0.0230846019465934	0.0267656600948341	0.0230222111305216
FBgn0037282	0.0748410908345296	0.0629485339347958	0.0377281115439819	0.0254254664752922
FBgn0037283	0.279164067373674	0	0	0
FBgn0037284	0.469298245614036	0	0	0
FBgn0037288	0.0153234960272418	0.0215664018161181	0	0
FBgn0037290	0.121578612348822	0.30872056015277	0	0
FBgn0037291	0.114503816793893	0	0	0
FBgn0037293	0.0545401798665506	0.0546368823131224	0.0759114205589402	0.0290107339715695
FBgn0037295	0.313609467455622	0	0	0
FBgn0037296	0.270627062706271	0	0	0
FBgn0037297	0.0780867630700778	0.068075639599555	0.0304783092324805	0.0169076751946607
FBgn0037298	0.0344226696335219	0.0332430765931208	0.0124929626551567	0.0268625506018605
FBgn0037299	0.049934609440019	0.0564736654381168	0.0637855189632625	0.0229461419569612
FBgn0037301	0.0742697783648908	0.0362542198737707	0.051665932775576	0.023778071334214
FBgn0037304	0	0	0.238888888888888	0
FBgn0037305	0.0925925925925924	0.0581395348837209	0.0348837209302326	0.0428509905254091
FBgn0037307	0.350593311758359	0	0.0474649406688243	0
FBgn0037310	0.309196617336152	0	0	0
FBgn0037312	0.0603271306535992	0.0676776372425668	0.0189391431031057	0.0130454936759155
FBgn0037313	0.0476431632255552	0.0571094663030776	0.0446045968056097	0.0253213868328789
FBgn0037315	0.0538540949759119	0.0457673778389539	0.0731819224592796	0.0233425097499427
FBgn0037317	0.0468095016301816	0.0442477876106194	0.0302748020493711	0.0130414531904984
FBgn0037320	0.288082901554405	0	0	0
FBgn0037323	0.124900556881464	0.0525059665871122	0	0
FBgn0037325	0.280587275693312	0	0	0
FBgn0037326	0.486842105263157	0	0	0
FBgn0037327	0.0651493256262041	0.0441955684007706	0.032514450867052	0.0148121387283237
FBgn0037328	0.0585894644313001	0.0539863180532583	0.0298231546314967	0.0211771573893584
FBgn0037329	0.11743119266055	0.0431804281345567	0.0194495412844037	0.015045871559633
FBgn0037330	0.0681520314547838	0.0584534731323722	0.0450851900393185	0.0251638269986894
FBgn0037332	0.0549978175469227	0.0558707987778263	0.0309908336970755	0.0231340026189437
FBgn0037336	0.204261796042618	0.160730593607306	0.0654490106544901	0.087062404870624
FBgn0037338	0.240549828178694	0.185567010309278	0.0927835051546392	0
FBgn0037339	0.0631357984821573	0.0396415307605362	0.0441627644114322	0.0557080574842564
FBgn0037340	0.0534446764091858	0.064926931106472	0.0528183716075156	0.0237995824634655
FBgn0037341	0.0292525961679099	0.0438788942518649	0.0232558139534884	0.0134561942372386
FBgn0037342	0.080398812049215	0.078489605430632	0.0252439541790412	0.0182435299109037
FBgn0037344	0.0967635402906206	0.0761228533685602	0.0272457067371202	0.0259247027741083
FBgn0037345	0.208386277001271	0.0876747141041931	0.0775095298602286	0.118170266836086
FBgn0037347	0.118036897725237	0.112663442593588	0.0549883575138812	0.0487193265269568
FBgn0037350	0.0317380352644837	0.0272040302267003	0.0216624685138539	0.0838790931989925
FBgn0037351	0.0608993429360272	0.0622241722492134	0.0274425871626394	0.0121053870684673
FBgn0037354	0.100573796620975	0.14950589735416	0.150143449155244	0.0752311125278928
FBgn0037356	0.0565998329156224	0.0620300751879699	0.0246449456975773	0.0219298245614035
FBgn0037358	0.0195239294005762	0.0104612458392772	0.0282509580151604	0.00562222035747252
FBgn0037359	0.0902218970982685	0.0602292123872227	0.0124359912216533	0.00853450377956599
FBgn0037360	0.0639615724939956	0.0625079003918595	0.045948679054481	0.0293262545822273
FBgn0037363	0.0446102314250913	0.042859317904994	0.068437880633374	0.0166717417783191
FBgn0037364	0.120502092050209	0.128870292887029	0	0
FBgn0037365	0.194915254237288	0	0	0
FBgn0037368	0.0984848484848485	0.113636363636364	0.0252525252525253	0
FBgn0037369	0.0818617180484883	0.0305297815025442	0.0122717749176893	0.02604010775217
FBgn0037370	0.0406242725872065	0.0103528159881175	0.00291519336710376	0.20380859483246
FBgn0037371	0.108421411524037	0.085236958745312	0.0272758267984999	0.0340947834981248
FBgn0037372	0.196666666666667	0.195555555555555	0.0705555555555556	0.0388888888888889
FBgn0037374	0.0499780316344463	0.0683765377855887	0.0240553602811951	0.0265268014059754
FBgn0037375	0.220114942528736	0.014367816091954	0	0
FBgn0037376	0.08521360668881	0.0823502462489979	0.0373382201351507	0.0192417821555377
FBgn0037377	0.0964297630964297	0.0483817150483817	0.0744077410744077	0.0223556890223557
FBgn0037378	0.060522923346445	0.073513370574819	0.0386738505272205	0.00532178626913034
FBgn0037379	0.0635128071092525	0.0507056978567695	0.0258755880815473	0.021955044432828
FBgn0037382	0.0976528542451461	0.0762097942625327	0.0321645899739206	0.0234714575485367
FBgn0037383	0.0511863503065849	0.0594508131165022	0.0407891229005598	0.0245267928552386
FBgn0037384	0.0764705882352941	0.045	0.0255882352941176	0.0167647058823529
FBgn0037385	0.185747663551402	0	0	0
FBgn0037386	0.0158410138248848	0	0.067684331797235	0
FBgn0037387	0.0203991130820399	0.0151884700665189	0.00277161862527716	0.00155210643015521
FBgn0037388	0.373838456040028	0	0	0
FBgn0037391	0.0332868489662281	0.0676650700297096	0.036864124173892	0.00715455041532771
FBgn0037396	0.0352662178702571	0.00221848225214199	0	0.523561811505508
FBgn0037398	0.359208523592085	0	0	0
FBgn0037402	0.172631578947369	0	0	0
FBgn0037405	0.421052631578947	0	0	0
FBgn0037408	0.0296052631578947	0	0	0
FBgn0037409	0.0480427046263345	0.0711743772241991	0	0
FBgn0037410	0.0197495183044316	0.0303468208092485	0	0
FBgn0037413	0.384615384615385	0	0	0
FBgn0037416	0.442307692307692	0	0	0
FBgn0037418	0	0	0	0
FBgn0037420	0.265474552957359	0.209078404401651	0	0
FBgn0037427	0	0.111111111111111	0	0
FBgn0037432	0.259472817133443	0	0	0
FBgn0037433	0.0398083520643558	0.0763042706731338	0	0.0188690405773098
FBgn0037435	0.0136651029981644	0.0155007138486641	0.00754640016316539	0
FBgn0037439	0.0632265959616559	0.0497654497246584	0.029981643891495	0.00999388129716498
FBgn0037440	0.116708229426434	0.183790523690773	0.0725685785536159	0.118952618453865
FBgn0037442	0.0480078525855531	0.0432784544683888	0.0551465667246687	0.0434123053584973
FBgn0037443	0.0539037591755023	0.0371468821828427	0.0583524875806331	0.0476013939349003
FBgn0037445	0.0785423268447264	0.0545495699411498	0.0509280217292893	0.0479855138071526
FBgn0037446	0.102953041794417	0.0597063095045988	0.0477650476036792	0.0148458931741165
FBgn0037447	0.0404568520822558	0.179078187689598	0.0140634392518138	0.000293570799491144
FBgn0037448	0.048811013767209	0.0976220275344181	0.047976637463496	0
FBgn0037449	0.136363636363636	0	0	0
FBgn0037454	0.290388548057259	0	0	0
FBgn0037455	0.281931464174456	0	0	0
FBgn0037456	0.204395604395604	0	0	0
FBgn0037460	0.398250460405156	0	0	0
FBgn0037461	0.416258570029383	0	0	0
FBgn0037462	0.255351681957186	0	0	0
FBgn0037463	0.247486465583913	0	0	0
FBgn0037464	0.240850059031877	0	0	0.00747737111373475
FBgn0037465	0.0462443790595681	0.0547937600621773	0.0172653083883862	0.0562371620496309
FBgn0037466	0.0803903345724905	0.08364312267658	0.037639405204461	0.0383364312267658
FBgn0037467	0.0611645926273774	0.0617515848790795	0.0493073491429913	0.0239492838694529
FBgn0037468	0.0550045345271857	0.0827731152921533	0.0451005513409243	0.0158348568384989
FBgn0037469	0.0541450777202072	0.0318652849740933	0.0492227979274613	0.0471502590673574
FBgn0037470	0.0696794129007339	0.0718424101969873	0.0266512166859791	0.0249517188103516
FBgn0037472	0.0771824653428251	0.109872611464968	0.0226676657924316	0.0203259647808168
FBgn0037473	0.0583403538331929	0.0598146588037069	0.0494945240101095	0.0522325189553497
FBgn0037475	0.0867678958785248	0	0.0954446854663777	0
FBgn0037477	0	0	0	0
FBgn0037478	0.0901129943502822	0.0666666666666667	0.046045197740113	0.0163841807909604
FBgn0037481	0.162814070351759	0.14572864321608	0.0522613065326632	0.04321608040201
FBgn0037482	0.112972420837589	0.0345250255362615	0.027170582226762	0.0134831460674157
FBgn0037483	0.243101182654402	0	0	0
FBgn0037485	0.234299516908212	0	0	0
FBgn0037486	0.31189229618549	0	0	0
FBgn0037487	0.0386864597390913	0.190658269605638	0	0
FBgn0037489	0.110773240660295	0.0686359687228497	0.0382276281494352	0.0125977410947003
FBgn0037490	0.105133267522211	0.0602171767028628	0.0345508390918065	0.0182625863770977
FBgn0037491	0.0515463917525774	0.0614432989690722	0.0367010309278351	0.0309278350515464
FBgn0037492	0.0364109232769831	0.0286085825747724	0	0
FBgn0037493	0	0	0	0
FBgn0037500	0.19954128440367	0	0	0
FBgn0037502	0.288948069241013	0	0	0
FBgn0037503	0.0216368767638758	0.0291627469426153	0	0
FBgn0037504	0.0776527331189711	0.0821543408360127	0.0438906752411575	0.0223472668810289
FBgn0037506	0.210467079347215	0	0	0
FBgn0037512	0.271570014144272	0	0	0
FBgn0037513	0.0265668695509131	0.0579865109392992	0.00230301036354664	0.0686790590557657
FBgn0037514	0.232717041800643	0	0	0
FBgn0037515	0.0387924103553626	0.044862518089725	0.000723589001447178	0.164737095996141
FBgn0037516	0.304964539007091	0	0	0
FBgn0037517	0.0223426506940483	0	0.0733979844076819	0
FBgn0037518	0.0401568254722586	0.0333848164429132	0.0081976951407865	0.0733040275632649
FBgn0037519	0.184466019417475	0	0	0
FBgn0037520	0.347826086956522	0	0	0
FBgn0037521	0.15648854961832	0.0190839694656488	0	0
FBgn0037525	0.172739541160594	0.0458839406207826	0.00944669365721996	0.00809716599190283
FBgn0037526	0.102722772277228	0.0878712871287129	0.0544554455445545	0.0358910891089109
FBgn0037529	0.0638712823013166	0.0875182837640175	0.0362018527547538	0.0333983422720624
FBgn0037530	0.0924301163027954	0.0680133306128001	0.034346731959464	0.028225532204312
FBgn0037531	0.159090909090909	0.0492424242424242	0.0606060606060606	0
FBgn0037533	0.0659970919274059	0.0802951155151058	0.0270073778878776	0.0481447573913512
FBgn0037534	0.0149530782716304	0.0810147468289159	0.000969371970712594	0
FBgn0037535	0.0304731355252605	0.0160384923817161	0.02485966319166	0
FBgn0037536	0.07335044291746	0.116069211027403	0.0240913982945608	0.0317079228412949
FBgn0037537	0.0509487524279098	0.103671746600926	0.00562154489765425	0.066001792917974
FBgn0037538	0.0405765646747977	0.0753969190120076	0.0431951685578806	0.0092712732076718
FBgn0037539	0.0464880227365003	0.0578562728380024	0.0801867641088103	0.0146163215590743
FBgn0037540	0.078740157480315	0.0748031496062992	0.0236220472440945	0.0170603674540682
FBgn0037541	0.0848857307470711	0.0821970424428656	0.0347608987900902	0.0299596696754369
FBgn0037543	0	0	0	0
FBgn0037544	0.0331967213114754	0.0565573770491803	0.0237704918032786	0.0229508196721312
FBgn0037546	0.157894736842105	0	0	0
FBgn0037547	0.1068524970964	0.00987224157955867	0	0
FBgn0037548	0.0100534087338988	0.0141376060320452	0	0.00596921143575245
FBgn0037549	0.0775639521239144	0.0759211452710632	0.0346162872565125	0.0319173902839709
FBgn0037550	0.0733252866626433	0.088111044055522	0.0440555220277611	0.0347012673506336
FBgn0037551	0.0303202411638778	0.0418541657564769	0.0384027262003583	0.0633928961509896
FBgn0037552	0.0872359963269054	0.106060606060606	0.0404040404040404	0.241505968778696
FBgn0037553	0.0488899975056124	0.00848091793464702	0	0.283112995759541
FBgn0037554	0.0691375623663578	0.052744119743407	0.030648610121169	0.0138987883107627
FBgn0037555	0.0501983143282102	0.0535448686167576	0.028135845314824	0.0157411998016857
FBgn0037556	0.0971858638743455	0.102094240837696	0.0193062827225131	0.0235602094240838
FBgn0037560	0.103400893163861	0.0766059773273789	0.276193747852971	0.0422535211267605
FBgn0037561	0.0644257703081233	0.0494864612511671	0.0368814192343604	0.0186741363211951
FBgn0037562	0.00696055684454756	0	0.0304717710750194	0
FBgn0037563	0.0555896805896805	0	0	0
FBgn0037565	0.0441256090958311	0.12777476989713	0.0140768814293449	0
FBgn0037566	0.0696613019457122	0.0413163583953879	0.0437184722555849	0.0120105693009849
FBgn0037569	0.0805134189031506	0.074290159471023	0.0213924542979385	0.0124465188642552
FBgn0037570	0.516129032258064	0	0	0
FBgn0037571	0.346232179226069	0	0	0
FBgn0037572	0.291071428571428	0	0	0
FBgn0037573	0.0702235632972157	0.0811274173638732	0.0246879714716774	0.0141955835962145
FBgn0037574	0.0704225352112676	0.0642831347056698	0.0400866738894908	0.012639942217407
FBgn0037578	0.10379746835443	0.0727848101265822	0.0265822784810127	0.0208860759493671
FBgn0037579	0.295400663821717	0	0	0
FBgn0037580	0.0586816449077356	0.105117565698478	0.023395067975576	0.0110987416928111
FBgn0037581	0.22020725388601	0.038860103626943	0	0
FBgn0037583	0.0491474423269809	0.0538281511200266	0.0262454028752925	0.0112002674690739
FBgn0037584	0	0	0	0
FBgn0037592	0.0715880931257075	0.0171321932266651	0.292012114908068	0.0632973353320892
FBgn0037601	0.0296322741877901	0.123884327026062	0	0
FBgn0037602	0.0293167701863354	0.0462111801242236	0.0278260869565217	0
FBgn0037603	0.0283716283716284	0.0396603396603396	0.0428571428571429	0.0141858141858142
FBgn0037606	0.0636731689363269	0.0747147589252853	0.013617960986382	0.0379094589620905
FBgn0037607	0.0360662612707067	0.0324117065572297	0.00951082886499118	0.0158014558308121
FBgn0037608	0.0607819702919585	0.0771726139661945	0.0332934949632918	0.0239030220249275
FBgn0037609	0.0511742534067847	0.0637866048129894	0.039576688895332	0.0273992461583068
FBgn0037610	0.152947960213349	0.024217961654894	0.0129739080294075	0.0145596078996685
FBgn0037611	0.0465328467153285	0.0693430656934306	0	0
FBgn0037612	0	0	0	0
FBgn0037613	0.0254285714285714	0.0128571428571428	0.00971428571428568	0.00285714285714285
FBgn0037614	0.0308411214953271	0.0450467289719626	0.00915887850467288	0.00672897196261682
FBgn0037615	0	0.00826210826210826	0	0
FBgn0037616	0.20933734939759	0	0	0
FBgn0037617	0.0494243190115137	0.0320134793597304	0.0247121595057568	0.030890199382196
FBgn0037618	0.145945945945946	0	0	0
FBgn0037619	0.0381818181818182	0.0369696969696969	0.0381818181818182	0.0133333333333333
FBgn0037620	0.0647321428571427	0.0647321428571427	0.0736607142857143	0
FBgn0037621	0.0729050279329609	0.0579608938547485	0.0437150837988826	0.0199720670391062
FBgn0037622	0.0930232558139535	0.0601073345259392	0.0429338103756708	0.0322003577817531
FBgn0037623	0.0832983340333192	0.0253394932101358	0.119417611647767	0.0544589108217837
FBgn0037624	0	0.000791835298257962	0	0
FBgn0037625	0	0	0	0
FBgn0037626	0.260215053763441	0	0	0
FBgn0037627	0.0686567164179103	0.0776119402985073	0	0
FBgn0037630	0	0	0	0
FBgn0037632	0.0750343530773125	0.0879438779200116	0.0285672958703985	0.0071599045346062
FBgn0037633	0.0905874026893136	0.0601556970983722	0.0205237084217976	0
FBgn0037634	0.0884244372990354	0.0766345123258307	0.0305466237942122	0.0241157556270096
FBgn0037635	0.0131481936593758	0.00092160235930204	0.00165888424674367	0.142602605062669
FBgn0037636	0.0566219968610406	0.059579862368707	0.0215501629844259	0.0356452975974888
FBgn0037637	0.0548950734035846	0.048545438169864	0.0419256056921552	0.0285508421147437
FBgn0037638	0.0830661614689596	0.0661614689594869	0.0529000291460216	0.0377440979306325
FBgn0037643	0.0385939638406684	0.0708204278614134	0.0145645753799611	0.129496506518764
FBgn0037644	0.0762448132780083	0.0712309820193636	0.0337136929460581	0.0235131396957123
FBgn0037646	0.0252938170669392	0.0199284619315279	0.0132856412876852	0.0360245273377619
FBgn0037647	0.0365853658536586	0.0351653859004343	0.051703975943869	0.0475275643167392
FBgn0037648	0.0315292811545933	0.0367471551484874	0.0552317513183459	0.0325839578129337
FBgn0037652	0.136898158420235	0.156423341468826	0.115819835810961	0.112935433769692
FBgn0037653	0.0954735223027907	0.0572401669962647	0.031641397495056	0.015600966820479
FBgn0037654	0.380636604774535	0	0	0
FBgn0037655	0.0645026469768738	0.0738831615120274	0.0462524380050153	0.0134670753227454
FBgn0037656	0.120497427101201	0.0454545454545454	0.0424528301886792	0.0158662092624356
FBgn0037657	0.0827056342271768	0.0721602892437483	0.0302802048809882	0.0173244953299186
FBgn0037659	0.0779280311712122	0.0540912216364887	0.0297960119184048	0.0169608067843227
FBgn0037660	0.0738164684765539	0.0881759030738164	0.0358985864931568	0.0264752075387031
FBgn0037661	0.0769867549668874	0.0612582781456954	0.027317880794702	0.0380794701986754
FBgn0037664	0.145871225900328	0.158603128410331	0	0
FBgn0037665	0.453164556962026	0.139240506329114	0	0
FBgn0037667	0.0816206694069289	0.0352319436288902	0.0152671755725191	0
FBgn0037668	0.222826086956522	0	0	0
FBgn0037669	0.125191776618595	0.0500153421294876	0.0257747775391224	0.0217858238723535
FBgn0037670	0.0747830525778459	0.0765696784073507	0.0331801939765186	0.0293517100561511
FBgn0037671	0.0451005270349404	0.0715986726527425	0.0262834276790943	0.0134881905133711
FBgn0037672	0.12791149068323	0.00329968944099379	0	0
FBgn0037675	0.479452054794521	0	0	0
FBgn0037676	0.53125	0	0	0
FBgn0037677	0.0523752160477661	0	0.583027811239721	0
FBgn0037678	0.0370627549691866	0	0.352486763301797	0
FBgn0037679	0.0649167372283376	0.0691504374823596	0.0632232571267288	0.0254022015241321
FBgn0037680	0.0681289464938519	0.0771020272515787	0.0129611166500498	0.0199401794616151
FBgn0037683	0.177587329138642	0.00433933608157951	0.0064005207203298	0.0504447819483619
FBgn0037684	0.0198467082889193	0	0.0336023552103955	0.0671539515760621
FBgn0037685	0	0	0	0
FBgn0037686	0.164648628896972	0.174365107047353	0.10570199478466	0.0423372697526866
FBgn0037687	0.0955965374482499	0.0684983063605571	0.104629281144148	0.24614226571321
FBgn0037688	0.150720838794233	0.182830930537353	0.0963302752293578	0.0733944954128441
FBgn0037690	0.48	0	0	0
FBgn0037696	0.0407706093189964	0.0663082437275986	0.0219534050179212	0.0737007168458783
FBgn0037697	0.0568981339859284	0.0192719486081371	0.00382379932701132	0
FBgn0037698	0.0964912280701755	0.0438596491228071	0	0
FBgn0037700	0.0695181490129483	0.0690936106983655	0.0396943324135004	0.0202717045213331
FBgn0037702	0.0925771476230192	0.0552543786488742	0.073185988323603	0.0498331943286071
FBgn0037703	0.0741770978210477	0.0607324988409829	0.0662957811775615	0.0361613351877608
FBgn0037705	0.0676401869158878	0.0663551401869158	0.048247663551402	0.0269859813084112
FBgn0037707	0.125163161711385	0.0522117476432197	0.0191443074691806	0.0037708484408992
FBgn0037708	0.0706319702602229	0.0706319702602229	0.0492565055762082	0.0362453531598513
FBgn0037709	0.0320424158598432	0.0435684647302904	0.0426463808206547	0.0191332411249424
FBgn0037710	0.0688387029938879	0.0921993162747332	0.0111882316378328	0.0723091266963638
FBgn0037712	0.182170542635659	0.0930232558139535	0.0581395348837209	0.186046511627907
FBgn0037713	0.0912698412698414	0.0793650793650795	0.048611111111111	0.0505952380952381
FBgn0037714	0	0	0	0.00822302446851187
FBgn0037715	0.0184101858224364	0.0363041982105987	0.0130763936682725	0.00481761871988988
FBgn0037716	0.0854853072128228	0.0730186999109528	0.0387355298308103	0.0195903829029386
FBgn0037717	0	0	0	0
FBgn0037718	0.0519282168766704	0.0703649157257405	0.020727649593629	0.023018600338188
FBgn0037719	0.0515930485155684	0.0890658942795076	0.0509594496741493	0.0191889934829834
FBgn0037720	0.0406717927964387	0.0779036827195468	0.0191218130311615	0.00111290975313638
FBgn0037721	0.0980521189786785	0.167280863385101	0	0
FBgn0037722	0	0	0	0
FBgn0037723	0.0018272256623693	0	0	0
FBgn0037724	0.0605582752777255	0.000451892299002071	0.188001318019206	0
FBgn0037726	0.285714285714286	0.0714285714285714	0	0
FBgn0037727	0.0212765957446808	0	0	0.127659574468085
FBgn0037728	0.0577495513502476	0.0879353514512612	0.0305834058695208	0.0266610786937039
FBgn0037730	0.0252244785191325	0.000994612515540822	0	0.109517889211217
FBgn0037734	0.0839763143728692	0.0701596985465636	0.0437825228781626	0.0242239368383277
FBgn0037736	0.192567567567567	0	0	0
FBgn0037737	0.0632551528073916	0.0533049040511727	0.0266524520255864	0.0248756218905472
FBgn0037739	0.0604281113847318	0.0615646902822502	0.0147755256677401	0.0147755256677401
FBgn0037741	0.06	0.0531249999999999	0.0237500000000001	0.0125
FBgn0037742	0.297931034482758	0.0655172413793104	0	0
FBgn0037743	0.0395344540920007	0.0581932384999076	0.0221688527618696	0.0426750415665989
FBgn0037744	0.0673597763410798	0.0496243229075659	0.0413244801677443	0.0675345098724446
FBgn0037746	0.472663139329806	0.0393885949441505	0.0146972369194591	0
FBgn0037747	0.0536805353505965	0.0590631364562117	0.0298225196392202	0.0222577829502473
FBgn0037749	0.054769392033543	0.0179070580013976	0.0280398322851153	0.0189552760307477
FBgn0037750	0.0314009661835748	0	0.149653434152489	0.0141251837849191
FBgn0037751	0.172757475083056	0	0.0240863787375415	0.0490033222591363
FBgn0037753	0	0	0	0
FBgn0037754	0.0771349862258953	0.0275482093663911	0	0
FBgn0037755	0.0447207274076823	0.0658749304138057	0.0313601781406569	0.0137316756355539
FBgn0037756	0.041468337077796	0.0666006625794905	0.0198773847149766	0.0592132820532348
FBgn0037757	0.0496946725626448	0.0467466835123184	0.0252684775742261	0.00758054327226784
FBgn0037758	0.0495458748028499	0.0366563332789471	0.0693968564746831	0.0206123891880132
FBgn0037759	0.247135842880524	0	0	0
FBgn0037760	0.0803914715134568	0.084003262262612	0.0484679016660842	0.0245834789700571
FBgn0037761	0	0	0	0
FBgn0037763	0.120800571837026	0	0	0
FBgn0037764	0	0	0	0
FBgn0037765	0.0491613649508386	0.41873915558126	0	0
FBgn0037766	0.5	0	0	0
FBgn0037770	0.0868125804671692	0.0881000551774877	0.0237263196615781	0.0102997976825455
FBgn0037772	0	0	0	0
FBgn0037773	0.185770750988143	0	0	0
FBgn0037777	0.131419457735247	0.0373205741626795	0.0191387559808613	0.015311004784689
FBgn0037778	0.0621562156215622	0.0940594059405941	0.0385038503850384	0.0242024202420243
FBgn0037779	0.0295306001188355	0.0352346999405823	0.00540701128936422	0.113725490196078
FBgn0037780	0.0664105378704721	0.0748627881448956	0.0602634467618002	0.0199780461031833
FBgn0037781	0.0322227093380097	0	0.158702323542306	0
FBgn0037782	0.00423223652837386	0	0.0414149843692046	0
FBgn0037783	0.0314650934119961	0	0.30514585381842	0
FBgn0037786	0.450980392156863	0	0	0
FBgn0037788	0.0148067331670823	0.020573566084788	0.0258728179551123	0.00709164588528678
FBgn0037792	0.0664150943396226	0.0452830188679245	0.0324528301886792	0.0105660377358491
FBgn0037794	0.0704225352112676	0.113719353155973	0.0297339593114241	0.0443401147626499
FBgn0037796	0.0522132039159903	0.142163835662288	0.00476947535771065	0
FBgn0037798	0.231308411214953	0	0	0
FBgn0037801	0.046233955756028	0.000994991874233027	0	0.424264535172963
FBgn0037802	0.079865016872891	0.092238470191226	0.0404949381327334	0
FBgn0037807	0.0973154362416107	0.120805369127517	0.117449664429531	0
FBgn0037809	0.145054945054945	0.175824175824176	0.114285714285714	0.0681318681318682
FBgn0037810	0.383808969132208	0.0722189866045427	0.0448456610366919	0.017472335468841
FBgn0037811	0.452173913043478	0.0652173913043478	0	0
FBgn0037812	0.485564304461943	0	0	0
FBgn0037814	0.10621521335807	0.0742115027829313	0.0245825602968461	0.0250463821892393
FBgn0037815	0.0550366911274183	0.0413609072715143	0.029352901934623	0
FBgn0037816	0.0966887417218542	0.066225165562914	0.047682119205298	0
FBgn0037817	0.0245586606735718	0.0542635658914729	0.0216923978893883	0.0508110220832519
FBgn0037818	0.289703315881326	0.0680628272251309	0	0
FBgn0037819	0.0470316114109484	0.116358262657415	0.0140066820868671	0.0186969930609098
FBgn0037822	0.192201834862386	0.167431192660551	0.113761467889908	0.0261467889908257
FBgn0037824	0.286069651741293	0	0	0
FBgn0037826	0.19672131147541	0	0	0
FBgn0037827	0.161710037174721	0	0	0
FBgn0037828	0.227880330999364	0	0	0
FBgn0037829	0.399628252788104	0	0	0
FBgn0037831	0.0651821862348179	0.0315789473684211	0.0230769230769231	0.0117408906882591
FBgn0037832	0	0.119926199261993	0	0
FBgn0037834	0.0836803874092009	0.0917191283292979	0.0398062953995157	0.0182082324455206
FBgn0037835	0.0713356133288945	0.128174086740716	0.0172210284192367	0
FBgn0037836	0.308823529411765	0.102941176470588	0.0882352941176471	0
FBgn0037837	0.276595744680851	0	0	0
FBgn0037838	0.219211822660099	0.0591133004926108	0	0
FBgn0037842	0.0350301039956213	0.0399562123700056	0.0287903667214012	0.0350301039956213
FBgn0037843	0.0714535551891272	0.0677559586268926	0.0141408084744916	0.00464697946334883
FBgn0037844	0.149882903981264	0	0	0
FBgn0037845	0.0108630054315027	0	0.0452625226312613	0
FBgn0037846	0.0411836485661989	0.0335570469798658	0.035692495424039	0.0125076266015864
FBgn0037848	0.0655567117585848	0.0693028095733611	0.0472424557752341	0.0312174817898023
FBgn0037849	0.134366925064599	0.0594315245478037	0	0
FBgn0037850	0.0253200568990043	0.0753911806543386	0.011379800853485	0
FBgn0037852	0.0485890799799632	0.0494239438971448	0.043412923693438	0.0572716647186507
FBgn0037853	0.0503731343283582	0.0494402985074626	0.0480410447761194	0
FBgn0037855	0.0753512132822478	0.0801404853128991	0.0169220945083014	0.0166028097062579
FBgn0037856	0.0512137359384252	0.0509177027827117	0.0707519242155122	0.0156897572528124
FBgn0037857	0.228682170542636	0	0	0
FBgn0037860	0.250628667225482	0	0	0
FBgn0037862	0.246569278441789	0	0	0.0101814962372731
FBgn0037870	0.0176470588235294	0	0.115294117647059	0
FBgn0037873	0.034703196347032	0.0490541422048271	0.0262230919765166	0.0105022831050228
FBgn0037874	0.0286250762301133	0.0528100827029861	0.0133683546064386	0.0249045117528112
FBgn0037875	0.0479668674698794	0.0658132530120481	0.0310240963855421	0.0210090361445783
FBgn0037876	0.103536977491961	0.0694533762057878	0.0308681672025724	0
FBgn0037877	0.0538033395176253	0.0808375298171219	0.0392260800424066	0.0121918897429101
FBgn0037878	0.0741132252760159	0.0426356589147287	0.0236081747709655	0.00939628846605593
FBgn0037880	0.07011393514461	0.0902716914986854	0.0346187554776511	0.0205959684487292
FBgn0037881	0.0740487582592844	0.070631123262702	0.0492139439507861	0.0221007063112326
FBgn0037882	0.0565770862800565	0.0622347949080622	0.0193305044790194	0.0136727958510137
FBgn0037883	0.028673835125448	0.0427867383512545	0	0.0161290322580645
FBgn0037884	0.0750038741670539	0.0849217418255077	0.035177436851077	0.0142569347590268
FBgn0037885	0.0533737950731881	0.0337379507318814	0.0155301677972153	0.0210639057479471
FBgn0037890	0.104166666666667	0.158811475409836	0.128415300546448	0.0638661202185792
FBgn0037891	0.0673965104344851	0.0619226821758467	0.0219380773178241	0.0146253848785494
FBgn0037892	0.0649945474372955	0.0418756815703381	0.0342420937840785	0.0157033805888768
FBgn0037894	0.108946709336302	0.0580214275775706	0.0306108251008766	0.0176707944900515
FBgn0037895	0.136	0	0	0
FBgn0037897	0.0601753453772583	0.0310839532412328	0.100557917109458	0.085414452709883
FBgn0037898	0.0591133004926109	0.0763546798029557	0	0
FBgn0037899	0.0310395714232567	0.0394102109401157	0.015637594712236	0.0146951227073749
FBgn0037900	0.097943842582357	0.0428918859164272	0.0391333185938536	0.018129560026531
FBgn0037901	0.0531360112755461	0.101832276250881	0.0395348837209302	0.0340380549682875
FBgn0037902	0.162162162162162	0	0	0
FBgn0037906	0.018689088476973	0.0181158035543665	0.0546149436269825	0.00233135868526657
FBgn0037908	0	0	0	0
FBgn0037910	0.551948051948053	0	0	0
FBgn0037911	0.0713391739674594	0.106070087609512	0.048811013767209	0.0103254067584481
FBgn0037912	0	0	0	0
FBgn0037913	0.00608836540816839	0.00405497531305059	0.00344407291872637	0.00853787742405775
FBgn0037915	0.26972540841154	0	0	0.00938477580813347
FBgn0037916	0.407407407407407	0	0	0
FBgn0037917	0.0397357828465269	0.0404582516255549	0.0367426979048406	0.00753431726700381
FBgn0037918	0.0872843022281791	0.0678505612330373	0.0154129669961468	0.0150779024962305
FBgn0037920	0.0568982880161128	0.0659617321248742	0.0241691842900302	0.0206445115810675
FBgn0037921	0.0995670995670997	0	0	0
FBgn0037922	0	0	0	0
FBgn0037923	0.0441286462228871	0.0231862378459236	0	0
FBgn0037924	0.15289153636138	0.0508811119384462	0.0206006453214197	0.0148920327624721
FBgn0037926	0.0719584569732938	0.0545252225519288	0.0296735905044511	0.0192878338278931
FBgn0037930	0.0496431185944363	0.0246614202049781	0.0271778916544656	0.0662975841874085
FBgn0037931	0.0906274206041829	0.0681642137877614	0.0472501936483346	0.0232378001549187
FBgn0037933	0.041743937856468	0.0321914692606459	0.135536582805556	0.0245634906749711
FBgn0037934	0.0614916800405441	0	0.385167666188023	0
FBgn0037935	0.0580973129992737	0	0.277172597434035	0.130476882110869
FBgn0037936	0.0145555363022007	0	0.0842141743198753	0.0251256281407035
FBgn0037939	0.254514321295143	0	0	0.00700498132004981
FBgn0037941	0.5	0	0	0
FBgn0037942	0.141271442986882	0.0403632694248234	0.0319542549613186	0.0608812647157753
FBgn0037943	0.0773469789411533	0.0523518992324346	0.0362133438299547	0.0303089942924621
FBgn0037944	0.0938490805326569	0.0555907841893891	0.0443880786303107	0.0295920524202072
FBgn0037949	0.117406701171343	0.064832470716426	0.0403159901934078	0.0313266140016344
FBgn0037950	0.195652173913043	0	0	0.260869565217391
FBgn0037955	0.0385377124938109	0.0477801617428618	0.0272322165373824	0.0232711668592177
FBgn0037956	0.0807829734348297	0.119154885816374	0.00574801926363211	0
FBgn0037958	0.0978142076502733	0.0568306010928962	0.0202185792349726	0.0087431693989071
FBgn0037960	0.128653006382264	0.0621430970775949	0.0335908632851864	0.0487067517635203
FBgn0037962	0.302577319587629	0	0	0
FBgn0037963	0.0866416309012878	0.0769849785407725	0.00456008583690987	0.00187768240343347
FBgn0037964	0.530864197530865	0	0	0
FBgn0037970	0	0	0	0
FBgn0037972	0.0920389654014107	0.0530735639905946	0.0127645280483709	0.0900235136042995
FBgn0037973	0.0313009787928222	0.0108075040783034	0.0525081566068515	0.122349102773246
FBgn0037974	0.105534105534106	0.0714285714285714	0.072072072072072	0.297940797940797
FBgn0037975	0.0536856277347693	0	0	0.518007404914171
FBgn0037976	0.0244852531997775	0	0.125765164162493	0
FBgn0037978	0.066211604095563	0.0604095563139932	0.0238907849829352	0.142491467576792
FBgn0037979	0.073582121020451	0.0636727809403334	0.0423782416192284	0.0278304870335231
FBgn0037980	0.102211434735706	0.0539374325782094	0.0280474649406689	0.0175296655879181
FBgn0037981	0.0627435697583789	0.0662509742790336	0.0654715510522214	0.0202650038971161
FBgn0037985	0.285551763367463	0	0	0.0113765642775881
FBgn0037986	0.398058252427185	0	0	0
FBgn0037987	0.395848246241947	0	0	0
FBgn0037988	0.25809029165002	0	0	0
FBgn0037989	0.102222222222222	0.0773333333333334	0.0675555555555555	0.00888888888888888
FBgn0037993	0.473684210526316	0	0	0
FBgn0037994	0.242774566473989	0	0	0
FBgn0037995	0.26295585412668	0	0	0
FBgn0037996	0.010792099368764	0	0.0963143962533091	0
FBgn0037998	0.0621796300423445	0.060396701582349	0.0481390684198796	0.0238466681524404
FBgn0037999	0.0698036165662067	0.274159051137468	0.0114719035582345	0.012638537818394
FBgn0038000	0.268625827814569	0	0	0
FBgn0038003	0.216867469879518	0	0	0
FBgn0038008	0.260952380952381	0	0	0
FBgn0038009	0.0967066823783571	0.385666764864732	0	0.0018105268326214
FBgn0038012	0.274	0	0	0
FBgn0038013	0.0692320618383463	0.0962863384305159	0.030078978322971	0.0346160309191733
FBgn0038016	0.100616388687455	0.0659898477157359	0.0368020304568528	0.0163161711385062
FBgn0038017	0.0727040816326531	0.086734693877551	0.0255102040816326	0
FBgn0038018	0.361955085865257	0	0	0
FBgn0038020	0.04	0.0207407407407407	0.0112592592592593	0.014320987654321
FBgn0038028	0	0	0	0
FBgn0038034	0.0675853018372704	0.0203412073490814	0.281167979002625	0.162073490813649
FBgn0038035	0.0267426567295046	0.0302498903989478	0.0176823030834429	0.0241122314774222
FBgn0038037	0.0153831259983542	0.0021879084176388	0.147751585265502	0.00652500121012635
FBgn0038038	0.0425026803492112	0.0564787869505284	0.0709526726910706	0.0722928472966763
FBgn0038039	0.15181315304241	0.156730178242164	0.140442532267978	0.0565457897971727
FBgn0038042	0.0605759682224428	0.0178748758689176	0	0
FBgn0038043	0.0721270632201806	0.0563064465898473	0.0365618187480536	0.0290875116786048
FBgn0038045	0	0	0	0
FBgn0038046	0.0920917844703955	0.0897357098955132	0.0270436385986478	0.020180290923991
FBgn0038047	0.491803278688525	0	0	0
FBgn0038049	0.0705941591137967	0.0630412890231622	0.0293051359516616	0.0172205438066465
FBgn0038051	0.337004405286344	0	0	0
FBgn0038052	0.217832302936631	0	0	0.0100463678516229
FBgn0038053	0.0726691892562496	0.108181874573538	0.00980088083865762	0.0981949010607279
FBgn0038054	0.319727891156463	0.0544217687074831	0	0.0894071914480078
FBgn0038055	0.0843091334894614	0.0913348946135832	0.0304449648711944	0.0538641686182669
FBgn0038056	0.0320512820512821	0.0391545391545391	0.0408870408870409	0.0148995148995149
FBgn0038057	0.0496894409937888	0.0496894409937888	0.0248447204968944	0.0201863354037267
FBgn0038058	0.0606365159128978	0.0757118927973199	0.0666666666666666	0.040536013400335
FBgn0038063	0.0119417243850012	0.0484834010031049	0	0
FBgn0038065	0.0398658336747235	0.0437064727570668	0.0259115116755428	0.0292912740680049
FBgn0038070	0.0404509283819628	0.076923076923077	0.026525198938992	0
FBgn0038071	0.066131830008673	0.0235617230413415	0.118965018791558	0.0379444926279271
FBgn0038072	0.0574162679425837	0.0598086124401913	0.0454545454545454	0
FBgn0038073	0.363636363636364	0	0	0
FBgn0038074	0.0172241768628892	0	0	0.164364858478181
FBgn0038076	0.0104106419895894	0.0104106419895894	0.0133024869866975	0
FBgn0038078	0.173717948717949	0	0	0
FBgn0038079	0.0792614696008952	0.298023125699365	0.0120290936217829	0
FBgn0038080	0.0353174166574981	0.0255253603256684	0.0287160303663769	0.00858180217845748
FBgn0038082	0.0203562340966921	0	0.222222222222222	0
FBgn0038083	0.119387216059165	0	0.236309209367846	0.0422609614368727
FBgn0038084	0.5	0	0	0
FBgn0038087	0.5	0	0	0
FBgn0038088	0.0622980438483723	0.175636704770508	0.0011118446197144	0
FBgn0038089	0.390070921985815	0	0	0
FBgn0038090	0.216981132075471	0	0	0
FBgn0038092	0.18705035971223	0	0	0
FBgn0038095	0.0176794387479763	0	0.103745277927685	0.00725310307609282
FBgn0038097	0.356955380577428	0	0.0892388451443568	0
FBgn0038098	0.00411543803693606	0	0.0301455836205566	0
FBgn0038099	0.340277777777777	0.201388888888889	0	0
FBgn0038100	0.0453873211287873	0.0587177232392677	0.0208250059956831	0.0164881285474458
FBgn0038102	0.263485477178424	0	0	0
FBgn0038105	0	0	0	0.454545454545454
FBgn0038106	0.0683923705722071	0.0697547683923705	0.0422343324250681	0.0190735694822888
FBgn0038107	0	0	0	0
FBgn0038108	0.103699750978299	0.0876912130914264	0.0327285663464959	0.0167200284596229
FBgn0038109	0.204197901049475	0.00989505247376313	0.0215892053973014	0.0239880059970015
FBgn0038110	0.0499489190159317	0.0612419581964271	0.0736946737719856	0.0521854377778391
FBgn0038111	0.0638820638820638	0.0326522694943747	0.0212724686408898	0.0260571576361049
FBgn0038113	0.0578854105138807	0.260779681039574	0	0.00679267572356764
FBgn0038114	0.0550507749866381	0.326919650810618	0	0
FBgn0038115	0.0232288904656981	0.0229674720842514	0.00283825671285058	0.088620831310453
FBgn0038118	0.099441340782123	0.0581005586592177	0.0290502793296089	0
FBgn0038122	0.197622585438336	0	0	0
FBgn0038123	0.235528942115768	0	0	0
FBgn0038124	0.222996515679443	0	0	0
FBgn0038125	0.252941176470588	0	0	0
FBgn0038126	0.0367824409068981	0.105704293294742	0	0
FBgn0038127	0.230176211453744	0	0	0
FBgn0038128	0.0547169811320755	0.0679245283018868	0.049685534591195	0.0204402515723271
FBgn0038129	0.0984759671746776	0.0485680790487356	0.0673254061296265	0.301457042371462
FBgn0038130	0.0381727158948685	0.0168961201501877	0	0
FBgn0038134	0	0	0.108571428571429	0
FBgn0038135	0.0128734345483804	0	0.0655915483103617	0
FBgn0038136	0	0	0.0263625187815872	0
FBgn0038139	0.0315948601662888	0.133938019652305	0.00287226001511716	0
FBgn0038140	0.0816326530612245	0.0714285714285715	0	0
FBgn0038143	0.121134020618557	0.0489690721649485	0	0
FBgn0038145	0.0636690184180775	0.0591897190778083	0.0242712194284242	0.0139244672782174
FBgn0038146	0.0795311845960653	0.0548346588530766	0.0322310590205107	0.0129761406446211
FBgn0038147	0.021626275011087	0	0.0458090939921216	0.0731745493439073
FBgn0038149	0.0544936262038284	0.113835866423348	0.00327681057104418	0.000732620249623698
FBgn0038150	0.0536044362292052	0.0480591497227357	0	0
FBgn0038151	0.0457731958762887	0.122886597938144	0	0
FBgn0038156	0.0290909090909091	0.0218181818181818	0	0
FBgn0038158	0.207486631016043	0	0	0
FBgn0038160	0.5	0	0	0
FBgn0038161	0.145931405514459	0.0995292535305985	0	0
FBgn0038163	0.223304122038299	0	0	0
FBgn0038165	0.150278293135436	0	0	0
FBgn0038166	0.0467987052175344	0.10133318703023	0.033631425906622	0.0137159159488671
FBgn0038167	0.0935808197989171	0.0562645011600929	0.0340293890177881	0.0114075792730085
FBgn0038168	0.0982539212784851	0.0523823616454573	0.0242675347736016	0.0115418762947618
FBgn0038172	0.0349048684946838	0.00216843872411863	0	0.151790710688304
FBgn0038173	0.0393939393939394	0.0171717171717172	0.134343434343434	0
FBgn0038179	0.047328012930599	0.22396201636529	0.00242448732195171	0
FBgn0038180	0.066034721482586	0.218979657045479	0.0213015230588987	0.00197039088294813
FBgn0038181	0.0112921747689616	0.077158637283316	0.000410127412916279	0
FBgn0038183	0.0581730769230769	0.054647435897436	0.0400641025641025	0.015224358974359
FBgn0038186	0.310751104565537	0	0	0
FBgn0038188	0.537313432835822	0	0	0
FBgn0038189	0.339350180505415	0	0	0
FBgn0038190	0.545454545454545	0	0	0
FBgn0038191	0.206521739130435	0	0	0
FBgn0038194	0.0341324754307875	0.00337138072363492	0.130690582169142	0.119805209113745
FBgn0038195	0.0727736473652792	0.0641450046127964	0.0371737124871113	0.0308786020513378
FBgn0038196	0.0529784320438205	0.0281581650119823	0.015662444368367	0.00967134542964739
FBgn0038197	0.0515611915300874	0.0372054073453763	0.0287115683694222	0.108266539059696
FBgn0038198	0.0671205639573416	0.267819485449178	0.00349460745917936	0
FBgn0038199	0.0220706260032102	0	0.0971107544141252	0
FBgn0038200	0.257979237861887	0	0	0.00451350828551163
FBgn0038201	0.0985915492957747	0.0774647887323944	0.0915492957746478	0
FBgn0038202	0.311526479750779	0	0	0
FBgn0038205	0	0	0	0
FBgn0038206	0.0326098635435693	0.0414741592349844	0.0227785537767271	0.00762866659503599
FBgn0038207	0.065263157894737	0	0	0
FBgn0038208	0.173647469458988	0.0173065735892961	0	0.00625363583478765
FBgn0038209	0.192203082502266	0	0	0
FBgn0038210	0.284749034749035	0	0	0
FBgn0038213	0.204518430439953	0	0	0
FBgn0038214	0.0356272119543846	0	0	0.310499410145497
FBgn0038217	0.329826732673268	0	0	0
FBgn0038218	0.222222222222222	0	0	0
FBgn0038219	0.274176408076514	0	0	0
FBgn0038220	0.0452359816540909	0.0277038023376239	0.0736795383932534	0.0127237757064655
FBgn0038221	0.0457038391224863	0.036563071297989	0.250457038391225	0.0968921389396711
FBgn0038223	0.1078184110971	0.0532786885245901	0.040983606557377	0.0195460277427491
FBgn0038224	0.0331477732793522	0.0323220754314937	0.0145163008736416	0.00723151502237375
FBgn0038225	0.231005844355583	0	0	0
FBgn0038233	0.10832083958021	0.0468515742128936	0.0254872563718141	0.0296101949025487
FBgn0038234	0.0691525423728814	0.0616949152542373	0.0366101694915254	0
FBgn0038235	0.045004787743377	0.056176188956272	0.026811362910948	0.0338333865304819
FBgn0038237	0.0358158044343377	0.076748152359295	0.00909607731665718	0.0130756111426947
FBgn0038238	0	0.275362318840579	0	0
FBgn0038239	0.990913949759487	0	0	0
FBgn0038240	0.774891774891775	0	0	0
FBgn0038241	0.777589134125637	0	0	0
FBgn0038242	0.808177991581479	0	0	0
FBgn0038243	0.0902874686017305	0.0969857661177785	0.20276304772537	0.0969857661177785
FBgn0038244	0.189210630702102	0.191193970646569	0.0678302261007536	0.0483934946449822
FBgn0038246	0.143426294820717	0	0	0
FBgn0038247	0.358974358974359	0	0	0.179487179487179
FBgn0038248	0.250906693043191	0	0	0.00791295746785361
FBgn0038250	0.0563799797883091	0.146056060847827	0	0.11499388330408
FBgn0038251	0.0835448392554993	0.0714890016920475	0.0289763113367174	0.0169204737732657
FBgn0038252	0.540772532188841	0	0	0
FBgn0038256	0.0700762927380616	0.0536874823396439	0.00480361684091551	0.0101723650748799
FBgn0038257	0.00397067806963959	0.00458155161881491	0.00977397678680514	0.0135410303400529
FBgn0038258	0.360103626943005	0	0	0
FBgn0038260	0.152091254752852	0.375792141951838	0.0126742712294043	0
FBgn0038261	0.0799180327868853	0.143442622950819	0.0307377049180328	0
FBgn0038262	0.209150326797386	0	0.0370370370370371	0
FBgn0038266	0.275717703349283	0	0	0
FBgn0038268	0.0589849108367628	0.0582990397805212	0.0349794238683128	0.0253772290809327
FBgn0038269	0.127690359920419	0.0500994754928559	0.0276722734671731	0.0153734852595406
FBgn0038271	0.0504473735702723	0.04872191685789	0.0194069409609193	0.00885853033779817
FBgn0038272	0.0383961681087764	0.0374690976514216	0.0570148331273177	0.0118201483312732
FBgn0038273	0.0461847389558233	0.0863453815261042	0	0
FBgn0038274	0.0781493001555209	0.0524883359253499	0.0209953343701399	0.0077760497667185
FBgn0038275	0.076403173670291	0.0708198648251542	0.031148986188657	0.0111666176902733
FBgn0038277	0.338853503184713	0	0	0
FBgn0038279	0.130742049469965	0.0447585394581862	0.0200235571260306	0
FBgn0038280	0.238942307692308	0	0	0
FBgn0038281	0.262576008844665	0	0	0
FBgn0038282	0.183006535947712	0	0	0
FBgn0038286	0.0629567172568859	0.0356942102304665	0.0378489788270565	0.0491849353569421
FBgn0038290	0	0	0	0.00527950310559004
FBgn0038291	0	0	0	0
FBgn0038292	0.0203825563238903	0	0.117360026767789	0
FBgn0038294	0.0137124995085125	0.0648665120119529	0.00127786733771085	7.86379900129751e-05
FBgn0038295	0	0	0	0
FBgn0038296	0.226583407671722	0.00847457627118645	0	0.00758251561106157
FBgn0038299	0.0143931959437357	0	0	0.0877330716388616
FBgn0038300	0.0721743077621425	0.0721743077621425	0.0381298229686791	0.0154334997730367
FBgn0038301	0.121060530265132	0.132316158079039	0.0587793896948474	0.0417708854427214
FBgn0038302	0.0805769709027605	0.101467296692365	0.0567023128574981	0.0601840338224322
FBgn0038303	0.0617052324369398	0.0414842609964561	0.14675839066083	0.031686470710861
FBgn0038304	0.0752630640271092	0.0574282147315854	0.0638487604779738	0.0242553950419119
FBgn0038306	0.104002521273243	0.0636621493854397	0.0340371887803341	0.00598802395209581
FBgn0038307	0.116458960034379	0.0408250966910184	0.0264288783841856	0
FBgn0038309	0	0	0	0
FBgn0038311	0.312244897959184	0	0	0
FBgn0038312	0.189839572192513	0.0610516934046346	0.203208556149733	0.0681818181818182
FBgn0038313	0.041649652919559	0.0298080849326255	0	0
FBgn0038316	0.0592806116054645	0.0730668003509211	0.0439904749968668	0.0162927685173581
FBgn0038318	0.0844383775351013	0.0703978159126364	0.0936037441497661	0.00975039001560065
FBgn0038319	0.0521281020379868	0.0768057673644809	0.0431165950367393	0.0177457368639956
FBgn0038320	0.0799315248880695	0.0463523834606267	0.049644456149592	0.0268633131419542
FBgn0038321	0.0362697914486991	0.00425472553532817	0.0551021831624468	0
FBgn0038324	0.0901639344262295	0.0560109289617488	0.0245901639344262	0.0286885245901639
FBgn0038325	0.0591060985797828	0.0384294068504595	0.0526315789473684	0.0175438596491228
FBgn0038326	0.0384333149880757	0.0370574206567603	0.0441203448908456	0.025958539717483
FBgn0038327	0.0798939167909831	0.0553621747057847	0.0377921432123322	0.0290071274656058
FBgn0038330	0.155669442664958	0.0185778347213325	0	0
FBgn0038331	0.0373121535912235	0.0483972344437461	0.0275984229472602	0.0103422661562196
FBgn0038332	0.102739726027397	0.0234833659491194	0	0
FBgn0038334	0.226092896174863	0	0	0
FBgn0038337	0.15082482325216	0.0267085624509033	0	0
FBgn0038341	0.0722985229334025	0.0430163254729205	0.0121793210676341	0.0290230629696813
FBgn0038342	0.501533742331289	0	0	0
FBgn0038344	0.0743048897411314	0.0560882070949185	0.0407478427612655	0.0450623202301054
FBgn0038345	0.316630355846042	0	0	0
FBgn0038348	0.0246768507638073	0.138660399529965	0	0
FBgn0038349	0.117772750125691	0.276646556058321	0.0126948215183509	0.0555555555555554
FBgn0038353	0.0111166319973724	0.000816904017988732	0.0482352346704171	0.000829536554349382
FBgn0038354	0.258397932816537	0.155038759689922	0	0
FBgn0038355	0.261700095510984	0	0	0
FBgn0038356	0.230271668822769	0	0	0
FBgn0038357	0.231286795626577	0	0	0
FBgn0038359	0.255246350364964	0	0	0.0139142335766423
FBgn0038360	0.0703920570264765	0.077520366598778	0.0474796334012219	0.0402240325865579
FBgn0038361	0.194206008583692	0	0	0
FBgn0038363	0.0456968773800457	0.036972928062037	0.0244409056290245	0.0226407256110226
FBgn0038365	0	0.0916666666666667	0	0
FBgn0038366	0.0619207065560245	0.18818847964284	0	0
FBgn0038369	0.0469911891520341	0.0387427357370494	0.0402424545397739	0.0131225395238393
FBgn0038371	0.0631443298969071	0.0786082474226803	0.029639175257732	0
FBgn0038373	0.241285956006768	0	0	0.00913705583756346
FBgn0038376	0.061597885749136	0.0636308192722099	0.0612929457206749	0.0125025411669038
FBgn0038377	0.261472275334608	0	0	0
FBgn0038380	0.0350985221674876	0	0.142857142857143	0
FBgn0038381	0.076883780332056	0.0896551724137931	0.0120051085568327	0
FBgn0038385	0.110859728506787	0.13499245852187	0	0
FBgn0038386	0.355769230769231	0	0	0
FBgn0038387	0.0574566962399662	0.0452049007182087	0.025559780312632	0.0133079847908745
FBgn0038388	0.0543090794715873	0.0536101209198295	0.0559865799958063	0.0484378276368211
FBgn0038389	0.210974456007569	0.174550614947966	0.0657521286660359	0.0416272469252601
FBgn0038390	0.0985915492957749	0.0897887323943663	0.0211267605633803	0
FBgn0038391	0.0302760463045414	0	0.133570792520036	0
FBgn0038395	0.138721351025332	0.270205066344994	0.0627261761158021	0.0579010856453559
FBgn0038396	0.0809096872949922	0.0741307675486552	0.0367373715285371	0.0198994095779576
FBgn0038397	0	0.0972222222222221	0	0
FBgn0038398	0.0478672071028759	0.0992086469793474	0	0
FBgn0038400	0.148102207888861	0.229719672537832	0.0672289754403374	0.0324981394194989
FBgn0038401	0.0811831340465702	0.0339836375078666	0.0704845814977973	0.0371302706104469
FBgn0038402	0.509803921568628	0	0	0
FBgn0038404	0.0534750043546419	0.126981362132033	0.0524298902630202	0
FBgn0038405	0.0731707317073171	0	0	0
FBgn0038407	0.0449097472924187	0.145776173285199	0.00613718411552346	0.00707581227436824
FBgn0038412	0.0546113754815318	0.182415590301382	0.0464536596419669	0.0179016542034897
FBgn0038414	0.0306995470558631	0	0.193759436336185	0
FBgn0038415	0	0	0	0
FBgn0038416	0.0187483725371062	0	0.161965107195556	0
FBgn0038418	0.0962821734985702	0.100095328884652	0.0314585319351764	0.0142993326978074
FBgn0038419	0.00702535983550379	0.0102810143934201	0.00531185743660039	0.00394105551747773
FBgn0038420	0.0280973268228088	0.0607878838036911	0.0046759910618224	0.0828850451046925
FBgn0038421	0.00229877286095805	0.00321152090869139	0.00189310706196545	0
FBgn0038422	0.0469011725293132	0.0452261306532663	0	0
FBgn0038423	0.160411823314514	0	0	0
FBgn0038424	0.0474850905817487	0.0466974232024304	0.0433217058624957	0.0281309778327895
FBgn0038425	0.060688901038819	0.0535811919081466	0.0235101148168398	0.020776380535812
FBgn0038426	0.0512361160874238	0.039591544249373	0.0229308491580079	0.0125403081332855
FBgn0038427	0.0802933796564371	0.0679405520169849	0.0428488708743486	0.0206523837097086
FBgn0038428	0.0764963192147658	0.0913261495785767	0.0878053984850101	0.0455563853622105
FBgn0038429	0.0537261698440208	0.0259965337954939	0.0138648180242634	0.0196418255343731
FBgn0038431	0.122222222222222	0	0.0248677248677249	0.00529100529100529
FBgn0038432	0.0514950166112957	0.0519102990033223	0.0554401993355482	0.010797342192691
FBgn0038437	0.119976703552708	0.052417006406523	0.0343622597553874	0
FBgn0038438	0.0782146355114035	0.0486217993563734	0.0434448020148314	0.0339303204141599
FBgn0038440	0	0	0.099800399201597	0
FBgn0038445	0.417989417989419	0	0	0
FBgn0038446	0.0531587057010786	0.111270085846357	0.0411622276029057	0.0204710543693595
FBgn0038447	0	0.166666666666667	0	0
FBgn0038448	0.195325542570951	0	0	0
FBgn0038449	0.0331871518312196	0.204812137015527	0	0
FBgn0038451	0	0.826315789473684	0	0
FBgn0038453	0.0955827302221113	0.0368521753597871	0.0267032692787622	0.0121454121953249
FBgn0038454	0.0728051391862955	0.0706638115631692	0.0449678800856531	0.0256959314775161
FBgn0038455	0.101123595505618	0.105012964563526	0.164649956784788	0.0414866032843561
FBgn0038458	0.383177570093458	0	0	0
FBgn0038460	0.0258266956311852	0.0213613323678494	0.0754887762490949	0.0497827661115134
FBgn0038461	0.131055900621118	0.145962732919255	0.132919254658385	0.1
FBgn0038462	0.150039904229848	0.185953711093376	0.100558659217877	0.0901835594573025
FBgn0038463	0.0583074189249223	0.0485339848956021	0.140715237672146	0.0221012883163039
FBgn0038465	0.0229651364276968	0.00831735323337107	0.000716216528429173	0.182357969641661
FBgn0038466	0.0156289600405508	0	0.075019008194644	0.00321027287319423
FBgn0038467	0.0427549028720142	0.0191002881308672	0.00748210800260248	0.142252997490473
FBgn0038468	0.0571428571428571	0.421428571428571	0	0
FBgn0038469	0	0	0	0
FBgn0038470	0.157814871016692	0.039453717754173	0.0288315629742033	0
FBgn0038471	0.0973651191969885	0.0557089084065245	0.0451693851944793	0.0336260978670013
FBgn0038472	0.0645554202192448	0.0860738936256598	0.0312626877791312	0.0292326431181486
FBgn0038473	0.0640900195694716	0.0642530984996737	0.031474233529028	0.0189171559034573
FBgn0038474	0.0644683216005928	0.070211189329381	0.0342719525750278	0.0109299740644683
FBgn0038475	0.0127944169816807	0.0133759813899389	0.0147329650092081	0.0153145294174663
FBgn0038476	0.136036561649164	0.0376312718786465	0.0241151302994944	0.00563982886036561
FBgn0038478	0.120932491500729	0.0490529383195727	0.0252549781447304	0.0184555609519185
FBgn0038479	0.0211267605633803	0	0.0592723004694837	0
FBgn0038481	0.00658952105432335	0	0.0437962070073932	0
FBgn0038482	0.0061451798745359	0	0.0540263730636283	0
FBgn0038484	0.00947115856824145	0	0.0798102962017146	0.000449003072864781
FBgn0038486	0.378854625550661	0	0	0
FBgn0038488	0.114190847408691	0.043308791684712	0.0314710552908907	0.0306048794571965
FBgn0038490	0.108108108108108	0.0882882882882881	0	0.0486486486486487
FBgn0038491	0.0453065653825285	0.0575149213239284	0.0393380358111774	0.0138361367335865
FBgn0038492	0.102424900470503	0.47846543612016	0.00217155266015201	0
FBgn0038494	0.0652680652680652	0.0233100233100233	0.027972027972028	0
FBgn0038498	0.0583756345177664	0	0.0368020304568528	0
FBgn0038499	0.0792517843957665	0.0679301009106572	0.0489785872507999	0.0337189269013045
FBgn0038504	0.0649993809582766	0.035285378234493	0.0399900953324255	0.0220378853534728
FBgn0038505	0	0.0109239872553482	0	0
FBgn0038507	0	0	0	0
FBgn0038508	0	0	0	0
FBgn0038509	0.0732057240254564	0.0219004058809824	0	0
FBgn0038511	0.0717875089734387	0.159727207465901	0	0
FBgn0038515	0.0971971066907776	0.0590717299578058	0.0517631103074141	0.0206449668474985
FBgn0038516	0	0	0	0
FBgn0038519	0.0624785247967015	0.0538311762684686	0.0234222883976634	0.0162066200893368
FBgn0038523	0.950614250614251	0	0	0
FBgn0038524	0.0561713319556641	0.0390757091865489	0.0204771745256434	0.0259252301333834
FBgn0038530	0.108986615678776	0	0	0
FBgn0038532	0.098441926345609	0.0524079320113315	0.0254957507082153	0.0134560906515581
FBgn0038533	0.0245567837349582	0.0367126978780734	0.0514712636639211	0.0050522061300101
FBgn0038535	0.176947167755991	0.189882897603486	0.051266339869281	0.15223311546841
FBgn0038536	0.0631553279687881	0.0760790051207023	0.0458424774445258	0.0197512801755669
FBgn0038539	0.295721673718853	0	0	0
FBgn0038540	0.191119691119691	0	0	0
FBgn0038541	0.078125	0	0.0625000000000001	0
FBgn0038542	0.073209549071618	0	0.158090185676393	0
FBgn0038545	0.115887142586631	0.085211134254876	0.0138231395569021	0.0115508426434387
FBgn0038546	0.074245269391882	0.066878520872454	0.0427560306225625	0.0167557417304637
FBgn0038547	0.0572562358276644	0.0102040816326531	0	0
FBgn0038548	0.0616324264297612	0.0749583564686285	0.0521932259855635	0.0266518600777346
FBgn0038549	0.0612021857923498	0.0360655737704918	0.0295081967213115	0
FBgn0038551	0.072667398463227	0.0647639956092206	0.0320526893523601	0.0173435784851811
FBgn0038552	0.0452438049560352	0.0470823341326938	0.0865707434052758	0.0255795363709034
FBgn0038558	0.342007434944238	0	0	0
FBgn0038564	0.0568440200090951	0.0654843110504775	0.0536607548885857	0.0140973169622555
FBgn0038565	0.309111880046136	0	0	0
FBgn0038567	0.195620437956204	0	0	0
FBgn0038569	0.17787913340935	0.141391106043329	0.127993158494869	0.0396237172177879
FBgn0038570	0	0	0	0
FBgn0038571	0	0	0	0
FBgn0038575	0.40653594771242	0	0	0
FBgn0038576	0.123130608175474	0.0672981056829512	0.0333998005982053	0.014456630109671
FBgn0038577	0.0479074674690321	0.120862803329295	0.0506428041108202	0.0116056426087296
FBgn0038578	0.0742584526031941	0.0819332088778263	0.0342252644679527	0.0261356565028002
FBgn0038581	0.302507836990596	0	0	0
FBgn0038582	0.0638510142999668	0.0971067509145327	0.0478882607249751	0.0152976388427003
FBgn0038583	0.0716735253772292	0.0397805212620028	0.0298353909465021	0.01440329218107
FBgn0038584	0.0396970488378167	0.0673805171062941	0.0417863671977017	0.0352572473230609
FBgn0038585	0.0939957797813158	0.0673316708229427	0.0354882025704969	0.0132361404181853
FBgn0038586	0.0616918103448276	0.0665409482758621	0.0360991379310345	0.0309806034482759
FBgn0038588	0.117516629711752	0.0613451589061346	0.0288248337028825	0.0103473762010347
FBgn0038590	0.0790513833992095	0.0540184453227931	0.0480895915678524	0.0171277997364954
FBgn0038592	0	0	0	0
FBgn0038593	0.0663623595505618	0.0639044943820225	0.0445926966292135	0.0207162921348315
FBgn0038595	0.0186230926348672	0.00600744923705396	0.104049020785774	0.00708879009972367
FBgn0038596	0.482758620689655	0	0	0
FBgn0038597	0.0783540022547914	0.0591882750845547	0.0366403607666291	0.0129650507328072
FBgn0038598	0.237290715372907	0.00471841704718415	0.0045662100456621	0.00852359208523593
FBgn0038601	0.0635856079404466	0.0601736972704715	0.0384615384615384	0.0155086848635236
FBgn0038603	0.0684969114619079	0.103363074811256	0.0190803019903912	0.0743994509265616
FBgn0038606	0.05859375	0	0.05859375	0
FBgn0038607	0.238319591676482	0	0	0
FBgn0038608	0.08712715855573	0.0423861852433281	0.0251177394034538	0
FBgn0038609	0.0908736349453979	0.0678627145085803	0.0366614664586583	0.0101404056162247
FBgn0038610	0.11497461928934	0.066497461928934	0	0
FBgn0038611	0	0	0	0
FBgn0038612	0.307400379506642	0	0	0
FBgn0038613	0.0487347703842547	0	0.342080599812559	0
FBgn0038617	0.052608047690015	0.0664679582712371	0.0384500745156483	0.0117734724292101
FBgn0038619	0.0872053872053872	0.0673400673400674	0.0383838383838384	0.0242424242424242
FBgn0038626	0.51497005988024	0	0	0
FBgn0038627	0.0616045845272206	0.0821394460362942	0.0222858962113977	0.0480738618274437
FBgn0038629	0.0364285714285715	0.26	0	0
FBgn0038630	0.253865617093056	0	0	0
FBgn0038631	0	0.494623655913977	0	0
FBgn0038632	0.338541666666667	0.208333333333333	0	0
FBgn0038638	0.0227953835363132	0.00879933686156986	0.0622648727921954	0
FBgn0038639	0.0651141758987113	0.0741578114401987	0.0470269048157359	0.0395659054940086
FBgn0038640	0.0746047430830039	0.0859683794466403	0.0405138339920948	0.0242094861660079
FBgn0038641	0.138655462184874	0.0546218487394957	0	0
FBgn0038643	0.188468404928258	0	0	0
FBgn0038645	0.026243015571376	0	0.0821042629832374	0
FBgn0038646	0.149559103221716	0	0	0
FBgn0038647	0.014253385259764	0	0.138334079062352	0
FBgn0038649	0.125090383224873	0.0339840925524223	0.0162689804772234	0.0144613159797541
FBgn0038651	0.0626328575766778	0.0553446705132098	0.0620255086547221	0.0435013665350744
FBgn0038652	0.037491877842755	0.041130604288499	0.0139701104613385	0.0185185185185185
FBgn0038653	0.226027397260274	0.301369863013699	0.0410958904109589	0
FBgn0038655	0.229077253218884	0	0	0
FBgn0038656	0.276295133437991	0	0	0
FBgn0038658	0.103309929789368	0	0.0112337011033099	0
FBgn0038659	0.0584037111930535	0.0507910074937551	0.031164505769002	0.0159390983704056
FBgn0038660	0.0365525728088965	0.0548744359874208	0.0011849961259742	0.0974431429743403
FBgn0038662	0.0412291754164917	0.0306593868122638	0.0130547389052219	0.0119347613047739
FBgn0038666	0.0643699002719855	0.0634632819582956	0.0253853127833182	0.0208522212148685
FBgn0038672	0.0783595752471622	0.0377151226656902	0.0622482607103626	0.0128158183815453
FBgn0038673	0.0626989178866964	0.0674729471674094	0.0346912794398472	0.0127307447485678
FBgn0038674	0.0471537807986407	0.194137638062871	0	0
FBgn0038675	0.0522357445644741	0.0875153835635169	0.0469027758785723	0.0158621632708875
FBgn0038676	0.0522388059701492	0.0671641791044777	0	0
FBgn0038678	0.0866598430569772	0.0726714431934493	0.0399181166837257	0
FBgn0038679	0.0539322350015544	0.142057817842711	0.00777121541809141	0.00264221324215107
FBgn0038680	0.0832766825288919	0.167912984364378	0.173351461590754	0
FBgn0038681	0.0586342091403827	0.00825092164550296	0.440224705951197	0
FBgn0038682	0.0257105724134035	0.0422105441600271	0.0550375769904504	0
FBgn0038683	0.121326803205699	0.028940338379341	0.018699910952805	0.0111308993766697
FBgn0038685	0.227360308285164	0	0	0
FBgn0038686	0.0608208035494208	0.0622997288636924	0.0467710130638403	0.0141114123736751
FBgn0038690	0.27940074906367	0	0	0
FBgn0038691	0.335329341317366	0	0	0
FBgn0038692	0.0498274374460742	0.0685936151855048	0.0375323554788611	0.0297670405522002
FBgn0038693	0.202702702702703	0.0405405405405406	0.0202702702702703	0
FBgn0038694	0.274761904761905	0	0	0
FBgn0038695	0.5	0	0	0
FBgn0038697	0.232591529073941	0	0	0
FBgn0038700	0.00754218178990746	0	0.057927066324547	0
FBgn0038701	0.0302197802197802	0	0.274725274725275	0
FBgn0038704	0.105872622001654	0.0805624483043836	0.0284532671629446	0.0443341604631927
FBgn0038706	0.211460337823391	0	0	0.00726961727603162
FBgn0038708	0.227027027027027	0	0	0
FBgn0038709	0.261382799325463	0	0	0
FBgn0038715	0.488188976377953	0	0	0
FBgn0038716	0.0683432419634872	0.0790235176513917	0.00110485610564529	0.117167359393908
FBgn0038717	0.53765690376569	0	0	0
FBgn0038718	0.484557309540151	0	0	0
FBgn0038719	0.614190012180269	0.00852618757612668	0	0.00395858708891595
FBgn0038720	0.030020075633783	0.0521966478360334	0.0166207572715813	0.0019141883374574
FBgn0038721	0.0491029272898962	0.0485127478753541	0.0029508970727101	0.14423984891407
FBgn0038722	0.128077455048409	0.0450899031811895	0.0185338865836791	0.00553250345781467
FBgn0038723	0.0610006151322534	0.0593602624564282	0.0317818330941152	0.0213245847857289
FBgn0038725	0.267226890756303	0	0.00924369747899161	0
FBgn0038732	0	0	0	0
FBgn0038733	0	0	0.524999999999999	0
FBgn0038734	0.0680646270195944	0	0.383980749398419	0
FBgn0038735	0.0755055029434349	0.105451753263373	0.0327617097517277	0.0389045303301766
FBgn0038737	0.0486991327551702	0.0653769179452968	0.0363575717144763	0.0276851234156105
FBgn0038738	0.0359416692522494	0.0386844554762643	0.0566677008997828	0.0197579894508222
FBgn0038739	0.271870794078062	0.113593539703903	0.0487213997308209	0.0207267833109018
FBgn0038740	0.0570142535633907	0.0309452363090773	0.0641410352588147	0.00900225056264066
FBgn0038741	0.153684210526316	0.178947368421052	0.122105263157895	0.0547368421052632
FBgn0038742	0.105915692525682	0.113708820403826	0.0377848624394853	0.214311016648955
FBgn0038744	0.0378031383737519	0.127674750356633	0.0171184022824536	0.00855920114122682
FBgn0038745	0.0656589686344838	0.0727958130512755	0.0411741024045676	0.0619990484207445
FBgn0038746	0.0585137507314219	0.0708016383850205	0.0424224692802808	0.00936220011702752
FBgn0038747	0.0391673995895632	0.0230430958663149	0.0713573732043389	0.0327763119319847
FBgn0038750	0.16396242527754	0	0	0
FBgn0038752	0.106692160611855	0.065774378585086	0.0416826003824092	0
FBgn0038753	0.186046511627907	0	0	0
FBgn0038755	0.120648052395726	0.118235091347811	0.0306790761806274	0.0217166494312306
FBgn0038756	0	0	0.49402390438247	0
FBgn0038760	0.0748898678414097	0.0763582966226138	0.040014684287812	0.0146842878120411
FBgn0038761	0.0416126943005182	0.0791774611398964	0.0454987046632125	0
FBgn0038763	0.0469687875150059	0.0429171668667467	0.0523709483793516	0.0112545018007203
FBgn0038765	0.072463768115942	0.0905797101449275	0.0422705314009663	0
FBgn0038766	0.1731843575419	0.139664804469274	0	0
FBgn0038767	0.090176515732924	0.0422102839600921	0.0245587106676899	0.012279355333845
FBgn0038768	0.0684196404614972	0.076737322243091	0.0324657901797692	0.0179769251408639
FBgn0038769	0.0656455142231947	0.062727935813275	0.062727935813275	0.012399708242159
FBgn0038771	0.076235149708474	0.052036298277147	0.0316513962561922	0.0441453684625839
FBgn0038772	0.0329102021626705	0.0347907851433944	0.0105782792665726	0.00564174894217208
FBgn0038773	0.30568356374808	0	0	0
FBgn0038774	0.0139439258534645	0.112612537927147	0.00286007991643593	0
FBgn0038775	0.225425950196592	0	0	0
FBgn0038783	0.0533694737825965	0	0.360687914758388	0
FBgn0038784	0.0616013882002975	0	0.483114361262602	0.000227235167740869
FBgn0038787	0.0545368321214037	0.0570660765096426	0.0300347771103383	0.0203920328801771
FBgn0038788	0.0488486623186475	0.029016371622521	0.0161054172767203	0.0147743910555038
FBgn0038790	0	0	0.657142857142857	0
FBgn0038795	0.00375503516078378	0	0	0.0298354611865912
FBgn0038796	0.302536231884058	0	0	0
FBgn0038797	0.251404909790003	0	0	0
FBgn0038799	0.059184409960303	0.0958137856369542	0.00667629014796101	0
FBgn0038803	0.0782076259393265	0.0871138324519898	0.0253270247703869	0.0133593097689953
FBgn0038804	0.107267645003494	0.0751222921034242	0.162473794549266	0
FBgn0038805	0.0606486595039662	0.0661713023395924	0.0345416206446431	0.0124510493021388
FBgn0038806	0.071022024251423	0.0690423162583519	0.0269735214055927	0.0173224449393714
FBgn0038808	0.0434146596311582	0.0551172874980409	0.0197481845253644	0.018860038660467
FBgn0038809	0.0467199485061417	0.0732714691841442	0.0623022045808077	0.0180764898353269
FBgn0038810	0.0582097274922387	0.0607968264918937	0.0263021731631598	0.0231976543635736
FBgn0038811	0.0769864141622066	0.0728694936187732	0.0428159736517086	0.0160559901193907
FBgn0038815	0.163565132223311	0.0303623898139078	0	0
FBgn0038816	0.0732298739088263	0.0586808923375363	0.0499515033947623	0.0213385063045587
FBgn0038818	0.119283065512979	0.0241038318912237	0	0
FBgn0038819	0	0	0	0
FBgn0038820	0.304517133956386	0	0	0
FBgn0038821	0	0	0	0
FBgn0038826	0.0966536549561272	0.0432722783838788	0.0144129716745071	0.0625563006706035
FBgn0038827	0.129251700680272	0.0629251700680271	0.0170068027210884	0
FBgn0038828	0.0388523610280933	0	0	0.0358637178720861
FBgn0038829	0.177312390924957	0.171727748691099	0.0556719022687607	0.0691099476439791
FBgn0038830	0.0477972674392388	0.0307525815033593	0.0570861703566759	0.0345402894891103
FBgn0038832	0.0116812682519816	0	0.017104714226116	0
FBgn0038833	0	0	0	0
FBgn0038834	0.0376731045194941	0.0483094643787413	0.0323213663631511	0.0300809552269335
FBgn0038837	0.188172043010753	0	0	0
FBgn0038838	0	0	0	0.690821256038647
FBgn0038839	0.0952380952380952	0	0.0846560846560848	0
FBgn0038842	0.0392494663121231	0.0874499082431369	0.00644170630313471	0.00730309726227482
FBgn0038845	0.0326009606831524	0	0.215619996441914	0
FBgn0038846	0.0697831065606899	0	0	0.364812070591405
FBgn0038852	0	0	0.0928571428571429	0
FBgn0038853	0.0704145371947758	0.0601930721181148	0.0147643384440659	0.064168086314594
FBgn0038854	0.0481764206955047	0.0393553859202714	0.0359626802374894	0.0437659033078881
FBgn0038855	0.0596872875594832	0.0469068660774983	0.0261046906866077	0.0235214140040789
FBgn0038857	0.0691566265060241	0.106746987951807	0.0412048192771084	0.0306024096385542
FBgn0038858	0.0231816509260395	0.0260026983932295	0.0116521525818717	0.0420704035324419
FBgn0038860	0.203753351206434	0.158176943699732	0.0777479892761394	0.0536193029490617
FBgn0038861	0.0756280756280756	0.0857290857290855	0.0691530691530692	0.0476560476560476
FBgn0038862	0.0734219269102989	0.051827242524917	0.0388704318936877	0.0176079734219269
FBgn0038865	0.0985172981878089	0.00691927512355848	0	0.298517298187809
FBgn0038866	0.0769230769230769	0.415915119363395	0	0
FBgn0038868	0.0551637777631319	0.0567455348316088	0.0274830290647861	0.0149607856060107
FBgn0038869	0.0737852429514097	0.0650869826034793	0.0446910617876425	0.0116976604679064
FBgn0038870	0.0499065919402188	0.0384307445956766	0.0266880170803309	0.0144115292233787
FBgn0038871	0.0201051654809775	0.0235075781008351	0.0154655119084442	0.0136096504794309
FBgn0038872	0.0897580191333706	0.0742824985931345	0.0317951603826674	0.0146314012380416
FBgn0038873	0	0	0	0
FBgn0038874	0.110694183864916	0.0365853658536586	0.00938086303939962	0
FBgn0038876	0.042398722230289	0.0444315376796864	0.026281399738638	0.0254101931174677
FBgn0038877	0.0357423216563635	0.0881169659503482	0.015258561475812	0.0250711412030223
FBgn0038878	0.0546153846153847	0.0769230769230769	0.033076923076923	0.162307692307692
FBgn0038880	0.533333333333334	0	0	0
FBgn0038881	0.0466753733462041	0.0237919482141844	0.0750667196638466	0.00715461927204589
FBgn0038887	0.258417508417508	0	0	0
FBgn0038889	0.0899581589958158	0.0509065550906555	0.0439330543933054	0.0407949790794979
FBgn0038890	0.0684402000909502	0.0516143701682583	0.0677580718508413	0.0111414279217826
FBgn0038892	0.211499798954564	0	0	0
FBgn0038893	0.0206804536357572	0.0214587502779631	0.0200133422281521	0.00856126306426508
FBgn0038897	0.0157019704433498	0.00400246305418719	0.0141625615763547	0.0560344827586208
FBgn0038901	0	0	0.132743362831858	0
FBgn0038902	0	0	0	0
FBgn0038903	0.087994971715902	0.0471401634192332	0	0
FBgn0038909	0.247458952306489	0	0	0
FBgn0038912	0.116472545757072	0.062396006655574	0.0446478092068774	0.0149750415973378
FBgn0038915	0.255563047875927	0	0	0
FBgn0038916	0.034515819750719	0	0	0
FBgn0038917	0.0600706713780917	0.0406360424028269	0.0265017667844523	0
FBgn0038919	0.107237189646064	0.353407290015848	0	0
FBgn0038921	0.241046831955923	0	0	0
FBgn0038922	0.0603791877625768	0.0551545836475276	0.015673812345147	0.0111494129053108
FBgn0038923	0.0991542723826187	0.095654709827938	0.0536599591717702	0.0239136774569845
FBgn0038924	0.0370225013082156	0.0332940868655154	0.0582482993197279	0.0284209837781267
FBgn0038925	0.0657542866131824	0.048686487336794	0.0202925908447381	0.0115620575743275
FBgn0038926	0.15	0	0.040625	0
FBgn0038927	0	0	0	0
FBgn0038928	0.0207799601480216	0.0307429547395388	0.0108169655565044	0.00640478223740393
FBgn0038934	0.277672955974843	0	0	0.00849056603773585
FBgn0038938	0.127032520325203	0	0.016260162601626	0
FBgn0038943	0.0319231305635841	0.176017255226342	0	0
FBgn0038944	0	0.223350253807106	0	0
FBgn0038946	0	0	0	0
FBgn0038947	0.0360806755530742	0.0404494382022472	0.0522995324167772	0.0158699141600949
FBgn0038948	0.0654423701298701	0.0608766233766233	0.0335836038961038	0.00892857142857141
FBgn0038950	0.0637817497648165	0.0779554719347757	0.0336782690498589	0.0163687676387582
FBgn0038951	0.0623791102514507	0.0681818181818182	0.0425531914893617	0.0343326885880078
FBgn0038952	0.247767857142857	0.0106026785714286	0	0.0133928571428571
FBgn0038953	0.0549872122762148	0.0402813299232737	0.0737425404944584	0.0236572890025575
FBgn0038957	0.196978851963747	0	0	0
FBgn0038959	0.113095238095238	0.348544973544974	0	0
FBgn0038960	0.227272727272727	0	0	0
FBgn0038961	0.086092715231788	0.0498265531378114	0.0397350993377483	0.0141911069063387
FBgn0038964	0.0713329902213073	0.0539372104992281	0.051363870303654	0.00864642305712815
FBgn0038965	0.065528854386666	0.0502311775786289	0.0875049945773161	0.0172384268508477
FBgn0038966	0.0382228158390949	0.0103315524827153	0.194060339409177	0.00628535512256442
FBgn0038968	0.084580351333767	0.0533506831489915	0.0344827586206897	0.0156148340923878
FBgn0038972	0.0309352517985612	0.0324640287769783	0.0772482014388488	0.0147482014388489
FBgn0038973	0.0103259052376925	0	0.0958244006057864	0
FBgn0038974	0.0448586644817698	0.0434248258910283	0.0161818926669398	0.0565342072920934
FBgn0038975	0.121739130434782	0.0591304347826085	0.048695652173913	0
FBgn0038976	0.065572894399316	0.0595339888841385	0.0256519880290723	0.0155515177426251
FBgn0038977	0.0399032648125755	0.215235792019347	0	0
FBgn0038978	0.383592017738359	0	0	0
FBgn0038979	0.272263006702841	0	0	0
FBgn0038980	0.0874524714828898	0.0304182509505704	0.0228136882129278	0
FBgn0038981	0.0403666857648835	0.0200531277670712	0.0590655763321006	0.0122923068909839
FBgn0038983	0.178861788617886	0	0	0
FBgn0038984	0.0397099889836805	0.0234160838265058	0.0411446724566393	0.050828785899111
FBgn0038986	0	0.428571428571429	0	0
FBgn0038989	0.0643584521384927	0.0486761710794298	0.0362525458248472	0.00855397148676171
FBgn0038993	0.236933797909407	0	0	0
FBgn0039002	0.472527472527473	0	0	0
FBgn0039003	0.136917562724014	0.0616487455197132	0.0455197132616487	0.0232974910394266
FBgn0039004	0.111591355599214	0.0636542239685658	0.0267190569744598	0.0117878192534381
FBgn0039006	0.0796710357234642	0.0691338987406837	0.22230789000257	0.11076843998972
FBgn0039007	0.5	0	0	0
FBgn0039008	0.0338881690421608	0.120303000099671	0	0
FBgn0039010	0.391506303915064	0	0	0.0165892501658925
FBgn0039013	0.0683556405353729	0.0544933078393881	0.0310707456978968	0.0124282982791587
FBgn0039015	0.0606525071162689	0	0.308298664331071	0
FBgn0039016	0.225301204819277	0.143373493975904	0.0590361445783131	0.0759036144578314
FBgn0039017	0.309576837416481	0.0846325167037864	0.0512249443207127	0.0400890868596882
FBgn0039019	0.224288204532249	0.148750726321906	0.0848343986054619	0.041836141778036
FBgn0039020	0.0668662674650699	0.0429141716566867	0.0379241516966067	0.0124750499001996
FBgn0039022	0.10426267281106	0	0	0.334677419354839
FBgn0039023	0.0379746835443038	0	0	0.165400843881857
FBgn0039024	0.0212630910821961	0.024436686766106	0	0.0396699460488734
FBgn0039025	0.0470634763693889	0.0632786236899349	0.0397468855052402	0.012853470437018
FBgn0039026	0.0609414195071565	0.0812306330234618	0.0486941124391324	0.0219123505976096
FBgn0039028	0	0	0	0
FBgn0039029	0.38135593220339	0	0	0
FBgn0039030	0.033888688296281	0.18527879506886	0	0
FBgn0039031	0.0239071605266216	0.00197566118240832	0	0.156293061942789
FBgn0039038	0.433333333333333	0	0	0
FBgn0039039	0	0	0	0
FBgn0039040	0.0301561658589123	0.0807754442649435	0	0
FBgn0039041	0.246478873239437	0	0	0
FBgn0039043	0.0629215648487186	0.120447099633841	0.00298708807091924	0
FBgn0039044	0.0425934690014198	0.0317084713677236	0.0279223852342641	0.0123047799337435
FBgn0039045	0	0	0	0
FBgn0039048	0.194690265486726	0	0	0
FBgn0039049	0	0	0	0
FBgn0039050	0	0	0	0.00342801175318316
FBgn0039051	0.063034188034188	0	0.270833333333333	0.016559829059829
FBgn0039052	0.304635761589404	0	0	0
FBgn0039054	0.15	0.0240740740740741	0	0
FBgn0039055	0.068982796058126	0.0370803407382662	0.038583597795223	0.0248872557207282
FBgn0039056	0.0708038317367761	0.0728862973760935	0.0345689296126614	0.034152436484798
FBgn0039058	0.290178571428571	0	0	0
FBgn0039059	0.401606425702811	0	0	0
FBgn0039064	0.175487465181059	0.011142061281337	0	0
FBgn0039065	0.165949600491702	0.0282728948985864	0.0239704978488015	0.0159803318992009
FBgn0039066	0.0686495630109951	0.0773893431068509	0.0352410487736115	0.0173385959966169
FBgn0039067	0.0632996632996633	0.0740740740740742	0.0430976430976431	0.0208754208754208
FBgn0039068	0.0493856901951337	0.0440857624668755	0.0404721753794267	0.0219224283305227
FBgn0039069	0.087378640776699	0	0	0
FBgn0039070	0.242909423604758	0	0	0
FBgn0039071	0.25721961047683	0	0	0
FBgn0039073	0.0914442162902121	0.00910335386721423	0	0.451813826146474
FBgn0039075	0.0965517241379309	0.0993103448275862	0.118620689655173	0.00827586206896552
FBgn0039077	0.112776025236593	0	0	0
FBgn0039078	0.0717948717948718	0.133333333333333	0	0
FBgn0039081	0.25	0.00626423690205013	0	0
FBgn0039083	0.376647834274953	0	0	0
FBgn0039084	0.0779727095516567	0.0565302144249513	0.0175438596491228	0
FBgn0039085	0.0899100899100897	0	0.418581418581419	0
FBgn0039086	0.0968360498561844	0	0.406519654841802	0
FBgn0039087	0.221789883268482	0	0.22568093385214	0
FBgn0039088	0.223669519910681	0	0	0.00855973204317084
FBgn0039089	0.142241379310345	0.0689655172413792	0	0
FBgn0039091	0.0416905280036651	0	0.240006872065055	0
FBgn0039092	0	0	0.549180327868853	0
FBgn0039094	0.0199519230769231	0.0108173076923077	0.0235576923076923	0.0853365384615382
FBgn0039098	0.091425908667288	0.18685927306617	0.00913327120223673	0.14520037278658
FBgn0039099	0.0810997752031817	0.0083866505274079	0.0140065709839184	0.239495071762061
FBgn0039101	0.301587301587302	0.206349206349206	0	0
FBgn0039102	0.114084507042254	0.197183098591549	0	0.159154929577465
FBgn0039104	0.242095492255033	0	0	0.00910831351163194
FBgn0039106	0	0	0.0870307167235495	0
FBgn0039107	0.0202812731310141	0	0.142413027387121	0
FBgn0039108	0	0.326315789473684	0	0.105263157894737
FBgn0039109	0.0434690990096029	0.0495800596044432	0.149823895963154	0.0127637797645925
FBgn0039110	0.0915722287351831	0.0623941643871303	0.0346489514133124	0.011137162954279
FBgn0039111	0.0301030927835052	0.0602061855670103	0.0107216494845361	0.0111340206185567
FBgn0039112	0.0436805000363399	0.0632313394868813	0.0226760665746057	0.00686823170288539
FBgn0039113	0.0885674288380774	0.0852076528231451	0.00961269248716752	0.0832477834811012
FBgn0039114	0.0234963666103558	0.00104577266511142	0.00591934143136782	0.14378703778189
FBgn0039115	0.0313131313131313	0.0375757575757575	0.0333333333333333	0.00747474747474745
FBgn0039116	0.0289855072463768	0.0368459837877671	0.0187914517317612	0.0137558339474331
FBgn0039117	0.04676718630207	0.048556095067723	0.0314336825964733	0.0230002555583951
FBgn0039118	0.0293527345709985	0.0408931259407928	0.0762669342699446	0.0132965378825891
FBgn0039120	0.0926905132192847	0.0657853810264385	0.0304821150855365	0.0177293934681182
FBgn0039124	0.295890410958904	0	0	0
FBgn0039125	0.0957479351483631	0.0556745182012848	0.0336494340776996	0.0177424288773325
FBgn0039126	0.0671919457211642	0.0860144451739987	0.0315167432698621	0.0177281680892975
FBgn0039128	0.232824427480916	0.0553435114503817	0	0
FBgn0039129	0.207485226526593	0	0	0
FBgn0039130	0.0640268198180869	0.0253634140309417	0.0434722871039542	0.127723887774449
FBgn0039131	0.124694376528117	0.0977995110024449	0	0
FBgn0039132	0.0402223284723882	0.0414176428400669	0.0234281616065026	0.0176906526416448
FBgn0039135	0.0517679685694476	0.0575456436330021	0.0904783914952623	0.0420614744626762
FBgn0039136	0.0529651144729893	0.0780963623372992	0.0412227019974527	0.0286104811903948
FBgn0039137	0.0859694826944548	0.0524748790472646	0.0748046148120581	0.0591737997767026
FBgn0039139	0.102086107412339	0.0559254327563249	0.0346205059920107	0.0128717265867732
FBgn0039140	0.064932562620424	0.0394990366088633	0.0321772639691714	0.0160886319845857
FBgn0039141	0.0801115241635689	0.0661710037174723	0.0633828996282529	0.0312267657992565
FBgn0039145	0	0	0	0
FBgn0039147	0.203483768804434	0	0	0
FBgn0039149	0.0814757878554958	0.0825006405329232	0.0394568280809633	0.0181911350243403
FBgn0039150	0.0615194054500414	0.0453137902559867	0.0683319570602808	0.0388109000825763
FBgn0039151	0.03067733490653	0.00154861546403156	0	0.142030161129752
FBgn0039152	0.115406809001731	0.00201961915753029	0	0.298903635314483
FBgn0039153	0.0607142857142858	0.0622448979591837	0.0331632653061225	0.0244897959183673
FBgn0039154	0.0273889866337544	0	0.158346682072425	0.0138651821118143
FBgn0039155	0.0349004659042778	0.018297331639136	0	0.0541296060991106
FBgn0039156	0.0931514038310153	0.0579900288638153	0.119916032537392	0.129099973760168
FBgn0039157	0.0718481699051062	0.0501581563488477	0.0293718933574334	0.0298237686398554
FBgn0039158	0.0591112922951488	0.0619649408887077	0.0432123929881777	0.0301671422747656
FBgn0039159	0.034070951879171	0.0316122233930453	0	0
FBgn0039160	0.0466801482979441	0.0729356252106504	0.0173913043478261	0.0127738456353218
FBgn0039161	0.0552542012337801	0.0762603701340141	0	0
FBgn0039163	0.055045871559633	0.0777118186724231	0.0305296430498805	0.0335363503199445
FBgn0039165	0.0464720884103146	0.0512893170869934	0.0430716916973647	0.0170019835647492
FBgn0039167	0.185873605947956	0.25278810408922	0.0260223048327137	0.0297397769516729
FBgn0039169	0.0687446626814688	0.0824081981212638	0.0354397950469684	0.0136635354397951
FBgn0039170	0.229885057471264	0	0	0
FBgn0039172	0.0269439421338156	0.0305605786618445	0.00694910875742702	0.0120382330147249
FBgn0039175	0.0680590565358301	0.0613371744088344	0.0411715280278477	0.0205257472092186
FBgn0039177	0.238223418573351	0	0	0
FBgn0039178	0.0434604765313426	0.0182022701707742	0.00117598936496574	0.188720728090806
FBgn0039182	0.0931932389218821	0.0571037003197808	0.0388305162174508	0.0150753768844221
FBgn0039183	0.073247406475951	0.0609871109713926	0.0308079220370953	0.0150895944671487
FBgn0039184	0.0306435137895812	0.194075587334014	0	0
FBgn0039186	0.0520765525322223	0.0417914334071085	0.015232391615675	0.0113266501757584
FBgn0039187	0.0548109965635737	0.0671821305841922	0.034020618556701	0.0307560137457045
FBgn0039188	0.102692926045016	0.0584807073954984	0.0247186495176849	0.0227090032154341
FBgn0039189	0.0288890413778906	0.0313593632059287	0.0482398956975228	0.0108419680230564
FBgn0039190	0.229393468118196	0	0	0
FBgn0039192	0	0	0	0
FBgn0039200	0	0.496551724137931	0	0
FBgn0039201	0.257668711656442	0	0	0
FBgn0039203	0	0.525641025641025	0	0
FBgn0039204	0.0739489489489488	0.0733858858858857	0.0497372372372373	0.0200825825825826
FBgn0039205	0.0667437156891072	0.054897428488876	0.0398728691129731	0.0260040450736781
FBgn0039207	0.0463189457902628	0.0233567426812909	0.0272232304900181	0.0886135879428706
FBgn0039209	0.045547049132668	0.0508770229673418	0.0611493361759859	0.0125981199728656
FBgn0039210	0.0570698466780239	0.0809199318568995	0.0579216354344122	0.0225724020442931
FBgn0039212	0.0647956671590348	0.0826193993106845	0.0268833087149188	0.0126046282619399
FBgn0039213	0.0607753512781446	0.0621635347892331	0.0472659556458439	0.0264432029795158
FBgn0039214	0.125507246376811	0.0655072463768116	0.032463768115942	0.0327536231884058
FBgn0039215	0.0796590241034687	0.0679012345679012	0.0214579659024104	0.0113168724279836
FBgn0039218	0.0440962099125364	0.0442176870748298	0.0406948493683189	0.0125121477162293
FBgn0039219	0.0639170559416657	0.0722342486043066	0.0358892560100262	0.0197106072689985
FBgn0039223	0.04826435942875	0.0641092463254456	0.00802668612529971	0.0125091212342333
FBgn0039225	0.386363636363636	0	0	0
FBgn0039226	0.0906851768920734	0.0483654276757725	0	0
FBgn0039227	0.0981291916696082	0.0829509354041652	0.0271796681962584	0.0165901870808331
FBgn0039228	0.202597402597403	0	0	0
FBgn0039229	0.0830571261454475	0.0943653733671282	0.0249561317995711	0.0171573406122051
FBgn0039232	0.0315533980582524	0.122977346278317	0	0
FBgn0039233	0.0844566712517191	0.0572214580467675	0.0297111416781293	0
FBgn0039234	0.0749039169187995	0.060184806607245	0.0683620901136643	0.0327091340256766
FBgn0039235	0.308677098150783	0	0	0
FBgn0039238	0.0224723966226456	0.0781987443169518	0	0.0315652738688028
FBgn0039239	0.0324351816532002	0.00270485834171377	0	0.110945428904995
FBgn0039240	0.0736434108527134	0.0682507583417594	0.0375800471857095	0.0232558139534884
FBgn0039241	0.0343908784110347	0.0017777516275043	0.000756490054257147	0.216566291643727
FBgn0039244	0.0892628887942056	0.127183638687686	0.00511291009799744	0
FBgn0039246	0.194285714285714	0	0	0
FBgn0039249	0.0792963464140731	0.104736129905277	0.0476319350473613	0.0186738836265223
FBgn0039250	0.364365971107544	0.115569823434992	0.0337078651685393	0
FBgn0039251	0.433866279069767	0	0	0
FBgn0039252	0.0687647521636508	0.0604248623131393	0.026750590086546	0.014948859166011
FBgn0039254	0.0685679611650485	0.0773665048543689	0.0342839805825243	0.0215412621359223
FBgn0039255	0	0	0	0
FBgn0039257	0.361872627583298	0.200759173344581	0	0.00295234078447911
FBgn0039258	0.0977554636739513	0.0646780862374483	0.0200826934435913	0.01624335499114
FBgn0039259	0.0724952484387728	0.0477871300570186	0.0502307901167525	0.0260657073038284
FBgn0039260	0.085061088485746	0.0727508330248057	0.0475749722325064	0.0275823768974454
FBgn0039261	0.0647581271018366	0.0715702336811245	0.0357851168405621	0.0255238423730275
FBgn0039265	0.0563023358307625	0.0747576024680475	0.0201079770824152	0.0283164389598942
FBgn0039266	0.0177652495984792	0.0359238257563342	0.025369563079747	0.00534268576485627
FBgn0039269	0.0508548121149006	0.0610084179467152	0.0506812462032458	0.0420029506204981
FBgn0039270	0.0708215297450424	0.0609065155807365	0.060056657223796	0.0320113314447592
FBgn0039271	0.0571614160441702	0.0548879506333225	0.0155894771029555	0.0178629425138032
FBgn0039272	0.0382034073309242	0.104284976768198	0.0232318017552917	0
FBgn0039273	0.0817901234567902	0.0559413580246914	0.0150462962962963	0.0115740740740741
FBgn0039274	0.0642344870595572	0.0592454006859993	0.0361708762082944	0.0174618023074525
FBgn0039277	0.0755124056094929	0.157497303128371	0.0453074433656958	0
FBgn0039280	0	0	0	0
FBgn0039282	0.0804597701149427	0	0	0.0804597701149427
FBgn0039283	0.22961373390558	0	0	0
FBgn0039286	0.169421487603306	0	0	0
FBgn0039290	0.0757465404224327	0.0138383102694829	0.0393299344501092	0.176256372906045
FBgn0039291	0.0282750203417413	0.0496338486574452	0.035292921074044	0.0327502034174124
FBgn0039293	0.0550838232092314	0.0509470934030046	0.022860875244938	0.0252558240801219
FBgn0039294	0.202247191011236	0.112359550561798	0	0
FBgn0039296	0.0429971546000632	0.0613341764147961	0.0221308883970913	0.0398355991147645
FBgn0039297	0.0911714770797962	0.122071307300509	0.0821731748726653	0.0033955857385399
FBgn0039299	0.0148688998025747	0.0582747311915676	0	0
FBgn0039300	0.0344338844953118	0.0412839645370079	0.0268764592319188	0.0312641269604897
FBgn0039301	0.0796999531176747	0.0646976090014065	0.037037037037037	0
FBgn0039302	0.10140562248996	0.0715863453815262	0.0254016064257028	0.0113453815261044
FBgn0039303	0.0603859250851305	0.0572531214528944	0.0395913734392736	0.0162542565266742
FBgn0039304	0.0407147241355793	0.011525608674896	0.118734229011798	0.0246879901793631
FBgn0039305	0.092783505154639	0.110309278350516	0.0824742268041238	0.0422680412371134
FBgn0039306	0.0367604824813326	0.0278575531303848	0.0218265364732912	0.0106260769672602
FBgn0039310	0	0	0.52	0
FBgn0039311	0.294902758357697	0	0	0
FBgn0039312	0.406719532554257	0	0	0
FBgn0039313	0.212960954446855	0.00130151843817787	0	0
FBgn0039315	0.0664414414414415	0	0.38400900900901	0
FBgn0039319	0.0808080808080809	0.277146464646464	0.147727272727273	0
FBgn0039321	0.0316066725197542	0.0373134328358209	0.167690956979807	0
FBgn0039323	0.18452380952381	0.279761904761904	0	0
FBgn0039326	0	0	0.551724137931035	0
FBgn0039328	0.0610015174506829	0.161456752655538	0.0570561456752656	0.0109256449165402
FBgn0039329	0.0586319218241042	0.0643322475570032	0.0456026058631923	0.0219869706840391
FBgn0039331	0.261548913043478	0	0	0
FBgn0039332	0.0881174899866488	0	0	0
FBgn0039335	0.0665291387313048	0.0765858690046416	0.0234657039711191	0.0275915420319753
FBgn0039336	0.0908152734778121	0.0784313725490195	0.0402476780185759	0
FBgn0039337	0.0698202850650693	0.0733319562073949	0.0303656269365833	0.0274736624664325
FBgn0039338	0.100661745991347	0.0813184016289132	0.0300330872995673	0.0201068974293714
FBgn0039339	0	0	0	0
FBgn0039341	0	0	0	0
FBgn0039343	0.303030303030303	0	0	0
FBgn0039347	0.393258426966292	0.0128410914927769	0	0
FBgn0039348	0.0822768092974115	0.102680929741152	0.0411384046487058	0.0139989434759641
FBgn0039349	0.038811119219797	0.026670205002322	0.0652159490479666	0.064353479731971
FBgn0039350	0.0558938329430132	0.0460577673692428	0.0067135050741608	0.00343481654957065
FBgn0039355	0.313253012048193	0.0993975903614458	0	0
FBgn0039356	0.0415065334358186	0.0499615680245965	0.0622598001537279	0
FBgn0039357	0.081038552321007	0.036191974822974	0.033831628638867	0
FBgn0039358	0.0308056872037915	0.0534435817283452	0.0157809821518604	0.0151759604719169
FBgn0039359	0.0223497553075691	0.0431840104779688	0.0236948999548669	0.0244294197293782
FBgn0039360	0.0586503067484663	0.0274846625766871	0.0124539877300614	0.162208588957055
FBgn0039368	0.411144578313254	0	0	0
FBgn0039369	0.365351629502573	0	0	0
FBgn0039370	0.423357664233577	0	0	0
FBgn0039371	0.157598499061914	0	0	0
FBgn0039373	0.212830957230142	0	0	0
FBgn0039374	0	0	0	0
FBgn0039376	0.33076923076923	0	0	0
FBgn0039379	0.113345117101193	0.0625276182059215	0.010053026955369	0.00828546177640301
FBgn0039380	0.481481481481481	0	0	0
FBgn0039381	0.0718085106382979	0.0729648473635522	0.0467160037002776	0.0317992599444959
FBgn0039385	0.0888183980967488	0.0913560666137986	0.0444091990483743	0.0196669310071372
FBgn0039387	0.45945945945946	0	0	0
FBgn0039395	0.268897149938042	0	0	0
FBgn0039396	0	0	0	0
FBgn0039398	0.245628818200969	0	0	0.00842637455234883
FBgn0039402	0.0366083445491252	0.0403095558546433	0.0700201884253029	0.0189098250336474
FBgn0039403	0.151869158878505	0.0708722741433021	0.0467289719626168	0
FBgn0039404	0.0765939238339749	0.0594779632006846	0.0301668806161746	0.0158322635857938
FBgn0039405	0	0	0	0
FBgn0039406	0.145436933508614	0.160797066353006	0.0887359025807791	0.0951705528264028
FBgn0039407	0.080128205128205	0.0368589743589743	0.0280448717948719	0
FBgn0039408	0.48	0	0	0
FBgn0039411	0.157894736842105	0.0813397129186604	0	0
FBgn0039413	0.401785714285714	0	0	0
FBgn0039415	0.0419681620839363	0	0	0
FBgn0039417	0.064064064064064	0.0587253920587254	0.0643977310643977	0.0293626960293627
FBgn0039419	0.0489749430523919	0.0535307517084282	0.0671981776765375	0.0222095671981777
FBgn0039420	0.482758620689655	0	0	0
FBgn0039421	0.295487627365356	0	0	0
FBgn0039425	0.308910891089109	0	0	0
FBgn0039427	0.0592022071502473	0.0508104379813771	0.0443729164271757	0.0365559259685021
FBgn0039428	0.0686274509803922	0	0	0
FBgn0039429	0	0	0	0
FBgn0039430	0.039	0.0343846153846154	0.0950769230769231	0.00169230769230769
FBgn0039431	0.14308553157474	0.0511590727418065	0.0215827338129496	0.00879296562749801
FBgn0039449	0.222918531781558	0.026857654431513	0	0
FBgn0039450	0.0670447204077237	0.0606560907328979	0.0212475773454885	0.0157921182973225
FBgn0039451	0.098871442590775	0.0677134445534838	0.0301766437684004	0.0122669283611384
FBgn0039452	0.737051792828685	0	0	0
FBgn0039453	0.00938704123739511	0	0.0593146230153307	0
FBgn0039454	0.0315096952908587	0	0.179709141274238	0
FBgn0039459	0.0681198910081743	0.0803814713896457	0.0722070844686648	0
FBgn0039461	0.0550220088035214	0.0518207282913165	0.0582232893157263	0.0150060024009604
FBgn0039462	0.258312020460358	0.126598465473146	0.0792838874680308	0.0690537084398977
FBgn0039463	0.2678391959799	0	0	0
FBgn0039464	0.0236127508854782	0.013511740784468	0.00616555162009709	0.00498491407582318
FBgn0039465	0.0500053538922798	0.0496841203554986	0.016061676839062	0.0600706713780919
FBgn0039466	0.0820152314001171	0.0620972466315173	0.0454012888107791	0.0123022847100176
FBgn0039467	0.0121231205227112	0.0344800440840747	0.00220420373140203	0.00314886247343147
FBgn0039469	0	0	0	0
FBgn0039470	0.0298753940849722	0	0.160186158234499	0
FBgn0039471	0.0445561981393009	0	0.244376593986854	0
FBgn0039472	0.153256704980843	0	0.586206896551725	0
FBgn0039473	0	0	0.0135143215930156	0
FBgn0039474	0.0288527715305115	0	0.174533422794827	0
FBgn0039475	0.0683265922050291	0	0.599539871609336	0
FBgn0039476	0.160742126598067	0	0.769293732460243	0
FBgn0039478	0.399999999999999	0	0	0
FBgn0039479	0.101960784313726	0.109803921568627	0	0
FBgn0039480	0.306122448979592	0.173469387755102	0	0
FBgn0039481	0.0865139949109412	0.195928753180662	0	0
FBgn0039482	0.0462518271037796	0.268813145509742	0	0
FBgn0039483	0	0.12565445026178	0	0
FBgn0039486	0.0173824130879346	0.0102249488752556	0.0949216087252898	0
FBgn0039487	0.026364879990051	0.0114413630145504	0.0114413630145504	0.0230070886705634
FBgn0039488	0.0739503816793894	0.0648854961832061	0.0248091603053435	0.0100190839694656
FBgn0039489	0.045774647887324	0.0408450704225351	0.0492957746478873	0.0274647887323944
FBgn0039491	0.227495908346972	0	0	0
FBgn0039492	0.04917784727126	0.0458993241198426	0.0559870876626652	0.00201755270856451
FBgn0039494	0.0320656667060352	0.0535018306365891	0	0.111905043108539
FBgn0039495	0	0.134110787172012	0	0
FBgn0039498	0.267159884915742	0	0	0
FBgn0039500	0	0.0812720848056535	0	0
FBgn0039501	0.199027884369404	0.0153491941673062	0.00358147863903812	0.0135584548477872
FBgn0039503	0.292035398230089	0	0	0
FBgn0039504	0.386363636363636	0	0	0
FBgn0039505	0.050550724637681	0.0537971014492755	0.0202898550724638	0.0282898550724637
FBgn0039507	0.0758595597598691	0.0776787338548298	0.0469346916499909	0.0243769328724759
FBgn0039508	0.0773166571915861	0.0676520750426378	0.0415008527572485	0.0216031836270608
FBgn0039509	0.0330060010911075	0.0386433897072196	0.0815602836879433	0.01936715766503
FBgn0039510	0.5	0	0	0
FBgn0039511	0.225576714661713	0	0	0.0103731227744233
FBgn0039518	0.389830508474576	0	0	0.0227936879018118
FBgn0039519	0.523809523809524	0	0	0
FBgn0039521	0.125994694960212	0	0	0
FBgn0039523	0	0	0	0
FBgn0039525	0.0353075170842824	0.0865603644646924	0	0
FBgn0039527	0.0590551181102362	0.149114173228347	0	0
FBgn0039528	0.0758700696055685	0.0640371229698376	0.051508120649652	0.017169373549884
FBgn0039529	0.0512009373169304	0.208904510837727	0.0114821323960164	0
FBgn0039530	0.455445544554455	0	0	0
FBgn0039531	0.14123006833713	0.145785876993166	0.138952164009112	0.061503416856492
FBgn0039532	0.178552133981631	0.224203133441383	0.0583468395461912	0.0440302539168017
FBgn0039536	0.165217391304348	0.0260869565217391	0	0
FBgn0039537	0.048936170212766	0.0571108622620381	0.0426651735722284	0.099972004479283
FBgn0039538	0.035931790499391	0.0353227771010962	0.0568412505075112	0.0203004466098254
FBgn0039543	0.0125206879182557	0.00513300232664124	0.0396968170588377	0.0123767719651723
FBgn0039544	0.0663768115942029	0.0602898550724638	0.0408695652173913	0.00869565217391305
FBgn0039552	0.415300546448087	0	0	0
FBgn0039554	0.178055822906641	0.218479307025986	0.0591915303176131	0.046679499518768
FBgn0039555	0.0825963624228266	0.0649090605706659	0.0355414650425496	0.0170198564992491
FBgn0039557	0.0679655641141822	0.0727231536021749	0.0376076121431808	0.0256003624830086
FBgn0039558	0.179841897233202	0.189064558629776	0.0810276679841897	0.0520421607378128
FBgn0039559	0.145176695319962	0.0544412607449856	0.035020694046482	0.0235593759949061
FBgn0039560	0.0937903077206561	0.0655979362447026	0.0287451630735213	0.0167680117928874
FBgn0039561	0.0896460070073696	0.0398695179412831	0.0244049776489066	0.0424066690830011
FBgn0039562	0.0571865945000273	0.0661308840413319	0.0204909518342354	0.0239790060685583
FBgn0039563	0.0576559546313799	0.0570258349086326	0.0293005671077505	0.0103969754253308
FBgn0039564	0	0	0	0.0682926829268293
FBgn0039565	0	0	0	0
FBgn0039566	0.0940054495912807	0.0585831062670299	0.023841961852861	0.0119209809264306
FBgn0039576	0.400862068965517	0	0	0
FBgn0039577	0.241142857142857	0	0	0
FBgn0039580	0.0572264952359086	0.0331764435770865	0.0339800252554241	0.0538399724486282
FBgn0039581	0.0835686053077358	0.0606060606060604	0.0304912478825522	0.0191981931112366
FBgn0039584	0.109826589595376	0	0	0
FBgn0039585	0.56687898089172	0	0	0
FBgn0039588	0.0699797160243408	0.101419878296146	0.0425963488843813	0.0273833671399594
FBgn0039589	0.0621650589496248	0.0539478385137548	0.0257234726688103	0.0228653090389424
FBgn0039590	0.0942556634304208	0.0380258899676375	0.0501618122977346	0.0299352750809062
FBgn0039591	0.428571428571429	0	0	0
FBgn0039593	0.0207641584436234	0.00177711265958939	0.00617312818594211	0.197259505214423
FBgn0039594	0.0818517276081852	0.0426031533042603	0.00536732640053673	0
FBgn0039595	0.0436901653611836	0.0990426457789383	0.0551784160139253	0
FBgn0039596	0	0	0	0
FBgn0039600	0.0911105318039625	0.0671272158498437	0.0331074035453598	0.0194212721584985
FBgn0039601	0.0590012440021327	0.0705526923760439	0.0417629287364492	0.0241691842900302
FBgn0039602	0.070525615435795	0.0738522954091816	0.0272787757817699	0.031936127744511
FBgn0039609	0.104895104895105	0	0	0.412587412587413
FBgn0039611	0.0223354231974921	0	0	0.15033960292581
FBgn0039612	0.0625	0	0	0.625
FBgn0039617	0.158273381294964	0	0	0
FBgn0039620	0.0338857589340791	0.0789571081959124	0.0040301023974997	0
FBgn0039622	0.187904967602592	0	0	0
FBgn0039623	0.070687668075298	0.0683826354206687	0.0624279677295427	0.0322704571648098
FBgn0039625	0	0	0	0
FBgn0039626	0.167888074616922	0.18454363757495	0.107928047968021	0.0486342438374417
FBgn0039627	0.0470494417862838	0.0550239234449761	0.0307017543859649	0
FBgn0039628	0	0.0602605863192181	0	0
FBgn0039629	0	0.248868778280543	0	0
FBgn0039630	0	0	0	0
FBgn0039631	0.0986277873070325	0.0566037735849057	0.0480274442538594	0.0188679245283019
FBgn0039632	0.0781372702999844	0.0746034239045077	0.0419349772263232	0.123684623841684
FBgn0039633	0.107170393215112	0.0629658185556412	0.0362374710871241	0.030840400925212
FBgn0039634	0.0746524471529234	0.0896972005332318	0.00914111597790897	0.0373262235764616
FBgn0039635	0.0498556680855228	0.0501981505944518	0.0204510983903322	0.0164391604285924
FBgn0039636	0.0648578811369508	0.0559431524547803	0.0487080103359175	0.0191214470284238
FBgn0039637	0.0760907855669065	0.048412259071008	0.101907302098536	0.0360324090382971
FBgn0039638	0.129802699896158	0.0404984423676012	0.043613707165109	0
FBgn0039639	0.0516129032258065	0.0612903225806452	0.0432258064516128	0
FBgn0039640	0.0511832691249312	0.0269675288937809	0.0242157402311503	0.0198128783709411
FBgn0039641	0.0338000965717044	0.0439401255432158	0.0342829550941574	0.0338000965717044
FBgn0039642	0.0456956344349245	0.0223038215694274	0.0289677682578539	0.0112879096967224
FBgn0039644	0.188888888888889	0.163333333333333	0.068888888888889	0.08
FBgn0039645	0.026983487716472	0	0.0438985098670962	0
FBgn0039647	0.0889370932754883	0.0455531453362256	0	0
FBgn0039650	0.0505050505050505	0.058080808080808	0.0429292929292929	0.052020202020202
FBgn0039651	0.261475886112725	0	0	0
FBgn0039654	0.062374245472837	0.0523138832997988	0.0221327967806841	0.0505533199195171
FBgn0039655	0	0	0	0
FBgn0039656	0.0878048780487805	0.0536585365853659	0	0.351219512195122
FBgn0039659	0.327380952380952	0	0	0
FBgn0039663	0.145238095238095	0.0642857142857143	0	0
FBgn0039664	0.0720506730007917	0.0665083135391924	0.0261282660332542	0
FBgn0039665	0.0776034712950601	0.048064085447263	0.0280373831775701	0.00450600801068091
FBgn0039667	0.0173965206958608	0.0431913617276545	0	0
FBgn0039668	0.053252372975991	0.0506002233389169	0.05178671133445	0.0179369067560022
FBgn0039669	0.25028441410694	0	0	0
FBgn0039670	0.133850897478251	0	0.127876885805528	0
FBgn0039671	0.0826858784197391	0	0.0856994867448322	0
FBgn0039674	0.0265101997385462	0.0342930106709634	0.0140455416045967	0.0304016052047548
FBgn0039676	0	0	0	0
FBgn0039677	0	0	0.0183098591549296	0
FBgn0039678	0.00365463123670765	0.000628254332999243	0	0.00116605959860171
FBgn0039679	0	0	0	0
FBgn0039680	0.127899271040424	0.0470510271703116	0.0205434062292909	0.00861497680583167
FBgn0039681	0.0315904139433551	0.0276688453159041	0.0344226579520697	0.0686274509803921
FBgn0039682	0.0291164658634538	0.0019021232609764	0	0.150725263924898
FBgn0039683	0.15076923076923	0	0	0
FBgn0039685	0.0417800562257631	0.00252905852646154	6.9796206786955e-05	0.223996872755191
FBgn0039686	0.0427672955974843	0.059958071278826	0	0.0163522012578616
FBgn0039687	0.0991869918699187	0.0508130081300813	0.039430894308943	0.0170731707317073
FBgn0039688	0.193813304133589	0.330687106487818	0.00191623323295921	0.00109499041883383
FBgn0039689	0.0751363360937184	0.0759442536861238	0.0355483740658453	0.0304988891133104
FBgn0039690	0.065406851324532	0.0966433687117094	0.00388299249288118	0.00371041504875312
FBgn0039691	0.0421492921492922	0.0489060489060488	0.0363577863577864	0.0278314028314029
FBgn0039694	0.229870928088507	0	0	0
FBgn0039696	0.0721700444883836	0.0484429065743945	0.0449826989619377	0.0192782995551162
FBgn0039697	0.0433730742432453	0.05078578617326	0.0298637454517302	0.020476890918944
FBgn0039698	0.0453085376162299	0.0759087066779376	0.0353338968723584	0.0378698224852071
FBgn0039702	0.0586546349466777	0.0631665299425758	0.0627563576702215	0.0291222313371617
FBgn0039704	0.140178571428572	0.0455357142857143	0	0
FBgn0039705	0.054084380610413	0.073496409335727	0.0433123877917416	0.0118940754039497
FBgn0039707	0.209865053513262	0	0	0
FBgn0039709	0.0650906225374312	0.114578408195429	0.00157604412923562	0
FBgn0039710	0.0843071786310517	0.0639955481357819	0.0306065664997218	0.0153032832498608
FBgn0039711	0.114066496163683	0.152429667519182	0.136572890025576	0.0593350383631715
FBgn0039712	0.058410858624371	0.076864419704133	0.0416348940064054	0.0248589293884398
FBgn0039713	0.0386644088559024	0.0389616472410873	0.0274215921168777	0.0172614436778296
FBgn0039714	0.0278128536053395	0.0129880778628708	0.107561619573952	0.00416536840551665
FBgn0039719	0	0	0	0
FBgn0039722	0.183144246353323	0	0	0
FBgn0039726	0.0572680331716476	0.0871538100453764	0.036144578313253	0.0273822562979189
FBgn0039727	0.148694187026117	0.044229149115417	0.0164279696714406	0.0151642796967144
FBgn0039728	0.0669948044845502	0.0612523926715888	0	0
FBgn0039730	0.0568511108044707	0.0923140609907548	0.0356009383193045	0.0180764454256934
FBgn0039731	0.188722669735328	0.043728423475259	0.0218642117376294	0
FBgn0039732	0.0391214824982841	0.0542210020590252	0.0540494166094715	0.0231640356897735
FBgn0039733	0.203617269544923	0.176196032672112	0.0793465577596265	0.0390898483080512
FBgn0039734	0.182495344506518	0	0	0
FBgn0039735	0.0619169083476013	0.052517558265488	0.0286872357524722	0.0186938746986268
FBgn0039736	0.0235649546827795	0.0138972809667674	0.0646525679758309	0
FBgn0039737	0.0299184350357058	0.0300425311086292	0.0115522162430478	0.0408050450694375
FBgn0039738	0.124649298597195	0.0833667334669338	0.0268537074148296	0.0188376753507014
FBgn0039740	0.064468211527035	0.0814022578728461	0.0395127748068924	0.0157456922162805
FBgn0039741	0.0388037567968364	0.0519031141868512	0.0358378645575877	0.00939199209095405
FBgn0039742	0.0465631929046563	0.180197850929558	0.0103189493433396	0
FBgn0039743	0.0929981492905614	0.0712523133867983	0.0322331893892659	0.01326341764343
FBgn0039747	0.0220883534136546	0.0120481927710843	0	0
FBgn0039748	0	0	0	0
FBgn0039749	0.535714285714286	0	0	0
FBgn0039751	0.0283400809716599	0.0364372469635628	0.0312550607287449	0.0288259109311741
FBgn0039752	0.282861896838602	0	0	0
FBgn0039754	0.126490066225166	0.0423841059602648	0.00794701986754967	0
FBgn0039755	0.0334313987697245	0.18079700454667	0	0
FBgn0039756	0.0136022514071295	0.0077392120075047	0.0553470919324578	0
FBgn0039757	0.0396189461690673	0.0450108039413317	0.0263322894579826	0.0265884827625728
FBgn0039758	0	0	0	0
FBgn0039759	0.0419084461637653	0.26434558349452	0	0
FBgn0039760	0.0150310949740318	0	0.149649670722676	0
FBgn0039761	0	0	0.023767293366442	0
FBgn0039764	0.027875932469572	0.03886925795053	0.0206124852767962	0.0160973694542599
FBgn0039765	0.0982769623484368	0.0536056158264199	0.0335035098915124	0
FBgn0039766	0.122367672168469	0.0540694365395561	0.0392714854866249	0.0347182697780307
FBgn0039767	0.0883289621581116	0.0603222180591983	0.0489883851629823	0.0188272761333833
FBgn0039768	0.00197605486458212	0	0.0227827502034174	0
FBgn0039769	0.0186835297499282	0	0.163840183960908	0
FBgn0039770	0.0792682926829269	0.0853658536585366	0	0
FBgn0039773	0.06860801951517	0.0551913401433147	0.0230218021039792	0.0120445189815521
FBgn0039774	0.0419287211740041	0.020440251572327	0.0584381551362683	0.0238469601677148
FBgn0039776	0.0387679568408507	0.0756539740292329	0.00702590803588231	0.0525061163038706
FBgn0039777	0.0375271356989747	0	0.410007782313668	0
FBgn0039778	0.014010904114427	0	0.429079110012362	0
FBgn0039779	0.073076923076923	0.0461538461538462	0.025	0
FBgn0039787	0.211267605633803	0	0	0
FBgn0039788	0.136300897170462	0.161490683229814	0.0100069013112491	0.00448585231193927
FBgn0039789	0.0616096207215541	0.0993524514338575	0.0950971322849212	0
FBgn0039790	0.0328016682635405	0.0342670348869977	0.0327453080087923	0.0229949839373274
FBgn0039792	0.274167009461127	0	0	0.0123406005758947
FBgn0039795	0.154405820533549	0.0452708164915117	0	0
FBgn0039796	0.204754601226994	0	0	0
FBgn0039797	0.242252762058744	0	0	0
FBgn0039798	0.109874152952565	0	0	0.342207163601162
FBgn0039799	0.369205298013245	0	0	0
FBgn0039800	0.0822850788796998	0.00505015405286446	0	0.348437463803368
FBgn0039801	0.140157480314961	0	0	0.138582677165354
FBgn0039802	0.0638840424104146	0.0841497785532143	0.0322104415514696	0.0181854784592672
FBgn0039804	0.333333333333333	0.252873563218391	0	0
FBgn0039805	0.19647355163728	0.107052896725441	0	0
FBgn0039806	0	0.430555555555556	0	0
FBgn0039807	0.0311443317316248	0.127602776294714	0	0
FBgn0039808	0.157079646017699	0.051991150442478	0.0309734513274336	0
FBgn0039809	0.111086400533748	0.0474813744023128	0.144112087178917	0.0143444901590126
FBgn0039810	0.360248447204969	0	0	0
FBgn0039812	0.298056155507559	0	0	0
FBgn0039816	0.16986301369863	0.0465753424657534	0	0
FBgn0039817	0.0549707602339183	0	0	0.306432748538012
FBgn0039818	0.0244648318042813	0	0.140555163490943	0
FBgn0039821	0.246153846153846	0	0	0
FBgn0039827	0.064242252723928	0.00948068487335502	0.0251874911560775	0.132446582708363
FBgn0039828	0.0658396946564885	0.0555025445292619	0.0254452926208651	0.0125636132315521
FBgn0039829	0.109557109557109	0.0524475524475525	0.0303030303030303	0
FBgn0039830	0.0262230444682561	0.0286423452986874	0.0106399008840075	0.00919585454058399
FBgn0039831	0.0477115716753021	0.0742659758203798	0.0112262521588947	0.0109024179620035
FBgn0039835	0.0700120192307693	0.0552884615384615	0.0342548076923077	0.0171274038461538
FBgn0039836	0.0926573426573428	0.0646853146853145	0.0489510489510489	0.0367132867132867
FBgn0039840	0.0211427133148754	0	0.0964007047571107	0
FBgn0039844	0.060557384949	0.0484700024094449	0	0.151152517870051
FBgn0039846	0.0650406504065041	0.0500641848523748	0.0286692340607616	0.0106974753958066
FBgn0039848	0.155555555555556	0	0	0
FBgn0039849	0.0555250568582856	0.0323111912791153	0.0236059916869264	0.0640734060073719
FBgn0039850	0.373584905660378	0	0	0
FBgn0039851	0.16971916971917	0.0586080586080586	0	0
FBgn0039852	0.1865189289012	0.0914127423822715	0	0
FBgn0039854	0	0	0	0
FBgn0039855	0.228640192539109	0	0	0
FBgn0039856	0.0678083776903495	0.00532284193473733	0.0141171025225642	0.056005554269845
FBgn0039857	0.0457224689347554	0.065535657847512	0.0334427915597529	0.0282359369392052
FBgn0039858	0.0519966881090377	0.0406343544997132	0.0409655435959493	0.0234125214954461
FBgn0039859	0.0682708449916061	0.0593172915500839	0.0458869613878007	0.0346950195858982
FBgn0039860	0.135593220338983	0.19892952720785	0.114183764495986	0.0544157002676181
FBgn0039861	0.238726790450928	0.160477453580902	0.0755968169761273	0.0371352785145888
FBgn0039862	0.13563829787234	0.0319148936170213	0	0
FBgn0039863	0.0899567675424009	0.0743265713335551	0.0309278350515464	0.0389092118390422
FBgn0039864	0.106812447434819	0.0748528174936923	0	0
FBgn0039867	0.0867635189669089	0.0593220338983051	0.0242130750605327	0.0129136400322841
FBgn0039868	0.061656050955414	0.046624203821656	0.0313375796178344	0.0117197452229299
FBgn0039869	0.0533388894676529	0.0684099038094246	0.0181268882175227	0.0128138347744557
FBgn0039870	0.0768959435626103	0.0931216931216931	0.0338624338624339	0.0634920634920635
FBgn0039872	0.46964856230032	0	0	0
FBgn0039873	0	0	0	0
FBgn0039875	0.0835924006908462	0.0646632124352332	0.0221761658031088	0.0658376511226253
FBgn0039876	0.157303370786517	0.166131621187801	0.146067415730337	0.0481540930979133
FBgn0039877	0.0576138681169273	0.0608429639700882	0.0339904826648538	0.0169952413324269
FBgn0039881	0.169955698751511	0.00926298832057995	0	0.0922271445831655
FBgn0039882	0.107598784194529	0.0899696048632219	0.0440729483282674	0.248024316109422
FBgn0039883	0.138492871690428	0.0122199592668024	0.00610997963340122	0
FBgn0039886	0.097536945812808	0.0653530377668309	0.298850574712644	0.0160919540229885
FBgn0039887	0.288376220053238	0	0	0
FBgn0039889	0.0545961307246694	0.086238933216745	0.026778882938026	0.0504973221117062
FBgn0039890	0.0292694169163402	0.0205980640700622	0.0436448490435584	0.0380560036874856
FBgn0039896	0.2	0.336	0	0
FBgn0039897	0.0109013307235384	0.0518832660495588	0.0014408242602183	0
FBgn0039900	0.0102575792113061	0.00227946204695692	0	0.00478687029860953
FBgn0039902	0.0351450756027789	0.0392771193751986	0.0184352722154111	0.0220678381691868
FBgn0039904	0.062265566391598	0.0474761547529741	0.0189690279712785	0.0210052513128282
FBgn0039907	0.0953413903522364	0.0832558619977276	0.023551286024171	0.0417312261130049
FBgn0039908	0.0522296884544899	0.0595601710445937	0.00885766646304215	0.00946854001221743
FBgn0039909	0.048409316630891	0.067343734982219	0.0358504469291641	0.0284176464934483
FBgn0039911	0.0115458627325209	0	0	0
FBgn0039914	0.0486474851115735	0.13453397431298	0.00401808136614767	0.0151395565760207
FBgn0039915	0.0591931216931218	0	0	0.181878306878307
FBgn0039916	0.0584795321637427	0	0	0.0526315789473684
FBgn0039920	0.0965366784837742	0.0477229342787019	0.0166348513771475	0.0179983637851104
FBgn0039923	0.0888786553073911	0.0778263872898917	0.0305088648399724	0.0436334331107528
FBgn0039924	0.0566867772750126	0.0793112116641529	0.0417295123177476	0.0369113457348752
FBgn0039925	0.145569620253165	0.10126582278481	0	0.0632911392405063
FBgn0039927	0.10577295621852	0.159628051142967	0.0743897714064316	0.00426191398682682
FBgn0039928	0.0394274675096592	0.0551018616087109	0.0138303477344573	0.0468475588338602
FBgn0039929	0.0609440126168749	0.0441590627464234	0.0229807367353836	0.0149825391461079
FBgn0039930	0	0	0	0
FBgn0039936	0.0690423162583519	0.0648973026478595	0.0276540460282108	0.0327889136352389
FBgn0039937	0.558823529411765	0	0	0
FBgn0039938	0.09375	0.12734375	0	0
FBgn0039941	0.0244423350735643	0	0.0956336022781203	0
FBgn0039942	0.0493004663557628	0.0429713524317122	0.0173217854763491	0.0106595602931379
FBgn0039943	0.0533724340175951	0.0879765395894428	0.0388563049853372	0.0239002932551319
FBgn0039944	0.00262381108560184	0.00262381108560184	0.00524762217120367	0
FBgn0039945	0	0	0	0
FBgn0039946	0.107936507936508	0.0730158730158728	0.06984126984127	0.0222222222222222
FBgn0039955	0.189223861449648	0.147209749839641	0.0917254650416934	0.0846696600384862
FBgn0039958	0.140526315789474	0.12921052631579	0.115263157894737	0.111315789473684
FBgn0039959	0.219363057324841	0.120509554140128	0.0848407643312102	0.0904458598726113
FBgn0039965	0.0365395725014442	0.0336510687463894	0.0179087232813402	0.04578278451762
FBgn0039966	0.0336913034323016	0.0299010317961676	0.0355864392503686	0.0115813855548537
FBgn0039969	0.0353845303256482	0.0592690882954608	0.0507546856858517	0.0347210703820423
FBgn0039970	0.0860438152193813	0.144687862329896	0.113931775187649	0.12772319521572
FBgn0039972	0.443396226415095	0.10377358490566	0	0
FBgn0039977	0.131425800193987	0.187358551568057	0.0916585838991271	0.114613643711607
FBgn0039993	0.0430539609644087	0.0657928307182039	0.024811838244674	0.0309031764255645
FBgn0039994	0.117722124740788	0.195565480937949	0.090764077205296	0.120912426224278
FBgn0040001	0.0514986290144662	0.21166755964575	0	0
FBgn0040005	0.0529060773480663	0.0566187845303867	0.0343867403314917	0.0436243093922652
FBgn0040007	0.0821957689072911	0.119978003493562	0.119525134243385	0.183185611696966
FBgn0040009	0	0	0	0
FBgn0040010	0.0114910647065816	0.0077267504061497	0.00618140032491976	0.00851923762729326
FBgn0040011	0.134175486514169	0.0726357118470469	0.0304711505633322	0.0297029702970297
FBgn0040020	0.0240323804705288	0.0289020996711358	0.012775107513281	0.00695674171515306
FBgn0040022	0.0704774277362782	0.0682039623254303	0.037999350438454	0.0397856446898344
FBgn0040028	0.434782608695652	0	0	0
FBgn0040031	0.295258620689656	0	0	0
FBgn0040038	0.378710337768679	0	0	0
FBgn0040056	0.141309255079006	0.210835214446953	0.0266365688487585	0.101128668171558
FBgn0040060	0.0429332939733508	0.000365734348855708	0.334245927613335	0
FBgn0040063	0.242798353909465	0	0	0
FBgn0040064	0.0326925732169431	0.0210714450086679	0.0315496371753371	0.118159642851664
FBgn0040066	0.0813201769309287	0.0600544402858117	0.0285811500510378	0.00612453215379381
FBgn0040068	0.0515713134568896	0.0439161966156325	0.0332393231265109	0.0165189363416599
FBgn0040069	0.0311569755903948	0	0.199245882119468	0
FBgn0040070	0.0196955134901731	0.0198626607050826	0.00903987853969048	0.0174390260888944
FBgn0040071	0.0714764650663807	0.0655759688882928	0.0244065978275446	0.015555853560413
FBgn0040075	0.140074809751064	0.0397265574616279	0.0206371727073391	0.00799690442409391
FBgn0040076	0	0	0	0
FBgn0040077	0	0	0	0
FBgn0040078	0.120669475655431	0.0589887640449438	0.0306647940074906	0.0105337078651685
FBgn0040079	0.0687800735918483	0.0897254457967736	0.0212284177752618	0.0181149165015567
FBgn0040080	0.0706973768394113	0.0690978886756239	0.0561420345489444	0.0238323736404351
FBgn0040087	0.0592487414483025	0.0580870014199045	0.0313669807667484	0.018716922679747
FBgn0040089	0.0260492040520984	0.0622286541244574	0.00347322720694646	0.0205499276410999
FBgn0040091	0.052568697729988	0.031063321385902	0	0.0376344086021505
FBgn0040092	0	0.134426229508197	0	0
FBgn0040093	0	0.122743682310469	0	0
FBgn0040096	0.0790238233585124	0.142359093550262	0	0
FBgn0040099	0.0657243816254417	0.0212014134275618	0.0254416961130742	0.371024734982332
FBgn0040102	0.282233502538071	0.178680203045685	0	0.104568527918782
FBgn0040104	0	0	0	0
FBgn0040153	0.0637297364187602	0.00445489419626284	0.0548199480262345	0.0409602771934165
FBgn0040206	0.043834752444024	0.0357931251970987	0.0178177231157364	0.0135603910438348
FBgn0040207	0.0598848368522073	0.0840690978886756	0.035700575815739	0.0199616122840691
FBgn0040208	0.0678832848691468	0.0683846385240148	0.043517497242555	0.0168454828035696
FBgn0040211	0	0.136708860759494	0	0
FBgn0040212	0.0712372790573111	0.0305302624531333	0.0299946438136048	0.0251740760578469
FBgn0040227	0.0486232465876351	0.0611864166627308	0.0237094412695414	0.0245831955792755
FBgn0040228	0.0434347227437728	0.0744774064338464	0.0374264613844036	0.021028914757792
FBgn0040230	0.0963855421686746	0.0640896921017404	0.0296184738955823	0.0230923694779116
FBgn0040232	0.392422192151557	0.0554803788903926	0.0419485791610283	0.0108254397834912
FBgn0040233	0.266666666666666	0.0996078431372548	0.0925490196078431	0.0188235294117647
FBgn0040234	0.0462114904246462	0.0462114904246462	0.0374687760199834	0.0308076602830975
FBgn0040235	0.0626456876456877	0.0518648018648019	0.053030303030303	0.0148601398601399
FBgn0040236	0.0355488097140118	0.0325930659849816	0.0411407573094745	0.0210896309314587
FBgn0040237	0.154238368387508	0.0315487571701721	0.0258126195028681	0.00732950924155511
FBgn0040238	0.0232695720765135	0.0286925655689213	0.0385525537369354	0.00236639716032341
FBgn0040239	0.0454945935122146	0.0527833400080097	0.082258710452543	0.023868642370845
FBgn0040250	0.0730844793713163	0	0.376031434184676	0
FBgn0040251	0.285097192224622	0.105831533477322	0.13390928725702	0
FBgn0040252	0.0345940959409594	0	0.191420664206642	0
FBgn0040256	0.0333333333333334	0	0.034074074074074	0.0851851851851852
FBgn0040259	0.0287535941992749	0.0356294536817102	0.0421302662832853	0.00287535941992749
FBgn0040260	0.00474055092889172	0.00281870595771941	0.0137091607943626	0
FBgn0040268	0.0847457627118644	0.0526008182349503	0.0707188778492109	0.0128579777907656
FBgn0040271	0.0589612601106854	0.0598126862494679	0.0666240953597273	0.00191570881226054
FBgn0040273	0.0567729083665338	0.0612549800796813	0.0319721115537848	0.0266932270916335
FBgn0040281	0.153846153846154	0	0	0
FBgn0040283	0.0933255723709739	0.0671323244082265	0.040745052386496	0.0254171517268142
FBgn0040284	0.0820879725667838	0.0796748655857076	0.0273908809957242	0.0110494898607172
FBgn0040285	0.0410789327947356	0.0413395445809037	0.0361924618040851	0.0720591588754602
FBgn0040290	0.289156626506024	0.144578313253012	0.0722891566265061	0
FBgn0040291	0	0	0	0
FBgn0040294	0.0709819786686281	0.0706141963957337	0.0220669363736668	0.0110334681868334
FBgn0040296	0.105	0	0	0
FBgn0040297	0.0426732066217045	0.0245248313917842	0.00833844267320663	0.127161250766401
FBgn0040298	0.0705429670799487	0.0812312954253954	0.0346301838392475	0.036340316374519
FBgn0040299	0.0341895803183792	0	0.172756874095514	0.00162807525325615
FBgn0040305	0.0475581147366176	0.0266581360631265	0.0925570484111753	0.017914267434421
FBgn0040308	0.0804688183328961	0.0251027726755882	0.013207382139421	0.00332371206157615
FBgn0040309	0.0148310616742389	0.00712830957230143	0.00585757306734903	0.00311591553954079
FBgn0040318	0.144144144144145	0.0855855855855855	0	0
FBgn0040319	0.0108329008822003	0.00553537450268119	0.0152871475523266	0.00125410828576371
FBgn0040321	0.037078296726136	0.0248740501804034	0	0.137056681575578
FBgn0040322	0.012879141390574	0.0185720951936537	0	0.0491833877741485
FBgn0040323	0.0471440284230664	0.0427712489751297	0.00273298715496037	0.0497403662202787
FBgn0040324	0.0517011637203518	0.0556986763791419	0.0208758994403482	0.0391756240561429
FBgn0040333	0.296900489396411	0	0	0
FBgn0040334	0.059971246662559	0.0718833436023826	0.0412815773259396	0.0564797699733005
FBgn0040336	0.0187004155647903	0.0088779750661126	0.0477899508877975	0.0124669437098602
FBgn0040337	0.0830544569516276	0.0757529662306054	0.0316397931244296	0.0185579555825981
FBgn0040338	0.569536423841059	0	0	0
FBgn0040339	0.0611527289405288	0.0704785201039598	0.0359272282525607	0.0215563369515365
FBgn0040340	0.0447390427468148	0.0610949874563431	0.00855920114122681	0.0120517487333366
FBgn0040342	0.001400512382579	0	0.00748078565328779	0
FBgn0040344	0.0972634355423673	0.0863831190240685	0.0389053742169469	0.0207715133531157
FBgn0040345	0.263358778625954	0	0	0
FBgn0040346	0.0372281607077036	0.0379653520088463	0.0237744194618504	0.0090305934389974
FBgn0040347	0.135338345864662	0.0601503759398496	0	0
FBgn0040348	0.128048780487805	0	0	0
FBgn0040349	0.0211245533755406	0	0.0332852754967718	0.0361687456904657
FBgn0040350	0.293265749456915	0	0	0
FBgn0040351	0.244444444444444	0	0	0
FBgn0040355	0.534188034188035	0	0	0
FBgn0040356	0.28476821192053	0	0	0
FBgn0040359	0	0.0276923076923077	0	0
FBgn0040362	0.260330578512397	0	0	0
FBgn0040363	0	0	0	0
FBgn0040364	0.0054595874978335	0	0.0357039690334508	0
FBgn0040365	0.468483816013629	0	0	0
FBgn0040366	0.0611353711790393	0.0800582241630275	0.0174672489082969	0.0203784570596798
FBgn0040367	0.477272727272728	0.170454545454546	0	0
FBgn0040368	0.265499635302698	0	0	0
FBgn0040370	0.016597510373444	0	0.0131396957123098	0
FBgn0040371	0.232291254451919	0	0	0
FBgn0040372	0.0760932944606414	0.0548104956268222	0.0329446064139942	0.0204081632653061
FBgn0040373	0.0868347338935572	0.0985994397759102	0.0081232492997199	0
FBgn0040375	0.184764991896272	0.181523500810373	0.103727714748784	0.0324149108589952
FBgn0040376	0.129032258064516	0	0	0
FBgn0040377	0.0477646159724876	0.213603362628964	0	0
FBgn0040382	0.0577913977328199	0.166485870803276	0.0129901827846179	0.00197971470412757
FBgn0040383	0.0386349868748738	0.100087500841354	0.0479908460658275	0.0155818805950057
FBgn0040384	0.0364153834926658	0.0302853389768663	0.0569218419324235	0.0230606436546741
FBgn0040388	0.101014556682841	0.0441111601235112	0.0247022496691664	0
FBgn0040389	0.0472478147885661	0.0562248995983936	0.0342546657217104	0.0122844318450271
FBgn0040391	0.212249208025343	0	0	0.0844772967265049
FBgn0040392	0.0517676767676769	0.0340909090909091	0	0.112373737373738
FBgn0040393	0.229459747015014	0	0	0
FBgn0040394	0.0959027465105809	0.0981539846915804	0.056130871979589	0.0175596578117965
FBgn0040395	0.0792473561323993	0.0597445405850845	0.0273314105205329	0.0760884493888204
FBgn0040396	0.0367696134943268	0.0274255202960986	0.03707299314362	0.02912444633214
FBgn0040397	0.0638363805392005	0.0656956925937403	0.0347071583514099	0
FBgn0040398	0.0484075879817142	0.00694949670441835	0.0494934468417794	0.139109378562974
FBgn0040465	0.0500357398141529	0	0	0
FBgn0040466	0.0928074245939674	0.116524877545759	0.039958752255736	0.0131477184841454
FBgn0040467	0.167532467532467	0.145454545454545	0.064935064935065	0
FBgn0040475	0.0393890973951172	0.0450001857976293	0.0826427854780573	0.0115194530117795
FBgn0040477	0.0712530712530712	0	0	0
FBgn0040491	0.0412505427702996	0.0134607034303082	0.102909248805905	0
FBgn0040493	0.0587246868882846	0.114937550886067	0.0357198537945849	0.0295182496925183
FBgn0040496	0.0254695956701688	0.0764087870105062	0	0
FBgn0040503	0.00181260457334077	0	0	0.0106141940881205
FBgn0040505	0.0916830386378521	0.151277013752456	0	0
FBgn0040506	0.544117647058824	0	0	0
FBgn0040507	0.0197924673328209	0	0.0901229823212911	0.0199846272098386
FBgn0040508	0.404329004329005	0	0	0.0138528138528138
FBgn0040509	0.450292397660819	0	0	0
FBgn0040510	0.410296411856474	0	0	0
FBgn0040512	0.0338734016360892	0.0451910094511953	0.0187832578826146	0.0233897228178857
FBgn0040513	0	0	0	0
FBgn0040514	0	0	0	0
FBgn0040519	0.245929253228523	0	0	0.0113700168444694
FBgn0040524	0.451038575667656	0	0	0
FBgn0040528	0.297709923664122	0.198473282442748	0	0
FBgn0040529	0.0389907731758132	0.0589326189985576	0.0318703207637887	0.0224717814868237
FBgn0040531	0	0	0.564383561643836	0
FBgn0040532	0.0114619090986931	0.000976889366306269	0	0.0673236344954814
FBgn0040534	0.0534129692832765	0.0506825938566553	0.0381399317406143	0.0203071672354949
FBgn0040551	0.015666957428977	0.0404330648057879	0.021294063317769	0.0206270203704654
FBgn0040565	0.63844199830652	0.00310471351961615	0	0
FBgn0040571	0.588235294117647	0	0	0
FBgn0040575	0.0333201110670369	0.0547401824672749	0.0238000793335978	0
FBgn0040582	0	0	0	0
FBgn0040600	0.0354041416165664	0.0680026720106882	0.00507682030728124	0.00227120908483634
FBgn0040606	0	0	0	0
FBgn0040609	0.0552142039916945	0.00550870799610153	0.0169922454341286	0.0690283486588415
FBgn0040623	0	0	0	0
FBgn0040634	0.0953221535745808	0.0538393645189761	0	0
FBgn0040636	0.013026941362916	0.00614896988906498	0.074580031695721	0.00063391442155309
FBgn0040648	0.408759124087592	0	0	0
FBgn0040649	0.415094339622641	0	0	0
FBgn0040650	0.352769679300291	0.163265306122449	0	0
FBgn0040651	0.405320813771517	0	0	0
FBgn0040653	0	0	0	0
FBgn0040658	0.0396927016645326	0.0363316261203585	0.00512163892445584	0.00960307298335467
FBgn0040660	0.0485913439223852	0.13913225635528	0.0268587318603954	0.00793562776483926
FBgn0040666	0.0623195014439886	0.0693114455084359	0.0404316765465876	0.0258397932816537
FBgn0040670	0.123397435897436	0	0	0
FBgn0040674	0.356060606060606	0	0	0
FBgn0040682	0.0169434865226265	0.022538531916391	0	0
FBgn0040684	0.424418604651162	0	0	0
FBgn0040687	0	0	0	0
FBgn0040694	0.235502958579882	0	0	0
FBgn0040696	0.211647727272727	0	0	0
FBgn0040715	0	0	0	0
FBgn0040717	0.276733635774465	0.239792611795204	0.0250594080794988	0
FBgn0040718	0.285361334156887	0.232242124768375	0	0
FBgn0040719	0.468682505399568	0	0	0
FBgn0040723	0.0217337204479469	0	0.472003318125259	0
FBgn0040725	0.294403892944039	0	0	0
FBgn0040726	0.159420289855072	0	0	0
FBgn0040729	0.081554635234151	0	0.349792927683976	0
FBgn0040730	0	0	0.0671100362756953	0
FBgn0040732	0.023321453207634	0.00113531846401472	0	0.158033455966889
FBgn0040733	0	0.232876712328767	0	0
FBgn0040735	0	0.219101123595506	0	0
FBgn0040736	0	0.227848101265823	0	0
FBgn0040743	0.0971540726202157	0.490677134445535	0	0
FBgn0040747	0.397356828193833	0	0	0
FBgn0040751	0.0867026055705302	0.0399820305480684	0	0
FBgn0040752	0.0600398604882911	0.077354260089686	0.036123567513702	0.00174389636273044
FBgn0040754	0.0310962829890071	0.0665982291800333	0.0207878865648659	0.00842636554172547
FBgn0040755	0.552447552447552	0	0	0
FBgn0040759	0.0709090153372959	0.0937694833534229	0	0.00178727295398811
FBgn0040763	0.21114929362352	0.0145093547155403	0	0.0481099656357389
FBgn0040765	0.0424274973147153	0.0112781954887218	0.0386680988184748	0.0204081632653062
FBgn0040773	0.106878433245761	0.150943396226415	0.152376403152615	0.0665154048244568
FBgn0040777	0.144332338591256	0.118326938562835	0.116574297759462	0.107668987731514
FBgn0040778	0.421326397919376	0.0702210663198961	0	0
FBgn0040780	0.0224985198342215	0.034339846062759	0.0130254588513913	0.0177619893428064
FBgn0040784	0.514851485148515	0	0	0
FBgn0040786	0.131578947368421	0.164473684210526	0	0
FBgn0040793	0.0270490421886411	0.0438645768964291	0.0217965282849278	0.00969982959758814
FBgn0040796	0	0	0	0
FBgn0040798	0	0	0	0
FBgn0040801	0.214814814814815	0.303703703703704	0	0
FBgn0040805	0.0516592541908997	0	0.00684228532329799	0
FBgn0040812	0.26355421686747	0	0	0
FBgn0040813	0.00047676135548345	0.000509162612652229	0	0.00246712429585126
FBgn0040814	0.365266106442576	0	0	0
FBgn0040816	0.387096774193548	0	0	0
FBgn0040817	0.0817309590555534	0.0959845224464011	0.0202945473210408	0
FBgn0040823	0.55	0	0	0
FBgn0040827	0.0202294433770501	0.000616072174421519	0.113757552975245	0.0361985910394565
FBgn0040832	0.0447350309704061	0.0956641431520991	0.0165175498967653	0
FBgn0040837	0.0175438596491228	0	0.208711433756806	0
FBgn0040842	0.306896551724138	0.262068965517241	0	0
FBgn0040843	0.179584120982987	0.122873345935728	0	0
FBgn0040849	0.2578125	0.2578125	0	0
FBgn0040850	0.0147960415158098	0.00209992758870384	0.0867004586048754	0.0332367849384504
FBgn0040859	0.421681282128817	0	0	0.0169337768370124
FBgn0040871	0.429042904290429	0	0	0
FBgn0040890	0.0434240445976673	0.0681434753905964	0.0382894447297	0.0167241252842368
FBgn0040899	0.036374922408442	0.0547486033519553	0.0209807572936064	0.0112973308504035
FBgn0040904	0.405714285714286	0	0	0
FBgn0040905	0.409574468085106	0	0	0
FBgn0040906	0.392156862745098	0	0	0
FBgn0040907	0.0515241882041089	0.0566600397614314	0.0276673293571902	0
FBgn0040918	0.0394910048266784	0.0127005021695676	0.0227682706840232	0.0845643800887327
FBgn0040923	0.160849772382398	0.219018715225088	0	0
FBgn0040928	0.242857142857143	0.303571428571428	0	0
FBgn0040929	0.129641693811075	0.0944625407166124	0.0390879478827362	0.0273615635179153
FBgn0040931	0.0289774137503103	0.0388433854554481	0.0322660709853561	0.00694961528915364
FBgn0040942	0.0226905467277135	0.0163950983032588	0.0146444923242661	0.038479666038244
FBgn0040950	0.525911005310383	0	0	0
FBgn0040958	0	0	0	0
FBgn0040959	0.0185248456805188	0	0.026246514185678	0
FBgn0040963	0.230964088809417	0	0	0
FBgn0040964	0.359243697478992	0.147058823529412	0	0
FBgn0040967	0.475409836065574	0	0	0
FBgn0040973	0.418439716312057	0	0	0
FBgn0040985	0.0270527548014459	0.0575851910930444	0.011628954037331	0.0321918777416159
FBgn0040989	0.362913907284769	0	0	0
FBgn0040992	0	0	0	0
FBgn0040993	0	0	0	0
FBgn0040996	0.192028985507246	0	0	0
FBgn0041004	0.167597765363128	0.179469273743017	0.0768156424581006	0.0886871508379887
FBgn0041087	0.0439716312056737	0.0725430597771021	0.0462006079027356	0
FBgn0041092	0.0466948660529154	0.0449531392552045	0.0385668076635979	0.033590445384424
FBgn0041094	0.0669906386023492	0.0473734422515056	0.0579273746347862	0.00825830302307554
FBgn0041096	0.114896988906498	0.0507131537242471	0.0277337559429478	0
FBgn0041097	0.183510638297872	0	0	0
FBgn0041100	0.0321987120515179	0.0220791168353266	0	0
FBgn0041102	0.393145891154821	0	0	0.0242548570049475
FBgn0041103	0.561679790026246	0	0	0
FBgn0041111	0.0786573146292586	0.0627922511690046	0.0255511022044088	0.0222110888443554
FBgn0041147	0.116213683223992	0.0515463917525772	0.0206185567010309	0.0112464854732896
FBgn0041150	0.035195103289977	0.0604437643458301	0.0114766641162969	0.00765110941086457
FBgn0041156	0.0361512791991101	0	0.21329254727475	0
FBgn0041160	0.0534028324154209	0.0128835562549174	0.0685483870967741	0.122246262785208
FBgn0041161	0.111709286675639	0.069537909376402	0.0331987438313145	0.0282637954239569
FBgn0041164	0.133493975903614	0.0650602409638554	0.0308433734939759	0.0130120481927711
FBgn0041171	0.0887561987653071	0.0561684040076915	0.0371419896771581	0.0277299868434369
FBgn0041174	0.0393258426966293	0.0363516192994052	0.0330469266358228	0.0356906807666887
FBgn0041180	0.0278929146145218	0.0214560881650168	0.014239040327693	0.0319403130638319
FBgn0041181	0.0379061371841155	0.108997500694252	0	0
FBgn0041182	0.0246627168248983	0.0105824826896995	0.00253408523092297	0.131254907559426
FBgn0041183	0.0870685213807318	0.0332302936630602	0	0.038382277176713
FBgn0041184	0.0405535886707435	0.0667846797553909	0.0598648213710975	0.00901190859349857
FBgn0041186	0.0903163487080417	0.0729292441439268	0.0396039603960396	0.0120743781695243
FBgn0041188	0.0789978882703013	0.0610481858322135	0.039258974851219	0.0106546362065656
FBgn0041191	0.122479649342517	0.129555416405761	0.153036944270507	0.0807138384470883
FBgn0041194	0.0552247044127473	0.00127821514684949	0	0.331783981640182
FBgn0041195	0.351735015772871	0	0	0.0126182965299684
FBgn0041203	0.114254224834681	0.0518001469507714	0.0260837619397502	0.0139603232916973
FBgn0041205	0.0529059664027805	0.0999806912531377	0.0549526935701873	0.0114307781424986
FBgn0041210	0.0715185091916394	0.0486023671619239	0.0385293376983128	0.0370183832787711
FBgn0041233	0.111492281303602	0	0	0.648370497427101
FBgn0041234	0.14336917562724	0	0	0.621863799283155
FBgn0041243	0	0	0	0
FBgn0041246	0.385964912280701	0	0	0
FBgn0041337	0.362385321100917	0	0	0.110091743119266
FBgn0041342	0.039489429597128	0.0499933519478793	0.0105704028719585	0.0196782342773567
FBgn0041579	0	0.00184488753281771	0	0.00879869438728445
FBgn0041581	0	0.3991683991684	0	0.312889812889812
FBgn0041582	0.0500791480788603	0.0910922434882717	0.0322348539358181	0.0110807310404375
FBgn0041585	0.0632047006511039	0.0576464983325393	0.0281086231538828	0.0176274416388757
FBgn0041588	0.0619324373410826	0.0564838358154742	0.0341445695604795	0.0199782055938976
FBgn0041604	0.0751572327044024	0.0460691823899371	0.0592767295597486	0.00251572327044025
FBgn0041605	0.08144416456759	0.015952980688497	0.00251889168765743	0.00503778337531485
FBgn0041627	0.0520016508460586	0.0408584399504746	0.0181593066446554	0.0144449030127941
FBgn0041629	0.0751674522451005	0.0463904738278344	0.012031753907219	0.0132721409079633
FBgn0041630	0.0710236999277209	0.0904249248678053	0.0696542016966561	0.0250313843344619
FBgn0041702	0.0988461538461539	0.0723076923076924	0.0423076923076924	0.0326923076923077
FBgn0041706	0.205555555555555	0	0	0
FBgn0041707	0.049216186656945	0.00674444039372948	0.0710900473933649	0.013124316441852
FBgn0041709	0.0723514211886305	0	0.488372093023256	0
FBgn0041710	0.0789353843040024	0.0748368162728331	0	0.386378586247027
FBgn0041711	0.0377048613512205	0.182594564691239	0	0
FBgn0041712	0.0765604681404421	0.0822496749024709	0.0131664499349805	0.0352730819245773
FBgn0041713	0.00285574238646293	0.00949427785947189	0	0
FBgn0041723	0.1	0	0.00952380952380952	0
FBgn0041775	0.0655353013195483	0.0756019589171541	0.0279213712420079	0.0322405114950347
FBgn0041780	0	0	0	0
FBgn0041781	0.0574109140988121	0.061972800826304	0.0434670339128937	0.0283181270442418
FBgn0041789	0.0221240645011959	0.0689375819766991	0.0162603194197979	0.00337551114883111
FBgn0042083	0.0441222326161521	0.0706267539756782	0.0374181478016838	0.0241658871219208
FBgn0042085	0.130695044895244	0.0708347189890256	0.0239441303624875	0.0136348520119721
FBgn0042092	0.0795241077019411	0.0532247964934251	0.0407013149655605	0
FBgn0042094	0.0413833300952011	0.0054400621721391	0.0205459490965611	0.021371672819118
FBgn0042101	0.00505184791278916	0	0.0253921829300718	0
FBgn0042102	0.0302322288303596	0	0.167657887284055	0
FBgn0042103	0.0225525371604306	0	0.0902101486417223	0
FBgn0042104	0.0365436543654366	0	0.185598559855986	0
FBgn0042105	0.0242341106538637	0	0.152263374485597	0
FBgn0042106	0	0	0	0
FBgn0042110	0	0	0.0285285285285286	0
FBgn0042111	0.0610242956541575	0.0617086802783163	0.0323942055435155	0.010836089882514
FBgn0042112	0.0803589232303089	0.0293120638085743	0.0374875373878365	0.0189431704885344
FBgn0042119	0.0265032300811661	0.155706476726851	0	0
FBgn0042125	0.249406175771971	0.0926365795724465	0.0783847980997625	0.0546318289786224
FBgn0042126	0.521739130434783	0	0	0
FBgn0042127	0.425531914893617	0	0	0
FBgn0042131	0.230088495575221	0	0	0
FBgn0042132	0.0832318311002842	0.0625253755582623	0.0308566788469346	0.0125862768980917
FBgn0042133	0.267241379310344	0	0	0
FBgn0042134	0.0750335760231852	0.0750689192054853	0.0348130345656322	0.0183784547960698
FBgn0042135	0.0444089554989097	0.0588126900279475	0.0436718773993427	0.00648014495869291
FBgn0042138	0.0538491554713195	0.0534589441997882	0.0193433301744802	0.0122080383521935
FBgn0042174	0.113292905958225	0.297494144447653	0.0746623030769724	0.0121923829691661
FBgn0042175	0.0241187384044526	0.0241187384044526	0.232838589981447	0.222170686456401
FBgn0042177	0.185714285714286	0.143956043956044	0.0780219780219781	0.0802197802197801
FBgn0042178	0.264887063655031	0.114989733059548	0.0287474332648871	0.0482546201232034
FBgn0042179	0.114930182599355	0	0.120085929108485	0
FBgn0042180	0.0677521008403361	0.0614495798319328	0.0362394957983193	0.013655462184874
FBgn0042185	0.0260557053009883	0.0535489667565139	0.00269541778975741	0.00988319856244382
FBgn0042189	0.383261035978565	0	0	0.0149272773666752
FBgn0042198	0.227882037533512	0	0	0
FBgn0042205	0.0589496248660235	0.107181136120043	0.0278670953912112	0.0310825294748125
FBgn0042206	0.0159108989657916	0.00954653937947494	0.0379209758684699	0.0790241315300981
FBgn0042213	0.0428408767435239	0.0461144321093083	0.026757756902932	0.0375747224594364
FBgn0042627	0.0432692307692308	0.396634615384616	0	0
FBgn0042630	0.142592592592593	0.064814814814815	0	0
FBgn0042641	0	0	0	0
FBgn0042650	0.327702702702703	0.10472972972973	0.0945945945945947	0
FBgn0042693	0.183045128637706	0.139603542808941	0.123576549978912	0.0535638970898355
FBgn0042696	0.0314861460957179	0.073887489504618	0	0
FBgn0042701	0.412322274881517	0	0	0
FBgn0042710	0.241434905280129	0	0	0
FBgn0042711	0.208273894436519	0	0	0
FBgn0042712	0.0873632889708789	0.0701014626432994	0.034391882988536	0.0184477533271841
FBgn0043001	0.0424588086185044	0.0361216730038023	0.0183776932826362	0.0122517955217575
FBgn0043002	0.0723320158102767	0.0703557312252964	0.0379446640316206	0
FBgn0043005	0.0374064837905237	0	0.0623441396508728	0
FBgn0043010	0.0780325045743194	0.0580131309869768	0.0287374878915079	0.0240017220966527
FBgn0043012	0.0581895685044436	0.0558973740298387	0.0365142558410746	0.0564603691639522
FBgn0043025	0.27810650887574	0	0.0103550295857988	0
FBgn0043043	0	0	0	0
FBgn0043069	0	0	0	0.576923076923077
FBgn0043070	0.0468943931789974	0.051805083373806	0.0344287949921753	0.00469483568075117
FBgn0043362	0.0746970071728917	0.0613405886717784	0.040563937670047	0.0415533020034628
FBgn0043364	0.0282270253929867	0.0685837363966143	0.0176466142684402	0.0420571342200725
FBgn0043455	0.0318575191270538	0.0570676031606674	0.0225761946569673	0.0155524896525774
FBgn0043456	0.0830283911671925	0.0738801261829653	0.0302839116719243	0.0189905362776025
FBgn0043457	0.096100706171323	0.0804421246545901	0.025483573840958	0.0135093644458091
FBgn0043458	0.0551890941072998	0.0406772207563763	0.037269129287599	0.0180299032541777
FBgn0043470	0	0	0.00182263654834469	0
FBgn0043471	0.00443754160195251	0	0.0378300421566454	0
FBgn0043532	0.40590405904059	0	0	0
FBgn0043575	0.0126459944553264	0	0.0603353610504311	0.000136382982225535
FBgn0043577	0	0	0	0
FBgn0043578	0	0	0	0.00265842227560947
FBgn0043783	0.0223082176189392	0.00128993095075499	0.012216404886562	0.00804309886941345
FBgn0043792	0.0697258641239571	0.423122765196663	0	0
FBgn0043796	0.0765714285714286	0.0937142857142857	0.0415238095238095	0.0140952380952381
FBgn0043799	0.0332667997338657	0.021290751829674	0	0.06187624750499
FBgn0043806	0.0607469145696424	0.0365443179996794	0	0.137522038788267
FBgn0043841	0.0167384502398311	0.0673745572496309	0.000887413266828339	0.0277699151602316
FBgn0043854	0.0625000000000001	0	0	0.1953125
FBgn0043865	0.248484848484849	0	0	0
FBgn0043884	0.10392526722357	0.0714093236324441	0.0383544417497529	0.0246115153148298
FBgn0043900	0.115143929912391	0.0832290362953692	0.0262828535669587	0.0187734668335419
FBgn0043903	0.0644157088122604	0.0845306513409961	0.0318486590038314	0.00550766283524903
FBgn0044011	0	0	0	0.447916666666666
FBgn0044020	0.0412474849094568	0.042442152917505	0.0552062374245473	0.0285462776659959
FBgn0044028	0.104545454545454	0.0704545454545452	0	0
FBgn0044030	0.0395528804815133	0.0429922613929493	0.0421324161650903	0
FBgn0044047	0.0527355539702573	0.00351204521758217	0.0063655819568677	0.24046534599133
FBgn0044048	0.668711656441718	0	0	0
FBgn0044050	0.343396226415094	0	0.173584905660377	0
FBgn0044323	0.0664970313825275	0.0570822731128074	0.0307888040712468	0.0180661577608143
FBgn0044324	0.0834015834015835	0.0656565656565655	0.0281190281190281	0.0137865137865138
FBgn0044419	0	0	0	0
FBgn0044452	0.0579598992001753	0.0599868521967788	0.100525912128848	0.0292538621671962
FBgn0044510	0.0976065818997756	0.234106207928198	0.0860134629768138	0.0901271503365743
FBgn0044511	0.0444924406047517	0.0241900647948164	0	0
FBgn0044812	0	0	0	0.322674418604651
FBgn0044823	0.0439861723685779	0.0399332459172727	0.0207414471331506	0.0516152103945642
FBgn0044826	0.0560337692435028	0.0278927329912265	0.0729183909948685	0.0305413011090879
FBgn0044871	0.0649214659685865	0.0703664921465968	0.0845026178010471	0.041151832460733
FBgn0044872	0.00571297989031079	0	0.0189670932358318	0
FBgn0045035	0.096969696969697	0.0484848484848485	0.0235690235690236	0.00875420875420875
FBgn0045038	0.12157721796276	0	0	0
FBgn0045063	0.0802681333791683	0.0845651426607081	0.0195943623238226	0.0378136816775524
FBgn0045064	0.0268616047826264	0.00534791980153728	0.155638700231811	0.000630363170523403
FBgn0045073	0.0476556495003843	0.0636433512682552	0.0471944657955419	0.0276710222905457
FBgn0045474	0	0	0	0
FBgn0045495	0	0	0.535714285714286	0
FBgn0045759	0.0327868852459016	0	0.147540983606557	0
FBgn0045761	0.148315282791817	0.150421179302046	0.104693140794224	0.118231046931408
FBgn0045770	0.226639459611596	0	0	0.00682521812552771
FBgn0045800	0.184481393507522	0.155186064924782	0.0712589073634204	0.0973871733966746
FBgn0045823	0.0523116432940522	0.0514703556812215	0.0267061376042911	0.0602248072312783
FBgn0045842	0.103317295517853	0.0389972144846797	0.0354520131678906	0.0924284629020008
FBgn0045843	0.208	0	0	0
FBgn0045852	0.043859649122807	0.0045766590389016	0.097254004576659	0
FBgn0045862	0.0504337955079866	0.0759750263520635	0.0232708992134923	0.00900024324981757
FBgn0045866	0.0497419052088221	0.0656593148756452	0.0254903801032379	0.028662599718442
FBgn0045980	0.111111111111111	0	0	0.359477124183006
FBgn0046113	0.0242402315484804	0.106367583212735	0	0
FBgn0046114	0.0294228187919463	0.010979865771812	0.0394630872483221	0.0141476510067114
FBgn0046214	0.171583087512291	0.217551622418879	0.0821042281219272	0.0319567354965585
FBgn0046222	0.04518484710178	0.052259242355089	0.0203103605659516	0.0150616157005933
FBgn0046225	0.117625899280575	0.0201438848920864	0.00899280575539567	0.00791366906474819
FBgn0046247	0.0720551378446116	0.0765455304928988	0.0449039264828738	0.0285087719298246
FBgn0046253	0.060155739166617	0.111097901682221	0.00172383047018962	0
FBgn0046258	0.125033756413718	0.056710775047259	0	0
FBgn0046294	0.239618390676717	0	0	0.0061747281172642
FBgn0046296	0.0189334722945979	0.0156331422615946	0.0257078339412888	0.00573215216258468
FBgn0046297	0.387628424657534	0	0	0
FBgn0046301	0.0756391295161629	0.0952884005915908	0.0397211071202198	0.0274667230086626
FBgn0046302	0.0231535728681371	0	0.13533122732684	0
FBgn0046332	0.255089820359281	0	0	0
FBgn0046685	0.0922089290925004	0.0662386927341698	0.0542748759848263	0.0145900204260286
FBgn0046687	0.0525156077855307	0.046639735585751	0.0301138450238708	0.0238707308116048
FBgn0046689	0.0575757575757577	0	0.387575757575758	0
FBgn0046692	0.144601297214803	0.13429988553987	0.0995803128576879	0.133536818008394
FBgn0046696	0.148963730569948	0.211139896373057	0	0.136010362694301
FBgn0046697	0.375	0	0	0
FBgn0046698	0.422360248447205	0	0	0
FBgn0046704	0.0818802122820318	0.0545868081880212	0.0353803386403841	0.0189537528430629
FBgn0046706	0.186421173762946	0.181242807825086	0.0621403912543153	0.0863060989643269
FBgn0046763	0.050811004570302	0.0216865310511695	0.00125459270543956	0.0723183080921229
FBgn0046776	0.258196721311475	0	0.14344262295082	0.0819672131147541
FBgn0046793	0.368715083798883	0	0	0
FBgn0046873	0.391585760517799	0	0	0
FBgn0046874	0	0	0	0
FBgn0046875	0.0183387270765912	0.208558072635742	0	0
FBgn0046876	0.0342367405546082	0	0	0.20542044332765
FBgn0046878	0.0156989247311828	0	0	0.174193548387097
FBgn0046879	0	0.0399686520376175	0	0
FBgn0046880	0.0579804560260587	0.0638436482084691	0	0
FBgn0047038	0.0430210691944583	0.0493533407529646	0.0255977280577195	0.0198411175499865
FBgn0047095	0.209558823529412	0.357843137254902	0	0
FBgn0047114	0.0588373183309892	0.040084388185654	0.0360993905297702	0.0182841068917018
FBgn0047135	0.047970586114916	0.0363708456491962	0.0110662533342946	0.108305096964891
FBgn0047178	0.0304633345494345	0.0342940532652317	0.00948558920102151	0
FBgn0047334	0	0	0.252808988764045	0
FBgn0047338	0.16857688634193	0	0	0
FBgn0047351	0.400471698113207	0	0	0
FBgn0050000	0.127616338142654	0.145498882340987	0.0666531192846983	0.199552936395042
FBgn0050001	0.208436724565757	0.084367245657568	0	0
FBgn0050005	0.124600638977636	0.134185303514377	0.0734824281150159	0.193610223642173
FBgn0050007	0.136747326955543	0.0579628587507034	0.039954980303883	0.0292628024760832
FBgn0050008	0.0211896859841716	0.0194026040336992	0.0114883839673219	0.00944600459535356
FBgn0050009	0.527272727272727	0	0	0
FBgn0050010	0.0286337605672212	0.0403599672757022	0.0253613307881102	0.0823561494409602
FBgn0050011	0.0542897327707454	0.031866586296966	0.0197709463532248	0.099216395418927
FBgn0050015	0.0596451491128729	0.0382219705549264	0.0382219705549264	0.00443563608909023
FBgn0050016	0.0168478260869565	0	0	0
FBgn0050020	0.0876440632538194	0.0702224604663629	0.0399356740820156	0.0241222192441705
FBgn0050021	0.0428802588996763	0.0946601941747572	0.0165857605177994	0
FBgn0050022	0.0970171738475442	0.128351913226876	0.143717987345586	0.125338957517325
FBgn0050026	0	0.315533980582525	0	0.276699029126213
FBgn0050029	0.154370452242793	0.440729483282675	0	0
FBgn0050035	0.0614008604422975	0.0245301532191109	0.00109442222054495	0.370329836214054
FBgn0050036	0.48	0	0	0
FBgn0050037	0.372340425531915	0	0	0
FBgn0050039	0.219332377636699	0	0	0
FBgn0050042	0	0.697318007662835	0	0
FBgn0050043	0.00634134557313685	0	0.0331561782824013	0
FBgn0050044	0.490196078431372	0	0	0
FBgn0050046	0.0360878168284181	0.00791482144539715	0.0284556675774994	0.172995383020824
FBgn0050047	0.0183053406303076	0	0.0873749764106433	0
FBgn0050048	0.220524017467249	0	0	0
FBgn0050049	0.016973125884017	0	0.0664780763790667	0
FBgn0050051	0.0393046107331821	0.0187074829931973	0.0177626606198035	0.0156840513983371
FBgn0050052	0.167420814479637	0.110407239819004	0.0212669683257919	0
FBgn0050054	0.115079365079365	0.142857142857143	0.128968253968254	0.115079365079365
FBgn0050055	0.1671469740634	0.210374639769452	0.0634005763688761	0.0432276657060519
FBgn0050056	0.38255033557047	0	0	0
FBgn0050058	0	0	0	0
FBgn0050065	0.23030303030303	0	0	0
FBgn0050069	0.0299264024954916	0.0605839060291465	0.0194960276843593	0.0085782521811181
FBgn0050073	0	0	0	0
FBgn0050074	0.112891478514203	0.402767662053896	0	0
FBgn0050075	0.0785340314136125	0	0	0
FBgn0050077	0.0484007446268404	0.0624471145709933	0.0507700118463361	0.0345236080555085
FBgn0050081	0.178272980501392	0.130919220055711	0.0612813370473537	0.0557103064066852
FBgn0050082	0.43089430894309	0	0	0
FBgn0050083	0.0160235867196513	0	0	0.207793872580438
FBgn0050085	0.0880872483221476	0.0536912751677852	0.0310402684563758	0
FBgn0050087	0	0	0	0
FBgn0050088	0	0	0	0
FBgn0050089	0.0747514910536779	0.131212723658052	0.00278330019880715	0.00715705765407554
FBgn0050090	0.0245044052863436	0	0	0.0715859030837004
FBgn0050091	0.0266833810888252	0	0	0.198244985673352
FBgn0050093	0.224964739069111	0	0	0
FBgn0050094	0.111560498820357	0.0569598921469498	0.0340411189753961	0.0215706100438153
FBgn0050096	0.105978260869565	0.0788043478260868	0.0706521739130433	0.0516304347826088
FBgn0050098	0	0	0	0.198910081743869
FBgn0050099	0.186714542190305	0	0	0.102333931777379
FBgn0050100	0	0	0	0
FBgn0050103	0.281782437745741	0	0	0
FBgn0050104	0.0394175244790359	0.0070298769771529	0.0218428320361536	0.0401707255837308
FBgn0050105	0.104865771812081	0.0805369127516778	0	0
FBgn0050106	0.191780821917809	0	0	0
FBgn0050108	0.0581451225372417	0.0384430562229697	0.0922633349351273	0.0345987506006727
FBgn0050109	0.0788235294117645	0.0457142857142857	0.0478991596638655	0.0352941176470588
FBgn0050110	0.110371075166508	0	0	0
FBgn0050115	0.0536726722943177	0.0317500314980471	0.133929696358826	0.0103313594557137
FBgn0050118	0.0266334650571104	0.0293401180100688	0.025550803875927	0.00492610837438424
FBgn0050120	0	0	0	0
FBgn0050122	0.0816946959896507	0.070633893919793	0.0266494178525226	0.0159767141009056
FBgn0050145	0	0.543726235741445	0	0
FBgn0050147	0.0824593128390596	0.113924050632911	0.0047016274864376	0
FBgn0050148	0.00212266785833985	0	0	0.00811827356347522
FBgn0050151	0.0172413793103448	0	0	0.100067613252197
FBgn0050154	0.0420736288504885	0.0632177739615755	0	0.0475474938284857
FBgn0050156	0.231084606783452	0	0	0
FBgn0050157	0.0767527675276753	0.0383763837638376	0.0450184501845018	0.022140221402214
FBgn0050158	0.485714285714286	0	0	0
FBgn0050159	0.0491440740437382	0.042100090097469	0.0280940289950036	0.0127774592513719
FBgn0050161	0.193512304250559	0	0	0
FBgn0050163	0.0121451636223432	0.118270760036628	0	0
FBgn0050169	0.0785246876859013	0.11540749553837	0.0547293277810827	0.041046995835812
FBgn0050172	0.116071428571429	0	0	0
FBgn0050177	0.314183123877918	0	0	0
FBgn0050178	0.272921108742004	0	0	0
FBgn0050181	0.0702479338842975	0	0	0.246556473829201
FBgn0050183	0.120814182534471	0.0347997373604728	0.0164149704530532	0.0203545633617859
FBgn0050184	0.310509554140127	0	0	0
FBgn0050185	0.036311709506324	0.055827553379573	0.0330477356181151	0.00598395212838297
FBgn0050187	0.0267727930535456	0.0198986975397974	0	0.0463096960926194
FBgn0050192	0.273489932885907	0	0	0
FBgn0050195	0	0.0877437325905294	0	0
FBgn0050196	0.025766593837113	0.0989979657952235	0	0.0318692081669555
FBgn0050197	0.0274322660098522	0.135360221674877	0	0.00184729064039409
FBgn0050203	0.0545454545454545	0.0464646464646465	0	0.0565656565656565
FBgn0050222	0.291916167664671	0	0	0
FBgn0050263	0.571428571428572	0	0	0
FBgn0050268	0.288793103448276	0	0	0
FBgn0050269	0	0	0	0
FBgn0050271	0.312430011198208	0	0	0
FBgn0050272	0.0138888888888889	0	0.282407407407407	0
FBgn0050273	0	0	0	0
FBgn0050275	0.307865168539326	0	0	0
FBgn0050277	0.478651685393258	0	0	0
FBgn0050278	0.227436823104693	0	0	0
FBgn0050280	0	0	0	0
FBgn0050281	0	0	0	0
FBgn0050284	0.224867724867725	0	0.0555555555555556	0.0357142857142857
FBgn0050285	0.0171563371220245	0.0285224104653656	0	0
FBgn0050286	0	0	0	0
FBgn0050287	0	0	0	0.535519125683061
FBgn0050288	0.0668523676880223	0	0	0.403435468895079
FBgn0050289	0.0709677419354839	0	0	0.423655913978495
FBgn0050290	0	0	0	0
FBgn0050291	0.0583168316831682	0.0813861386138614	0.0413861386138613	0.0347524752475248
FBgn0050293	0.182857142857143	0	0	0
FBgn0050295	0.0599909788001803	0.0568335588633288	0.0171402796571944	0.0126296797474064
FBgn0050296	0.0372792674950948	0.192562832850602	0.00149490796972811	0
FBgn0050323	0.0300721732157177	0	0	0
FBgn0050324	0.243071786310518	0	0	0
FBgn0050325	0.256410256410257	0	0	0
FBgn0050334	0.333333333333334	0	0.0865800865800867	0
FBgn0050338	0.0970072239422084	0.0835913312693499	0.0639834881320951	0
FBgn0050339	0.00813432057565961	0	0.0436959015538638	0
FBgn0050340	0.0393939393939394	0	0.128787878787879	0
FBgn0050342	0.0646542932898228	0.0952478074648177	0.0285539465633286	0.0250866816234958
FBgn0050344	0.0185718249289034	0.00825414441284597	0.0474613303738642	0.00884372615662066
FBgn0050345	0.0301615049442951	0.0246562475539437	0.14031883528583	0.021629660552613
FBgn0050349	0.0692695214105793	0.0728379513014276	0.0346347607052897	0.0149034424853065
FBgn0050350	0.391114348142753	0	0	0
FBgn0050354	0.386178861788617	0	0	0
FBgn0050355	0.19262493934983	0	0	0
FBgn0050356	0.385365853658537	0	0	0
FBgn0050357	0.227456258411844	0.0497981157469716	0.121130551816958	0.0632570659488561
FBgn0050359	0.0382551036887153	0.0138219954971644	0.000237491331566398	0.239733249736385
FBgn0050360	0.0845847773071493	0.00158302314636546	0.220681983485218	0.26808710905746
FBgn0050361	0.172932330827068	0	0.0827067669172932	0
FBgn0050362	0.40365774003919	0	0	0
FBgn0050363	0	0	0	0
FBgn0050364	0	0	0	0
FBgn0050365	0	0	0	0
FBgn0050366	0	0	0	0
FBgn0050369	0.229259589652096	0	0	0
FBgn0050371	0.223580441640379	0	0	0
FBgn0050372	0.0616966580976864	0.0544382277332527	0.0686526538636019	0.0152729472251626
FBgn0050373	0.0413507925568574	0.0833907649896623	0.0326211807948541	0.0287158281644843
FBgn0050375	0.578947368421052	0	0	0
FBgn0050376	0.240376881535103	0	0	0.00781339767896129
FBgn0050377	0.0511049723756905	0.19060773480663	0	0
FBgn0050378	0.202108036890646	0	0	0
FBgn0050379	0	0	0	0
FBgn0050380	0.0523089497343686	0.229668982427462	0	0
FBgn0050381	0.0585464333781965	0.0484522207267833	0.0255720053835802	0
FBgn0050383	0.522388059701492	0	0	0
FBgn0050384	0.236434108527132	0	0	0
FBgn0050385	0.198675496688742	0	0	0
FBgn0050389	0.085067542898868	0.0772179627601314	0.0200803212851406	0.0149689667761957
FBgn0050390	0.0525849335302806	0.0522895125553914	0.0573116691285081	0.0147710487444609
FBgn0050391	0.401662049861496	0	0	0
FBgn0050392	0.0492008945617194	0.0322914962090219	0.128402334587902	0.0104183712431135
FBgn0050393	0.404709748083242	0	0	0
FBgn0050394	0.0672828890799654	0.0687876182287191	0.0468615649183148	0.0176268271711092
FBgn0050395	0.458333333333334	0	0	0
FBgn0050398	0.212624584717608	0	0	0
FBgn0050401	0.563157894736842	0	0	0
FBgn0050403	0.0602593440122044	0.0701754385964913	0	0.0350877192982455
FBgn0050404	0.0563967522492869	0.0526113671274962	0.0398836954136493	0.0265525565064735
FBgn0050409	0.506944444444444	0	0	0
FBgn0050410	0.0656418778562526	0.0436920094169782	0.0132945575405069	0.0127406176429857
FBgn0050411	0.0974848898420747	0	0.0489374147007214	0
FBgn0050412	0.247596153846154	0	0	0
FBgn0050413	0	0	0.398230088495575	0
FBgn0050414	0.0176291352292513	0.00399013348810214	0.00217643644805572	0.0445443993035404
FBgn0050416	0.273413897280967	0	0	0
FBgn0050417	0.519298245614035	0	0	0
FBgn0050418	0.184873949579832	0.0588235294117647	0	0
FBgn0050419	0.522388059701492	0	0	0
FBgn0050421	0.0744642208499818	0.0501271340355975	0.0363240101707228	0.0359607700690156
FBgn0050423	0.123241464417935	0.131098313451254	0.173467708761827	0.0944878650761004
FBgn0050424	0.0240260621691326	0.00475091624813358	0.0495452694448217	0.072485407900095
FBgn0050428	0.0421065404683899	0.0389515835456862	0.0308215022448732	0.0429559519475792
FBgn0050429	0.412322274881517	0	0	0
FBgn0050430	0.385037928328538	0	0	0
FBgn0050431	0.0711966025480889	0	0	0.0704471646265301
FBgn0050432	0.44773519163763	0	0	0
FBgn0050438	0.0354641969731195	0.131240117461035	0.00248475265416761	0
FBgn0050440	0.093732193732194	0.223931623931624	0	0
FBgn0050443	0.0452101661779081	0.0818670576735094	0.0364125122189638	0.0158846529814272
FBgn0050446	0	0	0	0
FBgn0050447	0.313291139240507	0	0	0
FBgn0050456	0.0396024918421833	0.0315188371403145	0.0863245327795906	0.00407890833580539
FBgn0050457	0.299401197604791	0	0	0
FBgn0050458	0	0.572992700729927	0	0
FBgn0050460	0.109272875816993	0.0580065359477124	0.0159313725490196	0.0245098039215686
FBgn0050462	0	0	0	0
FBgn0050463	0.0504102298765613	0.0175179244585705	0.054475570995639	0.000517407051518958
FBgn0050466	0.118446601941748	0.0252427184466019	0.0155339805825243	0.0533980582524271
FBgn0050467	0.069980879541109	0.0424474187380497	0.0347992351816443	0.0107074569789675
FBgn0050471	0.129496402877698	0.388489208633094	0	0
FBgn0050472	0.251599147121535	0	0	0
FBgn0050476	0.0726835583502867	0.0562234140928424	0.0449417421860551	0.0314407249861291
FBgn0050481	0	0	0	0
FBgn0050484	0.4	0	0	0
FBgn0050485	0.269879518072289	0	0	0
FBgn0050486	0	0	0	0
FBgn0050487	0.249666221628839	0	0	0
FBgn0050488	0	0	0	0
FBgn0050489	0.0735294117647059	0	0.149509803921568	0.193627450980392
FBgn0050491	0.0664638427334425	0.0315937280599111	0.0149777673765504	0.0119354083781886
FBgn0050493	0.0776984460310794	0.0701385972280555	0.0453590928181437	0.0188996220075599
FBgn0050495	0.0242959690778576	0.014908890115958	0.0546659304251795	0
FBgn0050496	0.125239616613418	0.063258785942492	0.0249201277955272	0.012779552715655
FBgn0050497	0	0	0	0
FBgn0050499	0.04903326946525	0.0498171050339663	0.0323114439993033	0.0278697091099112
FBgn0050502	0.00453514739229025	0	0.0238095238095238	0
FBgn0050503	0	0	0	0
FBgn0051004	0.0209201037675227	0	0.0839660137563367	0
FBgn0051005	0.0814360770577933	0.064798598949212	0.0192644483362522	0.0131348511383538
FBgn0051007	0.273904761904762	0	0	0
FBgn0051008	0.196962025316456	0	0	0
FBgn0051010	0.247841105354059	0	0	0
FBgn0051013	0.16875	0	0.015625	0
FBgn0051014	0.0476694915254238	0	0	0
FBgn0051015	0.0300587511955185	0	0.147151250170788	0
FBgn0051019	0.0754545454545455	0.162727272727273	0.0563636363636364	0
FBgn0051025	0.253792588908232	0	0	0.00671474757523005
FBgn0051028	0.0513710517181534	0.101353696633113	0	0
FBgn0051029	0.251986379114643	0	0	0.00908059023836551
FBgn0051030	0.119416590701914	0.0464904284412033	0	0
FBgn0051032	0.342657342657343	0.167832167832168	0	0
FBgn0051036	0.0902255639097745	0.112781954887218	0	0
FBgn0051038	0.05069761016715	0.129437767647465	0.015748031496063	0.000690703135792238
FBgn0051040	0.0716538981523208	0.070076611086075	0.0331230283911672	0.0155475439387111
FBgn0051041	0	0	0.408163265306122	0
FBgn0051044	0.0915032679738563	0.0588235294117647	0.0718954248366014	0.294117647058824
FBgn0051050	0.21602787456446	0	0	0
FBgn0051051	0.205673758865248	0	0	0
FBgn0051053	0.270833333333334	0	0.2265625	0
FBgn0051055	0.232476635514019	0	0	0
FBgn0051064	0.165482233502538	0.132994923857868	0.10253807106599	0.104568527918782
FBgn0051068	0.256410256410256	0.0156695156695157	0.0121082621082621	0.0284900284900284
FBgn0051072	0.0434816410848753	0.00474244208001065	0.19729447566583	0
FBgn0051075	0.0385915861792751	0.0280357995594375	0.00257251567386047	0.25407828457877
FBgn0051076	0.0425551118030642	0.00309122498251315	0.0421489654549968	0.155982761343893
FBgn0051087	0.0200593304139003	0	0.0536798982907192	0
FBgn0051088	0.272368421052631	0	0	0
FBgn0051089	0	0	0	0
FBgn0051091	0	0	0	0
FBgn0051092	0.25531914893617	0.135106382978723	0.0893617021276596	0.0127659574468085
FBgn0051093	0.279814145585958	0	0	0
FBgn0051097	0.354330708661418	0.165354330708662	0	0
FBgn0051098	0.0298962782184258	0.0478950579621722	0.0245576571079927	0.00716900549115315
FBgn0051099	0.374045801526717	0	0	0
FBgn0051100	0.0635561839359052	0.0613344105567899	0	0.181646805359186
FBgn0051102	0.0524892783889615	0.126701473056125	0.07216110385978	0.0445646093604325
FBgn0051103	0.0286898730012502	0.124498256234783	0	0
FBgn0051104	0.0730633802816902	0	0.306338028169014	0
FBgn0051106	0.419847328244275	0	0	0
FBgn0051108	0.13964464186563	0.0416435313714603	0.0377568017767906	0.0505274847307052
FBgn0051109	0.0635864592863678	0.0475754803293687	0.0212717291857274	0.0164684354986276
FBgn0051111	0.0685483870967742	0.0472350230414746	0	0.0311059907834101
FBgn0051115	0.227109515260323	0.0421903052064633	0.0251346499102334	0.0341113105924597
FBgn0051116	0.0438812180820881	0.0474749385284661	0.0327217703801778	0.0730092680158882
FBgn0051118	0.0762942779291552	0.0712339431685481	0.0513818606461658	0.0291942390035033
FBgn0051121	0.0756797870317553	0.1479368701274	0.00361285415478228	0.00228180262407302
FBgn0051122	0.076488706365503	0.0513347022587269	0.0382443531827515	0.0128336755646817
FBgn0051125	0.245871559633028	0.0770642201834862	0	0
FBgn0051126	0.0626355095157793	0.0517947482534329	0.033245001204529	0.0144543483497952
FBgn0051128	0.274028629856851	0	0	0
FBgn0051133	0.0726172465960666	0.0975794251134645	0.0385779122541604	0.0287443267776098
FBgn0051139	0.2752	0	0	0
FBgn0051140	0.105719237435009	0.10051993067591	0.0229636048526864	0
FBgn0051141	0.256565656565656	0	0	0
FBgn0051145	0.0407073125805858	0.0130779149014552	0.0523116596058206	0.0583901270952295
FBgn0051146	0.0483985765124556	0.121708185053381	0.00711743772241992	0
FBgn0051148	0.0288989892137576	0	0.161454446781087	0
FBgn0051151	0.0732778198334594	0.0705526116578349	0.0454201362604088	0.0172596517789554
FBgn0051155	0.0859425610019435	0.0729863960267762	0.0334700928525156	0.0252645217015763
FBgn0051156	0.0955102040816327	0.0555102040816327	0.0277551020408162	0.0236734693877551
FBgn0051157	0.0583177570093458	0.266915887850467	0	0
FBgn0051158	0.086479902557856	0.0567600487210719	0.0216808769792936	0.0270401948842875
FBgn0051159	0.0789473684210526	0.0457063711911357	0.0263157894736842	0.0152354570637119
FBgn0051161	0.265641569459173	0	0	0
FBgn0051163	0.143929912390488	0.0575719649561953	0	0
FBgn0051174	0.178373382624769	0	0	0
FBgn0051176	0.0436143572621035	0.137520868113523	0	0
FBgn0051183	0.04608467590858	0.130011240164856	0.0479580367178718	0
FBgn0051184	0.17974180734856	0.208043694141013	0.0759682224428997	0.0461767626613704
FBgn0051191	0.5	0	0	0
FBgn0051195	0.0847814639283833	0.0742496050552923	0.0129541864139021	0.0219062664560295
FBgn0051198	0.00945546644153651	0	0.03913887716336	0
FBgn0051199	0.472727272727273	0	0	0
FBgn0051201	0.037212449255751	0.148173207036536	0	0
FBgn0051204	0.245283018867924	0	0	0
FBgn0051206	0.220232766338406	0	0	0
FBgn0051211	0.0812504896967798	0.0765494006111417	0.0285199404528715	0.0183342474339889
FBgn0051213	0.34639175257732	0	0	0
FBgn0051216	0.0578034682080925	0.0558766859344894	0	0
FBgn0051217	0.0367750070047632	0.0357943401513028	0	0.0687867750070047
FBgn0051221	0.0668257756563246	0.0373906125696103	0	0
FBgn0051223	0.0703764320785597	0.108019639934534	0.0501909438079651	0.0403709765411893
FBgn0051224	0.0880610767408188	0.0743714624193759	0.0326444649203633	0.0379097011978413
FBgn0051226	0.228258401453224	0	0	0.00726612170753861
FBgn0051229	0.0548042704626334	0.0377224199288256	0.0206405693950178	0
FBgn0051230	0.386363636363636	0	0	0
FBgn0051231	0.28019093078759	0	0	0.0105011933174224
FBgn0051233	0.00322933625130107	0	0.0307187274813847	0
FBgn0051235	0.122994652406417	0	0	0
FBgn0051244	0.259556103575832	0	0	0
FBgn0051245	0.268621236133122	0	0	0
FBgn0051248	0	0	0.170588235294117	0
FBgn0051249	0.0925397472482672	0.078067672238076	0.022013860578883	0.0144720750101916
FBgn0051251	0.04648862512364	0.0356083086053413	0	0
FBgn0051259	0.0769230769230768	0	0.341681574239714	0
FBgn0051262	0.105769230769231	0.444711538461539	0	0
FBgn0051265	0	0	0.0384447356924421	0
FBgn0051266	0.0132743362831858	0	0.0939259855189058	0
FBgn0051267	0.00886075949367088	0	0.0722492697176241	0
FBgn0051269	0	0	0.136563876651982	0
FBgn0051272	0.205882352941177	0	0	0
FBgn0051274	0	0	0	0.607843137254901
FBgn0051278	0.0536044362292052	0.0757855822550832	0.0314232902033272	0.0246457178065311
FBgn0051279	0.425352112676056	0	0	0
FBgn0051281	0.279210925644916	0	0	0.00932148276609579
FBgn0051286	0.154535274356103	0	0	0
FBgn0051287	0.217273221075502	0	0	0
FBgn0051288	0.00956379752740846	0	0.0475857242827152	0.00793095404711917
FBgn0051294	0.295735129068463	0	0	0
FBgn0051296	0	0	0	0
FBgn0051301	0.0746653567481274	0.0745425518850545	0.0379467026894265	0.0232101191207172
FBgn0051313	0.0973183213920163	0.0588741044012282	0.00327533265097237	0.299651995905835
FBgn0051320	0.189847715736041	0.0126903553299492	0.0111675126903553	0.00761421319796954
FBgn0051321	0.0409406431505879	0.194361807621476	0	0
FBgn0051323	0.0258675078864353	0.0488958990536278	0.0217665615141956	0.00347003154574133
FBgn0051324	0.0959422283356258	0.0196011004126547	0.0144429160935351	0.0106602475928473
FBgn0051326	0	0	0	0.105633802816901
FBgn0051327	0.410990712074303	0	0	0.0154798761609907
FBgn0051337	0.0516883606866629	0.0288624787775891	0	0
FBgn0051342	0.0800282037722544	0.079675656619073	0.0202714613079499	0.0028203772254539
FBgn0051343	0.00075404442007129	0	0.0101910245864181	0
FBgn0051344	0.0514084507042255	0.0788732394366199	0.00901408450704224	0.0804225352112675
FBgn0051345	0	0	0	0
FBgn0051347	0.231791907514451	0.0317919075144508	0	0
FBgn0051352	0.158563535911602	0.164088397790055	0.107182320441989	0.0298342541436464
FBgn0051357	0.0385736819463697	0.0602265666077148	0.0686391663878401	0.015917021174896
FBgn0051360	0.0345921014701643	0.0321418276160277	0.0126837705390602	0.0253675410781205
FBgn0051361	0.287334593572779	0.00693131695022055	0.0107120352867045	0.00756143667296786
FBgn0051363	0.0917574378149896	0.0327426434726061	0.0149569175743781	0.00510486099821167
FBgn0051365	0.0726779252110977	0.0606151990349819	0.0389022919179735	0.017189384800965
FBgn0051368	0.0891901534070638	0.0577952194077774	0.0246164823403496	0.015340706386015
FBgn0051370	0.0751610594130279	0.0805297065139584	0.0597709377236936	0.178954903364352
FBgn0051373	0.125	0.0340909090909091	0.0435606060606061	0
FBgn0051374	0.0230587345124373	0.119095810082285	0.00247801002553675	0.000302657713042656
FBgn0051380	0.142236699239957	0	0.121606948968512	0.0412595005428883
FBgn0051388	0.0566588785046728	0.0695093457943926	0.0216121495327102	0.0140186915887851
FBgn0051390	0.0503054989816701	0.0590631364562117	0.0310590631364563	0.019755600814664
FBgn0051391	0.374188311688312	0	0	0
FBgn0051404	0.18552036199095	0	0	0
FBgn0051406	0.208456243854474	0	0	0
FBgn0051407	0.208562450903378	0	0	0
FBgn0051410	0	0	0	0
FBgn0051414	0.0104731625210399	0	0.00243126987095567	0.0433888161585936
FBgn0051415	0.266275659824047	0	0	0
FBgn0051431	0.0236617532971296	0.00407292474786656	0.0502327385570209	0.00892164468580293
FBgn0051436	0.0741094907960791	0.065264164475257	0.131006454697586	0.296437963184317
FBgn0051439	0.120543010573363	0	0	0
FBgn0051441	0.101977107180021	0.127991675338189	0.0707596253902186	0.060353798126951
FBgn0051445	0.229591836734694	0	0	0
FBgn0051446	0.00944809309828321	0	0.0689019472289434	0
FBgn0051450	0.10603550295858	0.0622485207100592	0.0390532544378698	0.0227218934911243
FBgn0051451	0.198849104859336	0.260869565217391	0.0409207161125319	0
FBgn0051453	0.0588626980956185	0.0223731522173392	0.0269010520708483	0.00905579970701826
FBgn0051454	0.0577367205542725	0	0.228637413394919	0.198614318706698
FBgn0051457	0.087450312322544	0.0732538330494038	0.0755252697331062	0.020442930153322
FBgn0051459	0.404424778761062	0	0	0
FBgn0051460	0.012227538543328	0	0	0
FBgn0051463	0.0254429804634257	0	0.103134938664243	0
FBgn0051464	0.00761382670930411	0	0	0
FBgn0051465	0	0	0	0
FBgn0051467	0.332446808510638	0.050531914893617	0	0
FBgn0051469	0.0413732394366198	0.0836267605633804	0.0404929577464788	0
FBgn0051472	0.0420139623439814	0.0802623228263169	0.0192511106409986	0.0117622170509837
FBgn0051473	0.236576503835284	0.0274525635849819	0	0
FBgn0051475	0.0634573304157549	0.180306345733041	0	0
FBgn0051477	0.188244047619047	0	0	0
FBgn0051481	0.12396694214876	0.0165289256198347	0	0
FBgn0051482	0.24537540805223	0	0	0
FBgn0051495	0.0684273709483793	0.0588235294117648	0.0528211284513805	0.04921968787515
FBgn0051496	0.112593762337149	0	0	0
FBgn0051501	0.366774541531822	0	0	0
FBgn0051510	0.110355857656937	0.0599760095961615	0.0423830467812874	0.0359856057576969
FBgn0051516	0.512195121951219	0	0	0
FBgn0051522	0.106962096502081	0.249015858733551	0.0237318636823754	0.204813856709032
FBgn0051523	0.0439908649728804	0.0637739080787897	0.0455038538395661	0.0177562089637453
FBgn0051525	0.388157894736842	0	0	0
FBgn0051528	0.323057432432432	0	0	0
FBgn0051533	0.382439024390245	0	0	0
FBgn0051538	0.206893806718675	0.0015921031682853	0.00135328769304251	0.00597038688106989
FBgn0051542	0	0	0	0
FBgn0051544	0	0	0	0
FBgn0051546	0.288627935723115	0	0	0
FBgn0051547	0.213951509995747	0.220331773713314	0.0480646533390046	0.00765631646108038
FBgn0051548	0.0543738049713194	0.083413001912046	0.0536567877629064	0.0412284894837476
FBgn0051549	0.138942001274697	0.165073295092416	0.0863607393244105	0.0815806246016571
FBgn0051550	0.0694083473475002	0.0975386026601439	0.0348570554961015	0.0240024461091576
FBgn0051551	0.273972602739726	0	0	0
FBgn0051559	0.552631578947368	0	0	0
FBgn0051600	0.543624161073826	0	0	0
FBgn0051601	0.328244274809161	0	0	0
FBgn0051609	0.206185567010309	0	0	0
FBgn0051612	0.0552147239263804	0.0766871165644171	0.0306748466257668	0.0245398773006135
FBgn0051619	0.155821917808219	0.0188356164383562	0	0
FBgn0051624	0.429718875502008	0	0	0
FBgn0051627	0.308670520231214	0	0	0
FBgn0051632	0.0345528455284552	0.0203252032520326	0.120731707317073	0
FBgn0051633	0.0562897699461576	0.0340186000978952	0.0379344101811062	0.0244738130200685
FBgn0051634	0.169811320754717	0.181603773584906	0	0
FBgn0051635	0.0626786054486571	0.0478186321204039	0.0379119832349019	0.0285768717851019
FBgn0051636	0.019284853354761	0	0.0171153073523504	0.164403374849337
FBgn0051637	0.0934150076569678	0.101582440020419	0.037263910158244	0.026288922919857
FBgn0051638	0.092421441774492	0.0636387641932928	0.0446263533139688	0.009506205439662
FBgn0051639	0.39386296763346	0	0	0
FBgn0051642	0.555831265508685	0	0	0
FBgn0051643	0.060625814863103	0.0625814863102999	0.0638852672750978	0.014341590612777
FBgn0051644	0.219354838709678	0	0	0
FBgn0051646	0.15929203539823	0	0	0
FBgn0051648	0.14818763326226	0.20042643923241	0.0874200426439232	0.0788912579957357
FBgn0051658	0.318181818181818	0.237762237762238	0	0
FBgn0051660	0.135593220338983	0	0	0
FBgn0051661	0	0	0	0
FBgn0051663	0.11216429699842	0.0173775671406003	0.0150078988941548	0
FBgn0051665	0.18421052631579	0	0	0
FBgn0051673	0.122893043211769	0.193686791296353	0.056389825314128	0.109102053325161
FBgn0051674	0.0399408284023669	0	0.0828402366863907	0.0384615384615385
FBgn0051675	0.0208635178209215	0.101709649376992	0	0
FBgn0051676	0.146644573322287	0.084783209058271	0.00828500414250208	0
FBgn0051677	0.311764705882353	0	0	0
FBgn0051678	0.112765491569959	0.0341580906503175	0.0240858331508649	0.0245237573899715
FBgn0051679	0.186206896551724	0	0	0
FBgn0051682	0.320000000000001	0	0	0
FBgn0051687	0	0.395348837209302	0.13953488372093	0
FBgn0051690	0.124748490945674	0	0.185110663983903	0
FBgn0051693	0.254501800720288	0	0	0
FBgn0051694	0.0560845151696739	0.0641853652040748	0.051801052000799	0.0334687174024014
FBgn0051697	0.350199733688415	0	0	0
FBgn0051698	0.294536817102138	0	0	0
FBgn0051703	0.470588235294117	0	0	0
FBgn0051706	0.0820512820512822	0	0	0
FBgn0051709	0.186855091969493	0	0	0.0106550022431584
FBgn0051710	0.0180829167891796	0.052999117906498	0.00786533372537489	0.00139664804469274
FBgn0051712	0.0413087934560327	0.0247852760736196	0.00703476482617588	0.00564417177914111
FBgn0051713	0	0	0	0
FBgn0051715	0.0430766842595467	0.069427196522819	0.0248758149642968	0.0257295870847563
FBgn0051716	0.139103947201421	0.219063332910268	0.0977281380885901	0.0651097855057749
FBgn0051717	0.031923686204284	0.0358495764171086	0.0879881534540947	0.0320614367380673
FBgn0051718	0	0	0	0
FBgn0051719	0.0672413793103449	0.0931034482758621	0	0
FBgn0051720	0.0292434837889383	0	0.137952956134774	0.0184361093452003
FBgn0051721	0.092156862745098	0.0254901960784314	0.164705882352941	0
FBgn0051728	0.0912742899850524	0.0760463378176382	0.0699738415545591	0.00345665171898355
FBgn0051729	0.0485351989505903	0.0413447991060584	0.0439197395909245	0.0325997182140602
FBgn0051730	0.386813186813187	0	0	0
FBgn0051735	0.264770240700219	0	0	0
FBgn0051739	0.0837246963562751	0.053765182186235	0.019919028340081	0.0144129554655871
FBgn0051740	0.203074312521834	0	0	0.00843439636672155
FBgn0051741	0.0106580166821131	0	0.0597775718257646	0
FBgn0051742	0.271939328277356	0	0	0
FBgn0051752	0.300418410041842	0	0	0
FBgn0051755	0.290322580645161	0	0	0
FBgn0051759	0.375757575757575	0.0909090909090909	0.0515151515151515	0
FBgn0051760	0.163987138263666	0	0	0
FBgn0051769	0.0452847805788982	0	0	0.394957983193277
FBgn0051773	0.252212389380531	0	0	0
FBgn0051774	0.161290322580645	0	0	0
FBgn0051776	0.336336336336336	0	0	0
FBgn0051777	0.0786333169854502	0.0369462154650973	0	0.179172797122773
FBgn0051778	0.0162070537063541	0.00131927176198738	0	0.0666991820515077
FBgn0051779	0	0	0	0.421052631578948
FBgn0051781	0.0808510638297873	0.410831721470019	0.00928433268858801	0
FBgn0051784	0.253424657534247	0	0	0
FBgn0051787	0.269180754226268	0	0	0
FBgn0051788	0.249361593462717	0	0	0
FBgn0051789	0.0171035010522288	0	0.152339185589616	0
FBgn0051792	0.222222222222222	0	0.146031746031746	0
FBgn0051793	0.137535816618911	0.0787965616045844	0.169054441260745	0.0988538681948424
FBgn0051797	0.164556962025317	0	0	0
FBgn0051798	0.2312874251497	0	0	0
FBgn0051800	0.0514544121241749	0.0630652652163285	0.0403324370569543	0.0395991200195551
FBgn0051802	0.261818181818182	0	0	0
FBgn0051803	0.284521515735389	0.0134874759152216	0	0
FBgn0051804	0.127303182579565	0	0	0
FBgn0051805	0.339009287925696	0	0	0
FBgn0051806	0.405292479108636	0	0	0
FBgn0051807	0.3125	0	0	0
FBgn0051810	0.0933786078098471	0.34295415959253	0	0
FBgn0051812	0.0305741983594333	0.0260999254287846	0.0178970917225951	0
FBgn0051814	0.13953488372093	0	0	0
FBgn0051815	0.372881355932204	0	0	0
FBgn0051816	0.217391304347826	0	0	0
FBgn0051820	0.218153014630509	0	0	0
FBgn0051821	0.00967563582749724	0	0.0408219683007742	0
FBgn0051823	0.0280970625798212	0	0.103448275862069	0
FBgn0051826	0.271317829457364	0	0	0
FBgn0051848	0.344715447154472	0	0	0
FBgn0051849	0.138276553106212	0.210420841683367	0.032064128256513	0
FBgn0051851	0.255102040816326	0	0	0
FBgn0051852	0.0884628321560712	0.0930036999663639	0.0375042045072318	0.0225361587621931
FBgn0051855	0.0429614181438998	0.0476538060479666	0.0295099061522419	0.0144942648592284
FBgn0051858	0.159770846594526	0	0	0
FBgn0051860	0.416856492027335	0	0	0
FBgn0051861	0.416024653312789	0	0	0
FBgn0051866	0	0.348571428571428	0.182857142857143	0
FBgn0051867	0.334033613445377	0	0	0
FBgn0051869	0.101499423298731	0.0588235294117646	0	0
FBgn0051870	0.391803278688524	0	0	0
FBgn0051871	0	0	0	0
FBgn0051874	0.366878980891719	0	0	0
FBgn0051875	0.246938775510204	0.118367346938775	0.110204081632653	0
FBgn0051882	0.17199148029819	0	0	0
FBgn0051897	0.178343949044586	0.0509554140127389	0	0.0573248407643312
FBgn0051898	0	0	0	0
FBgn0051901	0.0159948931426054	0	0.132427645361121	0
FBgn0051907	0.277283950617284	0	0	0.011604938271605
FBgn0051908	0.0679848494575336	0.0657379469731013	0.0417923862104385	0.0288887462284137
FBgn0051909	0.457435897435898	0	0	0
FBgn0051910	0.250825082508251	0	0	0
FBgn0051913	0.376075058639562	0	0	0
FBgn0051915	0.113350125944584	0.0541561712846348	0.0321158690176322	0.287153652392947
FBgn0051921	0.390149060272197	0	0	0
FBgn0051922	0.0163545863948803	0.0234652761317848	0	0
FBgn0051924	0.306167400881057	0	0	0
FBgn0051926	0.0102871838834119	0	0.0947278182597514	0
FBgn0051933	0.319444444444444	0	0	0
FBgn0051935	0.0812861271676301	0.0713511560693644	0.108200867052023	0.0422687861271676
FBgn0051948	0.35277516462841	0	0	0.0156788962057072
FBgn0051949	0.178476695718075	0	0	0
FBgn0051950	0.0525778458397142	0.0265441551812149	0.0229709035222052	0
FBgn0051952	0.370604147880974	0	0	0
FBgn0051955	0.0333033303330333	0.0288028802880288	0	0.0906090609060909
FBgn0051956	0.0292486132123046	0.00453857791225416	0	0.123550176500252
FBgn0051957	0.0618148599269184	0.0697320341047503	0.0347137637028015	0.019183922046285
FBgn0051960	0.4625	0	0	0
FBgn0051961	0.0396337101158964	0.0548004006295609	0.029045643153527	0.0187437401631135
FBgn0051973	0.03125	0.0509615384615384	0.0153846153846154	0.0149038461538461
FBgn0051974	0.04874715261959	0.00774487471526196	0.0364464692482916	0.289293849658315
FBgn0051975	0	0	0	0
FBgn0051988	0.392679738562092	0	0	0.0149019607843137
FBgn0051989	0.0727272727272727	0.0525252525252524	0.0212121212121212	0.0171717171717172
FBgn0051992	0.0504616205046162	0.0645602106456021	0.0214645202146452	0.0321301203213012
FBgn0051997	0.0434659527487725	0.236458341758535	0.00168234428205149	0.000291174971893527
FBgn0051998	0.058817384036774	0.0660259089009612	0.0266402005850397	0.0338487254492269
FBgn0051999	0.130941704035874	0.370762331838565	0.0104035874439462	0.00251121076233184
FBgn0052000	0.0588576551869627	0.0611782079004272	0.0297980064342597	0.0402932334792469
FBgn0052006	0.441048034934498	0	0	0
FBgn0052010	0	0	0	0.5625
FBgn0052016	0.0446162397049163	0.0696276085089182	0.0280935778889394	0.0378960133393967
FBgn0052017	0.111633372502938	0.108108108108108	0.0211515863689777	0
FBgn0052022	0.0792507204610951	0.0468299711815562	0.0304995196926033	0.0240153698366955
FBgn0052026	0.397260273972602	0	0	0.0150684931506849
FBgn0052029	0.153696498054475	0.394941634241245	0	0
FBgn0052039	0.0347837006341433	0.0276260438249514	0.0750926100332769	0.00791109436805425
FBgn0052040	0	0.545454545454545	0	0
FBgn0052053	0.0168987929433612	0	0.113649025069638	0
FBgn0052054	0.00846573118404267	0	0.045459816769106	0
FBgn0052055	0	0	0	0
FBgn0052056	0.04859241126071	0.0561811505507956	0.0605263157894737	0.0815177478580171
FBgn0052057	0.454545454545455	0	0	0
FBgn0052061	0.190610328638498	0	0	0
FBgn0052062	0.0982545045045043	0.0822072072072072	0.00647522522522523	0.0470157657657658
FBgn0052064	0.379284274193548	0	0	0.0154569892473118
FBgn0052066	0.0508539383125159	0.0216670915115983	0.0565893448891155	0.0182258475656386
FBgn0052068	0.0381876418820163	0.0467083372205119	0.0592406008023136	0.0894673010542028
FBgn0052069	0.0509025270758123	0.0697954271961491	0.01985559566787	0
FBgn0052072	0.36842105263158	0	0	0
FBgn0052073	0.178683385579937	0	0	0
FBgn0052075	0.0623242736644798	0.0651358950328022	0.0337394564198688	0.0248359887535146
FBgn0052076	0.113941769316909	0.0436730123180291	0.0265957446808511	0.0184770436730123
FBgn0052081	0.246581385090428	0	0	0.0112483458314954
FBgn0052082	0.0669593852908893	0.121844127332601	0	0
FBgn0052085	0.196374622356496	0.208962739174219	0	0
FBgn0052086	0.280947255113024	0	0	0
FBgn0052087	0.314060446780552	0	0	0
FBgn0052088	0	0	0	0
FBgn0052091	0.0308835027365129	0.0785770132916341	0.0217617930675007	0.0186343497524108
FBgn0052095	0.0829445308449974	0.0523587350959047	0.0264385692068429	0.0160705028512182
FBgn0052099	0.116066903193107	0.16066903193107	0.146477445514445	0.100861632032438
FBgn0052100	0.0821818181818182	0.0732121212121215	0.0426666666666667	0.0276363636363636
FBgn0052103	0.059573881265945	0.0493690960490934	0.0275115493346204	0.0799145004481831
FBgn0052104	0.0756521739130435	0.0626086956521739	0.0260869565217391	0.0147826086956522
FBgn0052105	0.182926829268293	0	0	0
FBgn0052106	0.311270125223613	0	0	0
FBgn0052107	0.00757575757575758	0	0.0215617715617716	0
FBgn0052109	0.0359410890420214	0.044048101607891	0.0325631671395757	0.03540062153763
FBgn0052110	0.49862258953168	0	0	0
FBgn0052111	0.392857142857143	0.125	0	0
FBgn0052112	0.112977740445191	0.0293994120117597	0.0197396052078959	0.0159596808063839
FBgn0052113	0.065323897659227	0.0473598258029396	0.029940119760479	0.0751224823081111
FBgn0052115	0.0410804727068092	0	0.0323579065841306	0.284749577940349
FBgn0052117	0.122686771761481	0	0	0.0466072652501714
FBgn0052119	0.246109301483894	0	0	0
FBgn0052121	0.0653950953678474	0.0653950953678474	0	0
FBgn0052133	0.0693950177935943	0.047153024911032	0.0329181494661922	0.016459074733096
FBgn0052137	0.0558264671262821	0.086374082170282	0.0316686284401098	0.000840760047082562
FBgn0052141	0.279636711281071	0	0	0
FBgn0052150	0	0	0	0
FBgn0052161	0.264350453172205	0	0	0
FBgn0052163	0.0549682875264269	0	0	0
FBgn0052170	0.0315979043876883	0.101833660772757	0.0147347740667976	0.0045841519318926
FBgn0052174	0	0	0	0
FBgn0052176	0.078249760459917	0.0862344298946024	0.0383264132864899	0.0265091025231556
FBgn0052177	0.0425897035881435	0.0360374414976599	0.0382995319812793	0.00725429017160687
FBgn0052179	0.0531154239019407	0.0422199523323119	0.0815457950289412	0.00612870275791624
FBgn0052181	0.27072968490879	0	0.00870646766169154	0.0120232172470978
FBgn0052182	0.164021164021164	0	0.121693121693122	0
FBgn0052183	0.132352941176471	0.0637254901960784	0	0
FBgn0052185	0	0	0	0
FBgn0052187	0.0734632683658169	0.187406296851574	0	0
FBgn0052190	0.153818911580687	0.182032817849132	0.0760240821626726	0.0917837327352142
FBgn0052191	0.0460770328102712	0.24793152639087	0	0.0132667617689016
FBgn0052192	0.229966181443905	0	0	0.0141155712395236
FBgn0052194	0.0415929203539824	0	0	0.568141592920354
FBgn0052195	0.408759124087592	0	0.0729927007299269	0
FBgn0052196	0.01862652869238	0.0428974600188147	0.0334901222953904	0.0297271872060207
FBgn0052198	0.39433926180914	0	0	0
FBgn0052202	0.042658154381892	0.0615206035983749	0.036564132327336	0.0145095763203715
FBgn0052204	0.123456790123457	0	0	0
FBgn0052206	0.1875	0	0	0
FBgn0052207	0.346153846153846	0.148601398601398	0	0
FBgn0052218	0.17004048582996	0.17004048582996	0.124156545209177	0.0715249662618083
FBgn0052219	0.175609756097561	0	0	0
FBgn0052220	0	0	0	0
FBgn0052221	0.0583750816815508	0.0350686125027227	0.0385536920060989	0.0189501197996079
FBgn0052225	0.171428571428571	0.08	0	0
FBgn0052226	0.0433424443576728	0.016790316282702	0.0261616556032799	0.0160093713393206
FBgn0052227	0.180914512922465	0	0	0
FBgn0052228	0.228971962616822	0	0	0
FBgn0052230	0.0314929514548094	0.038949547707612	0.0158667434089015	0.00831565112063708
FBgn0052232	0.261437908496732	0	0	0
FBgn0052238	0.247050147492626	0	0	0
FBgn0052240	0.275759822090437	0	0	0
FBgn0052241	0.00318095714643125	0.0728046034525894	0	0
FBgn0052243	0.0948496481126041	0.0420665387076136	0.0460652591170825	0.120281509916827
FBgn0052246	0.169811320754717	0	0	0
FBgn0052248	0	0	0	0
FBgn0052249	0.0435572202027987	0.117364241375109	0	0
FBgn0052250	0.0613940050559769	0.0207054291561334	0.0723486216443962	0.0150475502588179
FBgn0052251	0.0943683409436835	0.0639269406392694	0.0213089802130898	0
FBgn0052252	0.454935622317597	0	0	0
FBgn0052259	0.267857142857143	0	0	0
FBgn0052260	0	0.115646258503401	0	0
FBgn0052262	0.1413982717989	0.0172820109976434	0.0243519245875884	0
FBgn0052263	0.37117903930131	0	0	0
FBgn0052264	0.037700376014249	0.0692657827033445	0.0129625964773402	0.00227587571739561
FBgn0052267	0.0651090342679127	0.0453582554517135	0.050778816199377	0.0221806853582555
FBgn0052278	0.0399208997651713	0.0449882585588925	0.0171795822518848	0.014336917562724
FBgn0052279	0.0138801816961978	0	0.137756953839047	0
FBgn0052280	0.0333177754640433	0.0548953434100456	0.0133917351811295	0.00804222166373461
FBgn0052281	0.0827933765298776	0.0590352771778257	0.0316774658027359	0
FBgn0052284	0	0	0.107186358099878	0.0682095006090134
FBgn0052296	0.0794739851343625	0.0623213264722699	0.0283018867924528	0.0208690680388793
FBgn0052298	0	0	0	0
FBgn0052299	0	0	0	0
FBgn0052301	0.356382978723404	0	0	0
FBgn0052302	0.0534849876660439	0	0.344003839524395	0
FBgn0052304	0	0	0	0
FBgn0052305	0.449438202247191	0	0	0
FBgn0052311	0.0704046548532135	0.266860618883894	0.00809309706426871	0.000846336947897381
FBgn0052313	0.156390134529148	0	0	0
FBgn0052319	0.478125	0	0	0
FBgn0052320	0.477272727272728	0	0	0
FBgn0052333	0.0455302609661299	0.119655746807329	0.00527484730705163	0
FBgn0052343	0.0787464845319405	0.060265166733628	0.0433909200482121	0.019284853354761
FBgn0052344	0.0850218514104092	0.0572109654350417	0.0373460468812077	0.019864918553834
FBgn0052350	0.0529272619751627	0.0301596688350089	0.023063276167948	0.0257244234180958
FBgn0052351	0.382431126147898	0	0	0.0119623006283229
FBgn0052354	0.119521912350598	0.0265604249667995	0.0332005312084993	0
FBgn0052364	0.555555555555555	0	0	0
FBgn0052365	0.106172839506173	0.0493827160493827	0	0
FBgn0052368	0.0005221058268349	0.000763077746912547	0.000756384082465946	0.000234278255631046
FBgn0052369	0.127066115702479	0.147210743801653	0.173037190082644	0.0903925619834713
FBgn0052371	0.390777416494236	0	0	0
FBgn0052373	0.151436031331592	0.0626631853785901	0.193211488250653	0
FBgn0052379	0	0	0	0
FBgn0052380	0.102518518518519	0.0417777777777778	0.099851851851852	0.00770370370370369
FBgn0052391	0	0	0	0
FBgn0052392	0.23970671178793	0.00733220530174844	0	0
FBgn0052396	0.222565687789799	0	0	0
FBgn0052404	0.0510616261004659	0.437700673226308	0	0
FBgn0052405	0.127659574468085	0.500272776868522	0	0
FBgn0052406	0.177966101694915	0	0	0
FBgn0052407	0.0247772223429689	0.00782438600304281	0.0369484894588133	0.013910019560965
FBgn0052409	0.0624862486248625	0.0655665566556655	0.0297029702970297	0.0118811881188119
FBgn0052412	0.0525965379494008	0.0233022636484688	0	0.0233022636484688
FBgn0052418	0.0594704684317719	0.0692464358452139	0.0321792260692464	0
FBgn0052423	0.0592746352995446	0.0532779795883065	0.0488958081070173	0.0249668454131349
FBgn0052425	0.064253525221689	0.0360517517080971	0.0145369966564908	0.0937636284343654
FBgn0052428	0.0449347504372393	0.105475581864658	0.0156060809901789	0.00287008386026279
FBgn0052432	0.132530120481928	0	0	0
FBgn0052436	0.256107018224118	0	0	0.00988755331523847
FBgn0052437	0.208807521029194	0.0074220682830282	0.0128649183572489	0
FBgn0052438	0.162822252374491	0.0398009950248756	0.0425146992311171	0.0140208050655811
FBgn0052440	0.254545454545455	0	0	0
FBgn0052441	0.0591557669441142	0.0436979785969084	0.0431629013079667	0.0388822829964328
FBgn0052442	0.0493438320209973	0.0509186351706036	0.0283464566929134	0.026246719160105
FBgn0052445	0.239190687361419	0	0	0
FBgn0052446	0.0331211692597831	0.0487505893446487	0.0352428099952852	0.0257425742574258
FBgn0052447	0.151741293532338	0.050580431177446	0	0
FBgn0052448	0.0213414634146341	0.0236280487804878	0.00825711382113822	0.0421747967479676
FBgn0052450	0.280278826604705	0	0	0
FBgn0052451	0.0522352492612717	0.0224001525116767	0.0869316557048899	0.0881708130778762
FBgn0052452	0.0519761775852734	0.0579317812669194	0.0221981591770439	0.00757985923118571
FBgn0052459	0.192052980132451	0	0	0
FBgn0052461	0.260115606936416	0	0	0
FBgn0052462	0	0	0	0
FBgn0052463	0.44055944055944	0	0	0
FBgn0052473	0.111094783247612	0.114768552534901	0.190889052167524	0.034974283614989
FBgn0052475	0	0	0	0
FBgn0052476	0.0525357922834262	0.0650327590390683	0.162581897597671	0.0024265954865324
FBgn0052479	0.099631614199598	0.0500669792364367	0.0289685197588748	0.0264567983924983
FBgn0052483	0.055846422338569	0	0.267015706806282	0
FBgn0052484	0.0793118530398016	0.0822277299897944	0.0147251785974632	0.0371774311124071
FBgn0052485	0.0312563563631434	0.00644111465184082	0.0500372906637739	0
FBgn0052487	0.226736566186108	0	0	0
FBgn0052488	0.262008733624454	0	0	0
FBgn0052499	0.0502806545972014	0.074077002134556	0	0
FBgn0052506	0.295454545454545	0	0.204545454545455	0
FBgn0052507	0.556818181818181	0	0	0
FBgn0052512	0.039349871685201	0.0365697177074423	0.0258768177929854	0.0846877673224979
FBgn0052521	0.0299860529986053	0.029463040446304	0.000846782227535363	0.0619147240486153
FBgn0052528	0.0363183364477026	0.069091083321355	0.0358392027214795	0.0124095635091754
FBgn0052529	0.205555555555555	0.149074074074074	0.107407407407407	0.0444444444444444
FBgn0052532	0.521739130434782	0	0	0
FBgn0052533	0.103112840466926	0.0894941634241245	0.0583657587548638	0.012970168612192
FBgn0052536	0.0238461538461539	0	0.0180769230769231	0
FBgn0052537	0.0444277108433734	0.0320030120481927	0.016566265060241	0.00941265060240963
FBgn0052544	0.52112676056338	0	0	0
FBgn0052547	0.0662020905923345	0.0731707317073171	0.059233449477352	0
FBgn0052548	0.241950321987121	0	0	0
FBgn0052549	0.0353395544046078	0.031075590480868	0.0168772603473679	0.094142072599009
FBgn0052554	0.0879345603271985	0.063394683026585	0	0
FBgn0052557	0.0770070999453849	0	0	0
FBgn0052564	0	0.141935483870968	0	0
FBgn0052568	0.465087281795511	0	0	0
FBgn0052571	0.0986013986013986	0.240559440559441	0	0
FBgn0052572	0.148803329864724	0.0582726326742977	0	0
FBgn0052573	0	0	0	0
FBgn0052574	0.402332361516035	0	0	0
FBgn0052576	0.028416149068323	0.022360248447205	0.0131987577639751	0.0194099378881988
FBgn0052579	0.0490757042253521	0.0627200704225352	0.0332306338028169	0.0349911971830986
FBgn0052582	0.406940063091483	0	0	0
FBgn0052588	0.420658682634731	0	0	0
FBgn0052590	0.0469973890339426	0.0600522193211488	0.0323759791122716	0.0261096605744126
FBgn0052591	0.226786230835985	0	0	0
FBgn0052594	0.0630495790458371	0.122731524789523	0.0217025257249766	0.0321796071094481
FBgn0052600	0.16	0	0	0
FBgn0052603	0.00516229666493352	0.0116615910272599	0	0
FBgn0052626	0.0257621239410313	0.0559535721432859	0.0207591221399506	0.0197318391034621
FBgn0052631	0.0311161861261775	0.238938053097345	0	0
FBgn0052633	0.065814266487214	0	0.356796769851952	0
FBgn0052638	0.0347747058260786	0.0300870563474601	0.027886731081986	0.00430498421505788
FBgn0052639	0.522935779816514	0	0	0
FBgn0052641	0.390151515151515	0	0	0.123106060606061
FBgn0052643	0.421978021978022	0	0	0
FBgn0052645	0.0669456066945607	0.0376569037656904	0	0
FBgn0052647	0.0596026490066225	0	0	0.205298013245033
FBgn0052649	0.0421077393554458	0.111032698188661	0.0214067278287462	0.0105857445306987
FBgn0052650	0.299862448418157	0	0	0
FBgn0052651	0.431159420289854	0	0	0
FBgn0052652	0.415580478933011	0	0	0.0190966959684753
FBgn0052654	0.0582900234382962	0.0617548150412718	0.0214001834301437	0.0345460103943748
FBgn0052655	0.235195296094078	0	0	0
FBgn0052656	0.1560442144873	0	0	0.00129350893697084
FBgn0052657	0.438260869565217	0	0	0
FBgn0052666	0.0569719861504566	0.0417060119609694	0.0593327038086246	0.0319483789738747
FBgn0052667	0	0	0	0
FBgn0052669	0.0842318059299192	0.0168463611859838	0.367250673854448	0
FBgn0052670	0.47752808988764	0	0	0
FBgn0052672	0.0247400445276527	0.029003061276122	0.0436895967211456	0.0132602590699793
FBgn0052675	0.0419236366156192	0.0188483126602453	0.0664541611807914	0.0145520060979835
FBgn0052676	0.0768925881886644	0.0745144669044789	0.0155568767340468	0.0158541418945699
FBgn0052677	0.132231404958677	0.0165289256198347	0	0
FBgn0052681	0.195652173913043	0	0	0.0652173913043478
FBgn0052683	0.3125	0	0.15625	0
FBgn0052685	0.0897219234905517	0.0823475188200954	0.0290367183899216	0.0282685512367491
FBgn0052686	0.2639545884579	0	0	0.0208136234626301
FBgn0052687	0.0199298322955126	0.00400433496813064	0.0443048437758307	0.0393637148472658
FBgn0052690	0.419100236779795	0	0	0.0189423835832676
FBgn0052694	0.103030303030303	0.424242424242424	0	0
FBgn0052695	0.0257118735129328	0	0.00445160795149282	0.128482615703431
FBgn0052698	0.0712669683257919	0.00414781297134239	0	0.432126696832579
FBgn0052699	0.0398431570958765	0.0402226157348849	0.0398431570958765	0.0265621047305844
FBgn0052702	0.0668143226282761	0.0542635658914729	0.0284237726098192	0.0313768918420081
FBgn0052703	0.258349705304518	0	0	0.00736738703339882
FBgn0052706	0.488095238095238	0	0	0
FBgn0052707	0.0948051948051949	0.0532467532467532	0.0207792207792208	0.00714285714285715
FBgn0052708	0.0511773185968284	0.0379625180201826	0.0245074483421432	0.0112926477654974
FBgn0052713	0.422897196261682	0	0	0
FBgn0052718	0.277056277056277	0	0	0
FBgn0052719	0.423173803526448	0	0	0
FBgn0052720	0.38030888030888	0	0	0
FBgn0052726	0	0.419847328244275	0	0
FBgn0052732	0.172549019607843	0.215686274509804	0.0803921568627453	0.0333333333333334
FBgn0052736	0	0	0	0
FBgn0052750	0.0319270239452679	0	0.142531356898518	0
FBgn0052751	0.0121605188488042	0	0.0599918929874341	0
FBgn0052755	0.236933797909408	0	0	0
FBgn0052756	0.263242375601926	0.107544141252006	0.0770465489566613	0.0626003210272873
FBgn0052758	0.0477465417224453	0.01285140562249	0.00856760374832664	0.191253904506916
FBgn0052767	0.0814606741573033	0.047752808988764	0.0265293383270911	0.0134207240948814
FBgn0052772	0.0642185559694876	0.0787653006918574	0.0290934894447402	0.0102891609011886
FBgn0052774	0.424528301886793	0	0	0
FBgn0052786	0.4	0	0	0
FBgn0052791	0.136363636363636	0	0	0
FBgn0052803	0.0393120393120392	0.0433208327945172	0.0152592784171731	0.0337514548040864
FBgn0052806	0.270812437311935	0	0	0
FBgn0052808	0.052934407364787	0.0356731875719216	0	0
FBgn0052811	0.348571428571428	0	0	0
FBgn0052813	0.040477050957716	0.0547524394651247	0.0726418503794724	0
FBgn0052815	0.153125	0.034375	0	0
FBgn0052816	0.231578947368421	0.305263157894737	0	0
FBgn0052823	0.428571428571428	0	0	0
FBgn0052831	0.0692099932478055	0.0651586765698852	0.0401755570560433	0.0141796083727211
FBgn0052832	0.24601132269686	0	0	0
FBgn0052835	0.446215139442231	0	0	0
FBgn0052843	0.0561889250814332	0.0195439739413681	0.0977198697068403	0
FBgn0052845	0.113902847571189	0.0175879396984925	0.016750418760469	0.0544388609715244
FBgn0052846	0.286817962337035	0	0	0
FBgn0052847	0.259565667011376	0.0568769389865563	0	0
FBgn0052850	0.00735166425470332	0.00972503617945007	0.0076410998552822	0.0119247467438495
FBgn0052856	0.0545361875637105	0.0718654434250764	0.0254841997961264	0.0249745158002038
FBgn0052865	0.0980392156862745	0.0637254901960784	0	0.292483660130719
FBgn0052944	0.201183431952663	0.0256410256410256	0	0
FBgn0052945	0.422101449275363	0	0	0
FBgn0052971	0.571428571428571	0	0	0
FBgn0052982	0.0449844032178624	0.0633721884747991	0.0103431292070268	0.0149400755212609
FBgn0052987	0	0	0	0
FBgn0053002	0.0370825650481458	0.0350338045482483	0.0198729768490063	0.00839991804958002
FBgn0053012	0.138351983723296	0	0.344862665310275	0
FBgn0053013	0.115268557634279	0	0.408569704284853	0
FBgn0053017	0.21356783919598	0	0	0
FBgn0053051	0.0470953186689228	0.0682459108855048	0.0335589396503102	0.0217146080090243
FBgn0053052	0.050544794188862	0.0696125907990315	0.0178571428571429	0.0169491525423729
FBgn0053054	0.0587544065804936	0.0421073247160204	0.0168429298864082	0.018213866039953
FBgn0053056	0.0382672585335986	0.0647482014388489	0.0241849073932344	0.0234195622225624
FBgn0053057	0	0	0	0
FBgn0053060	0.255989911727617	0	0	0
FBgn0053061	0.339534883720931	0	0	0
FBgn0053062	0.36896551724138	0.127586206896551	0	0
FBgn0053080	0.0430233466073242	0.0865932693058484	0.0475521199344109	0.0214726321542906
FBgn0053082	0.0625	0.0625	0	0
FBgn0053087	0.0812517541397698	0.0449059781083358	0.004350266629245	0.14987370193657
FBgn0053092	0.0193740685543964	0	0	0
FBgn0053093	0	0	0	0
FBgn0053094	0.0535899819543939	0.0806037075518127	0.0421064143927381	0.0200142177503144
FBgn0053096	0.00182071329120703	0	0.00310592267323552	0
FBgn0053098	0.485714285714286	0	0	0
FBgn0053099	0.109774436090225	0	0.139348370927318	0.259649122807018
FBgn0053100	0.0566754309085597	0.0482033304119193	0.0309669880222027	0.00993280747881971
FBgn0053107	0.0814814814814816	0.0488888888888889	0.0274074074074073	0
FBgn0053108	0.0442967884828351	0.035437430786268	0.0249169435215947	0
FBgn0053110	0.5	0	0	0
FBgn0053111	0.0443822191109555	0.0879243962198111	0.0384319215960798	0.0151207560378019
FBgn0053113	0.0366852810500142	0.0562303835649941	0.020727183793258	0.0617331757224964
FBgn0053116	0.0790500975927131	0.0364346128822381	0.0230969420949903	0.00390370852309694
FBgn0053120	0.0163301802437762	0.000894159725163537	0.0343545578615464	0.0846157466233705
FBgn0053123	0.0572459222082812	0.0506587202007529	0.0233688833124216	0.0108218318695107
FBgn0053124	0	0	0	0
FBgn0053125	0.277124183006536	0	0	0
FBgn0053126	0.0666376685515441	0.00426272292301	0.062809917355372	0.365463244889082
FBgn0053127	0.0360824742268042	0	0.241623711340206	0
FBgn0053128	0.0172111010434084	0	0.115038812550792	0
FBgn0053129	0.0645233885227455	0.041440282912715	0.014049188233403	0.0794727535765954
FBgn0053136	0.196637426900585	0	0	0
FBgn0053138	0.0188715953307393	0.0267833981841764	0.00252918287937743	0.0187418936446174
FBgn0053139	0.039792707754951	0.0327595780122155	0.014066259485471	0.014251341847122
FBgn0053140	0.2576	0	0	0
FBgn0053143	0.172826086956522	0.368478260869565	0.073913043478261	0
FBgn0053144	0.0572300183038439	0.0465527760829774	0.076693105552166	0.00341671751067725
FBgn0053145	0.0695289971163089	0.0820249919897469	0.0317206023710349	0.0272348606215956
FBgn0053147	0.0738007380073799	0.011070110701107	0	0
FBgn0053155	0	0	0	0
FBgn0053156	0.0817518248175182	0.078102189781022	0.0226277372262773	0.0262773722627737
FBgn0053158	0.0837479270315091	0.0634328358208955	0.0331674958540631	0.0169983416252073
FBgn0053169	0.0193880981732601	0.0208450072845455	0.00526728678695507	0
FBgn0053170	0.0386543631475695	0.0199811087698903	0.0098089079415825	0.00508610041415388
FBgn0053172	0.0715532286212916	0.0610820244328099	0.0209424083769633	0
FBgn0053178	0	0	0	0
FBgn0053179	0.0909090909090909	0	0	0
FBgn0053180	0.22685609532539	0.126489459211732	0.0737855178735106	0.0618698441796517
FBgn0053181	0.0347421693338805	0.0340582683627411	0.0701682396389003	0
FBgn0053182	0.0147540983606557	0.00360655737704918	0.00655737704918033	0.0039344262295082
FBgn0053189	0.178916309012875	0.0182403433476395	0	0
FBgn0053191	0.392207792207792	0	0	0
FBgn0053192	0.124282337048294	0	0.391421816953732	0
FBgn0053193	0.062719298245614	0.100584795321637	0.0428362573099415	0.0187134502923977
FBgn0053196	0.0913939393939396	0.138666666666667	0.000969696969696967	0.000242424242424242
FBgn0053198	0.0409644801659319	0.0430386310604098	0.0522426756546537	0.0242416385792066
FBgn0053199	0	0	0	0
FBgn0053202	0.515625000000001	0	0	0
FBgn0053203	0.0279232111692844	0	0	0
FBgn0053207	0.0790419161676647	0.0323353293413174	0.00838323353293412	0
FBgn0053208	0.129682340885802	0.163497665945577	0.0729818968461802	0.152453603552317
FBgn0053213	0.102432778489117	0.0460947503201024	0	0
FBgn0053217	0.127238454288407	0.0810556079170595	0.0480678605089538	0.0424128180961357
FBgn0053218	0.326388888888888	0	0	0.116319444444445
FBgn0053221	0.457831325301205	0	0	0
FBgn0053223	0.432835820895522	0	0	0
FBgn0053225	0.207889125799573	0	0	0.366737739872069
FBgn0053229	0.0581155015197569	0.1009726443769	0.0475379939209727	0.0242553191489362
FBgn0053230	0.184615384615385	0.190769230769231	0.0753846153846153	0.04
FBgn0053233	0.118086696562033	0	0	0
FBgn0053234	0.221914008321775	0	0	0
FBgn0053252	0.548710601719198	0	0	0
FBgn0053260	0.0256516342573439	0.0277203144393876	0.0285477865122052	0.0231692180388912
FBgn0053265	0.00692710430930327	0	0.0527587595650422	0
FBgn0053276	0.0387631637911719	0.0553439390544477	0.0235267757114049	0
FBgn0053278	0.267639902676399	0	0	0
FBgn0053281	0.0744101633393829	0	0	0
FBgn0053282	0.171091445427728	0	0	0
FBgn0053284	0.246812128081609	0	0	0
FBgn0053285	0.366141732283464	0	0	0
FBgn0053286	0.205907906168549	0	0	0
FBgn0053287	0.302766798418973	0	0	0
FBgn0053288	0.0172084130019121	0.0267686424474188	0	0
FBgn0053293	0.368950464983868	0	0.0419434427785159	0
FBgn0053301	0.167090754877015	0	0.083969465648855	0.0865139949109415
FBgn0053302	0.0968379446640315	0	0	0
FBgn0053303	0.0513358624586327	0.0497618855436274	0.0108967632577286	0.0143675841472274
FBgn0053306	0.0310988841993746	0	0.208157476547682	0
FBgn0053307	0.00776409107876073	0.00074654721911161	0	0.03665546845838
FBgn0053309	0.319320214669052	0	0	0
FBgn0053310	0.531100478468899	0	0	0
FBgn0053318	0.448559670781893	0	0	0
FBgn0053319	0.427115987460815	0	0	0
FBgn0053322	0.233048944768747	0	0	0
FBgn0053329	0.0588386433710175	0.226875642343268	0	0
FBgn0053333	0	0	0	0
FBgn0053337	0	0	0.416666666666667	0
FBgn0053340	0.210070737155622	0	0	0.00418838421444527
FBgn0053346	0.00241752148599945	0	0.0231882450790131	0
FBgn0053458	0	0	0	0
FBgn0053459	0.098415746519443	0	0	0.434949591934709
FBgn0053460	0.0435908502373759	0.0166163141993958	0	0.0697022011221409
FBgn0053462	0	0	0	0.0392313851080864
FBgn0053465	0.320794148380355	0.174503657262278	0	0.0679205851619646
FBgn0053468	0	0	0	0
FBgn0053469	0	0	0.41717791411043	0
FBgn0053474	0	0	0	0
FBgn0053481	0.101645692158761	0	0	0
FBgn0053489	0.267477203647416	0	0	0
FBgn0053490	0.331601731601732	0	0	0
FBgn0053493	0.0481795534020524	0.00239983543985555	0	0.193769570086623
FBgn0053494	0.0694913408125477	0.0221108811676288	0.0371419235377411	0.373270885524451
FBgn0053499	0.379310344827586	0	0	0
FBgn0053505	0.0883134130146082	0.0584329349269588	0.0458167330677291	0
FBgn0053506	0.0828635851183766	0.0690529875986472	0.0301578354002255	0.0273393461104848
FBgn0053508	0.321695760598504	0.117206982543641	0	0
FBgn0053509	0.158536585365853	0.0731707317073171	0	0
FBgn0053510	0.00608695652173913	0	0.0226086956521739	0
FBgn0053511	0.195219123505976	0	0	0
FBgn0053512	0.155963302752294	0	0	0
FBgn0053513	0.113636363636364	0	0	0
FBgn0053514	0.00899620447387549	0	0.0627473148671566	0
FBgn0053516	0.339622641509434	0	0	0
FBgn0053517	0.226415094339623	0	0	0
FBgn0053519	0.00987491770901909	0.0576036866359449	0.00164581961816985	0.000493745885450955
FBgn0053523	0.0619977942334961	0.0423822278241688	0.0495509689617143	0.0286749645501811
FBgn0053526	0.0507432818753574	0.0581761006289307	0.0281589479702687	0.0201543739279588
FBgn0053527	0.530769230769231	0	0	0
FBgn0053531	0.0696095076400681	0.0424448217317487	0	0
FBgn0053532	0	0	0.00656544932293807	0
FBgn0053533	0.00806051587301587	0	0.0177951388888889	0
FBgn0053542	0	0	0	0
FBgn0053543	0.188571428571429	0.0742857142857142	0	0
FBgn0053547	0.163636363636364	0.0254545454545454	0.0109090909090909	0
FBgn0053548	0.0622222222222222	0.295555555555555	0	0
FBgn0053552	0.306122448979592	0	0	0
FBgn0053554	0.111111111111111	0.067479674796748	0.024119241192412	0.035230352303523
FBgn0053556	0.0382022471910113	0.0859118409680209	0.0143474503025065	0
FBgn0053558	0.0921963499056011	0.0481434864694777	0.025173064820642	0.0349276274386407
FBgn0053635	0.0587939698492462	0.0565326633165829	0.0505025125628141	0.0276381909547739
FBgn0053639	0.529411764705882	0	0	0
FBgn0053653	0.0518834399431414	0.0135039090262971	0.0099502487562189	0.011845534233594
FBgn0053666	0.393700787401575	0	0	0
FBgn0053669	0.387596899224807	0	0	0
FBgn0053673	0.531468531468531	0	0	0
FBgn0053687	0	0.554054054054055	0	0
FBgn0053704	0.214185720951937	0	0	0
FBgn0053723	0.380952380952381	0	0	0
FBgn0053774	0.0118491052716428	0.0370788328228276	0.00709334193132354	0
FBgn0053795	0	0	0	0.471098265895954
FBgn0053926	0.110412299091545	0.0258560447239692	0.247379454926625	0.0391334730957373
FBgn0053963	0.251141552511415	0	0	0.255707762557078
FBgn0053964	0	0	0	0
FBgn0053965	0.0556242274412856	0	0.351050679851668	0
FBgn0053966	0.012205754141238	0	0.0980819529206626	0
FBgn0053969	0.0837733192537838	0.0679338261175642	0.0439985920450546	0.0337909186906019
FBgn0053970	0.0501355013550136	0.120144534778681	0	0
FBgn0053971	0.17436974789916	0.0777310924369746	0.182773109243697	0.0567226890756303
FBgn0053977	0.0341666666666665	0.0378125	0.0272916666666666	0.00875
FBgn0053978	0.16572077185017	0.335225122966326	0.00151343170639425	0.00340522133938706
FBgn0053983	0.103947368421052	0	0	0
FBgn0053985	0.118614718614718	0	0	0
FBgn0053988	0.2	0.0290909090909091	0	0
FBgn0053993	0.163701067615658	0.0711743772241993	0	0
FBgn0053995	0	0	0	0
FBgn0054001	0.0524457892082704	0.0554715078164398	0	0.0302571860816944
FBgn0054003	0.0378618155748723	0	0	0.133614123129313
FBgn0054005	0	0	0.0376681614349776	0
FBgn0054008	0.0922787193973633	0	0	0
FBgn0054010	0	0	0.0647773279352227	0.136302294197031
FBgn0054012	0.239700374531836	0	0	0
FBgn0054015	0.0596254927726676	0.0527266754270697	0.0619250985545337	0.0463206307490145
FBgn0054021	0.276353276353276	0	0	0
FBgn0054026	0.00882771150959792	0	0.0450272533375464	0
FBgn0054027	0.414814814814815	0	0	0
FBgn0054029	0.515818431911968	0	0	0
FBgn0054038	0.095959595959596	0.0555555555555556	0	0
FBgn0054039	0.074764033780427	0.0658221559860904	0.0260804769001491	0.0280675608544461
FBgn0054043	0.0371584699453551	0	0	0
FBgn0054049	0.329411764705882	0	0	0
FBgn0054054	0	0	0	0
FBgn0054056	0.0302720653978797	0.126580661642611	0	0
FBgn0054057	0	0	0	0
FBgn0058002	0.0389725420726308	0.0859167404782994	0.271922054915854	0.108060230292294
FBgn0058006	0.103713768115942	0.405797101449276	0.00543478260869565	0.00543478260869565
FBgn0058045	0.0243011258778503	0.0403532457237698	0.0183435104103447	0.0191238217917436
FBgn0058053	0.319148936170212	0	0	0
FBgn0058064	0.422222222222223	0	0	0
FBgn0058160	0.0192717086834734	0.0291690009337068	0.013968253968254	0.0317460317460317
FBgn0058172	0.442028985507246	0	0	0
FBgn0058178	0.206730769230769	0.147115384615385	0.0807692307692308	0.0923076923076923
FBgn0058191	0.0442862228551085	0.0545389818440726	0.0252758988964043	0.0253470986116056
FBgn0058263	0.123237597911227	0.110704960835509	0.102349869451697	0.181201044386423
FBgn0058298	0	0.548780487804878	0	0
FBgn0058354	0.488888888888889	0	0	0
FBgn0058439	0.0986145958328787	0.15959419657467	0.0832333369695647	0.186538671321043
FBgn0058470	0.496402877697842	0	0	0
FBgn0060296	0.058522872476361	0.112956810631229	0.0240224891387682	0
FBgn0061196	0.261273209549072	0	0	0
FBgn0061197	0.390098528159591	0	0.00231115436078336	0.0116774115071159
FBgn0061198	0.0518499874150515	0.0879687893279638	0.0551220739994966	0.0114523030455575
FBgn0061200	0.0797125122508986	0.0672982685396927	0.0334857889578569	0.0181313296308396
FBgn0061356	0.0235111240648985	0.000466336345088896	0	0.189876615175362
FBgn0061359	0	0	0	0
FBgn0061360	0	0	0	0
FBgn0061361	0	0	0	0
FBgn0061435	0.279602750190986	0	0	0
FBgn0061469	0.0753876090640888	0.102002385286548	0.0381645847718286	0.0208398719477748
FBgn0061476	0.13317384370016	0.0350877192982457	0.0175438596491228	0
FBgn0061492	0.0388407529130565	0.0669754008564884	0.0144905885867941	0.0482023702818445
FBgn0061515	0.0566821927624507	0.0723516063537563	0.0171981368685059	0.0209243998566822
FBgn0062411	0.428571428571429	0	0	0
FBgn0062412	0.0303646020375376	0.000359120721265618	0.149176857504678	0.0048292286464929
FBgn0062413	0.0389280445828552	0.0389280445828552	0.0284379609900017	0.0199147680708081
FBgn0062440	0.0403545983575351	0.103714580953935	0.0305650731495077	0.0246369717735356
FBgn0062442	0.0562999754386923	0.0928417433070437	0.0323390552083618	0.0240973719400704
FBgn0062449	0.0421438387540082	0.0455794777828676	0.0180943655519927	0.0178653229500687
FBgn0062517	0	0	0	0
FBgn0062928	0.129363449691992	0.263518138261464	0	0.0944558521560575
FBgn0062961	0	0	0	0.491329479768786
FBgn0062978	0.0808988764044943	0.10561797752809	0.0202247191011236	0
FBgn0063083	0.181460870918784	0.330466591430907	0	0
FBgn0063127	0.426180257510729	0.0824034334763948	0	0
FBgn0063261	0.216082317073171	0	0	0
FBgn0063368	0.472727272727273	0	0	0
FBgn0063449	0.211659192825112	0.212556053811659	0.113004484304933	0
FBgn0063485	0.178756476683938	0.199481865284974	0.158031088082901	0
FBgn0063491	0.009604302727622	0	0.0138301959277756	0.0576258163657319
FBgn0063492	0.0814159292035399	0.0466076696165192	0.0271386430678466	0.305014749262537
FBgn0063493	0.0694964627548895	0.0337078651685393	0.0559717020391178	0.254057428214732
FBgn0063494	0.0983050847457626	0.145762711864407	0.220338983050847	0
FBgn0063495	0.109090909090909	0.181818181818182	0.0890909090909089	0.0800000000000002
FBgn0063497	0.0575415596702258	0.0471009595891337	0.011454250574402	0.30727125287201
FBgn0063499	0.0281014393420151	0	0.0753941055517478	0
FBgn0063649	0.0545193687230991	0.0516499282639885	0.0473457675753228	0
FBgn0063670	0.0220397069250768	0.0280666509099503	0.0150673599621839	0.016485464429213
FBgn0063923	0.00536791858056381	0.00372872196703594	0	0.0201026749527155
FBgn0064115	0	0	0	0
FBgn0064116	0	0	0	0
FBgn0064117	0	0	0	0
FBgn0064119	0	0	0	0
FBgn0064126	0	0	0	0
FBgn0064225	0.0162792120283023	0.0179772031713136	0.0116875918741114	0.022262962475508
FBgn0064237	0.0133598635588402	0	0	0.0518286905438695
FBgn0064766	0.0696246524559777	0.0449490268767376	0.0645273401297499	0.0312789620018536
FBgn0064912	0.186609442060086	0	0	0
FBgn0065032	0.0927924039706515	0.017695295640915	0.403323262839879	0
FBgn0065035	0.0765617660873649	0.094410521371536	0.0455612963832785	0.0211366838891498
FBgn0065098	0	0	0.602666666666667	0
FBgn0065108	0	0	0	0
FBgn0065110	0	0	0	0.0257953568357696
FBgn0066084	0.151553142697216	0.163361996338827	0.116203689160129	0.0542636101678943
FBgn0066101	0.103700848111025	0.135312259059368	0.0624518118735543	0.00925212027756361
FBgn0066114	0.035419997540278	0.0525150657975648	0.0295166646168983	0.0254581232320748
FBgn0066292	0.255102040816326	0	0	0.234693877551021
FBgn0066303	0	0	0	0
FBgn0066304	0	0	0	0
FBgn0066365	0	0.154929577464789	0	0
FBgn0067102	0.039031339031339	0.0205128205128205	0.0314814814814815	0.0545584045584047
FBgn0067317	0.48	0	0	0
FBgn0067622	0	0	0	0
FBgn0067628	0.0494252873563219	0.0689655172413793	0.0166666666666667	0.0166666666666667
FBgn0067629	0.043859649122807	0.0545808966861598	0.0152696556205328	0.0142949967511371
FBgn0067779	0.0493308434484906	0.0373482726423903	0.0395269218798631	0.0379707438530968
FBgn0067783	0.0147480540761983	0.0163867267513314	0.00914925576949336	0.00778369520688243
FBgn0067861	0.423780487804878	0	0	0
FBgn0067864	0.0658359993264858	0.0654992422966831	0.0429365212998821	0.0173429870348543
FBgn0067903	0	0	0	0
FBgn0067905	0	0	0	0
FBgn0069242	0.170577433176903	0.218322791267089	0.0595796776168129	0.0520301979187921
FBgn0069354	0.248826291079812	0	0	0.0102925243770314
FBgn0069913	0.202835762111068	0	0	0
FBgn0069923	0.162074829931973	0.145068027210884	0.159013605442177	0.0341836734693877
FBgn0069938	0.412462908011869	0	0	0
FBgn0069969	0.261603375527426	0.172995780590717	0.0675105485232066	0
FBgn0082582	0.0239050844802945	0.0685239931867574	0.00667619476476694	0.00111596217475576
FBgn0082585	0.0323529411764706	0.0453781512605042	0.0126050420168067	0.00714285714285715
FBgn0082598	0.0589891662291796	0.0541927170333604	0.0382284159786188	0.0307354555433589
FBgn0082831	0.0946994899090706	0.0867154579729428	0.0361499223774673	0.0204036371701043
FBgn0083027	0.227888960619755	0.333118140735959	0	0
FBgn0083068	0.364883401920439	0.0836762688614539	0	0
FBgn0083120	0.538461538461539	0	0	0
FBgn0083123	0.314410480349345	0.232896652110626	0	0
FBgn0083124	0.185873605947955	0.182156133828996	0.0864312267657993	0.0464684014869889
FBgn0083167	0.147826086956522	0.193154486586494	0.101017576318224	0.0525439407955597
FBgn0083228	0.0352941176470588	0.019327731092437	0.0084033613445378	0
FBgn0083940	0.134570765661253	0.056844547563805	0.0348027842227378	0.0730858468677494
FBgn0083943	0.307155322862129	0	0	0
FBgn0083945	0.426966292134832	0	0	0
FBgn0083946	0.35593220338983	0	0	0
FBgn0083949	0.361904761904762	0	0	0
FBgn0083950	0.175572519083969	0	0	0
FBgn0083952	0	0	0	0
FBgn0083953	0.0669785767052449	0.0662398424033488	0.0485102191578428	0.0124353607485841
FBgn0083956	0.162179908076165	0.365725541694025	0	0
FBgn0083960	0.0903674280039721	0	0	0
FBgn0083961	0.150654582074521	0.205840886203424	0.0670694864048338	0.0827794561933535
FBgn0083962	0.075217735550277	0.0560570071258907	0.0641330166270784	0.0422802850356295
FBgn0083963	0.22680412371134	0	0	0
FBgn0083967	0	0	0	0
FBgn0083968	0.15660446395902	0.180753750457373	0.102451518477863	0.0574460300036589
FBgn0083969	0.0928106385926028	0.0483446460728632	0.0498684028258762	0.0203629311538994
FBgn0083970	0.0273840980062455	0.0216190247417727	0	0.05548883017055
FBgn0083972	0.01234444399984	0.000940338521867875	0	0.0962346444720098
FBgn0083975	0.22	0	0	0
FBgn0083976	0	0	0	0
FBgn0083977	0.106813996316759	0.382136279926335	0	0
FBgn0083978	0.100724818795301	0.169207698075481	0	0
FBgn0083981	0.529411764705882	0	0	0
FBgn0083983	0.0503071073413278	0.0304182509505704	0.0400701959637321	0
FBgn0083984	0	0	0	0
FBgn0083985	0.169491525423729	0.190677966101695	0.127118644067797	0
FBgn0083986	0.0552659019812305	0.0370177267987487	0.0364963503649635	0.0172054223149114
FBgn0083991	0.461538461538462	0	0	0
FBgn0084001	0.0641711229946524	0.117647058823529	0	0
FBgn0084008	0.43089430894309	0	0	0
FBgn0084049	0.5	0	0	0
FBgn0085188	0.041368482547101	0.070614867825325	0.0427924638527823	0.0302322184898496
FBgn0085190	0.302698145025296	0	0	0
FBgn0085192	0.0681214980831613	0.0486582129165438	0.0448245355352404	0.0495429076968446
FBgn0085194	0.0459096920460986	0.179986145223251	0	0
FBgn0085195	0.0643134773015225	0.00258058502254945	0	0.385662544353806
FBgn0085196	0.393351800554016	0	0	0
FBgn0085197	0.395951302378256	0	0	0.0145809739524349
FBgn0085198	0.398876404494382	0	0	0
FBgn0085199	0.405405405405405	0	0	0
FBgn0085200	0.538461538461538	0	0	0
FBgn0085202	0.378125	0	0	0
FBgn0085203	0.0646840148698885	0.0884758364312268	0.0394052044609666	0
FBgn0085204	0.35361216730038	0	0	0
FBgn0085205	0.0113917068374223	0	0.0865290068829894	0
FBgn0085208	0	0	0	0
FBgn0085210	0.238589211618257	0	0	0
FBgn0085211	0.425101214574899	0	0	0
FBgn0085212	0.0787401574803151	0.192004845548153	0.0402786190187765	0
FBgn0085217	0.457142857142857	0	0	0
FBgn0085220	0.106225511536787	0.235089246843709	0.0809751850239443	0.0711797997387897
FBgn0085222	0.0178992228628729	0.0628729004763098	0	0
FBgn0085223	0.00853401917231704	0	0.0679214402618659	0
FBgn0085224	0.0368075801749271	0.0532069970845481	0.0298833819241982	0.0167638483965014
FBgn0085227	0.103038309114927	0	0.401585204755614	0
FBgn0085228	0	0	0	0
FBgn0085229	0.0399518471145888	0.0323527198856368	0.0183582875630126	0.0153487322248138
FBgn0085233	0.379487179487179	0	0	0
FBgn0085235	0.0348845951432223	0	0	0.569430869859409
FBgn0085239	0.192133131618759	0	0	0
FBgn0085242	0.146516393442623	0.193647540983606	0.0870901639344261	0.149590163934426
FBgn0085244	0.149649497104542	0	0	0.453825053337397
FBgn0085245	0.203619909502262	0	0	0
FBgn0085249	0.100227790432802	0	0.348519362186788	0.125284738041002
FBgn0085256	0.0814270118666182	0.210730990778298	0	0
FBgn0085257	0.0390612441729625	0.10705674328886	0.0242726249799067	0.0131811605851149
FBgn0085259	0.436144578313253	0	0	0
FBgn0085261	0.0742591773551526	0.229544449358691	0.121273772666961	0.00933215391419725
FBgn0085263	0	0	0	0
FBgn0085264	0	0	0	0
FBgn0085265	0.0239990634511824	0	0.169281198782486	0.0252868180753922
FBgn0085267	0.443965517241379	0	0	0
FBgn0085271	0.0265091485376747	0.0584930125342168	0.016136003457715	0
FBgn0085273	0.0700812943013896	0.0638340474950943	0	0
FBgn0085274	0.405759162303665	0	0	0
FBgn0085279	0.0271229404309252	0.0370088719898606	0.0223067173637516	0
FBgn0085280	0.039989939637827	0	0.097334004024145	0
FBgn0085282	0.0187065740245858	0	0	0.0086406556208801
FBgn0085283	0	0	0	0
FBgn0085284	0.0448687350835323	0.0536992840095466	0	0
FBgn0085285	0	0	0.0230870712401056	0.0771767810026385
FBgn0085287	0.389333333333334	0	0	0
FBgn0085290	0.150602409638554	0	0	0
FBgn0085293	0.399711399711399	0	0	0
FBgn0085294	0	0.241397564849126	0	0
FBgn0085298	0.49561403508772	0	0	0
FBgn0085300	0	0	0	0
FBgn0085303	0.0642317380352645	0	0	0
FBgn0085305	0.601307189542484	0	0	0
FBgn0085308	0.567053513862025	0.00419084461637653	0	0
FBgn0085309	0	0	0	0
FBgn0085311	0.114912739550145	0	0	0
FBgn0085312	0.528455284552846	0	0	0
FBgn0085313	0.484429065743945	0	0	0
FBgn0085315	0.408450704225352	0	0	0
FBgn0085316	0.389312977099237	0	0	0
FBgn0085317	0.0151757600784597	0	0.085273318536107	0
FBgn0085318	0.244660194174757	0	0	0
FBgn0085319	0.0672268907563024	0	0	0
FBgn0085320	0	0	0	0
FBgn0085321	0.38152610441767	0	0	0
FBgn0085322	0.0430379746835443	0.055005753739931	0.0681242807825086	0.0253164556962025
FBgn0085325	0.125145123839009	0.090654024767802	0	0.126209365325078
FBgn0085327	0.245949926362297	0	0	0
FBgn0085329	0.455696202531646	0	0	0
FBgn0085330	0.0666105971404542	0	0.389066442388562	0
FBgn0085331	0.4921875	0	0	0
FBgn0085334	0.0471991076945299	0.517240272506238	0	0
FBgn0085337	0.405737704918033	0	0	0
FBgn0085339	0.214953271028037	0.186915887850467	0.0934579439252335	0
FBgn0085341	0	0	0	0
FBgn0085342	0	0	0	0
FBgn0085343	0	0	0	0
FBgn0085344	0	0	0	0
FBgn0085345	0.0159507485658318	0	0.0617042115572967	0
FBgn0085346	0	0	0	0
FBgn0085354	0.0320985935106532	0.027920902381284	0.00563988302464838	0.00738058766188552
FBgn0085357	0.557377049180328	0	0	0
FBgn0085359	0.00251735767585228	0	0.0186592267204876	0
FBgn0085360	0.199822773593265	0.181657066902969	0	0.138679663269827
FBgn0085369	0.272727272727273	0.111111111111111	0	0.0707070707070706
FBgn0085370	0.0618192974382572	0.0388096333793526	0.0602853198343304	0.0227028685381193
FBgn0085376	0.134153158188932	0.0452766908887647	0.0374510899944102	0.00950251537171605
FBgn0085377	0.0262964131692437	0.0154622909435153	0.0404964762806352	0.0115704217944672
FBgn0085380	0.555555555555556	0	0	0
FBgn0085382	0.219424460431654	0.287769784172662	0	0
FBgn0085383	0.165605095541401	0	0	0
FBgn0085384	0.231563421828908	0.0383480825958702	0	0
FBgn0085385	0.404255319148936	0.127659574468085	0	0
FBgn0085386	0.0280898876404494	0.0131086142322097	0	0
FBgn0085387	0.0588235294117647	0.0666666666666667	0.0274509803921568	0
FBgn0085390	0.108993902439024	0.051829268292683	0.0175304878048781	0
FBgn0085391	0.177570093457944	0.0257009345794393	0	0
FBgn0085395	0.111111111111111	0	0	0.222222222222222
FBgn0085396	0.484978540772532	0	0	0
FBgn0085397	0.333333333333333	0.157894736842105	0	0.0228070175438596
FBgn0085399	0.154929577464789	0	0	0
FBgn0085400	0.340148698884758	0.135687732342007	0.0483271375464684	0
FBgn0085404	0	0	0	0
FBgn0085405	0.0562549173878836	0.023078940466824	0.0329137162339365	0.127983215316024
FBgn0085407	0.14622641509434	0.0424528301886792	0.044811320754717	0.0849056603773585
FBgn0085408	0.032451607252343	0.0407725321888411	0.0675308750109486	0.00420425681002014
FBgn0085409	0.297423887587822	0.156908665105387	0.0807962529274005	0.0105386416861827
FBgn0085410	0.0606585788561526	0.223570190641248	0	0
FBgn0085411	0.551724137931034	0	0	0
FBgn0085412	0.152993348115299	0.176274944567627	0	0
FBgn0085413	0.153846153846154	0	0	0
FBgn0085414	0.142450142450142	0.236467236467236	0	0
FBgn0085415	0.0248677248677249	0	0.107407407407407	0
FBgn0085417	0.232258064516129	0	0	0
FBgn0085419	0.0247422680412371	0	0.0123711340206186	0.0164948453608248
FBgn0085420	0.52	0	0	0
FBgn0085421	0.028865295288653	0.0139349701393497	0.046449900464499	0
FBgn0085423	0.062200956937799	0.0382775119617225	0.0520999468367889	0.0336700336700337
FBgn0085424	0.0304378365722313	0.00608756731444627	0.0697728869117303	0
FBgn0085425	0.0921875000000001	0.4390625	0.009375	0
FBgn0085426	0.0756929637526652	0.103944562899787	0.0229211087420042	0
FBgn0085427	0.0529339853300732	0.120171149144254	0.0221271393643032	0
FBgn0085428	0.0294791355442685	0.111741858380639	0.000597550044816253	0
FBgn0085430	0.0891333632689716	0.0462505612932196	0.0325550067355186	0.00898069151324651
FBgn0085432	0.0421224109844077	0.0411915289737026	0.0102397021177566	0.0190830812194554
FBgn0085433	0.08058294042006	0.0432918988426919	0.0257179597085298	0.0192884697813973
FBgn0085434	0.125333333333334	0.0506666666666666	0.0186666666666666	0.008
FBgn0085436	0.0709831986976686	0.0520625364744908	0.0502196148293761	0.0298246152901066
FBgn0085437	0.0556950109821147	0.0850329463445248	0.0320050203953561	0.0108252274866646
FBgn0085438	0.518518518518519	0	0	0
FBgn0085440	0	0	0.0993377483443708	0
FBgn0085442	0.0544045814384369	0.0682162708438606	0.0405086744146875	0.0261916792993095
FBgn0085443	0.183406113537118	0.150218340611354	0.149344978165939	0.0331877729257643
FBgn0085444	0.130459444129325	0.0856494611457742	0.0374361883153715	0.0238230289279637
FBgn0085446	0.0395586092025817	0.115922918546279	0.0145973581326485	0.00215143313207023
FBgn0085447	0.0778816199376946	0.00934579439252336	0	0
FBgn0085450	0.0412691829116549	0.0367067606802157	0.0199087515553712	0.0194939858979676
FBgn0085451	0.0627817665720486	0.0569377191517784	0.036734012355986	0.0223743529804642
FBgn0085452	0.204861111111111	0.202546296296296	0	0.115740740740741
FBgn0085453	0.0369362684475224	0.00750267952840299	0.00461703355594031	0.0511996042542666
FBgn0085454	0.210466439135381	0	0	0
FBgn0085455	0.140723270440252	0	0	0
FBgn0085460	0.154761904761905	0	0	0.0625
FBgn0085461	0.345013477088949	0	0	0
FBgn0085462	0.375296912114014	0	0	0
FBgn0085464	0.184115523465704	0	0	0
FBgn0085465	0.124409448818897	0	0	0.420472440944882
FBgn0085466	0.0719656283566058	0	0	0.471177944862156
FBgn0085468	0.372909698996655	0.0836120401337794	0	0
FBgn0085470	0	0	0	0
FBgn0085474	0.0288609149524102	0.120049124961621	0	0
FBgn0085475	0	0.0624769627718393	0	0
FBgn0085478	0.207300275482093	0.121900826446281	0.144628099173554	0.0309917355371901
FBgn0085479	0.40819209039548	0	0	0
FBgn0085480	0	0	0.047244094488189	0
FBgn0085481	0	0	0	0.679687499999999
FBgn0085482	0	0	0	0
FBgn0085483	0.0828828828828829	0.571171171171171	0	0
FBgn0085484	0.0366968464331016	0.0210820977124612	0.0223505226785636	0.0503433495166864
FBgn0085485	0	0	0	0
FBgn0085486	0.379668049792532	0	0	0
FBgn0085488	0.374701670644391	0.0548926014319809	0	0
FBgn0085494	0.440000000000001	0	0	0
FBgn0085520	0.528158295281582	0	0	0
FBgn0085521	0.501173708920187	0	0	0
FBgn0085582	0	0	0	0.400881057268722
FBgn0085638	0.131230116648993	0.154294803817603	0.108430540827147	0.133616118769883
FBgn0085692	0.441509433962264	0	0	0
FBgn0085693	0.494082840236687	0	0	0
FBgn0085736	0	0	0.428571428571428	0
FBgn0085753	0	0	0.259803921568627	0.350490196078432
FBgn0085759	0	0.277526753864447	0.07705112960761	0.170035671819263
FBgn0085799	0	0.24896510940272	0.119455943228859	0.199881726788883
FBgn0085810	0	0.277173913043478	0	0.260869565217391
FBgn0086129	0.0786290322580645	0.0546594982078853	0.028673835125448	0.0129928315412186
FBgn0086130	0.0578199052132702	0.0772511848341231	0.0293838862559242	0.0170616113744076
FBgn0086134	0.0370040302736064	0.114177784280603	0.0351551588832285	0.0108937098469028
FBgn0086200	0.464285714285714	0	0	0
FBgn0086251	0.450643776824035	0.0643776824034335	0	0
FBgn0086253	0.083363802559415	0.0844606946983547	0.0226691042047533	0.0215722120658136
FBgn0086254	0.0244765732797408	0.0546323514707941	0.00877877097206389	0.00613914052032714
FBgn0086265	0	0.0909090909090907	0	0
FBgn0086346	0.0490004052411185	0.0481223828177766	0.0555180332297717	0.0250236390652438
FBgn0086347	0.0319509728089487	0.047599214612959	0.0289760218956387	0.00529541262569169
FBgn0086348	0	0	0	0.0689655172413793
FBgn0086350	0.0935569285083847	0.0388349514563108	0.0220653133274492	0.0203000882612533
FBgn0086355	0.0307780641198542	0.0785675181263435	0.00675648609312202	0.00825199289634269
FBgn0086356	0.146367907481026	0.0411998554391037	0.0148174918684496	0.0050596313697145
FBgn0086357	0.0537128099443047	0.0698083921374255	0.0197477402272164	0.0265172760118434
FBgn0086358	0.0437994722955146	0.067018469656992	0.0560874481718809	0.0101771579344139
FBgn0086359	0.046525237746891	0.0901243599122163	0.00131675201170446	0
FBgn0086361	0.156805690268348	0.155350792111219	0.120109925638539	0.0586808923375364
FBgn0086362	0.0630587787711623	0.07675480311965	0.0396614038424957	0.0119840213049268
FBgn0086365	0.0260920551158019	0.0126062738199941	0.0134857812958077	0
FBgn0086367	0.038474633980252	0	0.041879468845761	0.0755873340143003
FBgn0086368	0.0610354223433243	0.0822888283378747	0	0
FBgn0086370	0.0513063632532658	0.0381373788453436	0.025811209439528	0.0187526337968816
FBgn0086371	0.0450875312611646	0.0355126831011076	0.0327259735619865	0.0322972490175063
FBgn0086372	0.0639109059897661	0.0287950235778068	0.0523728303401224	0.0758503060098325
FBgn0086378	0.0327942246348424	0.0443225698136437	0.0471766746880072	0.0533325871621244
FBgn0086384	0.0321797847647184	0.0597172399240347	0.0302806499261448	0.0120278539776324
FBgn0086408	0.476190476190476	0	0	0
FBgn0086442	0.0863819359355855	0.0490110274811833	0.0331699632417293	0.0150533870120777
FBgn0086443	0.0446827006664735	0.0463633729353811	0.0257316719791365	0.0176180817154447
FBgn0086444	0.0872451398767188	0.0877192982456141	0.0293978188715031	0.0170697012802276
FBgn0086445	0.0639891082368958	0.0599046970728386	0.0258679373723622	0
FBgn0086446	0.0563952882310017	0.0605649953090796	0.0453455644740957	0.0201188366517252
FBgn0086447	0.0256802201161724	0.0269030877407521	0.0195658819932742	0
FBgn0086448	0.049645390070922	0.0362490149724193	0.0145784081954294	0.0397951142631994
FBgn0086450	0.0298051203668323	0	0.0691631639281622	0.0561711883836454
FBgn0086451	0.0655515370705244	0.0420433996383364	0.0298372513562387	0.00904159132007234
FBgn0086472	0.0290220820189274	0.0399598508746774	0.0263263550329796	0.0361648026001338
FBgn0086532	0	0	0	0
FBgn0086558	0.0961091091547691	0.16986726269215	0.169958491082425	0.0864845139807509
FBgn0086604	0.158333333333334	0.1375	0	0
FBgn0086605	0.0666975451597962	0.0503705419175544	0.0313802686428902	0.0173691523853636
FBgn0086608	0.00279457768508863	0	0.00625651720542232	0
FBgn0086613	0.126995142262318	0.0659264399722416	0.0298403886190145	0.0117973629424011
FBgn0086655	0.0827163645647179	0.0359969364309421	0.0324227725299974	0.0308909880010212
FBgn0086656	0.0343406799214899	0.0495033187000882	0.0354643932697062	0.0299207407518392
FBgn0086657	0.0549315279273734	0.0632404985382366	0.0433912909678412	0.027081089398369
FBgn0086662	0.226726726726727	0.105855855855856	0.163663663663664	0
FBgn0086666	0.550387596899225	0	0	0
FBgn0086673	0.111716621253406	0.149863760217984	0.0735694822888284	0
FBgn0086674	0.071323888617489	0.0283341475329751	0.0254030288226673	0.067171470444553
FBgn0086675	0.116511318242343	0.00332889480692411	0	0
FBgn0086676	0.0686438901697756	0.0831062670299726	0.0373087403060156	0.00890798574722279
FBgn0086677	0.175757575757576	0.0181818181818182	0	0
FBgn0086679	0.079940784603997	0.035899333826795	0.0194300518134715	0.0882679496669133
FBgn0086680	0.0705836726779133	0.0808609656777196	0	0
FBgn0086681	0.343675417661097	0.0238663484486873	0.0250596658711217	0.0238663484486873
FBgn0086683	0.0783066679916527	0.111895061114976	0.0626055848156613	0.0421345523203815
FBgn0086686	0.0711984536082474	0.0495060137457046	0.0411297250859108	0.0266323024054983
FBgn0086687	0.0267790949843759	0.0310332642781423	0.00992177594246477	0.0320032703060369
FBgn0086690	0.0770033933698774	0.064474027669016	0.0321064996084573	0.130253197598538
FBgn0086691	0.0130162013098932	0.00115822130299897	0.010134436401241	0.10839021027232
FBgn0086693	0	0	0.329545454545455	0
FBgn0086694	0.0877061469265367	0.0572213893053473	0.0254872563718141	0.015992003998001
FBgn0086695	0.246376811594203	0.14975845410628	0.0821256038647344	0
FBgn0086698	0.159638554216867	0.21285140562249	0.100401606425703	0.0451807228915663
FBgn0086704	0	0	0	0
FBgn0086706	0.0645381124305829	0.0616816738440123	0.0284048892948801	0.0533153537198951
FBgn0086707	0.0782051282051281	0.0692307692307693	0.0210622710622711	0.0142857142857143
FBgn0086708	0.038375914343263	0.0811689458991484	0.023357715820347	0.00855153892363688
FBgn0086710	0.0288934761672935	0.0344634053526595	0.0213209235877997	0.0204386638122552
FBgn0086711	0.261971830985916	0.290140845070422	0	0
FBgn0086712	0.0814453685116146	0.0708345282477774	0.0441640378548896	0.028391167192429
FBgn0086757	0.0778508771929822	0.0559210526315789	0.0464912280701755	0.0418859649122807
FBgn0086758	0.101836393989984	0.0791318864774624	0.0106844741235393	0.00367278797996661
FBgn0086768	0.047447671051543	0.0698270869529247	0.0306527674360884	0.0203524447753785
FBgn0086778	0.0948509485094853	0	0	0
FBgn0086779	0.182296231375986	0.160823838737949	0.0626643295354953	0.113058720420684
FBgn0086782	0.608695652173913	0	0	0
FBgn0086784	0.0587024933430164	0.0671750181554103	0.03679496489954	0.0243282498184459
FBgn0086785	0.0581266782498817	0.0925604169957351	0.0435950086874111	0.0285894803348602
FBgn0086855	0.0815204398756875	0.0662204159693999	0.0164953382739661	0.0155390867798231
FBgn0086856	0.0620546318289786	0.0926365795724465	0.031769596199525	0.0323634204275534
FBgn0086895	0.0871660096364433	0.0805957074025405	0.0394218134034166	0.0289093298291722
FBgn0086898	0.0775384615384615	0.105846153846154	0	0
FBgn0086899	0.0536817102137767	0.0380047505938242	0.0216943784639747	0.0114014251781473
FBgn0086901	0.0482847341337908	0.0494854202401371	0.0530017152658662	0.0492281303602057
FBgn0086904	0.0436745834131392	0.0612622103045394	0.0225339973185214	0.0186650067036966
FBgn0086906	0.0653171953255424	0.122704507512521	0.00271285475792988	0.000626043405676127
FBgn0086907	0.197315189407871	0	0	0
FBgn0086908	0.0899191039203485	0.0709396390790293	0.0236465463596764	0.0239576851275669
FBgn0086909	0.054570123767291	0.0648950956383612	0.0686014957972069	0.0246210867694751
FBgn0086912	0.0817120622568094	0.0671206225680934	0.0423151750972763	0.0102140077821012
FBgn0086913	0.5	0	0	0
FBgn0086915	0.37815446147986	0	0	0.0198076373678697
FBgn0086916	0.417721518987342	0	0	0
FBgn0086917	0.669421487603306	0	0	0
FBgn0087002	0.0203317689604031	0.00078472603157189	1.77769651165153e-05	0.162743036508807
FBgn0087005	0	0	0.493150684931507	0
FBgn0087007	0.0566619555441346	0.0962353848130542	0.0582037774637029	0.00488243607863293
FBgn0087008	0.0898274836406901	0.0640491770771368	0.0331152092008725	0.0152686892722586
FBgn0087011	0.148796498905908	0.179431072210065	0	0
FBgn0087012	0.461538461538461	0	0	0
FBgn0087013	0.0564807321172883	0.0654921247587625	0.0228475378198344	0.0257735167776878
FBgn0087021	0.178050652340752	0.0583269378357636	0	0
FBgn0087035	0.135060942132426	0.162237839024926	0.0846601515317887	0.12402547490941
FBgn0087039	0.043331784386617	0.0661013011152418	0.066914498141264	0.0289265799256506
FBgn0087041	0	0	0	0
FBgn0243486	0.14013206162876	0.0667644900953778	0.012472487160675	0
FBgn0243511	0.114246700045516	0.0580336822940374	0.0257168866636323	0.0168411470186618
FBgn0243512	0.0517241379310345	0.0934893564048301	0.0426988671729118	0.00834059504543758
FBgn0243513	0.0571428571428572	0.0977678571428571	0.0196428571428572	0.0196428571428572
FBgn0243514	0.20738413197172	0.131186174391202	0	0.0604870384917518
FBgn0243516	0.0541739130434783	0.0366956521739131	0.0655652173913042	0.0151304347826087
FBgn0250732	0.0886344359626801	0.157760814249364	0.0313825275657337	0.0108142493638677
FBgn0250746	0.0508971005415761	0.141224256714438	0.0425708285745866	0.0097170541207678
FBgn0250753	0.0356052501108994	0.0729653210865537	0.0290556584818517	0.0201641312005844
FBgn0250754	0.186861313868613	0.0653284671532847	0.0175182481751825	0.0149635036496351
FBgn0250755	0.0790172642762285	0.0285524568393094	0.0112881806108898	0.0418326693227092
FBgn0250757	0.20615671641791	0.000932835820895522	0	0
FBgn0250785	0.080445057109098	0.0769988184324538	0.025600630169358	0.0071878692398582
FBgn0250786	0.0819646968534152	0.0636991557943206	0.0366845740598619	0.0236377590176516
FBgn0250788	0.0580157436626556	0.0472309879668481	0.041786593612373	0.0131428373270451
FBgn0250789	0.0626398210290828	0.0600887004984497	0.0438007771105616	0.0164056674123788
FBgn0250791	0.0280741156653566	0.0352256272348473	0.0381807973048849	0.01811519252933
FBgn0250814	0.0429100892244338	0.0535072065888813	0.0302264927934111	0.0061770761839396
FBgn0250815	0.0570308785107696	0.000433312742286536	0.423229924559019	0
FBgn0250816	0.421052631578947	0.0460526315789473	0	0
FBgn0250817	0.313432835820896	0	0	0
FBgn0250819	0.0304126253493343	0.156214039125432	0.00563044550386323	0.000452079566003617
FBgn0250820	0.0562707641196014	0.053986710963455	0.0274086378737542	0.0166112956810631
FBgn0250821	0.31195335276968	0	0	0
FBgn0250822	0.398214285714286	0	0	0
FBgn0250823	0.0452620299025362	0.0254120528652345	0.0130632239628515	0.0154105220186764
FBgn0250824	0.0644307149161517	0	0	0
FBgn0250825	0.0903368690989626	0	0	0.364611260053619
FBgn0250826	0.40379403794038	0	0	0
FBgn0250827	0.239458615304528	0	0	0
FBgn0250830	0.0771343556878005	0.0791943236438545	0.0319295033188372	0.0349050125886932
FBgn0250834	0.286142771445711	0	0	0
FBgn0250835	0.51	0	0	0
FBgn0250836	0.0115169757416524	0	0.098933755069765	0
FBgn0250837	0	0	0	0
FBgn0250838	0.016384188569619	0.0247139651113161	0.0100508047527915	0.0076413652572593
FBgn0250839	0.115888258402444	0.0792230467044958	0.0429943256219991	0
FBgn0250840	0.402486069438491	0	0	0
FBgn0250843	0.0405248794347453	0.139676249579424	0.0247859733074134	0.00669931586227523
FBgn0250844	0.260588076611816	0	0	0
FBgn0250845	0.246080305927342	0	0	0
FBgn0250846	0.167025862068966	0	0	0
FBgn0250848	0.0374506218506163	0.0418335869125222	0.0376599991624907	0.0568250024427353
FBgn0250849	0	0	0	0
FBgn0250850	0.10752688172043	0.0734254992319508	0.0221198156682027	0.0101382488479263
FBgn0250851	0	0	0	0
FBgn0250867	0.0317841079460269	0.0131934032983508	0.00749625187406296	0.00779610194902549
FBgn0250868	0.0359188728905403	0.0210171853228054	0.0400603808639108	0.0174175568973525
FBgn0250869	0.0727303841875587	0.133652776589373	0.0370497133567211	0.0297766749379653
FBgn0250871	0.0723502563813603	0.148644841381642	0.00123964613737533	0.000450780413591031
FBgn0250874	0.183673469387755	0.183673469387755	0.100340136054422	0.032312925170068
FBgn0250876	0.0371239911958914	0.033015407190022	0.00484225972120323	0.0112986060161409
FBgn0250903	0	0	0	0
FBgn0250904	0.575408843125378	0	0	0
FBgn0250906	0.027527032011337	0.044124784035098	0.012987012987013	0.018403121542135
FBgn0250907	0.111096724070957	0.272152445077474	0.00578359014200008	0.000927964089947772
FBgn0250908	0.156626506024097	0	0	0
FBgn0250910	0.163636363636364	0	0	0
FBgn0250911	0	0	0	0
FBgn0259098	0.0389840519787359	0.0862374483165978	0	0
FBgn0259099	0.0872093023255815	0.0930232558139535	0	0
FBgn0259101	0.0421906022501655	0.0238252812706817	0.140552614162806	0
FBgn0259108	0.0746113989637306	0.0217616580310881	0	0
FBgn0259110	0.155452436194895	0	0	0
FBgn0259111	0.0207761417519341	0.0112303468929374	0.029261292737709	0.00162216121786873
FBgn0259113	0.118217054263566	0.0591085271317828	0.0300387596899224	0
FBgn0259139	0.0609448863475529	0.0821751068587767	0.0324680839018315	0.0250799671639256
FBgn0259140	0.0696	0.0576	0	0.0104
FBgn0259143	0.0288943836100317	0.0408336276933946	0.0184387142352526	0.00211939244083363
FBgn0259145	0.043103448275862	0	0	0
FBgn0259146	0.184	0	0	0
FBgn0259148	0.428007889546351	0	0	0
FBgn0259150	0.109333333333334	0	0	0
FBgn0259151	0.152373660030628	0	0	0
FBgn0259152	0.0496610436701876	0.0600662147248936	0.0343685953019076	0.0472962320668453
FBgn0259163	0.0543665436654367	0.00984009840098398	0.0708487084870849	0.0019680196801968
FBgn0259164	0.100490196078431	0.0492919389978213	0	0
FBgn0259166	0.068294701986755	0.0583609271523179	0.0608443708609272	0.0227649006622516
FBgn0259167	0.0902439024390242	0.0292682926829268	0	0
FBgn0259168	0.0548257617223134	0.0451559934318555	0.0374931581828134	0.0145046524356869
FBgn0259170	0.0600613765892153	0.045594037702762	0.0236738272687418	0.0574309513371329
FBgn0259171	0.0357925493060628	0.00401753104455807	0.0394448502556611	0.0354273192111029
FBgn0259173	0.115643483581481	0.233326534774628	0.162961452172139	0.00142769732816643
FBgn0259174	0.0636154797667433	0.0443541261707015	0.0572539317900689	0.0168757731047888
FBgn0259175	0.0302208835341365	0.0360441767068274	0.0140562248995984	0.00311244979919678
FBgn0259176	0.0913513513513514	0.0716756756756757	0.0583783783783784	0.0405405405405405
FBgn0259178	0.170802919708029	0.163503649635036	0.0890510948905108	0.0715328467153283
FBgn0259183	0.401639344262295	0	0	0
FBgn0259184	0.282754759238521	0	0	0
FBgn0259188	0	0	0	0
FBgn0259192	0	0	0	0
FBgn0259198	0.405405405405405	0	0	0
FBgn0259200	0	0	0	0
FBgn0259202	0	0	0	0
FBgn0259204	0	0	0	0
FBgn0259209	0.0752521334367726	0.517972588569951	0.0442203258339798	0
FBgn0259211	0.0507516536380037	0.0835838845460013	0	0
FBgn0259212	0.0550496688741722	0.0475993377483444	0.0281456953642384	0.0169701986754967
FBgn0259213	0.0544554455445544	0	0	0
FBgn0259214	0.038100119596788	0.0471553049718093	0.0142092374280995	0.0168005011674925
FBgn0259216	0.0407328006236601	0.153966088481777	0.00331319430910154	0
FBgn0259219	0.120321790835957	0.299055613850997	0.00279818118223155	0.00664568030779992
FBgn0259221	0.0474910394265233	0.0609318996415771	0.016726403823178	0.00537634408602151
FBgn0259222	0.186746987951806	0	0	0
FBgn0259224	0.0376696303228826	0.00397753860552176	0	0.0631726719700515
FBgn0259226	0.0501089324618737	0.0675381263616556	0	0
FBgn0259227	0.0729183774018722	0.0916406634915421	0.0335030382657251	0.00903268188536704
FBgn0259228	0.0389233954451346	0.0380952380952381	0.0217391304347826	0.0144927536231884
FBgn0259229	0.0405186385737439	0.0259319286871961	0.0713128038897894	0
FBgn0259233	0	0.0625000000000001	0	0
FBgn0259234	0.221534653465347	0.112623762376238	0.122524752475248	0.0556930693069307
FBgn0259236	0.0801042571676804	0.0192875760208514	0.00712423979148568	0.00191138140747177
FBgn0259237	0.0135933806146572	0	0.051418439716312	0
FBgn0259238	0.0346232179226069	0.0170414397938402	0.0368261357496155	0.0413566648655389
FBgn0259239	0.476190476190476	0	0	0
FBgn0259241	0.489795918367347	0	0	0
FBgn0259242	0.338709677419355	0.193548387096774	0	0
FBgn0259243	0.0288261227653698	0.0397267574245433	0.0166658592122475	0.0100285838864396
FBgn0259244	0.06153050672182	0.0783350568769389	0.00361944157187177	0
FBgn0259245	0.483870967741936	0	0	0
FBgn0259246	0.142857142857143	0.013477088948787	0.00808625336927224	0
FBgn0259247	0.0301151461470328	0.093740773545911	0.00162385591969294	0.0066430469441984
FBgn0259481	0.0319532726335681	0.0251388650289182	0.0915650231918914	0.010307507301151
FBgn0259482	0.0573328540618259	0.0869877785765635	0.0217469446441409	0.0438533429187635
FBgn0259483	0.0710139318885449	0.0619969040247678	0.0368808049535604	0.0162151702786378
FBgn0259676	0.0997652582159623	0.0586854460093898	0.0246478873239437	0
FBgn0259677	0.224	0.04	0	0
FBgn0259678	0.0245138094459879	0.0684752410524596	0.0436345808138585	0
FBgn0259680	0.106741573033708	0.311797752808989	0.0589887640449438	0
FBgn0259682	0.0286627069834413	0.00521958243340534	0.00292476601871851	0.142998560115191
FBgn0259685	0.0867884750527057	0.0704497540407591	0.0219606465214336	0.00685172171468728
FBgn0259697	0.00877192982456139	0	0	0
FBgn0259699	0	0	0	0
FBgn0259700	0	0	0	0
FBgn0259701	0.259551243177684	0	0	0
FBgn0259704	0.0381114903299204	0.0339400834281381	0.0267349260523322	0.0178232840348881
FBgn0259705	0.205391527599486	0.109114249037227	0.127086007702182	0.0551989730423619
FBgn0259707	0.102056962025316	0.048259493670886	0.0379746835443038	0
FBgn0259710	0.56015037593985	0	0	0
FBgn0259711	0.0404808202227329	0.0631076542336927	0.0289906310765423	0.0182075304931942
FBgn0259712	0	0	0	0
FBgn0259714	0.0662047729022325	0	0	0.511932255581217
FBgn0259715	0.0304487179487179	0.0260416666666667	0	0
FBgn0259716	0.0387359283873593	0.00195307201953072	0	0.247063610470636
FBgn0259717	0	0	0	0
FBgn0259718	0	0	0	0
FBgn0259720	0	0	0	0
FBgn0259721	0	0	0	0
FBgn0259722	0.0216337187616561	0.0396307348004477	0.0234986945169713	0.0211674748228273
FBgn0259726	0	0	0	0
FBgn0259727	0	0	0	0
FBgn0259728	0	0	0	0
FBgn0259729	0.234024179620034	0	0	0
FBgn0259734	0.025275173257236	0.0273134936812067	0.0562576437015898	0.00101916021198533
FBgn0259735	0.054111125775373	0.0397254850204565	0.0221723637323479	0.0184769697769566
FBgn0259736	0.0397466153272885	0.101167556825239	0.00471991057011551	0.00732828220096883
FBgn0259737	0.419580419580419	0	0	0
FBgn0259739	0.181890842658141	0	0	0.00890614295501256
FBgn0259740	0.0633534455382661	0.0527680745210119	0.0293214777177941	0.0170424473377791
FBgn0259741	0.323636363636364	0	0	0.145454545454545
FBgn0259742	0.146455223880597	0.0447761194029851	0.0247201492537313	0.0270522388059702
FBgn0259745	0.113510178901912	0.0283775447254781	0.0185070943861814	0.00246761258482418
FBgn0259749	0.0548069816362499	0.0558872022286657	0.0451418500198989	0.0303598840184206
FBgn0259785	0.0826553574519646	0.0602388783105418	0.0302925393803013	0.0133287173273325
FBgn0259789	0.150642988364972	0.0318432333129209	0	0
FBgn0259791	0.296416938110749	0.0173724212812161	0	0
FBgn0259794	0.24908256880734	0	0	0
FBgn0259795	0.239582496989161	0	0	0.00638297872340426
FBgn0259817	0.523076923076923	0	0	0
FBgn0259818	0.212927756653993	0.0494296577946767	0.026615969581749	0
FBgn0259821	0.0737100737100737	0.0638820638820639	0	0
FBgn0259822	0.0520446096654275	0.0594795539033458	0.0161090458488228	0
FBgn0259823	0.182572614107884	0	0	0
FBgn0259824	0.0508412133120471	0.0535429202996437	0.0636129190715953	0.0202628024069753
FBgn0259832	0.0503432494279177	0.0732265446224256	0.0320366132723112	0.0402745995423341
FBgn0259834	0.0660895270270268	0.00612331081081082	0.145481418918919	0.0152027027027027
FBgn0259876	0.122991967871486	0.053714859437751	0.0208333333333334	0.0145582329317269
FBgn0259878	0.0342857142857143	0.00857142857142857	0	0
FBgn0259896	0.0386510456586008	0.032409941968685	0	0.061316106427242
FBgn0259916	0.0271554650373388	0.0310930074677529	0.0161575016972166	0.0255261371350985
FBgn0259917	0.419597989949749	0	0	0
FBgn0259922	0.206590621039291	0	0	0
FBgn0259923	0.0492336274965165	0.018578727357176	0.0404087320018579	0
FBgn0259927	0.105839416058394	0.0109489051094891	0.0492700729927007	0
FBgn0259932	0	0	0	0
FBgn0259933	0	0	0	0
FBgn0259935	0.145348837209302	0.0581395348837209	0	0
FBgn0259936	0.222772277227723	0.212871287128713	0	0.0594059405940594
FBgn0259937	0.0529646121396766	0.0372627138504804	0.0300757753300523	0.0037497070541364
FBgn0259938	0.0591624508150645	0.0484822934232715	0.0316188870151771	0.0489038785834739
FBgn0259950	0.486503452605147	0.00533584431889516	0	0
FBgn0259977	0.0535117056856187	0.0301003344481605	0.0183946488294314	0
FBgn0259978	0.0666859623733719	0.069753979739508	0.0180607814761216	0.0197973950795948
FBgn0259979	0.0457527574846012	0.0485603781693167	0.0269875376020627	0.0775676837129351
FBgn0259982	0.0737179487179487	0.0782051282051283	0.0397435897435898	0
FBgn0259984	0.0886573283225146	0.0285275025623506	0.0650837034506321	0.0662794670310897
FBgn0259985	0.0813715455475947	0.0568065506653019	0.0117707267144319	0.0209825997952918
FBgn0259986	0.449781659388646	0.0655021834061135	0	0
FBgn0259990	0	0	0	0
FBgn0259991	0	0	0	0
FBgn0259992	0.00941543438077633	0	0.00311922365988909	0
FBgn0259993	0.266246553761323	0.172902717605356	0.0897991335171328	0.0157542339503741
FBgn0259994	0.130347593582888	0.0127005347593583	0.00668449197860963	0
FBgn0259998	0.0227177990829512	0	0.0780533555648188	0
FBgn0260000	0.0346065622818392	0	0.152388550912536	0
FBgn0260003	0.0512386521003232	0.0418525927065703	0.031851054008309	0.0107708878288967
FBgn0260004	0.0860155382907881	0.177025527192008	0.0316315205327414	0
FBgn0260005	0.0766182298546894	0.0317040951122853	0	0
FBgn0260006	0.0364031907179115	0.0184191443074692	0	0.00232052211747643
FBgn0260007	0.389285714285714	0	0	0
FBgn0260008	0.0934897804693414	0.147993943981832	0.171839515518546	0.0950037850113551
FBgn0260012	0.0747721623860809	0.0590306545153272	0.0298260149130074	0.022162386081193
FBgn0260026	0.0643939393939394	0.029040404040404	0.00883838383838384	0.014520202020202
FBgn0260027	0.106821106821107	0.0733590733590734	0.19047619047619	0.135135135135135
FBgn0260049	0.0403296078802803	0.0989770789922335	0.0214434551998484	0.00820231104375826
FBgn0260222	0	0	0	0
FBgn0260226	0.0638671509842151	0.507427069871983	8.52623512274696e-05	9.34804091771053e-05
FBgn0260229	0	0	0	0
FBgn0260233	0	0	0	0
FBgn0260243	0.0714565387627253	0.0696945967110417	0.0279953014878622	0.0289741581832419
FBgn0260386	0.0288643107634206	0.0714863771243593	0	0
FBgn0260388	0.0136898199191474	0.0022050716648291	0.0138735758912164	0.0254502021315692
FBgn0260390	0	0	0	0
FBgn0260393	0.0108387987573352	0	0.0289955125992406	0
FBgn0260397	0.0666666666666667	0.0645702306079664	0.0331236897274633	0.0213836477987421
FBgn0260398	0	0	0	0
FBgn0260399	0.0644001307616869	0.0140568813337692	0.00849950964367441	0.0693036940176529
FBgn0260400	0.114997350291468	0.0164281928987811	0.00529941706412294	0.00688924218335982
FBgn0260401	0	0	0	0
FBgn0260407	0.0601941747572816	0.0815533980582525	0.0366158113730929	0.0135922330097087
FBgn0260428	0.384517766497462	0	0	0
FBgn0260429	0.107638888888889	0.0486111111111112	0.0590277777777778	0.253472222222222
FBgn0260431	0.311926605504587	0	0.192660550458716	0
FBgn0260439	0.0746831968525548	0.071206368086372	0.0492931973100325	0.029873278741022
FBgn0260440	0.407894736842106	0	0.157894736842105	0
FBgn0260441	0.0436320815756102	0.0409819094697067	0.0357100339035689	0.030269934522115
FBgn0260442	0.0484934086629002	0.0513182674199624	0.0585944187639102	0.016050333846944
FBgn0260444	0.0651226158038147	0.0730245231607629	0.0340599455040872	0.0237057220708447
FBgn0260446	0.189781021897811	0.0364963503649636	0	0
FBgn0260450	0.0748335552596538	0.0753661784287616	0.0282290279627164	0
FBgn0260451	0	0	0	0
FBgn0260452	0.3983286908078	0	0	0
FBgn0260455	0	0	0	0
FBgn0260456	0.0604941777904004	0.0704345356432832	0.0374893496165862	0.0215847770519738
FBgn0260458	0	0	0	0
FBgn0260459	0.207633587786259	0	0	0
FBgn0260460	0.0690909090909091	0.0836363636363637	0.04	0.0273939393939394
FBgn0260461	0.229860690490612	0	0	0
FBgn0260462	0.0305753229848213	0.0220254717900785	0.130180229257579	0.00907167309864728
FBgn0260464	0	0	0	0
FBgn0260466	0	0	0	0
FBgn0260467	0	0	0	0
FBgn0260468	0	0	0	0
FBgn0260470	0	0	0	0
FBgn0260474	0.0404721753794266	0	0	0.506913996627319
FBgn0260477	0	0	0	0
FBgn0260479	0.0940766550522647	0.0313588850174216	0.278745644599303	0.132404181184669
FBgn0260480	0.384758364312267	0	0	0
FBgn0260481	0.348457350272233	0.0417422867513613	0	0
FBgn0260482	0.0379487179487178	0	0.124102564102564	0
FBgn0260484	0.0819672131147541	0.231850117096019	0.0749414519906323	0.127244340359094
FBgn0260486	0.0889432884536924	0.0864953080375357	0.0456956344349245	0.00407996736026111
FBgn0260487	0	0.5	0	0
FBgn0260499	0.393333333333334	0.0666666666666665	0	0
FBgn0260632	0.0369994359842074	0.106373378454597	0.0312464749012972	0.00789622109419063
FBgn0260634	0.149920450373271	0.0253334965120548	0.0269244890466283	0.0209276710316975
FBgn0260635	0.0376265506915728	0.030389990018537	0.0630792813346644	0.0190004277769856
FBgn0260639	0.0824432576769027	0.0467289719626168	0.0243658210947931	0.0126835781041388
FBgn0260642	0.0467115097159941	0.0381165919282511	0.00373692077727952	0.0680119581464873
FBgn0260643	0.447916666666667	0	0	0
FBgn0260644	0.458167330677291	0	0	0
FBgn0260648	0.0394463667820069	0.0380622837370243	0.0162629757785467	0
FBgn0260653	0.0361611876988336	0.103870625662778	0.00538176033934253	0.000344644750795334
FBgn0260655	0.0674594594594595	0.059027027027027	0.0451891891891892	0.0203243243243243
FBgn0260657	0.16256157635468	0	0	0
FBgn0260658	0.0134529147982063	0.00336322869955157	0.0100896860986547	0
FBgn0260659	0.0527033730158731	0.0823412698412697	0.0425347222222221	0.0353422619047619
FBgn0260660	0.0667233319167023	0.106247343816405	0.0265618359541012	0.0127496812579685
FBgn0260718	0.404761904761904	0	0	0
FBgn0260720	0.364705882352941	0.152941176470588	0	0
FBgn0260722	0.134739493152841	0.195340783881631	0.114748937509838	0.0739807964741069
FBgn0260741	0.123155505107832	0.11577752553916	0.0374574347332577	0.0408626560726447
FBgn0260742	0.056225352112676	0.0537464788732395	0.031887323943662	0.0287323943661972
FBgn0260743	0.0306060101094263	0.0223851580292173	0.0080542131866911	0.102594012109093
FBgn0260744	0.0255400636887856	0.0180738445649367	0.0214949651432997	0.0765341251398573
FBgn0260745	0.150865236854413	0.105365136633928	0.0289971270127615	0.24032872319102
FBgn0260746	0.0300420168067227	0.00724789915966387	0.00252100840336135	0.112079831932773
FBgn0260747	0.0565952098317156	0.0709447664269254	0.0366594511556455	0.00722714894211298
FBgn0260748	0.0502474876256188	0.0548972551372431	0.0334483275836208	0.0230988450577471
FBgn0260749	0.0610062893081762	0.0856603773584905	0.0252830188679245	0.0328301886792453
FBgn0260750	0.127077747989276	0.0868632707774799	0.0525469168900805	0.0305630026809651
FBgn0260753	0.0567164179104477	0	0.0238805970149254	0.026865671641791
FBgn0260755	0.105508702673605	0.0615467432262694	0.0407321012022251	0.0439619594473354
FBgn0260756	0.166545981173063	0.121288921071688	0.146270818247647	0.0412744388124548
FBgn0260758	0.360369609856263	0	0	0.0492813141683778
FBgn0260759	0	0	0	0
FBgn0260760	0	0	0	0
FBgn0260761	0	0	0	0
FBgn0260764	0	0.123361603700848	0	0
FBgn0260766	0	0	0	0
FBgn0260767	0	0	0	0
FBgn0260768	0.203174603174603	0.172486772486772	0.0370370370370372	0
FBgn0260771	0.191820837390458	0.189873417721519	0.0574488802336904	0.0486854917234665
FBgn0260775	0	0	0	0
FBgn0260776	0.224470134874759	0	0	0
FBgn0260777	0.381443298969072	0	0	0
FBgn0260779	0.0845588235294117	0.0426470588235294	0.0323529411764707	0.0147058823529412
FBgn0260789	0.0817341862117981	0.056858564321251	0.0213219616204691	0.0113717128642502
FBgn0260793	0.155303030303031	0.0113636363636364	0	0
FBgn0260794	0.0901933641908552	0.0515205260198123	0.0444261798676298	0.0450317947830601
FBgn0260795	0.0948180815876519	0.0297684674751929	0.00689084895259096	0
FBgn0260798	0.0518290071104258	0.0645935063822495	0.0191039150175619	0.0263856763471259
FBgn0260799	0.133776214667188	0.183665494333724	0.0685163475315878	0.155399244496548
FBgn0260817	0.0503009458297507	0.0408426483233019	0.0227858985382632	0.0154772141014617
FBgn0260855	0.0466690103708912	0.0610827913517314	0.0226313939180876	0.0265863947969767
FBgn0260856	0.0631507083119985	0.0701484895033282	0.0271377368151562	0.0353302611367128
FBgn0260857	0.0336288166596313	0.0408048402982974	0.013507809202195	0.0159701702546785
FBgn0260858	0.0405557393317896	0.060800529275554	0.0380416804498843	0.0206417466093285
FBgn0260859	0.0269535406076368	0.0300271899751744	0.0121763801867833	0.0141860740040194
FBgn0260860	0.0132583366813982	0.0291683406990759	0.0141422257934914	0.0210526315789474
FBgn0260861	0.0528985507246377	0.086231884057971	0.0473429951690821	0.0384057971014493
FBgn0260862	0.0388780894196057	0.0416550958067204	0.036101083032491	0.023049153013052
FBgn0260866	0.116037735849057	0.147484276729559	0.154716981132075	0.0336477987421384
FBgn0260874	0.0753138075313808	0	0	0
FBgn0260932	0.0610997963340122	0	0	0
FBgn0260933	0.352941176470588	0.0849673202614379	0.0457516339869281	0
FBgn0260934	0.0410309754969949	0.0359454461396208	0.0591192787794729	0.0187239944521498
FBgn0260935	0.0565741225772656	0.073336825563122	0.0754321634363541	0.0275013095861708
FBgn0260936	0.0490570471770166	0.0484695376299865	0.0680336055460901	0.0193878150519946
FBgn0260938	0.186666666666666	0.162916666666666	0.0966666666666667	0.0695833333333334
FBgn0260940	0.0462995035215334	0.0677750837085788	0.0532271100334835	0.0293268675672555
FBgn0260941	0.051190476190476	0.0355442176870749	0.0739795918367347	0.0113945578231292
FBgn0260942	0.165220086794793	0.0285182889026659	0.00712957222566646	0
FBgn0260943	0.146537842190016	0.0128824476650564	0	0
FBgn0260944	0.044883303411131	0.045673249551167	0.0262836624775583	0.00761220825852782
FBgn0260945	0.064765784114053	0.0373727087576374	0.110794297352342	0.035539714867617
FBgn0260955	0.0785783365570597	0	0	0.338733075435203
FBgn0260959	0.0923390868123459	0.0836663549017941	0.0477850522914717	0.0137743389167588
FBgn0260960	0.0383510128782772	0.100649235463157	0.0136942562174052	0.00702451484727001
FBgn0260962	0.102822580645161	0.0789650537634411	0.0324260752688172	0.0221774193548387
FBgn0260964	0.0424028268551237	0	0.0106007067137809	0
FBgn0260965	0.273809523809524	0.147619047619048	0.0547619047619048	0.05
FBgn0260967	0.408602150537634	0	0	0
FBgn0260968	0.554744525547445	0	0	0
FBgn0260969	0.130699088145897	0	0	0
FBgn0260970	0.0909527622097677	0.0605284227381906	0.0355484387510008	0.0425940752602082
FBgn0260971	0.5	0	0	0
FBgn0260972	0.036315650567432	0.0615993665874901	0.0662443916600686	0.0322512536289259
FBgn0260985	0.102235550708833	0.0697928026172301	0.0346237731733915	0.00817884405670665
FBgn0260986	0.149577804583836	0.0301568154402895	0	0
FBgn0260987	0.14374458249061	0.22334585379948	0.0741115284599827	0.0784455359722624
FBgn0260990	0.0621045230841342	0.0778064213733301	0.0564799625029296	0.0234356690883525
FBgn0260991	0.13090804926955	0.0435405327986251	0.0146089945574334	0
FBgn0260995	0.495726495726495	0	0	0
FBgn0260996	0.216342933690557	0	0	0
FBgn0260997	0	0.476923076923077	0	0
FBgn0261004	0.318947368421053	0.114736842105263	0.0484210526315789	0.0115789473684211
FBgn0261014	0.0490187057168772	0.0879024095276905	0.0423934904631078	0.0204606102033574
FBgn0261015	0.33139534883721	0.0581395348837209	0	0.0290697674418605
FBgn0261016	0.135483870967742	0.0580645161290322	0.0516129032258065	0.0451612903225806
FBgn0261020	0.048496705107084	0.0373764415156507	0.0363982701812191	0.0349052718286656
FBgn0261041	0.220720720720721	0.0608108108108108	0	0.0247747747747748
FBgn0261046	0.194092827004219	0	0	0
FBgn0261049	0.0442320515670149	0.0535674594354301	0.0448988664147588	0.0215603467437208
FBgn0261053	0.0891891891891892	0.0405405405405405	0.0135135135135135	0.00405405405405405
FBgn0261064	0.0826653306613227	0.0771543086172348	0.0566132264529058	0.0177855711422846
FBgn0261065	0.0866394399066511	0.0775962660443408	0.0268378063010502	0.0224620770128355
FBgn0261067	0.0531070956368445	0.0855002203613927	0.0369105332745704	0.0348171000440721
FBgn0261068	0.0519359642591214	0.0430007446016381	0.0299702159344751	0.00949367088607595
FBgn0261085	0.515151515151515	0	0	0
FBgn0261086	0.213793103448275	0	0	0
FBgn0261089	0.0243664717348928	0	0.0399610136452243	0.0448343079922027
FBgn0261090	0.129629629629629	0	0.0714285714285714	0
FBgn0261108	0.0698860737969733	0.0479510287366094	0.0275463356572012	0.034687978234994
FBgn0261109	0.122525214792678	0.0620097123645872	0.0272693313410534	0.0130743369443407
FBgn0261111	0.0868334119867862	0.0802265219443134	0.0792826805096744	0.0273714016045304
FBgn0261112	0.124120603015075	0.0360134003350084	0.0117252931323283	0.0108877721943049
FBgn0261113	0.0309109759616926	0.0874528372470846	0.0300559005547302	0.0220181917292831
FBgn0261119	0.0737043620948997	0.0797210447148912	0.0277587857240531	0.0114863940927116
FBgn0261238	0.105078125	0.110546875	0.028125	0.028125
FBgn0261239	0.0678939617083948	0.0611192930780558	0.0322533136966127	0.0343151693667158
FBgn0261241	0.0660690571049138	0.0622509960159362	0.0446547144754316	0.0439907038512616
FBgn0261243	0.0606446681105873	0.0630972098356478	0.0282201554338132	0.0177411135176456
FBgn0261244	0.0359256128486897	0.0456466610312764	0.0342349957734573	0.00253592561284869
FBgn0261258	0.0560085076214108	0.0514002126905353	0.00342668084603569	0.00307219662058372
FBgn0261260	0.274299835255354	0.21169686985173	0.0518945634266886	0.00247116968698517
FBgn0261261	0.0588344125809436	0.144865864939871	0.00388529139685477	0
FBgn0261262	0.0358306188925081	0	0	0
FBgn0261266	0.0427446569178854	0	0	0
FBgn0261267	0.445221445221445	0	0	0
FBgn0261268	0.103326935380678	0.0671785028790787	0.0350287907869482	0.0240722968650031
FBgn0261269	0.0432424288081965	0.0998945306614434	0	0
FBgn0261270	0.0737062205959226	0.0541035023523262	0.0213669628855201	0.0120230005227391
FBgn0261274	0.0465406562054208	0.0339693295292439	0.0254101283880171	0.0169400855920114
FBgn0261276	0.0691405368824722	0.0761335438754793	0.0351906158357771	0.0289871418903677
FBgn0261277	0.027414427821728	0.0460562387405029	0	0
FBgn0261278	0.11398521887436	0.098351335986356	0.0342524161455372	0.00710631040363845
FBgn0261279	0.172063152261172	0.146909285523147	0.138078672732138	0.0462938185710463
FBgn0261283	0.0432506482704634	0.051959489211801	0.0395811928176526	0.0171241254464505
FBgn0261284	0.0580286168521463	0.0630630630630631	0	0.0177530471648119
FBgn0261285	0.0562989144155516	0.0532693764200959	0.0247412269628882	0.0277707649583439
FBgn0261286	0.104406779661017	0.0596610169491525	0.0406779661016949	0.0108474576271186
FBgn0261287	0.395268320830929	0	0	0.0155799192152337
FBgn0261341	0.0480291059395923	0.0906761964220362	0.0043701965512045	0.000430561236571872
FBgn0261349	0.383954154727793	0.0171919770773639	0	0.0229226361031518
FBgn0261362	0.30079388415172	0.117024404586886	0	0.0776242281681858
FBgn0261373	0.0730034296913278	0.115139637432631	0.0387065164135227	0.0529152376286134
FBgn0261380	0.0808080808080808	0.0808080808080808	0.0508658008658008	0.0205627705627705
FBgn0261381	0	0	0	0
FBgn0261383	0.0894067796610169	0.063135593220339	0.0351694915254238	0.0254237288135593
FBgn0261385	0.138766519823789	0.039647577092511	0.0225770925110132	0.00247797356828194
FBgn0261387	0.049804197208555	0.0371523245305753	0.0208856310874586	0.0158650466914349
FBgn0261393	0.0153769095917856	0.019884798397195	0.0324567993989481	0.00535937891309792
FBgn0261394	0.0380066504232425	0.119463226418029	0.0433388383236194	0.00864999370505594
FBgn0261395	0.20686175580222	0	0	0
FBgn0261396	0.0458600353424599	0.104079286337797	0.0428474099938258	0.0108156443611744
FBgn0261397	0.104387029651465	0.0242760534073175	0.0471649037627883	0.00919022021848449
FBgn0261403	0.0465461485447702	0.0617611196522292	0.0292636378094683	0.0333457032285427
FBgn0261429	0.48	0	0	0
FBgn0261436	0.0493529070890476	0.0474212864593395	0.0779408924087309	0.0531195673169788
FBgn0261437	0.0471609772707926	0.0776368434493913	0.0400953434919554	0.0336256065378395
FBgn0261439	0.0612485881507342	0.0600677687647602	0.0239244275592976	0.00826573570181744
FBgn0261444	0.0784313725490196	0.0469556243550052	0.0533195734434123	0.0196078431372549
FBgn0261445	0.0590183679614574	0.027883167720566	0.0837097259861486	0.0263775971093044
FBgn0261446	0.0142100863750348	0.00780161604903873	0	0
FBgn0261456	0.0699245580452652	0.0734151559509063	0.0260105843936494	0.0373831775700936
FBgn0261458	0.0499526701901081	0.100418079987379	0.0434645420840893	0.00786858089453341
FBgn0261461	0.0556051808843233	0.0430995980348369	0.058731576596695	0.0513622152746762
FBgn0261477	0.07897889595429	0.0614689890332687	0.0274629066445489	0.0271864344300064
FBgn0261479	0.0810936051899907	0.0665739882607354	0.0444856348470806	0.0156008649984554
FBgn0261502	0.171003717472119	0	0	0
FBgn0261503	0.27536231884058	0	0.260869565217391	0
FBgn0261506	0.497652582159624	0	0	0
FBgn0261507	0.470588235294117	0	0	0
FBgn0261508	0.529664660361135	0	0	0
FBgn0261509	0.047084891289295	0.145270738124914	0.00346212435950699	0.000969394820661956
FBgn0261514	0.116279069767442	0	0	0
FBgn0261522	0.439930855661193	0	0	0
FBgn0261523	0.435114503816794	0	0	0
FBgn0261524	0.054934370442392	0.082036947010209	0.0350024307243559	0.0216334467671366
FBgn0261526	0.325842696629214	0.202247191011236	0	0
FBgn0261529	0.233057851239669	0	0	0.00826446280991735
FBgn0261530	0.0713795470144131	0.0528483184625943	0.0356897735072066	0.0209334248455731
FBgn0261531	0.414459556191839	0	0	0
FBgn0261532	0.070178391114103	0.0642881184786265	0.0299562436889936	0.0462807135644564
FBgn0261534	0	0	0	0
FBgn0261535	0.0731237973059653	0.0628608082103913	0.0429762668377164	0.0218088518280949
FBgn0261545	0.0556280587275694	0.0414355628058727	0.0202283849918434	0.060358890701468
FBgn0261547	0.0365017406899461	0.0336533389598058	0.0293279881844076	0.0530646692689103
FBgn0261548	0.0500624862162758	0.0476365507608616	0.0221274718812026	0.024332867749761
FBgn0261549	0.0711562897077509	0.108005082592122	0.00508259212198222	0
FBgn0261550	0.0629160063391441	0.0367670364500792	0.0286846275752773	0.00538827258320125
FBgn0261552	0.0321319018404909	0.0269938650306748	0.0193251533742331	0.0162576687116564
FBgn0261553	0.0512238723872387	0.0717134213421343	0.04242299229923	0.0136138613861386
FBgn0261554	0.0552667051800501	0.0269593683805122	0.0518005006739842	0.0105911804352012
FBgn0261555	0.0935672514619882	0.0632309941520468	0.0149853801169591	0
FBgn0261556	0.047719150725247	0.0525541307546773	0.110363674584822	0.00294303132226193
FBgn0261560	0.0279447555933496	0.0449062399202416	0.0162980529572178	0.104605899774213
FBgn0261561	0.0984676882078613	0.122451698867422	0.00146568954030646	0
FBgn0261562	0.0414908579465541	0.0777074542897329	0.0323488045007033	0.0137130801687764
FBgn0261563	0.0812437311935807	0.0501504513540623	0.0511534603811434	0.00401203610832496
FBgn0261564	0.047467320261438	0.0479575163398693	0.0348039215686274	0.0088235294117647
FBgn0261565	0.152801949182039	0.339018447615733	0.0462930734423947	0.0153150017403411
FBgn0261567	0	0	0	0.376693766937669
FBgn0261570	0.0481815355921665	0.0418091389493317	0.0338824992228785	0.0077712154180914
FBgn0261571	0.367647058823529	0	0	0.0661764705882353
FBgn0261573	0.0729579698651862	0.0513877874702617	0.0237906423473434	0.0125297383029342
FBgn0261574	0.240138408304499	0.1439446366782	0.0865051903114187	0.057439446366782
FBgn0261575	0.099390243902439	0	0.394308943089431	0.0140243902439024
FBgn0261581	0.416413373860183	0	0	0
FBgn0261582	0.415430267062315	0	0	0
FBgn0261583	0.372549019607843	0	0	0
FBgn0261584	0.113468634686347	0.0433579335793358	0.0156826568265683	0.343173431734317
FBgn0261587	0.420454545454545	0	0	0
FBgn0261588	0.407643312101911	0.10615711252654	0	0
FBgn0261592	0.0416740136549703	0.0431320353337997	0.0248906483740878	0.0202151198175292
FBgn0261593	0.0317787876408465	0.0297028974127439	0.0171935730831142	0.00919918731105967
FBgn0261596	0.0376727634484809	0.0523446835327051	0.0254785764908941	0.0319001127602321
FBgn0261597	0.0220866815116016	0.0231494927980551	0.0148427835328794	0.00885317498736031
FBgn0261599	0.0297642683185091	0.045064988352393	0.0216109434561626	0.0423582433290978
FBgn0261602	0.0440881983019691	0.0497525606459162	0.0213102694177371	0.014258567279591
FBgn0261606	0.0433284957676119	0.0415259725241686	0.034302870160507	0.043444134788843
FBgn0261608	0.0376890546699621	0.0362718532459582	0.0238855128001633	0.0111618784154555
FBgn0261609	0.0409454822722074	0.0498411488117931	0.0200787901893506	0.0143855636040158
FBgn0261610	0.111295681063123	0.0473421926910299	0.0191029900332226	0.010797342192691
FBgn0261611	0.0101522842639594	0.0368020304568528	0.0031725888324873	0
FBgn0261612	0.0574999999999999	0.0512500000000001	0.0887500000000001	0
FBgn0261613	0.159793814432989	0.0360824742268041	0	0
FBgn0261614	0.427184466019418	0	0	0
FBgn0261617	0.0986676269355422	0.0464530068419157	0.0322290241267555	0.0289881166726684
FBgn0261618	0.0787660976340221	0.0563042827193769	0.0320455226115604	0.0161725067385445
FBgn0261624	0.25	0	0	0
FBgn0261625	0.10246533127889	0.00924499229583976	0.013482280431433	0.011748844375963
FBgn0261627	0.343570057581574	0	0	0
FBgn0261628	0.227848101265823	0.244725738396624	0	0
FBgn0261631	0.0721336370539105	0	0.437357630979499	0
FBgn0261633	0.573705179282869	0	0	0
FBgn0261634	0.294029850746269	0.111940298507463	0	0
FBgn0261641	0.0852329038652132	0.0920288829109445	0.0193968568596914	0.0150077870593232
FBgn0261647	0.0743573401317189	0.0652220097726788	0.0363288718929254	0.0203951561504143
FBgn0261648	0.124459809853068	0.107173725151253	0	0
FBgn0261649	0.209643605870021	0.0377358490566038	0.00628930817610063	0
FBgn0261671	0.0635220825453331	0.0295917232172656	0.0560685282011347	0.135276448993214
FBgn0261673	0.0822510822510822	0.0317460317460318	0	0.0695526695526695
FBgn0261674	0.0452708164915116	0.0548706548100243	0.0559822150363784	0.0301131770412288
FBgn0261675	0.00562163923741241	0	0.0347075118135896	0
FBgn0261679	0	0	0	0
FBgn0261681	0.169117647058824	0	0.300588235294118	0
FBgn0261682	0.0691151919866445	0	0.064440734557596	0
FBgn0261686	0.365476190476189	0	0	0
FBgn0261698	0.129707112970711	0.0209205020920503	0	0.142259414225941
FBgn0261703	0.0254636906633134	0.0235774913549198	0.022634391700723	0.0125746620559572
FBgn0261705	0.28125	0.234375	0	0
FBgn0261710	0.220048476454294	0.17590027700831	0.095567867036011	0.0394736842105263
FBgn0261722	0.0367147270854789	0.0305870236869207	0.053501544799176	0.025643666323378
FBgn0261723	0	0	0	0
FBgn0261786	0.0681540342298288	0.042481662591687	0.0638753056234719	0.0137530562347188
FBgn0261787	0.0629642133693449	0.0837272113436866	0.0509790681971643	0.025151924375422
FBgn0261788	0.0707338638373122	0.0574712643678162	0.0026525198938992	0
FBgn0261789	0.0476701496752329	0.0564247387743575	0.0265461733973454	0.0148545608585146
FBgn0261790	0.245846240495635	0.151788228667981	0.0833568009011546	0.030132357082512
FBgn0261791	0.0387205387205387	0.0481481481481482	0.0237614237614238	0.0088985088985089
FBgn0261792	0.0532195500387898	0.0604344453064392	0.0189294026377036	0.0127230411171451
FBgn0261793	0.218665464382327	0.146077547339946	0.087917042380523	0.0689810640216411
FBgn0261794	0.0283355488700763	0.0560764010354719	0.0448471279647379	0.0485202546701182
FBgn0261797	0.0661325041856014	0.0338435780913657	0.0272662042573547	0.0205692418081798
FBgn0261799	0.111111111111111	0	0	0
FBgn0261800	0.0894687791239515	0.037744641192917	0.0325522566901877	0.0596458527493011
FBgn0261801	0.176701570680628	0.0798429319371727	0	0
FBgn0261802	0.0590334090171908	0.0518975024326956	0.0376256892637041	0.0183263055465456
FBgn0261803	0.060671388974438	0.0757622420696027	0	0
FBgn0261804	0.5	0	0	0
FBgn0261805	0	0.298989898989899	0	0.147474747474747
FBgn0261806	0.360759493670886	0	0	0
FBgn0261807	0.330827067669173	0	0	0
FBgn0261808	0.149025069637883	0.122562674094708	0.113741875580316	0.135561745589601
FBgn0261811	0.100648242920505	0.0460593654042989	0.0191061071306722	0.0119413169566701
FBgn0261816	0.412331406551059	0	0	0
FBgn0261822	0.0228652990400492	0.0232571156698665	0.030869553049173	0.0509921356805015
FBgn0261823	0.0941946499715421	0.0614684120660216	0.0412635173591349	0.025042686397268
FBgn0261832	0.340116279069768	0.107558139534883	0	0
FBgn0261833	0.0474351902923332	0.471594043022614	0	0
FBgn0261834	0.416666666666666	0	0	0
FBgn0261835	0.430907342096826	0	0	0
FBgn0261836	0.0409411364987685	0.0317676038392934	0.0175826042639939	0.0149494606302557
FBgn0261838	0	0	0	0
FBgn0261839	0	0	0	0
FBgn0261840	0	0	0	0
FBgn0261844	0	0	0	0
FBgn0261846	0.475806451612903	0	0	0
FBgn0261847	0.385269121813031	0	0	0
FBgn0261850	0.101281024819856	0.0724579663730984	0.0236188951160929	0.0276220976781425
FBgn0261854	0.0738838403792969	0.0580798103516397	0.045436586329514	0.00948241801659423
FBgn0261858	0.434343434343435	0	0	0
FBgn0261859	0.0632302405498283	0.0769759450171821	0.00549828178694159	0.00274914089347079
FBgn0261862	0.0361704012044992	0.0180497741564078	0.0874856080063767	0.0574971216012754
FBgn0261871	0.478260869565218	0	0	0
FBgn0261872	0.169843286742906	0.211774671749259	0.0703091910207538	0.049978822532825
FBgn0261873	0.0494353292137225	0.0502876624760281	0.0183251651395696	0
FBgn0261881	0.114856020942408	0.0696989528795812	0.050065445026178	0.0225785340314136
FBgn0261882	0.0349084716900808	0.0353341847594722	0.0208599404001702	0.0157513835674755
FBgn0261885	0.0948222850817858	0.070594022875415	0.0269339564629197	0.0148813184110195
FBgn0261928	0.261904761904762	0.0102040816326531	0	0
FBgn0261930	0.0336363636363635	0	0.129090909090909	0
FBgn0261931	0.110876451953537	0.0559662090813093	0.0982048574445618	0.0147835269271383
FBgn0261932	0.210441189684608	0.472054991463743	0	0
FBgn0261933	0.0639769970347739	0.0486117351064785	0.0140174319345853	0.00763770329769071
FBgn0261934	0.109056295893392	0.0554800108784335	0.0255643187381017	0.025020397062823
FBgn0261938	0.105925925925926	0.0385185185185185	0.0311111111111111	0.00814814814814816
FBgn0261953	0.135033050047214	0.0557129367327668	0	0
FBgn0261954	0.0871748878923766	0.0618834080717488	0.0286995515695067	0.0274439461883408
FBgn0261955	0.201799485861182	0.123576937201616	0.142489900844657	0.0308483290488432
FBgn0261963	0.115140525838622	0.0897552130553037	0	0
FBgn0261975	0.232284956422887	0.108374384236453	0.0871542250852596	0.070481242895036
FBgn0261976	0.0373725934314836	0.043035107587769	0.0271800679501699	0.0302000755001888
FBgn0261983	0.0491974317817014	0.0573033707865169	0.0548154093097914	0.0218298555377207
FBgn0261984	0.138243984803714	0.111439425918109	0.129590544533559	0.117560151962854
FBgn0261985	0.0495743075762475	0.0172971225347559	0.108147429679922	0.0118008406078241
FBgn0261986	0.0628179043743641	0.0651068158697863	0.0236520854526958	0.0251780264496439
FBgn0261988	0.0710795902285263	0.0502758077226161	0.0220646178092987	0.0920409771473603
FBgn0261989	0.0639187574671446	0.00922607195008628	0	0
FBgn0261990	0.0259221680358721	0.116911596242595	0	0
FBgn0261992	0.446351931330472	0	0	0
FBgn0261995	0.107325035706998	0.0632523974699039	0.0495817180167313	0.0497857580085697
FBgn0261996	0.395705521472392	0	0	0
FBgn0261998	0.456928838951311	0	0	0
FBgn0261999	0.0387844862055178	0.129948020791683	0.00879648140743703	0
FBgn0262002	0.288323782234957	0	0	0.0103868194842407
FBgn0262004	0.353711790393013	0.25938864628821	0	0
FBgn0262005	0	0	0	0
FBgn0262007	0.142580019398642	0	0.341416100872939	0
FBgn0262009	0	0	0	0
FBgn0262017	0.493562231759657	0	0	0
FBgn0262018	0.134453781512605	0	0	0
FBgn0262020	0.402173913043478	0	0	0
FBgn0262022	0.507042253521127	0	0	0
FBgn0262023	0.247336867660903	0.0959718575038396	0	0
FBgn0262024	0	0	0	0
FBgn0262025	0.451882845188284	0	0	0
FBgn0262026	0	0	0	0
FBgn0262028	0.147169811320755	0	0.358490566037736	0
FBgn0262029	0.14984520123839	0.068421052631579	0	0.00247678018575852
FBgn0262030	0.392	0	0	0
FBgn0262033	0.431754874651811	0	0	0
FBgn0262035	0.0631221633166788	0.0166291620580495	0	0.433998245547122
FBgn0262036	0.156723963599596	0	0	0.392652510953825
FBgn0262057	0.0358585042804071	0.0772492327572283	0.00242287191083831	0.0409465352931675
FBgn0262081	0.0681456519704204	0.0517644856313769	0.0217167462323317	0.0121688664232893
FBgn0262095	0.399538106235566	0	0	0
FBgn0262097	0.401408450704226	0	0	0
FBgn0262098	0.355263157894737	0	0	0
FBgn0262100	0.444070080862534	0	0	0
FBgn0262101	0.5625	0	0	0
FBgn0262102	0.169638973466725	0	0	0
FBgn0262103	0.0607706671193344	0.0461721269733492	0.0235953148871159	0.0426073671702598
FBgn0262104	0.56231884057971	0	0	0
FBgn0262106	0.4125	0	0	0
FBgn0262108	0.333333333333333	0.121367521367522	0.102564102564103	0
FBgn0262109	0.155049435363618	0.144649488550561	0.095859966378254	0.114874298359753
FBgn0262111	0.444444444444443	0	0	0
FBgn0262112	0.0535139403510903	0.105995262102897	0	0.0753204154771304
FBgn0262114	0.0421202663848819	0.0644336863834075	0.0729363772639029	0.020249182906151
FBgn0262115	0.0613122983148082	0.0605055575475081	0.0523485120114737	0.0466116887773395
FBgn0262116	0.0192402722649961	0.0213922496931439	0.0196706677506256	0.0122423604801301
FBgn0262117	0.0582424367153736	0.0630788228030458	0.0253138505865404	0.0252109487548879
FBgn0262123	0.393188854489164	0.047987616099071	0	0.0495356037151704
FBgn0262124	0.1543391188251	0.220560747663551	0.0758344459279039	0.0753004005340454
FBgn0262125	0.0681549129037714	0.0769829189920515	0.0264163707086081	0.0241840013529511
FBgn0262126	0.0611510791366907	0.0613509192645883	0.0220490274447108	0.021982414068745
FBgn0262127	0.0633356790992259	0.0602861834388928	0.0494956603330987	0.0326061459066385
FBgn0262139	0.127483443708609	0.0678807947019867	0.0173841059602649	0
FBgn0262141	0	0	0	0.595988538681948
FBgn0262146	0.0758305247953779	0	0.610736639383727	0
FBgn0262148	0.13574097135741	0	0.266500622665006	0.141967621419676
FBgn0262149	0.469135802469137	0	0	0
FBgn0262160	0.0620512322918687	0.138366000388123	0.00426935765573452	0.0258587230739376
FBgn0262166	0.0683760683760683	0.0431420431420431	0.024013024013024	0.00814000814000814
FBgn0262167	0.158174097664543	0.0686482661004954	0.0116772823779193	0.00389242745930644
FBgn0262169	0.086502609992543	0.121923937360179	0.034862043251305	0.00521998508575689
FBgn0262351	0.394056847545221	0	0	0
FBgn0262352	0.443935926773456	0	0	0
FBgn0262353	0.1270207852194	0.0854503464203233	0.197267128560431	0.107582755966128
FBgn0262354	0.270676691729324	0	0	0
FBgn0262356	0.419540229885058	0	0	0
FBgn0262360	0.355992844364937	0	0	0
FBgn0262361	0.428301886792452	0	0	0
FBgn0262362	0.0508384349214799	0	0	0.533670481767368
FBgn0262364	0.370517928286852	0	0	0
FBgn0262366	0.0545454545454546	0	0.0937373737373738	0.21010101010101
FBgn0262467	0.0444823777487701	0.0435786725574858	0.0180741038256853	0.0125514609900593
FBgn0262473	0.0311690037881305	0.0364856782082807	0.000863959593274406	0.0427327706519571
FBgn0262475	0.04272030651341	0.0379310344827586	0.0551724137931035	0.00134099616858237
FBgn0262476	0.206278026905829	0.0269058295964126	0	0
FBgn0262477	0.119402985074627	0	0	0
FBgn0262478	0.428943937418514	0	0	0
FBgn0262479	0.420338983050847	0	0	0
FBgn0262481	0.0767797241893403	0	0	0.47409616101379
FBgn0262482	0.397222222222223	0	0	0
FBgn0262483	0.169398907103825	0.0382513661202186	0	0
FBgn0262485	0.474060822898032	0	0	0
FBgn0262486	0.44990892531876	0	0	0
FBgn0262487	0.505915100904662	0	0	0
FBgn0262508	0.104812398042414	0.367455138662316	0.0122349102773246	0.00203915171288744
FBgn0262509	0.0289555325749742	0.0643226473629785	0.00248190279214064	0
FBgn0262511	0.0270581852705818	0.0382476603824766	0.0145802251458022	0.00603553506035535
FBgn0262512	0.0372964346034058	0.0604924306986689	0.0421618606380836	0.0184545299595581
FBgn0262513	0.536423841059603	0	0	0
FBgn0262514	0.379166666666667	0	0	0
FBgn0262515	0.0467295830518078	0.0818857479130796	0.0314727229136244	0.0117041912774351
FBgn0262517	0.088265048052605	0.100784016186141	0.0495700556398585	0.0289580171977744
FBgn0262518	0.049058733422018	0.0542185673398637	0.0300318458499617	0.0278953521183537
FBgn0262519	0.0877880545540052	0.0672519203636934	0.0319799341589591	0.0237498040445211
FBgn0262524	0.0887830229536596	0.0835859679514941	0.0666955391944564	0.0571676050238199
FBgn0262526	0.567164179104478	0	0	0
FBgn0262527	0.0813214739517155	0.0636912325285897	0.0390724269377382	0.0214421855146124
FBgn0262529	0.440261865793781	0	0	0
FBgn0262530	0.44153577661431	0	0	0
FBgn0262531	0.103663289166017	0.0319563522992986	0	0.176149649259548
FBgn0262534	0.580246913580248	0	0	0
FBgn0262535	0.410839160839161	0	0	0
FBgn0262544	0.538258575197889	0	0	0
FBgn0262546	0.463022508038585	0	0	0
FBgn0262559	0.0315889308714873	0.0452800171329795	0.0248581175138823	0.0334857964540852
FBgn0262560	0.049945315348159	0.0703609187021509	0.0375501275975209	0.00984323733138899
FBgn0262562	0.125	0.330128205128205	0.0272435897435898	0
FBgn0262563	0.0163507989594946	0.0289855072463768	0	0.0504149634584418
FBgn0262566	0.426103646833013	0	0	0
FBgn0262567	0	0	0	0
FBgn0262568	0.4104134762634	0	0	0
FBgn0262570	0.237388724035609	0.0563798219584569	0.0207715133531157	0.166172106824926
FBgn0262572	0	0.633608815426998	0	0
FBgn0262574	0.102443609022556	0	0	0.25093984962406
FBgn0262575	0.452941176470589	0	0	0
FBgn0262577	0.081093823668081	0.0752003771805753	0	0
FBgn0262579	0.0272810989179649	0.0269357685519147	0.0535262067377792	0.00897858951730489
FBgn0262580	0.0726128016789085	0	0.377964323189927	0.0467995802728227
FBgn0262581	0.19788311090658	0	0	0
FBgn0262582	0.0687803187803186	0.0358627858627859	0.0235620235620235	0.0216562716562717
FBgn0262587	0.119015957446808	0.0325059101654847	0	0.41474586288416
FBgn0262588	0.152	0	0	0.4464
FBgn0262592	0.217758985200846	0	0	0
FBgn0262593	0.0249042145593869	0.0541187739463602	0.00670498084291189	0
FBgn0262598	0.135416666666667	0	0	0
FBgn0262599	0	0	0	0
FBgn0262601	0.0872295100347571	0.0665993945509586	0.0285906491759166	0.0063908509922637
FBgn0262605	0.00909299655568311	0.0439035591274397	0	0
FBgn0262606	0.576923076923077	0	0	0
FBgn0262610	0.394594594594595	0	0	0
FBgn0262611	0.465408805031447	0	0	0
FBgn0262612	0.429378531073446	0	0	0
FBgn0262613	0.451790633608816	0	0	0
FBgn0262614	0.0718128025820333	0.0648197955890265	0.0150618612157073	0.0548682087143625
FBgn0262616	0.381782945736435	0	0	0
FBgn0262617	0.0466875326030254	0.0862023995826812	0.0190401669274909	0.00143453312467397
FBgn0262619	0.236286919831224	0.170886075949367	0.0907172995780589	0
FBgn0262620	0.456140350877192	0	0	0
FBgn0262624	0.0544796765269206	0.120238348584805	0.00297935731006597	0
FBgn0262631	0.0963597430406851	0.254817987152034	0	0.126338329764454
FBgn0262636	0.134831460674157	0	0	0
FBgn0262647	0.151324965132497	0.0596234309623431	0.0237099023709903	0.0142956764295677
FBgn0262656	0.0382382382382383	0.0158158158158158	0.00920920920920919	0.0028028028028028
FBgn0262681	0.338709677419355	0	0	0
FBgn0262682	0.461997019374068	0	0	0
FBgn0262683	0	0	0	0
FBgn0262685	0	0	0.168224299065421	0
FBgn0262686	0	0.561797752808989	0	0
FBgn0262687	0.417195207892882	0	0	0
FBgn0262690	0.377510040160642	0	0	0
FBgn0262699	0.0835283791691046	0.0481275599765946	0.0819192510239908	0.0317437097717964
FBgn0262714	0.0517212979739748	0.0592983034096525	0.0352495470268489	0.0159775984187119
FBgn0262716	0.0390314554164964	0.0456047833030044	0.0591599509785717	0.014223641697924
FBgn0262717	0.0214116634387777	0.0547665160318486	0.00903808908973532	0.00107596298687325
FBgn0262719	0.117988394584139	0.154094132817537	0.00386847195357834	0
FBgn0262720	0.305226824457594	0.203032544378698	0.0014792899408284	0.0018491124260355
FBgn0262721	0.145728643216081	0	0	0.263460157932519
FBgn0262722	0.323181049069374	0	0	0.218274111675127
FBgn0262728	0.0494112214269221	0.0191641653197876	0.0925883167859618	0
FBgn0262730	0.10938310005184	0.0580611715914981	0.0316226023846552	0.0145152928978745
FBgn0262731	0.158682634730539	0.151696606786427	0.109780439121757	0.0708582834331338
FBgn0262732	0.0647301105571212	0.0444396271406894	0.0143073921526122	0.0152178625623239
FBgn0262733	0.0815072153928384	0.0398182789951898	0.0275253874933191	0.0259219668626403
FBgn0262734	0.0586741634170672	0.0549560170490614	0.0264804570599438	0.0211299537498866
FBgn0262735	0.0672947510094213	0.0263795423956932	0.0126514131897712	0.00861372812920595
FBgn0262736	0.0387249132864905	0.0579669614731781	0.0164143915294593	0.0152141911076413
FBgn0262737	0.042629327110074	0.0352392065344224	0.0142357059509918	0.0682224815246985
FBgn0262738	0.111691022964509	0.0579331941544885	0.0177453027139874	0.00991649269311064
FBgn0262739	0.0821473862195294	0.0682682823728336	0.02951951528815	0.0228265464280682
FBgn0262740	0.0796216003153332	0.0679936933385889	0.0534095388253843	0.0193141505715412
FBgn0262741	0.428571428571429	0	0.0857142857142857	0
FBgn0262742	0.258831297457906	0.232419940574447	0.00495212941564873	0.00231099372730274
FBgn0262743	0.0970399755874275	0.0519784355609805	0.0246160105787814	0.034075882412776
FBgn0262782	0.0398188182005353	0.0336147141582596	0.0143984626998833	0.0782581840642372
FBgn0262786	0.536585365853659	0	0	0
FBgn0262787	0.426743442098528	0	0	0
FBgn0262788	0.410394265232976	0	0	0
FBgn0262789	0.419889502762431	0	0	0
FBgn0262801	0.0354909445301714	0.0325942770513549	0.00977286878367035	0.00647012642464604
FBgn0262808	0.5	0	0	0
FBgn0262812	0.380165289256198	0	0	0
FBgn0262816	0.00769019500137325	0	0.0502609173304037	0
FBgn0262817	0.51219512195122	0	0	0
FBgn0262825	0	0.529585798816568	0	0
FBgn0262828	0.5	0	0	0
FBgn0262839	0.397590361445783	0	0	0
FBgn0262842	0.433333333333333	0	0	0
FBgn0262844	0	0	0.38659793814433	0
FBgn0262845	0.386682242990653	0	0	0
FBgn0262854	0.270531400966183	0.164251207729469	0	0.229468599033817
FBgn0262858	0.282727725236436	0	0	0
FBgn0262866	0.0677966101694916	0.0397428404441847	0.0344827586206897	0.0081823495032145
FBgn0262867	0.0835322195704056	0.0429594272076372	0.00954653937947495	0
FBgn0262869	0.36	0.12	0	0
FBgn0262870	0.0642978003384095	0.0977157360406091	0.0071912013536379	0.0439932318104907
FBgn0262871	0.0557287607170694	0.0763834762275915	0.0156858924395947	0.0117887763055339
FBgn0262872	0.0565456689817849	0.0480277814179006	0.0509762809592451	0.00681431005110733
FBgn0262875	0.531645569620254	0	0	0
FBgn0262878	0.399334442595675	0	0	0
FBgn0262881	0.192678227360308	0.127167630057803	0	0.144508670520231
FBgn0262882	0.39323467230444	0	0	0
FBgn0262886	0.158150851581509	0.183698296836983	0.0839416058394161	0.0669099756690997
FBgn0262887	0.147353361945637	0.111587982832618	0.185979971387697	0.0414878397711016
FBgn0262891	0.408333333333333	0	0	0
FBgn0262897	0.409090909090909	0	0	0
FBgn0262898	0.176470588235294	0	0	0.336601307189542
FBgn0262902	0.173913043478261	0	0	0.413043478260869
FBgn0262937	0.136426022508921	0.0996431512489706	0.12407356574252	0.164699423552017
FBgn0262944	0.386138613861386	0	0	0
FBgn0262945	0.437708396483783	0.127008184298273	0	0
FBgn0262951	0.157142857142857	0	0.285714285714286	0
FBgn0262952	0.0885995413183399	0.01799215802323	0.101738551453725	0.291144484722941
FBgn0262954	0.0695198628179479	0.0794512717919406	0.0264361246070305	0.0121463275221492
FBgn0262955	0.0668714087576778	0.0571626708936001	0.0254606697047751	0.0308103824053894
FBgn0262962	0.0853788687299894	0.164354322305229	0.125933831376734	0.117395944503735
FBgn0262964	0	0	0	0.458064516129032
FBgn0262966	0.414553472987871	0	0	0
FBgn0262967	0.438650306748467	0	0	0
FBgn0262968	0.52892561983471	0	0	0
FBgn0262969	0.485294117647058	0	0	0
FBgn0262971	0.476190476190475	0	0	0
FBgn0262972	0.528662420382166	0.00636942675159237	0	0
FBgn0262975	0.13006127218748	0.198408186469585	0.11654349061967	0.0469332322658077
FBgn0262976	0.0802507836990596	0.083385579937304	0.0626959247648902	0.020062695924765
FBgn0262982	0.445759368836292	0	0	0
FBgn0262983	0.0434782608695652	0	0	0.327759197324415
FBgn0262984	0.430579964850615	0	0	0
FBgn0262985	0.434229137199434	0	0	0
FBgn0262987	0	0	0	0
FBgn0262988	0.463133640552995	0	0	0
FBgn0262989	0.46875	0	0	0
FBgn0262991	0.4	0	0	0
FBgn0262993	0.158974358974359	0.0871794871794869	0.302564102564102	0
FBgn0262998	0.480565371024735	0	0	0
FBgn0263005	0.0635319454414932	0.102656137832017	0.0330222541277818	0.04091888011486
FBgn0263006	0.0217263522131156	0.0446061197555647	0.0187873612297182	0.0046136613173334
FBgn0263019	0	0.6	0	0
FBgn0263020	0.496815286624204	0	0	0
FBgn0263022	0.266759776536313	0	0	0
FBgn0263023	0.537142857142857	0	0	0
FBgn0263025	0.0596616206589491	0.0534283170080142	0.032947462154942	0.0276046304541406
FBgn0263026	0.377358490566038	0	0	0
FBgn0263027	0.130805687203791	0.0331753554502371	0.0246445497630332	0
FBgn0263029	0.313725490196078	0	0.220588235294118	0
FBgn0263030	0	0	0	0
FBgn0263033	0	0	0	0
FBgn0263034	0.348973607038123	0	0	0
FBgn0263036	0.304109589041096	0	0	0
FBgn0263038	0.180555555555556	0.0763888888888889	0	0
FBgn0263040	0	0	0	0.830188679245283
FBgn0263047	0.265765765765766	0.22072072072072	0	0
FBgn0263048	0.206483126110124	0.0197602131438721	0.0075488454706927	0.0170959147424512
FBgn0263049	0	0	0	0.608695652173913
FBgn0263050	0	0	0	0
FBgn0263051	0	0	0	0
FBgn0263072	0.193645990922844	0	0	0
FBgn0263076	0	0.0869565217391304	0	0
FBgn0263077	0.0169262848031399	0.00674598307371518	0.0225683797375199	0.0375321967373973
FBgn0263078	0.35	0	0	0
FBgn0263080	0	0	0.36036036036036	0
FBgn0263081	0.0179184848203509	0	0.423034072973726	0
FBgn0263088	0.54945054945055	0	0	0
FBgn0263096	0	0	0	0.410227272727272
FBgn0263102	0.0872411330635562	0.0551059271601999	0.0246369911925732	0.0128540823613425
FBgn0263106	0.0616814628478608	0.0376541190537965	0.042583672686663	0.0303895137000981
FBgn0263108	0.0987576331859337	0.104653611286587	0.0572752158349127	0.043798694461992
FBgn0263109	0.412280701754386	0.149122807017544	0	0
FBgn0263110	0.0765349032800674	0.0441547518923465	0.0538267451640034	0.0353238015138772
FBgn0263111	0.0754716981132075	0.0235849056603774	0.0110062893081761	0.116352201257862
FBgn0263112	0.0317679558011049	0.0449301267468313	0.0231556711082223	0.021774455638609
FBgn0263113	0.4	0	0	0
FBgn0263114	0.386666666666666	0	0	0
FBgn0263116	0.17910447761194	0	0	0
FBgn0263117	0.212213740458015	0	0	0
FBgn0263118	0.0363906424062384	0.186409209060527	0	0
FBgn0263120	0.0230081940650896	0.0183324846071941	0.0136104809962502	0.0131475394657655
FBgn0263130	0.476923076923077	0	0	0
FBgn0263131	0.0800000000000001	0	0.0228571428571428	0
FBgn0263132	0.167161226508407	0.376854599406528	0.0128585558852621	0.0029673590504451
FBgn0263133	0.0531798245614034	0.0328947368421053	0.0219298245614034	0.00493421052631579
FBgn0263143	0.172312223858616	0.0338733431516937	0	0
FBgn0263144	0.0820229494262645	0.0667233319167023	0.045686357841054	0.0327241818954526
FBgn0263197	0.0693751988967858	0.0808316537604752	0.0389307308793889	0.0198366394399066
FBgn0263198	0.0645247300359953	0.0724570057325689	0.0213971470470604	0.0171310491934409
FBgn0263199	0.0268143765342733	0.0120853528041795	0.0140366337256877	0.0122741864417448
FBgn0263200	0.0267088813119014	0.0164799480435136	0.0239486929696379	0.0284948855333658
FBgn0263219	0.174479166666666	0	0	0
FBgn0263220	0.050632911392405	0.0221518987341772	0.0158227848101266	0.00949367088607595
FBgn0263231	0.0769051163062196	0.0701047777485919	0.0342351808072849	0.0130461430697837
FBgn0263232	0.369230769230769	0.123076923076923	0	0.0615384615384614
FBgn0263234	0.0158348595848596	0	0.131696428571429	0
FBgn0263235	0.072450248756219	0	0.351057213930348	0
FBgn0263236	0.0461403809197633	0.0720931560020549	0.000799132370569097	0
FBgn0263237	0.0921900161030595	0.0567632850241546	0.0281803542673107	0.0128824476650564
FBgn0263239	0.0443307757885763	0.0336743393009377	0.129156010230179	0
FBgn0263240	0.220633693972179	0.281298299845441	0.0115919629057187	0
FBgn0263241	0.0463852147128103	0.105272694328683	0.00525457510418554	0.0181192244971915
FBgn0263246	0.123745819397993	0.132107023411371	0.214046822742475	0.138795986622074
FBgn0263250	0.460317460317461	0	0	0
FBgn0263251	0	0	0	0
FBgn0263256	0.0218096845384915	0.0433597299753341	0.00194729326236531	0.00259639101648708
FBgn0263257	0.444444444444444	0	0	0
FBgn0263258	0.0640766902119072	0.120332996972755	0.00277497477295661	0
FBgn0263260	0.110662583518931	0.126113585746102	0.0805957683741648	0.132795100222717
FBgn0263278	0.0545454545454545	0.072396694214876	0.0624793388429752	0.0204958677685951
FBgn0263289	0.036895894682141	0.0268491252381776	0.038541486228997	0.00372423350077948
FBgn0263314	0.0458669354838709	0	0.0892137096774193	0
FBgn0263316	0.0115479324106309	0.0068778126857434	0.00297189437038296	0.0192748577736266
FBgn0263321	0.0665251238499645	0	0	0.248407643312102
FBgn0263324	0.405204460966543	0	0	0
FBgn0263329	0.459214501510574	0	0	0
FBgn0263333	0.398963730569948	0	0	0
FBgn0263336	0.104258443465492	0.420704845814978	0	0
FBgn0263337	0.0965346534653465	0.321782178217821	0	0
FBgn0263338	0.428571428571428	0	0	0
FBgn0263339	0.460176991150442	0	0	0
FBgn0263343	0.442953020134228	0	0	0
FBgn0263345	0.224137931034483	0.206896551724138	0	0
FBgn0263346	0.0623961794019933	0.0925041528239203	0.0411129568106312	0.0136004983388704
FBgn0263351	0.0579005631226837	0.065360735428599	0.0307551619579343	0.0433652596621263
FBgn0263352	0.0733256952400793	0.0434329757316946	0.0207270076033746	0.0251015519216748
FBgn0263353	0.333333333333333	0.136363636363636	0	0
FBgn0263354	0.102661596958175	0.026615969581749	0.0836501901140684	0
FBgn0263355	0.018018018018018	0.0133917701485269	0.0121743364986608	0.00219138056975895
FBgn0263380	0.438133874239351	0.125760649087221	0	0
FBgn0263383	0.520547945205479	0	0	0
FBgn0263384	0.381188118811881	0	0	0
FBgn0263385	0.359375	0	0	0
FBgn0263387	0	0	0	0
FBgn0263388	0.377906976744186	0	0	0
FBgn0263389	0.35	0	0	0
FBgn0263390	0.188277087033748	0.0586145648312611	0.0674955595026645	0.0852575488454707
FBgn0263391	0.0315425608526573	0.0221085985885063	0.0102261270344232	0.00216044937346968
FBgn0263392	0.0971731448763249	0.0243816254416961	0.0240282685512367	0.0139575971731449
FBgn0263395	0.0738496496875592	0.0575648551410716	0.0681689074039008	0.0299185760272676
FBgn0263396	0.0500236749018188	0.0511934935799237	0.016628136924491	0.00974848898420748
FBgn0263397	0.0285388127853881	0.0768101761252446	0.00391389432485323	0.00848010437051531
FBgn0263398	0.0474963773949445	0.0713250684269846	0.0236676863629045	0.0341329898567059
FBgn0263400	0.131105398457584	0.0719794344473008	0.359897172236504	0
FBgn0263403	0.31858407079646	0	0	0
FBgn0263404	0.362676056338028	0	0	0
FBgn0263413	0.16	0.133333333333333	0.106666666666667	0.0666666666666668
FBgn0263415	0.512658227848101	0	0	0
FBgn0263441	0.483870967741936	0	0	0
FBgn0263452	0.421052631578947	0	0	0
FBgn0263453	0.387096774193549	0	0	0
FBgn0263456	0.105162523900573	0.011472275334608	0.105162523900573	0
FBgn0263457	0.167857142857143	0.0964285714285713	0.157142857142857	0.103571428571428
FBgn0263490	0.1	0.0924242424242424	0.0181818181818182	0.00984848484848486
FBgn0263492	0.540540540540541	0	0	0
FBgn0263496	0.398230088495575	0	0	0
FBgn0263504	0.106930693069307	0.0297029702970297	0.194059405940594	0.217821782178218
FBgn0263507	0.141791044776119	0.253731343283582	0.0660980810234543	0.0554371002132195
FBgn0263510	0.0713843614606972	0.0792242624303694	0.0402310707654219	0.0173303074066433
FBgn0263511	0.461538461538462	0	0	0
FBgn0263512	0.128712871287129	0	0	0
FBgn0263583	0.378378378378379	0	0	0
FBgn0263585	0.424148606811146	0	0	0
FBgn0263593	0.0417588842026141	0.02380256399549	0.0913266797511171	0.0251806071741763
FBgn0263594	0.0746399988826346	0.0663994301437213	0.0215791164434264	0.0174588320739696
FBgn0263598	0.037161998390584	0.0592672309318132	0.0297645017112164	0.0132049678601553
FBgn0263599	0.0746998045238759	0.0652052499301873	0.0228986316671321	0.0213627478358001
FBgn0263600	0.0916230366492147	0.0636998254799301	0.0427574171029668	0.0130890052356021
FBgn0263601	0.0896887159533076	0.075486381322957	0.0422178988326848	0.0175097276264592
FBgn0263602	0.103648863035431	0.0666314119513485	0.0264410364886304	0.0126916975145426
FBgn0263603	0.075578338590957	0.0866193480546794	0.0223449001051525	0.0198475289169295
FBgn0263605	0.070452911574407	0.0467289719626169	0.0337886412652768	0
FBgn0263606	0.033001808318264	0.0348101265822785	0.0280289330922243	0.0239602169981917
FBgn0263607	0.0196402728964234	0.0134380814554476	0.0570601612569775	0.0310109572048791
FBgn0263608	0.0595854922279794	0	0.0654145077720209	0
FBgn0263617	0.283185840707964	0.110619469026549	0.123893805309734	0.0442477876106194
FBgn0263618	0.396	0	0	0
FBgn0263620	0.456521739130435	0	0	0
FBgn0263621	0	0.376056338028169	0	0
FBgn0263628	0.357487922705314	0.0402576489533011	0	0.104669887278583
FBgn0263647	0.183025404157044	0	0	0
FBgn0263648	0.347826086956521	0	0	0
FBgn0263655	0	0.521341463414634	0	0
FBgn0263656	0	0.605042016806722	0	0
FBgn0263659	0.111607142857143	0.441964285714286	0	0.0178571428571428
FBgn0263665	0.492957746478873	0	0	0
FBgn0263667	0.101900739176346	0.0818373812038015	0.042766631467793	0.0232312565997889
FBgn0263697	0.0703777335984096	0.0518886679920477	0.0256461232604374	0.0166998011928429
FBgn0263705	0.255255255255255	0.262762762762763	0.0045045045045045	0
FBgn0263706	0.0642161204605847	0.0571302037201063	0.0192648361381754	0.0272364924712135
FBgn0263738	0.107883817427386	0.0896265560165975	0.0489626556016598	0.0215767634854772
FBgn0263740	0.160805735745988	0.213497211790144	0.0809149880505292	0.0431318993968361
FBgn0263745	0.146814404432133	0.199445983379501	0.074792243767313	0.085872576177285
FBgn0263746	0.297872340425532	0	0.24468085106383	0
FBgn0263747	0.213592233009709	0	0	0
FBgn0263750	0.000800030477351519	0	0	0
FBgn0263755	0.248366013071895	0.198257080610022	0.0588235294117647	0
FBgn0263757	0	0	0	0
FBgn0263762	0.517130189439742	0	0	0
FBgn0263764	0.461538461538461	0	0	0
FBgn0263768	0.154113557358053	0.163383545770568	0.0648899188876013	0.117033603707995
FBgn0263772	0.18796992481203	0.0676691729323307	0	0
FBgn0263773	0.0146857275391654	0.00734813502857021	0.0213802264532861	0.00995213696839354
FBgn0263774	0.186440677966102	0	0	0
FBgn0263776	0.020477021524142	0.0153577661431065	0.0592204770215243	0
FBgn0263780	0.488888888888889	0	0	0
FBgn0263782	0.0719332048811818	0.0344679940055663	0.0370370370370371	0.0102761721258831
FBgn0263802	0.408637873754153	0	0	0
FBgn0263829	0.421383647798741	0	0	0
FBgn0263830	0.0486218113336758	0.214346858414655	0.0179763739085773	0
FBgn0263831	0.177730192719486	0.0578158458244111	0.0642398286937901	0
FBgn0263832	0.0968355289963331	0.0905880755126985	0.0517452125492326	0.023088415048214
FBgn0263841	0.298053527980535	0	0	0
FBgn0263846	0.198412698412698	0	0	0
FBgn0263852	0.0522116508095476	0.071340343849107	0.0186613253213153	0.0293440160240361
FBgn0263855	0.140679140679141	0.0395010395010395	0.0200970200970201	0
FBgn0263863	0.0533546325878593	0.055111821086262	0.031629392971246	0.0215654952076677
FBgn0263864	0.0318974021703387	0.0374876685300888	0.0233475830318974	0.0332127589608681
FBgn0263873	0.114516129032258	0.0774193548387097	0.032258064516129	0.0169354838709677
FBgn0263911	0.0260664794855539	0.040503577574495	0.0235123630105969	0.00367720315188842
FBgn0263916	0.0754115772703133	0.0720481501150645	0.0399185696583465	0.0308904230837316
FBgn0263929	0.0624826437100805	0.0380449875034712	0.0540127742293809	0.0259650097195223
FBgn0263930	0.0868768328445748	0.059842375366569	0.064424486803519	0.0222690615835777
FBgn0263933	0.0664040517726507	0.0599887450759709	0.039617332583005	0.0226223972988182
FBgn0263934	0.113611416026345	0.125686059275521	0	0
FBgn0263967	0.289940828402366	0.21301775147929	0	0
FBgn0263968	0.0964037473556964	0.0507706255666365	0.04835297673013	0.0223632517376851
FBgn0263973	0.243788819875776	0.0729813664596275	0	0
FBgn0263974	0.184331797235023	0.0783410138248849	0.0599078341013825	0.0230414746543779
FBgn0263975	0.150793650793651	0.246031746031746	0	0.17063492063492
FBgn0263977	0.0804329032051487	0.0747334379302616	0.0460439947488072	0.0405046268131024
FBgn0263979	0.0755537709964531	0.0676570969684803	0.0211470253630462	0.0106404336478619
FBgn0263980	0.162962962962963	0.318518518518518	0.0259259259259259	0
FBgn0263985	0.418181818181818	0	0	0
FBgn0263986	0	0	0	0
FBgn0263987	0.0664445315562524	0.040376323010584	0.0373382987063896	0.057624460995688
FBgn0263988	0.175712347354138	0	0	0
FBgn0263993	0.100211528291909	0.0586991010047594	0.0280274986779482	0.0224748810153358
FBgn0263994	0.195652173913043	0	0	0
FBgn0263995	0.0858778625954199	0.0219465648854962	0.0152671755725191	0
FBgn0263997	0.116465863453815	0.385542168674699	0	0
FBgn0263998	0.0862306030249459	0.0620703201728539	0.0221960322137105	0.0219996071498723
FBgn0263999	0	0	0	0.565217391304348
FBgn0264000	0.2	0	0	0
FBgn0264001	0.0905752753977969	0.0122399020807833	0.0403916768665851	0
FBgn0264002	0	0	0.108247422680412	0
FBgn0264005	0.485714285714286	0	0	0
FBgn0264006	0.213793103448275	0	0	0
FBgn0264075	0.0795221205898824	0.072241926451372	0.0347209258913571	0.0130670151204032
FBgn0264077	0.382716049382716	0.118518518518518	0	0.0395061728395061
FBgn0264078	0.0346964064436184	0.0633347101748588	0.016659782459039	0.00826104915324247
FBgn0264081	0.391791044776119	0	0	0
FBgn0264086	0.360933211344922	0	0	0.0137236962488564
FBgn0264087	0.0730337078651686	0.106741573033708	0.0617977528089887	0
FBgn0264089	0.151201602136182	0.0490654205607477	0.0156875834445928	0.00166889185580775
FBgn0264090	0.0784494693124136	0.0710659898477158	0.0166128287955699	0
FBgn0264255	0.114754098360656	0.0491803278688525	0	0
FBgn0264260	0.398452611218568	0	0	0
FBgn0264264	0.604166666666667	0	0	0
FBgn0264270	0.0318234610917538	0.0341463414634146	0.00963995354239258	0.0128919860627178
FBgn0264272	0.078247261345853	0.0516431924882629	0.0594679186228483	0
FBgn0264273	0.154269972451791	0.106257378984652	0.00629673356946084	0
FBgn0264291	0.169207317073171	0.0625	0.0523373983739837	0.0284552845528456
FBgn0264294	0.0293616295917498	0.0326713827097361	0.0433108895139065	0.0286371771925339
FBgn0264295	0.0783983849259758	0	0.402086137281292	0
FBgn0264296	0.0493197278911564	0	0.467176870748299	0
FBgn0264299	0	0	0	0
FBgn0264301	0	0	0	0
FBgn0264302	0	0	0	0
FBgn0264303	0	0	0	0
FBgn0264305	0.115101289134438	0.02048802946593	0.0672191528545119	0.0163443830570903
FBgn0264307	0.373868046571798	0.00776196636481242	0.0241483398016387	0.0137990513152221
FBgn0264308	0.176923076923077	0	0	0
FBgn0264310	0.542274052478134	0	0	0
FBgn0264324	0.082463465553236	0.0615866388308976	0.0365344467640918	0.0130480167014614
FBgn0264325	0.0554649265905384	0.0478520935290918	0.0539695486677541	0.0197117998912452
FBgn0264326	0.080110497237569	0.0469613259668507	0.0193370165745857	0
FBgn0264339	0.4	0	0	0
FBgn0264340	0.363380281690141	0	0	0
FBgn0264341	0.081374321880651	0	0.430379746835443	0
FBgn0264344	0.540697674418605	0	0	0
FBgn0264347	0.543478260869565	0	0	0
FBgn0264357	0.0350004605323755	0.0386847195357834	0.0399742101869763	0.0180528691166989
FBgn0264376	0	0.444444444444445	0	0
FBgn0264383	0.484210526315789	0	0	0
FBgn0264386	0.0445714285714286	0.0114285714285714	0.0228571428571429	0
FBgn0264389	0.0359468937875752	0.0468436873747496	0.0334418837675351	0.0172845691382766
FBgn0264395	0.560975609756098	0	0	0
FBgn0264426	0.417989417989417	0	0	0
FBgn0264427	0.388461538461538	0	0	0
FBgn0264431	0.436090225563909	0	0	0
FBgn0264433	0.432786885245901	0	0	0
FBgn0264441	0	0.388888888888889	0	0
FBgn0264442	0.0996724379971924	0.0603649976602715	0	0
FBgn0264443	0.178060413354531	0.149443561208267	0	0
FBgn0264446	0.536585365853659	0	0	0
FBgn0264449	0.126159554730983	0.0352504638218925	0.0111317254174397	0.0120593692022263
FBgn0264470	0.442477876106195	0	0	0
FBgn0264472	0.438325991189427	0	0	0
FBgn0264473	0.486363636363636	0	0	0
FBgn0264485	0.409090909090909	0	0	0
FBgn0264488	0.106745630507006	0	0	0
FBgn0264489	0.093446976715459	0.409610277314558	0.00827620282873201	0.00055586436909394
FBgn0264490	0.03955104222341	0.00320684126135756	0.0448957776590059	0.0154997327632282
FBgn0264491	0.0483195941661382	0.12149651236525	0.00536884379623758	0.0106954132318749
FBgn0264492	0.0433266630283184	0.0633678976411376	0.0144017949184403	0.027348250560912
FBgn0264493	0.0305788650263121	0.0430474565021572	0.0307210923055042	0.0107144550324752
FBgn0264494	0.0594606073476321	0.0968358462518581	0.0386493947759609	0.00530898279889573
FBgn0264495	0.0990890202972672	0.0808694262426084	0.0194981620584945	0.0334025891002078
FBgn0264500	0	0	0.543689320388349	0
FBgn0264502	0.196428571428571	0	0	0
FBgn0264503	0.0864197530864197	0.0308641975308642	0	0
FBgn0264505	0.489361702127659	0	0	0
FBgn0264506	0.393393393393394	0	0	0
FBgn0264510	0.349137931034483	0	0	0
FBgn0264516	0.377450980392157	0	0	0
FBgn0264541	0	0	0	0.818443804034582
FBgn0264542	0.131506849315068	0.010958904109589	0	0
FBgn0264543	0.422310756972112	0	0	0
FBgn0264549	0	0	0	0.45
FBgn0264554	0.510204081632653	0	0	0
FBgn0264556	0.167883211678832	0.0656934306569343	0.0510948905109488	0.204379562043796
FBgn0264560	0.0975163797044033	0.0464726497028799	0.0313880847173549	0.0198080146274569
FBgn0264561	0.0535834712770522	0.0512537551345718	0.0293666850591626	0.0387468579486237
FBgn0264562	0.0836387870709764	0.0339886704431856	0.0299900033322226	0.0633122292569143
FBgn0264563	0.377049180327869	0	0	0
FBgn0264567	0.442441054091539	0	0	0
FBgn0264571	0.570000000000001	0	0	0
FBgn0264574	0.106315789473684	0.118947368421053	0.00210526315789473	0.162105263157895
FBgn0264598	0.114285714285714	0	0	0
FBgn0264603	0	0	0.60325406758448	0
FBgn0264605	0	0	0	0
FBgn0264606	0.155963302752294	0.0458715596330277	0	0
FBgn0264607	0.0294410321518032	0.0576810897985794	0.00991661805579384	0.0119411179356964
FBgn0264617	0.109230769230769	0.343076923076923	0	0
FBgn0264618	0.511363636363637	0	0	0
FBgn0264672	0.0447678703021371	0.0865880619012527	0.00865880619012527	0.00755342667649226
FBgn0264678	0	0.402173913043478	0	0
FBgn0264691	0.0601735776277724	0.0671166827386692	0.0306653809064609	0.0256509161041466
FBgn0264693	0.0621028709243542	0.103937665228886	0.0262047214878716	0.0169287138815454
FBgn0264694	0.0537342386032977	0.0666828322017458	0.0240543161978661	0.0143064985451018
FBgn0264695	0.00939615307285033	0.0429729910863882	0.000703706185912471	0.000194356946585349
FBgn0264699	0.5	0	0	0
FBgn0264702	0.539473684210526	0	0	0
FBgn0264703	0.47191011235955	0	0	0
FBgn0264705	0.442105263157894	0	0	0
FBgn0264706	0.395220588235293	0	0	0
FBgn0264707	0.271758436944938	0.0817051509769093	0.0479573712255773	0.0319715808170515
FBgn0264711	0.127272727272727	0.228181818181818	0	0
FBgn0264712	0.04221446179129	0.0518693508627772	0.00831963845521775	0.0115036976170912
FBgn0264713	0	0	0	0.547169811320754
FBgn0264738	0.341692789968652	0	0	0
FBgn0264739	0.433839479392625	0	0	0
FBgn0264740	0	0	0	0
FBgn0264743	0	0	0	0
FBgn0264744	0.0764331210191084	0.0636942675159235	0	0
FBgn0264745	0.50632911392405	0	0	0
FBgn0264746	0.0952380952380952	0.036281179138322	0	0.462585034013605
FBgn0264748	0.0549662487945999	0.0414657666345226	0	0.498553519768563
FBgn0264750	0.0123216100384395	0	0.103803075155746	0.00212631997525736
FBgn0264751	0.105263157894737	0.126070991432069	0.214606283149734	0.047327621379029
FBgn0264753	0.139240506329114	0.0443037974683544	0.0379746835443038	0.158227848101266
FBgn0264776	0.0433172483447425	0	0.160588037257322	0.220177308944002
FBgn0264785	0.0219306238989125	0.0188323917137476	0.0261223497964886	0.00437397484964461
FBgn0264789	0.13317191283293	0	0.39951573849879	0
FBgn0264794	0.466666666666666	0	0	0
FBgn0264815	0.027646416878865	0.0116405965805748	0.0240087304474354	0
FBgn0264816	0.108856529004536	0.117689185963237	0.0155168297923132	0.00883265695870134
FBgn0264817	0	0.5	0	0
FBgn0264819	0.442528735632184	0	0	0
FBgn0264821	0.237354085603113	0.107003891050583	0.0330739299610895	0.103112840466926
FBgn0264824	0.289473684210526	0	0	0
FBgn0264826	0.452380952380954	0	0	0
FBgn0264829	0.242424242424242	0.207070707070708	0	0
FBgn0264831	0	0.477272727272727	0	0
FBgn0264833	0.373831775700934	0	0	0
FBgn0264834	0.316455696202531	0.120253164556962	0	0.120253164556962
FBgn0264838	0	0.485714285714285	0	0
FBgn0264840	0.366279069767442	0	0	0
FBgn0264845	0.0765027322404372	0	0.0491803278688524	0
FBgn0264848	0.0830430203354128	0.0650571173944747	0.0174187798752329	0.0138540063193713
FBgn0264855	0.0536060549196223	0.0610496028022768	0.0257083880653031	0.0576718583849377
FBgn0264857	0.168141592920354	0.336283185840709	0	0
FBgn0264864	0.302325581395349	0	0	0
FBgn0264885	0.519607843137254	0	0	0
FBgn0264894	0.099294947121034	0.368390129259694	0.0207598903251077	0
FBgn0264895	0.0410484668644906	0.0544015825914936	0.0186284207055721	0.0201121002307946
FBgn0264897	0.36734693877551	0	0	0
FBgn0264904	0	0	0.516129032258064	0
FBgn0264907	0.100146555935515	0.00390815828041036	0	0
FBgn0264908	0.194805194805195	0.0909090909090908	0	0
FBgn0264914	0.341463414634146	0	0	0
FBgn0264922	0.0680900991503242	0.0438762748359313	0.0138217357108782	0.00618883688546784
FBgn0264950	0.466666666666667	0	0	0
FBgn0264953	0.0516532968108003	0.0565447074936412	0.0285658383877911	0.0240657405595774
FBgn0264959	0.0458250166333999	0.0408349966733201	0.0261144377910846	0.0124750499001996
FBgn0264962	0.0711400651465798	0.0644951140065147	0.0467752442996744	0.0385667752442997
FBgn0264975	0.0404500401821591	0.0331502812751139	0.0166086257701581	0.011518885614787
FBgn0264978	0.039446282004165	0.047776552737964	0.0251133161827759	0.0178855812813917
FBgn0264979	0.0323052944788174	0.0307939356727908	0.00273933783592311	0.12298682284041
FBgn0264980	0.344036697247706	0	0	0
FBgn0264982	0	0	0	0.488636363636363
FBgn0264984	0	0	0	0.627450980392157
FBgn0264987	0.0708154506437768	0	0.125536480686695	0
FBgn0264992	0.573333333333332	0	0	0
FBgn0264994	0.633333333333334	0	0	0
FBgn0264997	0	0	0.44921875	0
FBgn0264998	0	0	0.523809523809524	0
FBgn0265002	0.48	0	0	0
FBgn0265003	0.118393234672304	0.113107822410148	0.058139534883721	0.0271317829457365
FBgn0265011	0.152199762187872	0.0653983353151009	0	0
FBgn0265041	0.438202247191011	0	0	0
FBgn0265042	0.0236064392119173	0.0345386833253244	0.0231859682844787	0.0061268620855358
FBgn0265045	0.0861040068201194	0.0971867007672634	0.00511508951406649	0.040068201193521
FBgn0265046	0.287246722288439	0.169249106078665	0	0
FBgn0265047	0.561643835616438	0	0	0
FBgn0265048	0.0342420526365437	0.00688614281671539	0	0.158475615507971
FBgn0265052	0.0343007915567282	0.0184696569920844	0.0910290237467018	0
FBgn0265060	0.510869565217392	0	0	0
FBgn0265064	0.480874316939891	0	0	0
FBgn0265065	0.494623655913977	0	0	0
FBgn0265067	0.452282157676348	0	0	0
FBgn0265081	0.0721868365180465	0	0.390658174097665	0
FBgn0265082	0.0655819774718398	0.0455569461827284	0.0713391739674593	0.035043804755945
FBgn0265085	0.364864864864864	0	0	0
FBgn0265089	0.243879692235953	0	0	0
FBgn0265096	0.444444444444444	0	0	0
FBgn0265101	0.0617523858876367	0.0585999913633027	0.0251759727080364	0.0268601286867901
FBgn0265102	0.157958687727825	0.0303766707168894	0	0.0121506682867558
FBgn0265105	0.392156862745099	0	0	0
FBgn0265106	0.423076923076923	0	0	0
FBgn0265137	0.0893968772323707	0.108276354730075	0.0340851107255842	0.282069598938667
FBgn0265140	0.172059383326989	0.228397411496003	0.0932622763608678	0.0194137799771602
FBgn0265145	0.362068965517242	0	0	0
FBgn0265146	0.021243115656963	0.707710464201416	0	0
FBgn0265174	0.0918962722852512	0.0288492706645057	0.0226904376012966	0.0166936790923825
FBgn0265177	0.0607490636704119	0.0921348314606742	0.0298876404494382	0.0308614232209737
FBgn0265178	0	0	0	0
FBgn0265180	0.0195919928913461	0.109783037962186	0.00130201905514143	0.000240657550476378
FBgn0265182	0.115023474178404	0.0234741784037559	0.0657276995305165	0
FBgn0265184	0.243781094527363	0.154228855721393	0	0.119402985074627
FBgn0265185	0.00696565494479445	0.000209699036296168	0.03763641834046	0
FBgn0265186	0.0107966628496646	0	0.0545831288510825	0
FBgn0265187	0.32122905027933	0.125698324022346	0.0488826815642459	0
FBgn0265188	0.479452054794521	0	0	0
FBgn0265189	0.189443920829406	0.183788878416588	0.0735155513666352	0.0518378887841658
FBgn0265190	0.0591133004926108	0.0479175996417376	0.0235109717868339	0.0214957456336767
FBgn0265191	0.0279964777789288	0.120066300631928	0.00230498290686833	0.000543872371283539
FBgn0265192	0.0722173294492243	0.0198496036853872	0.04552537090983	0.0480319761533771
FBgn0265193	0.188724035608308	0.170919881305638	0.102077151335311	0.0427299703264095
FBgn0265194	0.0340836012861736	0.0160771704180064	0.0158628081457664	0.0207931404072883
FBgn0265199	0.455172413793104	0	0	0
FBgn0265201	0.611428571428571	0	0	0
FBgn0265255	0.451476793248946	0	0	0
FBgn0265257	0.294307196562836	0	0	0
FBgn0265262	0.0617197362883996	0.124561649600224	0.0144480291766026	0.00533034086127088
FBgn0265263	0.387351778656126	0	0	0
FBgn0265265	0.429906542056075	0	0	0
FBgn0265266	0	0	0	0
FBgn0265269	0.189839572192513	0	0	0
FBgn0265271	0.199170124481328	0	0	0
FBgn0265272	0.392156862745098	0	0	0
FBgn0265274	0.074044137458055	0.096896661523012	0.00553555245303353	0.0246405564944767
FBgn0265276	0.151410373066424	0.0454959053685168	0.0145586897179254	0.000909918107370339
FBgn0265296	0.47239263803681	0	0	0
FBgn0265297	0.067315182313884	0.0275696427909047	0.0211664008308914	0.0311306057346341
FBgn0265298	0.0556698106517269	0.0382242394156443	0.0187220764484788	0.00666619388695836
FBgn0265311	0.163366336633663	0	0	0.326732673267327
FBgn0265313	0.126760563380282	0.0915492957746479	0	0.359154929577465
FBgn0265338	0	0	0	0.585034013605443
FBgn0265341	0.326530612244898	0	0.244897959183674	0
FBgn0265342	0.409090909090909	0	0	0
FBgn0265348	0.366834170854271	0	0	0
FBgn0265351	0.0386810399492708	0.054850982878884	0.0326569435637286	0.0339251743817375
FBgn0265356	0.128073516019538	0.329580263266826	0.0139912244391092	0.00115903634406822
FBgn0265364	0.344262295081968	0	0	0
FBgn0265373	0.385714285714286	0	0	0
FBgn0265375	0	0	0	0.386666666666667
FBgn0265377	0	0	0.468879668049793	0
FBgn0265383	0.439716312056738	0	0	0
FBgn0265413	0.0157642725598527	0.0135174953959484	0.00685082872928177	0.0229465930018417
FBgn0265414	0.387387387387386	0	0	0
FBgn0265416	0.0598290598290598	0.0299145299145299	0.0256410256410256	0.0256410256410256
FBgn0265419	0	0.272727272727273	0.258373205741627	0
FBgn0265422	0.522522522522522	0	0	0
FBgn0265423	0.479674796747968	0	0	0
FBgn0265434	0.080912176864827	0.0694925580990514	0.0722604230133172	0.0341370006092784
FBgn0265443	0.48	0	0	0
FBgn0265444	0.362869198312237	0	0	0
FBgn0265458	0.368421052631579	0	0	0
FBgn0265464	0.0727969348659004	0.0810983397190294	0.0383141762452107	0.0153256704980843
FBgn0265487	0.0614499424626007	0.0586881472957422	0.0172612197928654	0.00138089758342923
FBgn0265500	0.482142857142858	0	0	0
FBgn0265508	0.485200845665962	0	0	0.0248414376321354
FBgn0265512	0.0410817201123098	0.0175483966307078	0.0956849416284911	0.00199497561696468
FBgn0265523	0.0954115076474873	0.0563243505705269	0.0327749453750911	0.010924981791697
FBgn0265525	0	0.493975903614458	0	0
FBgn0265535	0.394833948339483	0	0	0
FBgn0265542	0	0	0	0.610389610389611
FBgn0265547	0.443181818181819	0	0	0
FBgn0265574	0.0781337830241709	0.0711073636874648	0.022203485103991	0.0112422709387296
FBgn0265575	0.0504687811689607	0.165237050335794	0	0
FBgn0265576	0.380165289256198	0	0	0
FBgn0265578	0.201413427561837	0	0	0
FBgn0265580	0	0.468181818181818	0	0
FBgn0265585	0.298850574712644	0	0	0
FBgn0265590	0.159402241594023	0.153175591531756	0.0448318804483188	0.13947696139477
FBgn0265591	0.457236842105263	0	0	0
FBgn0265593	0.395833333333333	0	0	0
FBgn0265595	0.0544041450777202	0.0233160621761658	0.0336787564766839	0
FBgn0265597	0.174311926605505	0	0	0
FBgn0265598	0.168333333333333	0.0616666666666665	0.0283333333333333	0
FBgn0265605	0.0535063263993137	0.0968260776324255	0.0282007291443277	0.0147973407677461
FBgn0265606	0.292201382033564	0	0	0
FBgn0265611	0	0.524390243902438	0	0
FBgn0265623	0.068320074871315	0.0804866635470285	0.0266729059429106	0.0229293401965372
FBgn0265625	0.263092269326683	0	0	0
FBgn0265629	0.427145708582834	0	0	0
FBgn0265630	0.281823939202026	0.0835972134262192	0.0880303989867005	0.0493983533882204
FBgn0265648	0.403221248940379	0	0	0
FBgn0265658	0	0.52	0	0
FBgn0265686	0.440677966101695	0	0	0
FBgn0265708	0.539325842696629	0	0	0
FBgn0265719	0.195187165775401	0	0	0.379679144385027
FBgn0265721	0.440758293838863	0	0	0
FBgn0265726	0.0417978530877358	0.104767335200932	0.00272702481592583	0.00418970176264967
FBgn0265728	0.44186046511628	0	0	0
FBgn0265752	0.436507936507936	0	0	0
FBgn0265757	0.492307692307693	0	0	0
FBgn0265765	0.457831325301205	0	0	0
FBgn0265767	0.103157894736842	0.0231578947368421	0	0.0547368421052632
FBgn0265778	0.111256544502618	0.0405759162303665	0.0307591623036649	0.0342495636998255
FBgn0265784	0.0434656200029074	0.044337839802297	0.0274749236807675	0.0104666375926733
FBgn0265793	0.364583333333334	0	0	0
FBgn0265812	0.442982456140351	0	0	0
FBgn0265817	0.415384615384615	0	0	0
FBgn0265831	0	0.4375	0	0
FBgn0265835	0.800518134715026	0	0	0
FBgn0265836	0.604477611940299	0	0	0
FBgn0265842	0.53125	0	0	0
FBgn0265843	0	0	0	0.424657534246576
FBgn0265873	0	0	0	0.5
FBgn0265878	0.484848484848485	0	0	0
FBgn0265885	0.3828125	0	0	0
FBgn0265889	0.403225806451613	0	0	0
FBgn0265897	0.342465753424657	0	0	0
FBgn0265901	0.173913043478261	0.130434782608696	0	0.173913043478261
FBgn0265920	0	0.489795918367347	0	0
FBgn0265935	0.0430347831069853	0.068821270987336	0.0573033064007793	0.00893931579852157
FBgn0265958	0.523809523809524	0	0	0
FBgn0265959	0.0318471337579618	0.0772823779193207	0	0
FBgn0265961	0	0.434782608695652	0	0
FBgn0265968	0	0	0	0
FBgn0265974	0.0457284650833038	0.0269408011343495	0.0138248847926267	0.0138248847926267
FBgn0265977	0.23780487804878	0.134146341463415	0.219512195121951	0
FBgn0265979	0	0	0.483333333333333	0
FBgn0265988	0.0348248834209743	0.0317491814664154	0.0441512054767337	0.0330389919634884
FBgn0265991	0.0192935397343503	0.0523543289273827	0.0164819183660279	0.000290857382929904
FBgn0265998	0.0675857779620607	0.118897066445527	0.031512387270654	0.00756711931170311
FBgn0266000	0.12686996547756	0.0379746835443038	0.00618527042577674	0.00345224395857307
FBgn0266003	0.465116279069767	0	0	0
FBgn0266004	0.409638554216867	0	0	0
FBgn0266005	0.149779735682819	0.290748898678414	0.026431718061674	0.0484581497797357
FBgn0266019	0.050464958040372	0.0288614198230892	0.0924245860739395	0.0226241778180993
FBgn0266021	0.431372549019608	0	0	0
FBgn0266042	0	0.252032520325203	0.203252032520325	0.0894308943089432
FBgn0266044	0	0	0	0.424242424242424
FBgn0266046	0.189014539579968	0.294022617124394	0	0
FBgn0266053	0.0642242008465919	0.077798861480076	0.0256896803386367	0.0258356444314699
FBgn0266064	0.0369379014989294	0.0744111349036402	0.0107066381156317	0.00917711838482717
FBgn0266072	0.631818181818182	0	0	0
FBgn0266083	0.0822437789962041	0.0447068747363981	0.0291016448755799	0.00506115563053564
FBgn0266084	0.0264848305168495	0.0266824785057812	0.0581085087459235	0.0172941990315249
FBgn0266097	0.447674418604651	0	0	0
FBgn0266098	0.5	0	0	0
FBgn0266100	0.5	0	0	0
FBgn0266101	0.248397435897436	0.211538461538462	0.0320512820512821	0
FBgn0266111	0.467741935483871	0.0376344086021506	0.0268817204301075	0
FBgn0266124	0.0456977830629406	0.0600526628726749	0.0266711968062517	0.0273507177439904
FBgn0266129	0.131067961165049	0	0	0
FBgn0266137	0.209677419354839	0	0	0
FBgn0266140	0.409090909090909	0	0	0
FBgn0266146	0.377659574468085	0	0	0
FBgn0266183	0	0.515837104072398	0	0
FBgn0266186	0.0344061617210324	0.0395489774730183	0.0541806504575416	0.0397662795470459
FBgn0266195	0	0	0	0
FBgn0266205	0.495145631067962	0	0	0
FBgn0266216	0.370629370629371	0	0	0
FBgn0266223	0.123053741838272	0.396283274736314	0	0
FBgn0266225	0.411347517730496	0	0	0
FBgn0266227	0.472727272727273	0	0	0
FBgn0266228	0	0.6171875	0	0
FBgn0266237	0	0	0	0.594936708860759
FBgn0266248	0.41025641025641	0	0	0
FBgn0266255	0.52808988764045	0	0	0
FBgn0266259	0.546511627906977	0	0	0
FBgn0266260	0.416666666666667	0	0	0
FBgn0266261	0.492098419683937	0	0	0
FBgn0266268	0.0728010502446591	0.0742332020527508	0.030671917889963	0.0253013486096193
FBgn0266279	0	0.478260869565217	0	0
FBgn0266282	0.166530944625407	0.0362377850162867	0.0264657980456027	0.0130293159609121
FBgn0266284	0.0538922155688623	0.0521813515825492	0.0307955517536356	0.0106928999144568
FBgn0266306	0.32890365448505	0	0	0
FBgn0266316	0.164510166358595	0.303142329020333	0	0.0480591497227357
FBgn0266322	0.161157024793388	0.0826446280991736	0.107438016528926	0.132231404958678
FBgn0266327	0.124401913875598	0.411483253588517	0	0
FBgn0266328	0.310249307479224	0.113573407202216	0	0
FBgn0266329	0.47076923076923	0	0	0
FBgn0266346	0.0499412455934194	0.0346650998824912	0.0869565217391304	0
FBgn0266347	0.146417445482866	0.0934579439252336	0.0280373831775701	0.0280373831775701
FBgn0266349	0	0	0	0.365853658536585
FBgn0266354	0.101648351648351	0.321428571428572	0	0
FBgn0266356	0.5	0	0	0
FBgn0266369	0.0295295295295295	0.0135552218885552	0.00525525525525526	0.126751751751752
FBgn0266375	0.157625383828045	0.186284544524053	0.0849539406345958	0.074718526100307
FBgn0266376	0.248780487804878	0.121951219512195	0.0731707317073171	0.0878048780487805
FBgn0266377	0.0331869204489995	0.0561249389946316	0.0100862209207744	0.0257035952497153
FBgn0266381	0.407407407407407	0	0	0
FBgn0266390	0.443609022556391	0	0	0
FBgn0266408	0.0862068965517242	0	0.355172413793103	0.127586206896552
FBgn0266409	0.162950819672131	0.241311475409836	0.0295081967213115	0.0829508196721311
FBgn0266410	0.145153104381661	0.178565386567417	0.144307223819997	0.0484689561833869
FBgn0266411	0.0627512282268869	0.0485707905314873	0.0307056721750782	0.022443054935239
FBgn0266415	0.305084745762712	0	0	0
FBgn0266416	0.348148148148149	0	0	0
FBgn0266417	0.0208859643969215	0.00763762411139181	0.121085717642912	0.00346630632747782
FBgn0266418	0.1830624465355	0.253207869974337	0.0650128314798973	0.0111206159110351
FBgn0266420	0.125161290322581	0.0423225806451613	0.0219354838709677	0
FBgn0266421	0.0471570674198698	0.0217364607638462	0.0162102419255803	0.00626304801670146
FBgn0266430	0	0	0.555421686746988	0
FBgn0266432	0.492146596858639	0	0	0
FBgn0266436	0.331788693234475	0	0	0
FBgn0266437	0.105058365758755	0	0	0
FBgn0266441	0.0568842921784099	0.0303813833225598	0.00646412411118294	0
FBgn0266446	0.101978246587342	0.480071538068472	0.00394189356887364	0.00032849113073947
FBgn0266448	0.117364016736402	0.471966527196653	0.0148535564853557	0
FBgn0266449	0.0490465917825882	0.047980361526445	0.0424012497210444	0.0117285328175755
FBgn0266450	0.0227716966379985	0.0100664581704457	0.00498436278342455	0.00684128225175918
FBgn0266451	0	0.626506024096386	0	0
FBgn0266452	0.0578665187650211	0.0525050841190609	0.0277315585135885	0.0116472545757072
FBgn0266456	0.535616438356164	0	0	0
FBgn0266464	0.0508908957773981	0.0486941664632658	0.0333170612643397	0.0176958750305101
FBgn0266465	0.0621318114874816	0.0613033873343151	0.0556885125184095	0.0237481590574374
FBgn0266518	0.0658215504631887	0.0732975784170322	0.0420932878270762	0.0183650251909638
FBgn0266521	0.091187239805387	0.0510608416512012	0.00496564177158048	0.00486532577619501
FBgn0266534	0.186781609195402	0.21551724137931	0	0.126436781609196
FBgn0266549	0.163661581137309	0.162274618585298	0.10078594544614	0.0869163199260288
FBgn0266557	0.0940178492533358	0.0592029689847132	0.027215693204913	0.0312803746575948
FBgn0266566	0.0426356589147287	0.0697674418604651	0	0
FBgn0266569	0.0303547373147733	0.113246519982039	0.0138302649303996	0.0134710372698698
FBgn0266570	0.1435910608785	0.16953506293347	0.0526586180323658	0.00770613922424865
FBgn0266572	0.0823655052729944	0.0667467627820052	0.0830329729008142	0.039247096515819
FBgn0266579	0.0167807463016118	0.0125855597262089	0.00375358798851844	0.000883197173769042
FBgn0266580	0.10411622276029	0.0646302849692682	0.0229092940957348	0.0150866083069473
FBgn0266581	0.0536764705882353	0.0465686274509803	0.0321078431372549	0.0105392156862745
FBgn0266582	0.0581923060609916	0.0480977223565339	0.0424142172456207	0.0130211646944055
FBgn0266591	0.515957446808511	0	0	0
FBgn0266595	0.496688741721855	0	0	0
FBgn0266598	0	0	0	0
FBgn0266599	0.0567211598511766	0.0924851937905432	0.0332938873652282	0.0157709358195005
FBgn0266619	0	0.509433962264151	0	0
FBgn0266631	0	0	0	0.481578947368421
FBgn0266633	0	0	0.193877551020408	0.214285714285714
FBgn0266639	0	0.474474474474475	0	0
FBgn0266648	0.459119496855345	0	0	0
FBgn0266666	0.022296582952664	0.102970218028765	0.0351379386008658	0.00774969579701183
FBgn0266667	0.0652959155320922	0.0491803278688525	0.0494581828285635	0.0241733814948597
FBgn0266668	0.0498571428571427	0.0612857142857143	0.0602857142857144	0.0341428571428572
FBgn0266669	0.0539215686274509	0.0534953111679454	0.0505115089514066	0.0255754475703325
FBgn0266670	0.162368672397325	0.137058261700096	0.135148042024833	0.0673352435530086
FBgn0266671	0.0553980370774264	0.0523446019629226	0.0625954198473282	0.025081788440567
FBgn0266672	0.191045796308954	0.146274777853726	0.0912508544087492	0.0727956254272044
FBgn0266673	0.0692000938306357	0.0525451559934319	0.0588787239033545	0.0471498944405348
FBgn0266674	0.0693500135980419	0.0731574653249932	0.048680989937449	0.0358988305683981
FBgn0266676	0.411764705882353	0	0	0
FBgn0266680	0	0	0	0.639130434782608
FBgn0266684	0.4	0	0	0
FBgn0266687	0	0.551401869158878	0	0
FBgn0266696	0.169927633342267	0.159742696328062	0.151701956580006	0.0227820959528276
FBgn0266698	0.36283185840708	0	0	0
FBgn0266708	0.305343511450382	0	0	0
FBgn0266709	0.253769926755708	0	0	0
FBgn0266710	0.578378378378378	0	0	0
FBgn0266711	0.0533404691820533	0.0502482680700502	0.0313977343680314	0.0434097463800434
FBgn0266717	0.186143984220908	0.119822485207101	0.115631163708087	0.0717455621301775
FBgn0266719	0.0510646886668686	0.116661620748814	0.0155414269855687	0.00686244827934202
FBgn0266720	0.0477673011919587	0.0876178615904643	0.0342465753424657	0.0169009073118662
FBgn0266722	0.042971783587885	0.0455604452498059	0.0419363189231167	0.023039088791095
FBgn0266723	0.0424846176384413	0.0817462642836215	0.0439496044535599	0.039066315069831
FBgn0266724	0.034265584970111	0.077070879590094	0.0367207514944493	0.0288215200683177
FBgn0266730	0.361650485436893	0	0	0
FBgn0266737	0.521246458923513	0	0	0
FBgn0266742	0.0827067669172931	0	0.343984962406015	0.0216165413533835
FBgn0266745	0.226100151745069	0.189681335356601	0.110773899848255	0
FBgn0266750	0.472222222222222	0	0	0
FBgn0266756	0.0544447862196247	0.0510612119347895	0.0223008305136881	0.00046139649338665
FBgn0266757	0.265306122448979	0	0	0
FBgn0266758	0.0428855604961385	0.116428738591154	0.0016381933068102	0.0360987596536392
FBgn0266769	0.445454545454545	0	0	0
FBgn0266773	0.355932203389831	0	0	0
FBgn0266777	0.52027027027027	0	0	0
FBgn0266787	0	0	0	0.478947368421052
FBgn0266801	0.132243684992571	0.0222882615156018	0	0
FBgn0266815	0.3984375	0	0	0
FBgn0266817	0.404580152671756	0	0	0
FBgn0266824	0.4	0	0	0
FBgn0266848	0.0778764718033463	0.0854162363148111	0.0221028713075811	0.0238587068787441
FBgn0266873	0.350877192982457	0	0	0
FBgn0266911	0	0.210526315789474	0	0
FBgn0266916	0.130211674150096	0.0513149454778705	0.0224502886465684	0.0141116100064144
FBgn0266917	0.0897102526002971	0.0774517087667162	0.0224739970282318	0.0165304606240713
FBgn0266918	0.0671066342480028	0.0502257728377909	0.0553664466828761	0.0155609586662035
FBgn0266929	0	0	0	0.559090909090909
FBgn0266958	0.246575342465753	0.205479452054795	0	0
FBgn0266959	0.287878787878787	0	0	0
FBgn0266962	0.450381679389313	0	0	0
FBgn0266970	0	0.68259385665529	0	0
FBgn0266972	0.388349514563106	0	0	0
FBgn0266974	0	0	0	0.682432432432433
FBgn0266977	0.343669250645995	0	0	0
FBgn0266978	0.45	0	0	0
FBgn0266985	0.454545454545455	0	0	0
FBgn0267001	0.398563734290844	0.095152603231598	0.0377019748653501	0
FBgn0267002	0.0773222625843279	0.0352880124545926	0.038661131292164	0.0220550077841204
FBgn0267029	0.127659574468085	0.144208037825059	0.0460992907801418	0.167848699763593
FBgn0267033	0.0846262341325811	0.0225669957686883	0.0141043723554302	0.00846262341325811
FBgn0267035	0.515151515151515	0	0	0
FBgn0267073	0.208809135399674	0.308319738988581	0	0
FBgn0267111	0.17741935483871	0.161290322580645	0	0
FBgn0267113	0	0.487804878048781	0	0
FBgn0267119	0.557251908396947	0	0	0
FBgn0267123	0.431578947368422	0	0	0
FBgn0267142	0	0	0	0.489563567362429
FBgn0267151	0	0.620155038759689	0	0
FBgn0267153	0.147524752475248	0.0158415841584158	0	0.592079207920792
FBgn0267159	0.446601941747572	0	0	0
FBgn0267163	0.416506717850289	0	0	0
FBgn0267182	0.554455445544554	0	0	0
FBgn0267195	0	0	0.553719008264462	0
FBgn0267213	0.322085889570552	0	0	0
FBgn0267246	0.364583333333334	0	0	0
FBgn0267252	0.432038834951457	0.0631067961165048	0	0
FBgn0267253	0.508771929824561	0	0	0
FBgn0267296	0.511627906976744	0	0	0
FBgn0267314	0.0965517241379309	0.379310344827586	0	0
FBgn0267326	0.266998341625207	0	0	0
FBgn0267330	0.172335953919203	0.16167198567759	0.0649178796606212	0.0979216937806491
FBgn0267336	0.0159325992659326	0.0125959292625959	0.0232732732732733	0.0069235902569236
FBgn0267337	0.168941979522184	0.0273037542662116	0	0
FBgn0267339	0.0132123045890066	0	0.0349974785678267	0.0172465960665658
FBgn0267347	0.29518855656697	0.0637191157347203	0	0
FBgn0267348	0.0628042454712313	0.0293671694198389	0.013725959620142	0.081717340994334
FBgn0267350	0.060867026711429	0.0715224054882497	0.0405780178076193	0.013428696540651
FBgn0267351	0.0844333748443337	0.0428393524283935	0.0259028642590287	0.0204234122042341
FBgn0267363	0.297045101088647	0	0	0
FBgn0267365	0.062813812890665	0.059534788400451	0.0297161594425659	0.035659391331079
FBgn0267366	0.404687211662668	0	0	0.0184535892231038
FBgn0267376	0.0196438665912945	0.0178066704352742	0.00862068965517242	0.00381571509327304
FBgn0267378	0.167669411019633	0.149778340721976	0.126029132362255	0.0611146295123498
FBgn0267383	0.217178314826911	0	0	0
FBgn0267384	0.134300852338171	0.173231974199493	0.10274130384704	0.0631190969822621
FBgn0267385	0.0339514679055606	0.0856857881543892	0.00972479231465806	0.0153811829862068
FBgn0267390	0.0781161553266161	0.0598890524170723	0.0307936148533907	0.0313596739499604
FBgn0267398	0.0585328923775751	0.080846316292784	0.0388891102522213	0.0585727377774236
FBgn0267408	0.0328088203810747	0.00690430314707771	0.0646542496253479	0.00310426032969385
FBgn0267430	0.435897435897436	0	0	0
FBgn0267431	0.428571428571428	0	0	0
FBgn0267432	0.285714285714286	0	0	0
FBgn0267433	0.369230769230769	0	0	0
FBgn0267435	0.0622895622895621	0.0151515151515152	0	0
FBgn0267449	0.379310344827586	0	0	0
FBgn0267454	0	0	0	0.558252427184466
FBgn0267458	0.388235294117647	0	0	0
FBgn0267461	0.102446483180428	0.13914373088685	0.295107033639144	0
FBgn0267471	0.211382113821138	0.414634146341463	0	0
FBgn0267474	0.425925925925927	0	0	0
FBgn0267484	0.310606060606061	0	0	0
FBgn0267486	0.0699774266365689	0.125959367945824	0.0139954853273137	0
FBgn0267487	0.0403401226023334	0.038955902709116	0.0218508997429306	0.00573462527190033
FBgn0267488	0.104432301153613	0.0608378870673953	0.00886460230722525	0.0398299939283545
FBgn0267489	0.444444444444444	0	0	0
FBgn0267492	0.447916666666667	0	0	0
FBgn0267495	0.250000000000001	0.15	0	0
FBgn0267511	0	0.0821355236139628	0.0903490759753595	0.349075975359343
FBgn0267534	0.53623188405797	0	0	0
FBgn0267537	0.397590361445783	0	0	0
FBgn0267539	0.46875	0	0	0
FBgn0267557	0.42	0	0	0
FBgn0267568	0	0	0.534883720930233	0
FBgn0267575	0	0	0.478527607361963	0
FBgn0267592	0.355555555555557	0	0	0
FBgn0267624	0	0	0	0.59375
FBgn0267635	0.636363636363636	0	0	0
FBgn0267644	0.389867841409692	0	0	0
FBgn0267654	0.272727272727273	0	0	0
FBgn0267661	0	0	0.395833333333333	0
FBgn0267665	0.600000000000001	0	0	0
FBgn0267667	0	0.615384615384615	0	0
FBgn0267668	0.155844155844156	0.116883116883117	0.0779220779220779	0.207792207792208
FBgn0267671	0.320388349514563	0	0	0
FBgn0267674	0.355555555555556	0	0	0
FBgn0267678	0	0.472934472934473	0	0
FBgn0267689	0.251236943375481	0	0	0
FBgn0267698	0.0375273637026999	0.0266861252996977	0.0492025435213175	0.0172000416970708
FBgn0267702	0.129807692307692	0.192307692307692	0	0.0961538461538463
FBgn0267707	0.398989898989899	0	0	0
FBgn0267710	0.401408450704225	0	0	0
FBgn0267717	0	0.482587064676616	0	0
FBgn0267726	0.397190517998245	0	0	0
FBgn0267727	0.193090921792588	0.0212022774110167	0.0267910161025534	0.00461070942051765
FBgn0267728	0.105966162065895	0.0507569011576135	0	0
FBgn0267733	0.255813953488372	0.192691029900332	0.0730897009966777	0
FBgn0267758	0.171428571428572	0.285714285714286	0	0
FBgn0267760	0.419540229885057	0	0	0
FBgn0267762	0.449275362318839	0	0	0
FBgn0267777	0.520325203252032	0	0	0
FBgn0267790	0.0840601224717016	0.056040081647801	0.0231953980330302	0.019818148079421
FBgn0267791	0.0770873689961754	0.0873689961754333	0.0380469875329061	0.0207122634480703
FBgn0267792	0.0459163581948491	0.0438686303851304	0.0608805229581792	0.113885169725132
FBgn0267793	0.4	0.12	0	0
FBgn0267794	0.411764705882353	0	0	0
FBgn0267795	0.0744799821069112	0.071684186982778	0.0108476850816372	0.00536792663833594
FBgn0267796	0.297872340425532	0.212765957446808	0	0
FBgn0267798	0.317676927959378	0.0929863535385591	0.0456997778483021	0
FBgn0267803	0.265306122448979	0	0.244897959183674	0
FBgn0267811	0.495934959349594	0	0	0
FBgn0267814	0	0	0.45	0
FBgn0267821	0.073893070081126	0.0582543250904116	0.0470139771283354	0.0143680969602189
FBgn0267823	0.0612813370473538	0.064066852367688	0.0222841225626741	0.0192664809656453
FBgn0267824	0.127330007876083	0.0861118403780518	0.21895510632712	0.0546075085324232
FBgn0267828	0.0218134882220072	0.0300742174895127	0.0412391093901258	0.0143917392707325
FBgn0267841	0.208571428571429	0.185378151260504	0.0653781512605043	0.0902521008403361
FBgn0267849	0.0433910497313997	0.0326931501164319	0.0844765176492286	0.0278514283079335
FBgn0267861	0.0149785698172795	0.018587863749154	0.0111436950146628	0.00888788630724115
FBgn0267910	0.100195185426155	0.112556929082629	0.29733246584255	0
FBgn0267911	0.0245007280113606	0.00354119106253708	0.00104258417069619	0.0951987201380524
FBgn0267912	0.194535519125683	0.263387978142076	0.0426229508196721	0.0251366120218579
FBgn0267913	0.184633027522936	0.111238532110092	0.0584862385321101	0.134174311926605
FBgn0267920	0.168851195065536	0.336160370084811	0	0
FBgn0267924	0	0.94054054054054	0	0
FBgn0267954	0	0.438162544169611	0	0
FBgn0267967	0.187096774193548	0	0	0
FBgn0267972	0.0562430392278183	0.0890978839252567	0.0236975621828982	0.0282762034401682
FBgn0267975	0.148168249660787	0.187788331071913	0.118046132971506	0.0515603799185888
FBgn0267976	0.0696428085638891	0.0509535079844391	0.0306863625234636	0.0215457438994532
FBgn0267977	0.329365079365079	0.099206349206349	0.0595238095238094	0
FBgn0267978	0.0893137768465167	0.0272393923520168	0	0.0929806181246723
FBgn0268063	0.042637395459976	0.0212813620071685	0.0252389486260455	0.119847670250896
FBgn0270924	0.0885650224215246	0.0662556053811659	0.032847533632287	0.0210762331838565
FBgn0270925	0.271865382706245	0.000347463516330785	0	0.00804129852079817
FBgn0270926	0.0445241296877335	0.00851636037651277	0.0118780815777678	0.212535484834902
FBgn0270927	0.0384615384615385	0.0245644940301429	0.0261303581914269	0.0405167351732237
FBgn0270928	0.425742574257426	0.0990099009900991	0	0
FBgn0275436	0.0654018971542687	0.0580795473456481	0.0517556997836581	0.0326177400565818
FBgn0278598	0.241379310344828	0.172413793103448	0	0.0919540229885058
FBgn0278604	0.0846475700032185	0.0543933054393305	0.0325072417122626	0.0144834245252655
